ISO-10303-21;
HEADER;
FILE_DESCRIPTION(('KiCad electronic assembly'),'2;1');
FILE_NAME('MT6835_hub_rev_a.step','2026-02-26T14:48:21',('Pcbnew'),(
    'Kicad'),'Open CASCADE STEP processor 7.8','KiCad to STEP converter'
  ,'Unknown');
FILE_SCHEMA(('AUTOMOTIVE_DESIGN { 1 0 10303 214 1 1 1 1 }'));
ENDSEC;
DATA;
#1 = APPLICATION_PROTOCOL_DEFINITION('international standard',
  'automotive_design',2000,#2);
#2 = APPLICATION_CONTEXT(
  'core data for automotive mechanical design processes');
#3 = SHAPE_DEFINITION_REPRESENTATION(#4,#10);
#4 = PRODUCT_DEFINITION_SHAPE('','',#5);
#5 = PRODUCT_DEFINITION('design','',#6,#9);
#6 = PRODUCT_DEFINITION_FORMATION('','',#7);
#7 = PRODUCT('MT6835_hub_rev_a 1','MT6835_hub_rev_a 1','',(#8));
#8 = PRODUCT_CONTEXT('',#2,'mechanical');
#9 = PRODUCT_DEFINITION_CONTEXT('part definition',#2,'design');
#10 = SHAPE_REPRESENTATION('',(#11,#15,#19,#23,#27,#31),#35);
#11 = AXIS2_PLACEMENT_3D('',#12,#13,#14);
#12 = CARTESIAN_POINT('',(0.,0.,0.));
#13 = DIRECTION('',(0.,0.,1.));
#14 = DIRECTION('',(1.,0.,-0.));
#15 = AXIS2_PLACEMENT_3D('',#16,#17,#18);
#16 = CARTESIAN_POINT('',(10.35,7.5E-02,1.595));
#17 = DIRECTION('',(-0.,0.,1.));
#18 = DIRECTION('',(1.110223024625E-16,-1.,0.));
#19 = AXIS2_PLACEMENT_3D('',#20,#21,#22);
#20 = CARTESIAN_POINT('',(-12.012,-0.1,1.595));
#21 = DIRECTION('',(0.,0.,1.));
#22 = DIRECTION('',(1.,0.,0.));
#23 = AXIS2_PLACEMENT_3D('',#24,#25,#26);
#24 = CARTESIAN_POINT('',(4.85,7.5E-02,1.595));
#25 = DIRECTION('',(-0.,0.,1.));
#26 = DIRECTION('',(1.110223024625E-16,-1.,0.));
#27 = AXIS2_PLACEMENT_3D('',#28,#29,#30);
#28 = CARTESIAN_POINT('',(15.95,7.5E-02,1.595));
#29 = DIRECTION('',(-0.,0.,1.));
#30 = DIRECTION('',(1.110223024625E-16,-1.,0.));
#31 = AXIS2_PLACEMENT_3D('',#32,#33,#34);
#32 = CARTESIAN_POINT('',(0.,0.,0.));
#33 = DIRECTION('',(0.,0.,1.));
#34 = DIRECTION('',(1.,0.,-0.));
#35 = ( GEOMETRIC_REPRESENTATION_CONTEXT(3) 
GLOBAL_UNCERTAINTY_ASSIGNED_CONTEXT((#39)) GLOBAL_UNIT_ASSIGNED_CONTEXT(
(#36,#37,#38)) REPRESENTATION_CONTEXT('Context #1',
  '3D Context with UNIT and UNCERTAINTY') );
#36 = ( LENGTH_UNIT() NAMED_UNIT(*) SI_UNIT(.MILLI.,.METRE.) );
#37 = ( NAMED_UNIT(*) PLANE_ANGLE_UNIT() SI_UNIT($,.RADIAN.) );
#38 = ( NAMED_UNIT(*) SI_UNIT($,.STERADIAN.) SOLID_ANGLE_UNIT() );
#39 = UNCERTAINTY_MEASURE_WITH_UNIT(LENGTH_MEASURE(1.E-07),#36,
  'distance_accuracy_value','confusion accuracy');
#40 = PRODUCT_RELATED_PRODUCT_CATEGORY('part',$,(#7));
#41 = SHAPE_DEFINITION_REPRESENTATION(#42,#48);
#42 = PRODUCT_DEFINITION_SHAPE('','',#43);
#43 = PRODUCT_DEFINITION('design','',#44,#47);
#44 = PRODUCT_DEFINITION_FORMATION('','',#45);
#45 = PRODUCT('Molex_PicoBlade_53398-0671_1x06-1MP_P1.25mm_Vertical',
  'Molex_PicoBlade_53398-0671_1x06-1MP_P1.25mm_Vertical','',(#46));
#46 = PRODUCT_CONTEXT('',#2,'mechanical');
#47 = PRODUCT_DEFINITION_CONTEXT('part definition',#2,'design');
#48 = ADVANCED_BREP_SHAPE_REPRESENTATION('',(#11,#49),#6996);
#49 = MANIFOLD_SOLID_BREP('',#50);
#50 = CLOSED_SHELL('',(#51,#107,#138,#162,#194,#796,#891,#916,#948,#1093
    ,#1110,#1141,#1222,#1253,#1264,#1318,#1342,#1366,#1383,#1400,#1417,
    #1434,#1451,#1476,#1500,#1523,#1540,#1557,#1574,#1591,#1608,#1633,
    #1673,#1768,#1792,#1816,#1840,#1887,#1910,#1979,#2010,#2041,#2065,
    #2089,#2113,#2137,#2161,#2251,#2275,#2299,#2323,#2413,#2437,#2461,
    #2485,#2575,#2599,#2623,#2647,#2737,#2761,#2785,#2809,#2899,#2923,
    #2947,#2971,#3061,#3085,#3109,#3133,#3150,#3174,#3219,#3488,#3512,
    #3537,#3550,#3567,#3593,#3610,#3622,#3639,#3671,#3689,#3700,#3731,
    #3764,#3782,#3807,#3840,#3850,#3870,#3887,#3905,#3937,#3948,#3961,
    #3993,#4010,#4052,#4069,#4100,#4126,#4144,#4162,#4188,#4198,#4209,
    #4274,#4298,#4356,#4373,#4438,#4462,#4520,#4537,#4568,#4626,#4650,
    #4701,#4732,#4790,#4814,#4865,#4896,#4954,#4978,#5029,#5094,#5118,
    #5176,#5193,#5210,#5222,#5234,#5265,#5289,#5313,#5330,#5361,#5385,
    #5409,#5426,#5457,#5481,#5505,#5522,#5553,#5577,#5601,#5618,#5649,
    #5673,#5697,#5714,#5745,#5769,#5793,#5810,#5827,#5839,#5856,#5868,
    #5885,#5902,#5919,#5936,#5948,#5965,#5982,#5999,#6016,#6028,#6045,
    #6062,#6079,#6096,#6108,#6125,#6142,#6159,#6176,#6188,#6205,#6222,
    #6239,#6256,#6268,#6285,#6302,#6319,#6336,#6348,#6379,#6403,#6427,
    #6444,#6475,#6499,#6523,#6540,#6571,#6595,#6619,#6636,#6667,#6691,
    #6715,#6732,#6763,#6787,#6811,#6828,#6859,#6883,#6907,#6924,#6936,
    #6948,#6960,#6972,#6984));
#51 = ADVANCED_FACE('',(#52),#102,.T.);
#52 = FACE_BOUND('',#53,.T.);
#53 = EDGE_LOOP('',(#54,#64,#72,#80,#88,#96));
#54 = ORIENTED_EDGE('',*,*,#55,.F.);
#55 = EDGE_CURVE('',#56,#58,#60,.T.);
#56 = VERTEX_POINT('',#57);
#57 = CARTESIAN_POINT('',(-4.225,0.2,4.7));
#58 = VERTEX_POINT('',#59);
#59 = CARTESIAN_POINT('',(-4.225,-2.4,4.7));
#60 = LINE('',#61,#62);
#61 = CARTESIAN_POINT('',(-4.225,0.2,4.7));
#62 = VECTOR('',#63,1.);
#63 = DIRECTION('',(0.,-1.,0.));
#64 = ORIENTED_EDGE('',*,*,#65,.F.);
#65 = EDGE_CURVE('',#66,#56,#68,.T.);
#66 = VERTEX_POINT('',#67);
#67 = CARTESIAN_POINT('',(-4.625,0.2,4.7));
#68 = LINE('',#69,#70);
#69 = CARTESIAN_POINT('',(-4.625,0.2,4.7));
#70 = VECTOR('',#71,1.);
#71 = DIRECTION('',(1.,0.,0.));
#72 = ORIENTED_EDGE('',*,*,#73,.T.);
#73 = EDGE_CURVE('',#66,#74,#76,.T.);
#74 = VERTEX_POINT('',#75);
#75 = CARTESIAN_POINT('',(-4.625,-2.6,4.7));
#76 = LINE('',#77,#78);
#77 = CARTESIAN_POINT('',(-4.625,1.1,4.7));
#78 = VECTOR('',#79,1.);
#79 = DIRECTION('',(0.,-1.,0.));
#80 = ORIENTED_EDGE('',*,*,#81,.T.);
#81 = EDGE_CURVE('',#74,#82,#84,.T.);
#82 = VERTEX_POINT('',#83);
#83 = CARTESIAN_POINT('',(-2.775,-2.6,4.7));
#84 = LINE('',#85,#86);
#85 = CARTESIAN_POINT('',(-4.625,-2.6,4.7));
#86 = VECTOR('',#87,1.);
#87 = DIRECTION('',(1.,0.,0.));
#88 = ORIENTED_EDGE('',*,*,#89,.T.);
#89 = EDGE_CURVE('',#82,#90,#92,.T.);
#90 = VERTEX_POINT('',#91);
#91 = CARTESIAN_POINT('',(-2.775,-2.4,4.7));
#92 = LINE('',#93,#94);
#93 = CARTESIAN_POINT('',(-2.775,-2.6,4.7));
#94 = VECTOR('',#95,1.);
#95 = DIRECTION('',(0.,1.,0.));
#96 = ORIENTED_EDGE('',*,*,#97,.F.);
#97 = EDGE_CURVE('',#58,#90,#98,.T.);
#98 = LINE('',#99,#100);
#99 = CARTESIAN_POINT('',(-4.025,-2.4,4.7));
#100 = VECTOR('',#101,1.);
#101 = DIRECTION('',(1.,0.,0.));
#102 = PLANE('',#103);
#103 = AXIS2_PLACEMENT_3D('',#104,#105,#106);
#104 = CARTESIAN_POINT('',(-1.371704123089E-16,-0.75,4.7));
#105 = DIRECTION('',(0.,0.,1.));
#106 = DIRECTION('',(1.,0.,-0.));
#107 = ADVANCED_FACE('',(#108),#133,.F.);
#108 = FACE_BOUND('',#109,.T.);
#109 = EDGE_LOOP('',(#110,#118,#119,#127));
#110 = ORIENTED_EDGE('',*,*,#111,.F.);
#111 = EDGE_CURVE('',#56,#112,#114,.T.);
#112 = VERTEX_POINT('',#113);
#113 = CARTESIAN_POINT('',(-4.025,0.2,4.5));
#114 = LINE('',#115,#116);
#115 = CARTESIAN_POINT('',(-4.275,0.2,4.75));
#116 = VECTOR('',#117,1.);
#117 = DIRECTION('',(0.707106781187,0.,-0.707106781187));
#118 = ORIENTED_EDGE('',*,*,#55,.T.);
#119 = ORIENTED_EDGE('',*,*,#120,.T.);
#120 = EDGE_CURVE('',#58,#121,#123,.T.);
#121 = VERTEX_POINT('',#122);
#122 = CARTESIAN_POINT('',(-4.025,-2.2,4.5));
#123 = LINE('',#124,#125);
#124 = CARTESIAN_POINT('',(-3.691666666667,-1.866666666667,
    4.166666666667));
#125 = VECTOR('',#126,1.);
#126 = DIRECTION('',(0.57735026919,0.57735026919,-0.57735026919));
#127 = ORIENTED_EDGE('',*,*,#128,.F.);
#128 = EDGE_CURVE('',#112,#121,#129,.T.);
#129 = LINE('',#130,#131);
#130 = CARTESIAN_POINT('',(-4.025,0.2,4.5));
#131 = VECTOR('',#132,1.);
#132 = DIRECTION('',(0.,-1.,0.));
#133 = PLANE('',#134);
#134 = AXIS2_PLACEMENT_3D('',#135,#136,#137);
#135 = CARTESIAN_POINT('',(-4.125,0.2,4.6));
#136 = DIRECTION('',(-0.707106781187,0.,-0.707106781187));
#137 = DIRECTION('',(0.,1.,0.));
#138 = ADVANCED_FACE('',(#139),#157,.F.);
#139 = FACE_BOUND('',#140,.T.);
#140 = EDGE_LOOP('',(#141,#142,#143,#151));
#141 = ORIENTED_EDGE('',*,*,#120,.F.);
#142 = ORIENTED_EDGE('',*,*,#97,.T.);
#143 = ORIENTED_EDGE('',*,*,#144,.T.);
#144 = EDGE_CURVE('',#90,#145,#147,.T.);
#145 = VERTEX_POINT('',#146);
#146 = CARTESIAN_POINT('',(-2.775,-2.2,4.5));
#147 = LINE('',#148,#149);
#148 = CARTESIAN_POINT('',(-2.775,-2.0375,4.3375));
#149 = VECTOR('',#150,1.);
#150 = DIRECTION('',(-2.165644770597E-16,0.707106781187,-0.707106781187)
  );
#151 = ORIENTED_EDGE('',*,*,#152,.F.);
#152 = EDGE_CURVE('',#121,#145,#153,.T.);
#153 = LINE('',#154,#155);
#154 = CARTESIAN_POINT('',(-4.025,-2.2,4.5));
#155 = VECTOR('',#156,1.);
#156 = DIRECTION('',(1.,0.,0.));
#157 = PLANE('',#158);
#158 = AXIS2_PLACEMENT_3D('',#159,#160,#161);
#159 = CARTESIAN_POINT('',(-4.025,-2.3,4.6));
#160 = DIRECTION('',(0.,-0.707106781187,-0.707106781187));
#161 = DIRECTION('',(-1.,-0.,0.));
#162 = ADVANCED_FACE('',(#163),#189,.T.);
#163 = FACE_BOUND('',#164,.T.);
#164 = EDGE_LOOP('',(#165,#173,#181,#187,#188));
#165 = ORIENTED_EDGE('',*,*,#166,.F.);
#166 = EDGE_CURVE('',#167,#82,#169,.T.);
#167 = VERTEX_POINT('',#168);
#168 = CARTESIAN_POINT('',(-2.775,-2.6,3.25));
#169 = LINE('',#170,#171);
#170 = CARTESIAN_POINT('',(-2.775,-2.6,3.25));
#171 = VECTOR('',#172,1.);
#172 = DIRECTION('',(3.062684205863E-16,0.,1.));
#173 = ORIENTED_EDGE('',*,*,#174,.T.);
#174 = EDGE_CURVE('',#167,#175,#177,.T.);
#175 = VERTEX_POINT('',#176);
#176 = CARTESIAN_POINT('',(-2.775,-2.2,3.25));
#177 = LINE('',#178,#179);
#178 = CARTESIAN_POINT('',(-2.775,-2.6,3.25));
#179 = VECTOR('',#180,1.);
#180 = DIRECTION('',(0.,1.,0.));
#181 = ORIENTED_EDGE('',*,*,#182,.T.);
#182 = EDGE_CURVE('',#175,#145,#183,.T.);
#183 = LINE('',#184,#185);
#184 = CARTESIAN_POINT('',(-2.775,-2.2,3.25));
#185 = VECTOR('',#186,1.);
#186 = DIRECTION('',(3.062684205863E-16,0.,1.));
#187 = ORIENTED_EDGE('',*,*,#144,.F.);
#188 = ORIENTED_EDGE('',*,*,#89,.F.);
#189 = PLANE('',#190);
#190 = AXIS2_PLACEMENT_3D('',#191,#192,#193);
#191 = CARTESIAN_POINT('',(-2.775,-2.6,3.25));
#192 = DIRECTION('',(1.,0.,-3.062684205863E-16));
#193 = DIRECTION('',(3.062684205863E-16,0.,1.));
#194 = ADVANCED_FACE('',(#195),#791,.T.);
#195 = FACE_BOUND('',#196,.T.);
#196 = EDGE_LOOP('',(#197,#207,#215,#223,#231,#239,#247,#255,#263,#271,
    #279,#287,#295,#303,#311,#319,#327,#335,#343,#351,#359,#367,#375,
    #383,#391,#399,#407,#415,#423,#431,#439,#447,#455,#463,#471,#479,
    #487,#495,#503,#511,#519,#527,#535,#544,#552,#560,#568,#576,#584,
    #592,#600,#608,#616,#624,#632,#640,#648,#656,#664,#672,#680,#688,
    #696,#702,#703,#704,#712,#720,#728,#736,#744,#753,#761,#769,#777,
    #785));
#197 = ORIENTED_EDGE('',*,*,#198,.T.);
#198 = EDGE_CURVE('',#199,#201,#203,.T.);
#199 = VERTEX_POINT('',#200);
#200 = CARTESIAN_POINT('',(-4.975,-2.6,1.6));
#201 = VERTEX_POINT('',#202);
#202 = CARTESIAN_POINT('',(-4.625,-2.6,1.6));
#203 = LINE('',#204,#205);
#204 = CARTESIAN_POINT('',(-5.425,-2.6,1.6));
#205 = VECTOR('',#206,1.);
#206 = DIRECTION('',(1.,0.,0.));
#207 = ORIENTED_EDGE('',*,*,#208,.T.);
#208 = EDGE_CURVE('',#201,#209,#211,.T.);
#209 = VERTEX_POINT('',#210);
#210 = CARTESIAN_POINT('',(-4.625,-2.6,1.25));
#211 = LINE('',#212,#213);
#212 = CARTESIAN_POINT('',(-4.625,-2.6,1.6));
#213 = VECTOR('',#214,1.);
#214 = DIRECTION('',(0.,0.,-1.));
#215 = ORIENTED_EDGE('',*,*,#216,.T.);
#216 = EDGE_CURVE('',#209,#217,#219,.T.);
#217 = VERTEX_POINT('',#218);
#218 = CARTESIAN_POINT('',(-4.625,-2.6,0.35));
#219 = LINE('',#220,#221);
#220 = CARTESIAN_POINT('',(-4.625,-2.6,1.25));
#221 = VECTOR('',#222,1.);
#222 = DIRECTION('',(0.,0.,-1.));
#223 = ORIENTED_EDGE('',*,*,#224,.T.);
#224 = EDGE_CURVE('',#217,#225,#227,.T.);
#225 = VERTEX_POINT('',#226);
#226 = CARTESIAN_POINT('',(-4.625,-2.6,0.));
#227 = LINE('',#228,#229);
#228 = CARTESIAN_POINT('',(-4.625,-2.6,1.6));
#229 = VECTOR('',#230,1.);
#230 = DIRECTION('',(0.,0.,-1.));
#231 = ORIENTED_EDGE('',*,*,#232,.T.);
#232 = EDGE_CURVE('',#225,#233,#235,.T.);
#233 = VERTEX_POINT('',#234);
#234 = CARTESIAN_POINT('',(-4.125,-2.6,0.));
#235 = LINE('',#236,#237);
#236 = CARTESIAN_POINT('',(-4.625,-2.6,0.));
#237 = VECTOR('',#238,1.);
#238 = DIRECTION('',(1.,0.,0.));
#239 = ORIENTED_EDGE('',*,*,#240,.T.);
#240 = EDGE_CURVE('',#233,#241,#243,.T.);
#241 = VERTEX_POINT('',#242);
#242 = CARTESIAN_POINT('',(-4.125,-2.6,0.3));
#243 = LINE('',#244,#245);
#244 = CARTESIAN_POINT('',(-4.125,-2.6,0.));
#245 = VECTOR('',#246,1.);
#246 = DIRECTION('',(0.,0.,1.));
#247 = ORIENTED_EDGE('',*,*,#248,.F.);
#248 = EDGE_CURVE('',#249,#241,#251,.T.);
#249 = VERTEX_POINT('',#250);
#250 = CARTESIAN_POINT('',(-3.575,-2.6,0.3));
#251 = LINE('',#252,#253);
#252 = CARTESIAN_POINT('',(4.125,-2.6,0.3));
#253 = VECTOR('',#254,1.);
#254 = DIRECTION('',(-1.,0.,0.));
#255 = ORIENTED_EDGE('',*,*,#256,.T.);
#256 = EDGE_CURVE('',#249,#257,#259,.T.);
#257 = VERTEX_POINT('',#258);
#258 = CARTESIAN_POINT('',(-3.575,-2.6,0.8));
#259 = LINE('',#260,#261);
#260 = CARTESIAN_POINT('',(-3.575,-2.6,0.3));
#261 = VECTOR('',#262,1.);
#262 = DIRECTION('',(0.,0.,1.));
#263 = ORIENTED_EDGE('',*,*,#264,.T.);
#264 = EDGE_CURVE('',#257,#265,#267,.T.);
#265 = VERTEX_POINT('',#266);
#266 = CARTESIAN_POINT('',(-2.675,-2.6,0.8));
#267 = LINE('',#268,#269);
#268 = CARTESIAN_POINT('',(-3.575,-2.6,0.8));
#269 = VECTOR('',#270,1.);
#270 = DIRECTION('',(1.,0.,0.));
#271 = ORIENTED_EDGE('',*,*,#272,.F.);
#272 = EDGE_CURVE('',#273,#265,#275,.T.);
#273 = VERTEX_POINT('',#274);
#274 = CARTESIAN_POINT('',(-2.675,-2.6,0.3));
#275 = LINE('',#276,#277);
#276 = CARTESIAN_POINT('',(-2.675,-2.6,0.3));
#277 = VECTOR('',#278,1.);
#278 = DIRECTION('',(0.,0.,1.));
#279 = ORIENTED_EDGE('',*,*,#280,.F.);
#280 = EDGE_CURVE('',#281,#273,#283,.T.);
#281 = VERTEX_POINT('',#282);
#282 = CARTESIAN_POINT('',(-2.325,-2.6,0.3));
#283 = LINE('',#284,#285);
#284 = CARTESIAN_POINT('',(4.125,-2.6,0.3));
#285 = VECTOR('',#286,1.);
#286 = DIRECTION('',(-1.,0.,0.));
#287 = ORIENTED_EDGE('',*,*,#288,.T.);
#288 = EDGE_CURVE('',#281,#289,#291,.T.);
#289 = VERTEX_POINT('',#290);
#290 = CARTESIAN_POINT('',(-2.325,-2.6,0.8));
#291 = LINE('',#292,#293);
#292 = CARTESIAN_POINT('',(-2.325,-2.6,0.3));
#293 = VECTOR('',#294,1.);
#294 = DIRECTION('',(0.,0.,1.));
#295 = ORIENTED_EDGE('',*,*,#296,.T.);
#296 = EDGE_CURVE('',#289,#297,#299,.T.);
#297 = VERTEX_POINT('',#298);
#298 = CARTESIAN_POINT('',(-1.425,-2.6,0.8));
#299 = LINE('',#300,#301);
#300 = CARTESIAN_POINT('',(-2.325,-2.6,0.8));
#301 = VECTOR('',#302,1.);
#302 = DIRECTION('',(1.,0.,0.));
#303 = ORIENTED_EDGE('',*,*,#304,.F.);
#304 = EDGE_CURVE('',#305,#297,#307,.T.);
#305 = VERTEX_POINT('',#306);
#306 = CARTESIAN_POINT('',(-1.425,-2.6,0.3));
#307 = LINE('',#308,#309);
#308 = CARTESIAN_POINT('',(-1.425,-2.6,0.3));
#309 = VECTOR('',#310,1.);
#310 = DIRECTION('',(0.,0.,1.));
#311 = ORIENTED_EDGE('',*,*,#312,.F.);
#312 = EDGE_CURVE('',#313,#305,#315,.T.);
#313 = VERTEX_POINT('',#314);
#314 = CARTESIAN_POINT('',(-1.075,-2.6,0.3));
#315 = LINE('',#316,#317);
#316 = CARTESIAN_POINT('',(4.125,-2.6,0.3));
#317 = VECTOR('',#318,1.);
#318 = DIRECTION('',(-1.,0.,0.));
#319 = ORIENTED_EDGE('',*,*,#320,.T.);
#320 = EDGE_CURVE('',#313,#321,#323,.T.);
#321 = VERTEX_POINT('',#322);
#322 = CARTESIAN_POINT('',(-1.075,-2.6,0.8));
#323 = LINE('',#324,#325);
#324 = CARTESIAN_POINT('',(-1.075,-2.6,0.3));
#325 = VECTOR('',#326,1.);
#326 = DIRECTION('',(0.,0.,1.));
#327 = ORIENTED_EDGE('',*,*,#328,.T.);
#328 = EDGE_CURVE('',#321,#329,#331,.T.);
#329 = VERTEX_POINT('',#330);
#330 = CARTESIAN_POINT('',(-0.175,-2.6,0.8));
#331 = LINE('',#332,#333);
#332 = CARTESIAN_POINT('',(-1.075,-2.6,0.8));
#333 = VECTOR('',#334,1.);
#334 = DIRECTION('',(1.,0.,0.));
#335 = ORIENTED_EDGE('',*,*,#336,.F.);
#336 = EDGE_CURVE('',#337,#329,#339,.T.);
#337 = VERTEX_POINT('',#338);
#338 = CARTESIAN_POINT('',(-0.175,-2.6,0.3));
#339 = LINE('',#340,#341);
#340 = CARTESIAN_POINT('',(-0.175,-2.6,0.3));
#341 = VECTOR('',#342,1.);
#342 = DIRECTION('',(0.,0.,1.));
#343 = ORIENTED_EDGE('',*,*,#344,.F.);
#344 = EDGE_CURVE('',#345,#337,#347,.T.);
#345 = VERTEX_POINT('',#346);
#346 = CARTESIAN_POINT('',(0.175,-2.6,0.3));
#347 = LINE('',#348,#349);
#348 = CARTESIAN_POINT('',(4.125,-2.6,0.3));
#349 = VECTOR('',#350,1.);
#350 = DIRECTION('',(-1.,0.,0.));
#351 = ORIENTED_EDGE('',*,*,#352,.T.);
#352 = EDGE_CURVE('',#345,#353,#355,.T.);
#353 = VERTEX_POINT('',#354);
#354 = CARTESIAN_POINT('',(0.175,-2.6,0.8));
#355 = LINE('',#356,#357);
#356 = CARTESIAN_POINT('',(0.175,-2.6,0.3));
#357 = VECTOR('',#358,1.);
#358 = DIRECTION('',(0.,0.,1.));
#359 = ORIENTED_EDGE('',*,*,#360,.T.);
#360 = EDGE_CURVE('',#353,#361,#363,.T.);
#361 = VERTEX_POINT('',#362);
#362 = CARTESIAN_POINT('',(1.075,-2.6,0.8));
#363 = LINE('',#364,#365);
#364 = CARTESIAN_POINT('',(0.175,-2.6,0.8));
#365 = VECTOR('',#366,1.);
#366 = DIRECTION('',(1.,0.,0.));
#367 = ORIENTED_EDGE('',*,*,#368,.F.);
#368 = EDGE_CURVE('',#369,#361,#371,.T.);
#369 = VERTEX_POINT('',#370);
#370 = CARTESIAN_POINT('',(1.075,-2.6,0.3));
#371 = LINE('',#372,#373);
#372 = CARTESIAN_POINT('',(1.075,-2.6,0.3));
#373 = VECTOR('',#374,1.);
#374 = DIRECTION('',(0.,0.,1.));
#375 = ORIENTED_EDGE('',*,*,#376,.F.);
#376 = EDGE_CURVE('',#377,#369,#379,.T.);
#377 = VERTEX_POINT('',#378);
#378 = CARTESIAN_POINT('',(1.425,-2.6,0.3));
#379 = LINE('',#380,#381);
#380 = CARTESIAN_POINT('',(4.125,-2.6,0.3));
#381 = VECTOR('',#382,1.);
#382 = DIRECTION('',(-1.,0.,0.));
#383 = ORIENTED_EDGE('',*,*,#384,.T.);
#384 = EDGE_CURVE('',#377,#385,#387,.T.);
#385 = VERTEX_POINT('',#386);
#386 = CARTESIAN_POINT('',(1.425,-2.6,0.8));
#387 = LINE('',#388,#389);
#388 = CARTESIAN_POINT('',(1.425,-2.6,0.3));
#389 = VECTOR('',#390,1.);
#390 = DIRECTION('',(0.,0.,1.));
#391 = ORIENTED_EDGE('',*,*,#392,.T.);
#392 = EDGE_CURVE('',#385,#393,#395,.T.);
#393 = VERTEX_POINT('',#394);
#394 = CARTESIAN_POINT('',(2.325,-2.6,0.8));
#395 = LINE('',#396,#397);
#396 = CARTESIAN_POINT('',(1.425,-2.6,0.8));
#397 = VECTOR('',#398,1.);
#398 = DIRECTION('',(1.,0.,0.));
#399 = ORIENTED_EDGE('',*,*,#400,.F.);
#400 = EDGE_CURVE('',#401,#393,#403,.T.);
#401 = VERTEX_POINT('',#402);
#402 = CARTESIAN_POINT('',(2.325,-2.6,0.3));
#403 = LINE('',#404,#405);
#404 = CARTESIAN_POINT('',(2.325,-2.6,0.3));
#405 = VECTOR('',#406,1.);
#406 = DIRECTION('',(0.,0.,1.));
#407 = ORIENTED_EDGE('',*,*,#408,.F.);
#408 = EDGE_CURVE('',#409,#401,#411,.T.);
#409 = VERTEX_POINT('',#410);
#410 = CARTESIAN_POINT('',(2.675,-2.6,0.3));
#411 = LINE('',#412,#413);
#412 = CARTESIAN_POINT('',(4.125,-2.6,0.3));
#413 = VECTOR('',#414,1.);
#414 = DIRECTION('',(-1.,0.,0.));
#415 = ORIENTED_EDGE('',*,*,#416,.T.);
#416 = EDGE_CURVE('',#409,#417,#419,.T.);
#417 = VERTEX_POINT('',#418);
#418 = CARTESIAN_POINT('',(2.675,-2.6,0.8));
#419 = LINE('',#420,#421);
#420 = CARTESIAN_POINT('',(2.675,-2.6,0.3));
#421 = VECTOR('',#422,1.);
#422 = DIRECTION('',(0.,0.,1.));
#423 = ORIENTED_EDGE('',*,*,#424,.T.);
#424 = EDGE_CURVE('',#417,#425,#427,.T.);
#425 = VERTEX_POINT('',#426);
#426 = CARTESIAN_POINT('',(3.575,-2.6,0.8));
#427 = LINE('',#428,#429);
#428 = CARTESIAN_POINT('',(2.675,-2.6,0.8));
#429 = VECTOR('',#430,1.);
#430 = DIRECTION('',(1.,0.,0.));
#431 = ORIENTED_EDGE('',*,*,#432,.F.);
#432 = EDGE_CURVE('',#433,#425,#435,.T.);
#433 = VERTEX_POINT('',#434);
#434 = CARTESIAN_POINT('',(3.575,-2.6,0.3));
#435 = LINE('',#436,#437);
#436 = CARTESIAN_POINT('',(3.575,-2.6,0.3));
#437 = VECTOR('',#438,1.);
#438 = DIRECTION('',(0.,0.,1.));
#439 = ORIENTED_EDGE('',*,*,#440,.F.);
#440 = EDGE_CURVE('',#441,#433,#443,.T.);
#441 = VERTEX_POINT('',#442);
#442 = CARTESIAN_POINT('',(4.125,-2.6,0.3));
#443 = LINE('',#444,#445);
#444 = CARTESIAN_POINT('',(4.125,-2.6,0.3));
#445 = VECTOR('',#446,1.);
#446 = DIRECTION('',(-1.,0.,0.));
#447 = ORIENTED_EDGE('',*,*,#448,.F.);
#448 = EDGE_CURVE('',#449,#441,#451,.T.);
#449 = VERTEX_POINT('',#450);
#450 = CARTESIAN_POINT('',(4.125,-2.6,0.));
#451 = LINE('',#452,#453);
#452 = CARTESIAN_POINT('',(4.125,-2.6,0.));
#453 = VECTOR('',#454,1.);
#454 = DIRECTION('',(0.,0.,1.));
#455 = ORIENTED_EDGE('',*,*,#456,.T.);
#456 = EDGE_CURVE('',#449,#457,#459,.T.);
#457 = VERTEX_POINT('',#458);
#458 = CARTESIAN_POINT('',(4.625,-2.6,0.));
#459 = LINE('',#460,#461);
#460 = CARTESIAN_POINT('',(-4.625,-2.6,0.));
#461 = VECTOR('',#462,1.);
#462 = DIRECTION('',(1.,0.,0.));
#463 = ORIENTED_EDGE('',*,*,#464,.T.);
#464 = EDGE_CURVE('',#457,#465,#467,.T.);
#465 = VERTEX_POINT('',#466);
#466 = CARTESIAN_POINT('',(4.625,-2.6,0.35));
#467 = LINE('',#468,#469);
#468 = CARTESIAN_POINT('',(4.625,-2.6,0.));
#469 = VECTOR('',#470,1.);
#470 = DIRECTION('',(0.,0.,1.));
#471 = ORIENTED_EDGE('',*,*,#472,.T.);
#472 = EDGE_CURVE('',#465,#473,#475,.T.);
#473 = VERTEX_POINT('',#474);
#474 = CARTESIAN_POINT('',(4.625,-2.6,1.25));
#475 = LINE('',#476,#477);
#476 = CARTESIAN_POINT('',(4.625,-2.6,0.));
#477 = VECTOR('',#478,1.);
#478 = DIRECTION('',(0.,0.,1.));
#479 = ORIENTED_EDGE('',*,*,#480,.T.);
#480 = EDGE_CURVE('',#473,#481,#483,.T.);
#481 = VERTEX_POINT('',#482);
#482 = CARTESIAN_POINT('',(4.625,-2.6,1.6));
#483 = LINE('',#484,#485);
#484 = CARTESIAN_POINT('',(4.625,-2.6,0.));
#485 = VECTOR('',#486,1.);
#486 = DIRECTION('',(0.,0.,1.));
#487 = ORIENTED_EDGE('',*,*,#488,.F.);
#488 = EDGE_CURVE('',#489,#481,#491,.T.);
#489 = VERTEX_POINT('',#490);
#490 = CARTESIAN_POINT('',(4.975,-2.6,1.6));
#491 = LINE('',#492,#493);
#492 = CARTESIAN_POINT('',(5.425,-2.6,1.6));
#493 = VECTOR('',#494,1.);
#494 = DIRECTION('',(-1.,0.,0.));
#495 = ORIENTED_EDGE('',*,*,#496,.F.);
#496 = EDGE_CURVE('',#497,#489,#499,.T.);
#497 = VERTEX_POINT('',#498);
#498 = CARTESIAN_POINT('',(5.425,-2.6,1.6));
#499 = LINE('',#500,#501);
#500 = CARTESIAN_POINT('',(5.425,-2.6,1.6));
#501 = VECTOR('',#502,1.);
#502 = DIRECTION('',(-1.,0.,0.));
#503 = ORIENTED_EDGE('',*,*,#504,.F.);
#504 = EDGE_CURVE('',#505,#497,#507,.T.);
#505 = VERTEX_POINT('',#506);
#506 = CARTESIAN_POINT('',(5.425,-2.6,1.35));
#507 = LINE('',#508,#509);
#508 = CARTESIAN_POINT('',(5.425,-2.6,1.35));
#509 = VECTOR('',#510,1.);
#510 = DIRECTION('',(0.,0.,1.));
#511 = ORIENTED_EDGE('',*,*,#512,.F.);
#512 = EDGE_CURVE('',#513,#505,#515,.T.);
#513 = VERTEX_POINT('',#514);
#514 = CARTESIAN_POINT('',(4.975,-2.6,1.35));
#515 = LINE('',#516,#517);
#516 = CARTESIAN_POINT('',(4.975,-2.6,1.35));
#517 = VECTOR('',#518,1.);
#518 = DIRECTION('',(1.,0.,0.));
#519 = ORIENTED_EDGE('',*,*,#520,.F.);
#520 = EDGE_CURVE('',#521,#513,#523,.T.);
#521 = VERTEX_POINT('',#522);
#522 = CARTESIAN_POINT('',(4.875,-2.6,1.25));
#523 = LINE('',#524,#525);
#524 = CARTESIAN_POINT('',(4.875,-2.6,1.25));
#525 = VECTOR('',#526,1.);
#526 = DIRECTION('',(0.707106781187,0.,0.707106781187));
#527 = ORIENTED_EDGE('',*,*,#528,.F.);
#528 = EDGE_CURVE('',#529,#521,#531,.T.);
#529 = VERTEX_POINT('',#530);
#530 = CARTESIAN_POINT('',(4.875,-2.6,0.35));
#531 = LINE('',#532,#533);
#532 = CARTESIAN_POINT('',(4.875,-2.6,0.3));
#533 = VECTOR('',#534,1.);
#534 = DIRECTION('',(0.,0.,1.));
#535 = ORIENTED_EDGE('',*,*,#536,.F.);
#536 = EDGE_CURVE('',#537,#529,#539,.T.);
#537 = VERTEX_POINT('',#538);
#538 = CARTESIAN_POINT('',(4.888397459622,-2.6,0.3));
#539 = CIRCLE('',#540,0.1);
#540 = AXIS2_PLACEMENT_3D('',#541,#542,#543);
#541 = CARTESIAN_POINT('',(4.975,-2.6,0.35));
#542 = DIRECTION('',(0.,1.,0.));
#543 = DIRECTION('',(0.,0.,-1.));
#544 = ORIENTED_EDGE('',*,*,#545,.T.);
#545 = EDGE_CURVE('',#537,#546,#548,.T.);
#546 = VERTEX_POINT('',#547);
#547 = CARTESIAN_POINT('',(5.625,-2.6,0.3));
#548 = LINE('',#549,#550);
#549 = CARTESIAN_POINT('',(4.625,-2.6,0.3));
#550 = VECTOR('',#551,1.);
#551 = DIRECTION('',(1.,0.,0.));
#552 = ORIENTED_EDGE('',*,*,#553,.T.);
#553 = EDGE_CURVE('',#546,#554,#556,.T.);
#554 = VERTEX_POINT('',#555);
#555 = CARTESIAN_POINT('',(6.125,-2.6,0.8));
#556 = LINE('',#557,#558);
#557 = CARTESIAN_POINT('',(5.625,-2.6,0.3));
#558 = VECTOR('',#559,1.);
#559 = DIRECTION('',(0.707106781187,0.,0.707106781187));
#560 = ORIENTED_EDGE('',*,*,#561,.T.);
#561 = EDGE_CURVE('',#554,#562,#564,.T.);
#562 = VERTEX_POINT('',#563);
#563 = CARTESIAN_POINT('',(6.125,-2.6,2.65));
#564 = LINE('',#565,#566);
#565 = CARTESIAN_POINT('',(6.125,-2.6,0.8));
#566 = VECTOR('',#567,1.);
#567 = DIRECTION('',(0.,0.,1.));
#568 = ORIENTED_EDGE('',*,*,#569,.T.);
#569 = EDGE_CURVE('',#562,#570,#572,.T.);
#570 = VERTEX_POINT('',#571);
#571 = CARTESIAN_POINT('',(4.625,-2.6,2.65));
#572 = LINE('',#573,#574);
#573 = CARTESIAN_POINT('',(6.125,-2.6,2.65));
#574 = VECTOR('',#575,1.);
#575 = DIRECTION('',(-1.,0.,0.));
#576 = ORIENTED_EDGE('',*,*,#577,.T.);
#577 = EDGE_CURVE('',#570,#578,#580,.T.);
#578 = VERTEX_POINT('',#579);
#579 = CARTESIAN_POINT('',(4.625,-2.6,4.7));
#580 = LINE('',#581,#582);
#581 = CARTESIAN_POINT('',(4.625,-2.6,0.));
#582 = VECTOR('',#583,1.);
#583 = DIRECTION('',(0.,0.,1.));
#584 = ORIENTED_EDGE('',*,*,#585,.F.);
#585 = EDGE_CURVE('',#586,#578,#588,.T.);
#586 = VERTEX_POINT('',#587);
#587 = CARTESIAN_POINT('',(2.775,-2.6,4.7));
#588 = LINE('',#589,#590);
#589 = CARTESIAN_POINT('',(-4.625,-2.6,4.7));
#590 = VECTOR('',#591,1.);
#591 = DIRECTION('',(1.,0.,0.));
#592 = ORIENTED_EDGE('',*,*,#593,.T.);
#593 = EDGE_CURVE('',#586,#594,#596,.T.);
#594 = VERTEX_POINT('',#595);
#595 = CARTESIAN_POINT('',(2.775,-2.6,3.25));
#596 = LINE('',#597,#598);
#597 = CARTESIAN_POINT('',(2.775,-2.6,4.7));
#598 = VECTOR('',#599,1.);
#599 = DIRECTION('',(0.,0.,-1.));
#600 = ORIENTED_EDGE('',*,*,#601,.T.);
#601 = EDGE_CURVE('',#594,#602,#604,.T.);
#602 = VERTEX_POINT('',#603);
#603 = CARTESIAN_POINT('',(3.2,-2.6,3.25));
#604 = LINE('',#605,#606);
#605 = CARTESIAN_POINT('',(2.775,-2.6,3.25));
#606 = VECTOR('',#607,1.);
#607 = DIRECTION('',(1.,0.,0.));
#608 = ORIENTED_EDGE('',*,*,#609,.T.);
#609 = EDGE_CURVE('',#602,#610,#612,.T.);
#610 = VERTEX_POINT('',#611);
#611 = CARTESIAN_POINT('',(3.2,-2.6,2.1));
#612 = LINE('',#613,#614);
#613 = CARTESIAN_POINT('',(3.2,-2.6,3.25));
#614 = VECTOR('',#615,1.);
#615 = DIRECTION('',(0.,0.,-1.));
#616 = ORIENTED_EDGE('',*,*,#617,.T.);
#617 = EDGE_CURVE('',#610,#618,#620,.T.);
#618 = VERTEX_POINT('',#619);
#619 = CARTESIAN_POINT('',(2.05,-2.6,2.1));
#620 = LINE('',#621,#622);
#621 = CARTESIAN_POINT('',(3.2,-2.6,2.1));
#622 = VECTOR('',#623,1.);
#623 = DIRECTION('',(-1.,0.,0.));
#624 = ORIENTED_EDGE('',*,*,#625,.T.);
#625 = EDGE_CURVE('',#618,#626,#628,.T.);
#626 = VERTEX_POINT('',#627);
#627 = CARTESIAN_POINT('',(2.05,-2.6,3.25));
#628 = LINE('',#629,#630);
#629 = CARTESIAN_POINT('',(2.05,-2.6,2.1));
#630 = VECTOR('',#631,1.);
#631 = DIRECTION('',(0.,0.,1.));
#632 = ORIENTED_EDGE('',*,*,#633,.T.);
#633 = EDGE_CURVE('',#626,#634,#636,.T.);
#634 = VERTEX_POINT('',#635);
#635 = CARTESIAN_POINT('',(2.475,-2.6,3.25));
#636 = LINE('',#637,#638);
#637 = CARTESIAN_POINT('',(2.05,-2.6,3.25));
#638 = VECTOR('',#639,1.);
#639 = DIRECTION('',(1.,0.,0.));
#640 = ORIENTED_EDGE('',*,*,#641,.T.);
#641 = EDGE_CURVE('',#634,#642,#644,.T.);
#642 = VERTEX_POINT('',#643);
#643 = CARTESIAN_POINT('',(2.475,-2.6,4.7));
#644 = LINE('',#645,#646);
#645 = CARTESIAN_POINT('',(2.475,-2.6,3.25));
#646 = VECTOR('',#647,1.);
#647 = DIRECTION('',(3.062684205863E-16,0.,1.));
#648 = ORIENTED_EDGE('',*,*,#649,.F.);
#649 = EDGE_CURVE('',#650,#642,#652,.T.);
#650 = VERTEX_POINT('',#651);
#651 = CARTESIAN_POINT('',(-2.475,-2.6,4.7));
#652 = LINE('',#653,#654);
#653 = CARTESIAN_POINT('',(-4.625,-2.6,4.7));
#654 = VECTOR('',#655,1.);
#655 = DIRECTION('',(1.,0.,0.));
#656 = ORIENTED_EDGE('',*,*,#657,.T.);
#657 = EDGE_CURVE('',#650,#658,#660,.T.);
#658 = VERTEX_POINT('',#659);
#659 = CARTESIAN_POINT('',(-2.475,-2.6,3.25));
#660 = LINE('',#661,#662);
#661 = CARTESIAN_POINT('',(-2.475,-2.6,4.7));
#662 = VECTOR('',#663,1.);
#663 = DIRECTION('',(0.,0.,-1.));
#664 = ORIENTED_EDGE('',*,*,#665,.T.);
#665 = EDGE_CURVE('',#658,#666,#668,.T.);
#666 = VERTEX_POINT('',#667);
#667 = CARTESIAN_POINT('',(-2.05,-2.6,3.25));
#668 = LINE('',#669,#670);
#669 = CARTESIAN_POINT('',(-2.475,-2.6,3.25));
#670 = VECTOR('',#671,1.);
#671 = DIRECTION('',(1.,0.,0.));
#672 = ORIENTED_EDGE('',*,*,#673,.T.);
#673 = EDGE_CURVE('',#666,#674,#676,.T.);
#674 = VERTEX_POINT('',#675);
#675 = CARTESIAN_POINT('',(-2.05,-2.6,2.1));
#676 = LINE('',#677,#678);
#677 = CARTESIAN_POINT('',(-2.05,-2.6,3.25));
#678 = VECTOR('',#679,1.);
#679 = DIRECTION('',(0.,0.,-1.));
#680 = ORIENTED_EDGE('',*,*,#681,.T.);
#681 = EDGE_CURVE('',#674,#682,#684,.T.);
#682 = VERTEX_POINT('',#683);
#683 = CARTESIAN_POINT('',(-3.2,-2.6,2.1));
#684 = LINE('',#685,#686);
#685 = CARTESIAN_POINT('',(-2.05,-2.6,2.1));
#686 = VECTOR('',#687,1.);
#687 = DIRECTION('',(-1.,0.,0.));
#688 = ORIENTED_EDGE('',*,*,#689,.T.);
#689 = EDGE_CURVE('',#682,#690,#692,.T.);
#690 = VERTEX_POINT('',#691);
#691 = CARTESIAN_POINT('',(-3.2,-2.6,3.25));
#692 = LINE('',#693,#694);
#693 = CARTESIAN_POINT('',(-3.2,-2.6,2.1));
#694 = VECTOR('',#695,1.);
#695 = DIRECTION('',(0.,0.,1.));
#696 = ORIENTED_EDGE('',*,*,#697,.T.);
#697 = EDGE_CURVE('',#690,#167,#698,.T.);
#698 = LINE('',#699,#700);
#699 = CARTESIAN_POINT('',(-3.2,-2.6,3.25));
#700 = VECTOR('',#701,1.);
#701 = DIRECTION('',(1.,0.,0.));
#702 = ORIENTED_EDGE('',*,*,#166,.T.);
#703 = ORIENTED_EDGE('',*,*,#81,.F.);
#704 = ORIENTED_EDGE('',*,*,#705,.F.);
#705 = EDGE_CURVE('',#706,#74,#708,.T.);
#706 = VERTEX_POINT('',#707);
#707 = CARTESIAN_POINT('',(-4.625,-2.6,2.65));
#708 = LINE('',#709,#710);
#709 = CARTESIAN_POINT('',(-4.625,-2.6,0.));
#710 = VECTOR('',#711,1.);
#711 = DIRECTION('',(0.,0.,1.));
#712 = ORIENTED_EDGE('',*,*,#713,.F.);
#713 = EDGE_CURVE('',#714,#706,#716,.T.);
#714 = VERTEX_POINT('',#715);
#715 = CARTESIAN_POINT('',(-6.125,-2.6,2.65));
#716 = LINE('',#717,#718);
#717 = CARTESIAN_POINT('',(-6.125,-2.6,2.65));
#718 = VECTOR('',#719,1.);
#719 = DIRECTION('',(1.,0.,0.));
#720 = ORIENTED_EDGE('',*,*,#721,.F.);
#721 = EDGE_CURVE('',#722,#714,#724,.T.);
#722 = VERTEX_POINT('',#723);
#723 = CARTESIAN_POINT('',(-6.125,-2.6,0.8));
#724 = LINE('',#725,#726);
#725 = CARTESIAN_POINT('',(-6.125,-2.6,0.8));
#726 = VECTOR('',#727,1.);
#727 = DIRECTION('',(0.,0.,1.));
#728 = ORIENTED_EDGE('',*,*,#729,.F.);
#729 = EDGE_CURVE('',#730,#722,#732,.T.);
#730 = VERTEX_POINT('',#731);
#731 = CARTESIAN_POINT('',(-5.625,-2.6,0.3));
#732 = LINE('',#733,#734);
#733 = CARTESIAN_POINT('',(-5.625,-2.6,0.3));
#734 = VECTOR('',#735,1.);
#735 = DIRECTION('',(-0.707106781187,0.,0.707106781187));
#736 = ORIENTED_EDGE('',*,*,#737,.F.);
#737 = EDGE_CURVE('',#738,#730,#740,.T.);
#738 = VERTEX_POINT('',#739);
#739 = CARTESIAN_POINT('',(-4.888397459622,-2.6,0.3));
#740 = LINE('',#741,#742);
#741 = CARTESIAN_POINT('',(-4.625,-2.6,0.3));
#742 = VECTOR('',#743,1.);
#743 = DIRECTION('',(-1.,0.,0.));
#744 = ORIENTED_EDGE('',*,*,#745,.T.);
#745 = EDGE_CURVE('',#738,#746,#748,.T.);
#746 = VERTEX_POINT('',#747);
#747 = CARTESIAN_POINT('',(-4.875,-2.6,0.35));
#748 = CIRCLE('',#749,0.1);
#749 = AXIS2_PLACEMENT_3D('',#750,#751,#752);
#750 = CARTESIAN_POINT('',(-4.975,-2.6,0.35));
#751 = DIRECTION('',(0.,-1.,0.));
#752 = DIRECTION('',(0.,0.,-1.));
#753 = ORIENTED_EDGE('',*,*,#754,.T.);
#754 = EDGE_CURVE('',#746,#755,#757,.T.);
#755 = VERTEX_POINT('',#756);
#756 = CARTESIAN_POINT('',(-4.875,-2.6,1.25));
#757 = LINE('',#758,#759);
#758 = CARTESIAN_POINT('',(-4.875,-2.6,0.3));
#759 = VECTOR('',#760,1.);
#760 = DIRECTION('',(0.,0.,1.));
#761 = ORIENTED_EDGE('',*,*,#762,.T.);
#762 = EDGE_CURVE('',#755,#763,#765,.T.);
#763 = VERTEX_POINT('',#764);
#764 = CARTESIAN_POINT('',(-4.975,-2.6,1.35));
#765 = LINE('',#766,#767);
#766 = CARTESIAN_POINT('',(-4.875,-2.6,1.25));
#767 = VECTOR('',#768,1.);
#768 = DIRECTION('',(-0.707106781187,0.,0.707106781187));
#769 = ORIENTED_EDGE('',*,*,#770,.T.);
#770 = EDGE_CURVE('',#763,#771,#773,.T.);
#771 = VERTEX_POINT('',#772);
#772 = CARTESIAN_POINT('',(-5.425,-2.6,1.35));
#773 = LINE('',#774,#775);
#774 = CARTESIAN_POINT('',(-4.975,-2.6,1.35));
#775 = VECTOR('',#776,1.);
#776 = DIRECTION('',(-1.,0.,0.));
#777 = ORIENTED_EDGE('',*,*,#778,.T.);
#778 = EDGE_CURVE('',#771,#779,#781,.T.);
#779 = VERTEX_POINT('',#780);
#780 = CARTESIAN_POINT('',(-5.425,-2.6,1.6));
#781 = LINE('',#782,#783);
#782 = CARTESIAN_POINT('',(-5.425,-2.6,1.35));
#783 = VECTOR('',#784,1.);
#784 = DIRECTION('',(0.,0.,1.));
#785 = ORIENTED_EDGE('',*,*,#786,.T.);
#786 = EDGE_CURVE('',#779,#199,#787,.T.);
#787 = LINE('',#788,#789);
#788 = CARTESIAN_POINT('',(-5.425,-2.6,1.6));
#789 = VECTOR('',#790,1.);
#790 = DIRECTION('',(1.,0.,0.));
#791 = PLANE('',#792);
#792 = AXIS2_PLACEMENT_3D('',#793,#794,#795);
#793 = CARTESIAN_POINT('',(-3.761771365174E-16,-2.6,2.342076875299));
#794 = DIRECTION('',(-2.575590370643E-33,-1.,1.020543079941E-17));
#795 = DIRECTION('',(0.,-1.020543079941E-17,-1.));
#796 = ADVANCED_FACE('',(#797),#886,.T.);
#797 = FACE_BOUND('',#798,.T.);
#798 = EDGE_LOOP('',(#799,#809,#815,#816,#824,#832,#840,#848,#854,#855,
    #856,#864,#872,#880));
#799 = ORIENTED_EDGE('',*,*,#800,.F.);
#800 = EDGE_CURVE('',#801,#803,#805,.T.);
#801 = VERTEX_POINT('',#802);
#802 = CARTESIAN_POINT('',(-4.625,1.1,0.));
#803 = VERTEX_POINT('',#804);
#804 = CARTESIAN_POINT('',(-4.625,1.1,1.7));
#805 = LINE('',#806,#807);
#806 = CARTESIAN_POINT('',(-4.625,1.1,0.));
#807 = VECTOR('',#808,1.);
#808 = DIRECTION('',(0.,0.,1.));
#809 = ORIENTED_EDGE('',*,*,#810,.T.);
#810 = EDGE_CURVE('',#801,#225,#811,.T.);
#811 = LINE('',#812,#813);
#812 = CARTESIAN_POINT('',(-4.625,1.1,0.));
#813 = VECTOR('',#814,1.);
#814 = DIRECTION('',(0.,-1.,0.));
#815 = ORIENTED_EDGE('',*,*,#224,.F.);
#816 = ORIENTED_EDGE('',*,*,#817,.F.);
#817 = EDGE_CURVE('',#818,#217,#820,.T.);
#818 = VERTEX_POINT('',#819);
#819 = CARTESIAN_POINT('',(-4.625,-0.4,0.35));
#820 = LINE('',#821,#822);
#821 = CARTESIAN_POINT('',(-4.625,-0.4,0.35));
#822 = VECTOR('',#823,1.);
#823 = DIRECTION('',(0.,-1.,0.));
#824 = ORIENTED_EDGE('',*,*,#825,.T.);
#825 = EDGE_CURVE('',#818,#826,#828,.T.);
#826 = VERTEX_POINT('',#827);
#827 = CARTESIAN_POINT('',(-4.625,-0.4,0.3));
#828 = LINE('',#829,#830);
#829 = CARTESIAN_POINT('',(-4.625,-0.4,1.6));
#830 = VECTOR('',#831,1.);
#831 = DIRECTION('',(0.,0.,-1.));
#832 = ORIENTED_EDGE('',*,*,#833,.T.);
#833 = EDGE_CURVE('',#826,#834,#836,.T.);
#834 = VERTEX_POINT('',#835);
#835 = CARTESIAN_POINT('',(-4.625,0.2,0.3));
#836 = LINE('',#837,#838);
#837 = CARTESIAN_POINT('',(-4.625,-2.6,0.3));
#838 = VECTOR('',#839,1.);
#839 = DIRECTION('',(0.,1.,0.));
#840 = ORIENTED_EDGE('',*,*,#841,.F.);
#841 = EDGE_CURVE('',#842,#834,#844,.T.);
#842 = VERTEX_POINT('',#843);
#843 = CARTESIAN_POINT('',(-4.625,0.2,2.65));
#844 = LINE('',#845,#846);
#845 = CARTESIAN_POINT('',(-4.625,0.2,2.65));
#846 = VECTOR('',#847,1.);
#847 = DIRECTION('',(0.,0.,-1.));
#848 = ORIENTED_EDGE('',*,*,#849,.F.);
#849 = EDGE_CURVE('',#706,#842,#850,.T.);
#850 = LINE('',#851,#852);
#851 = CARTESIAN_POINT('',(-4.625,-2.6,2.65));
#852 = VECTOR('',#853,1.);
#853 = DIRECTION('',(0.,1.,0.));
#854 = ORIENTED_EDGE('',*,*,#705,.T.);
#855 = ORIENTED_EDGE('',*,*,#73,.F.);
#856 = ORIENTED_EDGE('',*,*,#857,.T.);
#857 = EDGE_CURVE('',#66,#858,#860,.T.);
#858 = VERTEX_POINT('',#859);
#859 = CARTESIAN_POINT('',(-4.625,0.2,3.7));
#860 = LINE('',#861,#862);
#861 = CARTESIAN_POINT('',(-4.625,0.2,4.7));
#862 = VECTOR('',#863,1.);
#863 = DIRECTION('',(-0.,-0.,-1.));
#864 = ORIENTED_EDGE('',*,*,#865,.F.);
#865 = EDGE_CURVE('',#866,#858,#868,.T.);
#866 = VERTEX_POINT('',#867);
#867 = CARTESIAN_POINT('',(-4.625,0.9,3.7));
#868 = LINE('',#869,#870);
#869 = CARTESIAN_POINT('',(-4.625,0.9,3.7));
#870 = VECTOR('',#871,1.);
#871 = DIRECTION('',(0.,-1.,0.));
#872 = ORIENTED_EDGE('',*,*,#873,.T.);
#873 = EDGE_CURVE('',#866,#874,#876,.T.);
#874 = VERTEX_POINT('',#875);
#875 = CARTESIAN_POINT('',(-4.625,0.9,1.7));
#876 = LINE('',#877,#878);
#877 = CARTESIAN_POINT('',(-4.625,0.9,4.7));
#878 = VECTOR('',#879,1.);
#879 = DIRECTION('',(-0.,-0.,-1.));
#880 = ORIENTED_EDGE('',*,*,#881,.F.);
#881 = EDGE_CURVE('',#803,#874,#882,.T.);
#882 = LINE('',#883,#884);
#883 = CARTESIAN_POINT('',(-4.625,1.1,1.7));
#884 = VECTOR('',#885,1.);
#885 = DIRECTION('',(0.,-1.,0.));
#886 = PLANE('',#887);
#887 = AXIS2_PLACEMENT_3D('',#888,#889,#890);
#888 = CARTESIAN_POINT('',(-4.625,-0.7176,2.0708));
#889 = DIRECTION('',(-1.,-1.488420196459E-31,-2.562529062342E-31));
#890 = DIRECTION('',(2.562529062342E-31,1.433581264331E-78,-1.));
#891 = ADVANCED_FACE('',(#892),#911,.F.);
#892 = FACE_BOUND('',#893,.F.);
#893 = EDGE_LOOP('',(#894,#895,#896,#904,#910));
#894 = ORIENTED_EDGE('',*,*,#65,.F.);
#895 = ORIENTED_EDGE('',*,*,#857,.T.);
#896 = ORIENTED_EDGE('',*,*,#897,.T.);
#897 = EDGE_CURVE('',#858,#898,#900,.T.);
#898 = VERTEX_POINT('',#899);
#899 = CARTESIAN_POINT('',(-4.025,0.2,3.7));
#900 = LINE('',#901,#902);
#901 = CARTESIAN_POINT('',(-4.625,0.2,3.7));
#902 = VECTOR('',#903,1.);
#903 = DIRECTION('',(1.,0.,0.));
#904 = ORIENTED_EDGE('',*,*,#905,.F.);
#905 = EDGE_CURVE('',#112,#898,#906,.T.);
#906 = LINE('',#907,#908);
#907 = CARTESIAN_POINT('',(-4.025,0.2,4.7));
#908 = VECTOR('',#909,1.);
#909 = DIRECTION('',(-0.,-0.,-1.));
#910 = ORIENTED_EDGE('',*,*,#111,.F.);
#911 = PLANE('',#912);
#912 = AXIS2_PLACEMENT_3D('',#913,#914,#915);
#913 = CARTESIAN_POINT('',(-4.625,0.2,4.7));
#914 = DIRECTION('',(0.,-1.,0.));
#915 = DIRECTION('',(1.,0.,0.));
#916 = ADVANCED_FACE('',(#917),#943,.F.);
#917 = FACE_BOUND('',#918,.F.);
#918 = EDGE_LOOP('',(#919,#920,#928,#936,#942));
#919 = ORIENTED_EDGE('',*,*,#905,.T.);
#920 = ORIENTED_EDGE('',*,*,#921,.T.);
#921 = EDGE_CURVE('',#898,#922,#924,.T.);
#922 = VERTEX_POINT('',#923);
#923 = CARTESIAN_POINT('',(-4.025,0.2,1.7));
#924 = LINE('',#925,#926);
#925 = CARTESIAN_POINT('',(-4.025,0.2,4.7));
#926 = VECTOR('',#927,1.);
#927 = DIRECTION('',(-0.,-0.,-1.));
#928 = ORIENTED_EDGE('',*,*,#929,.T.);
#929 = EDGE_CURVE('',#922,#930,#932,.T.);
#930 = VERTEX_POINT('',#931);
#931 = CARTESIAN_POINT('',(-4.025,-2.2,1.7));
#932 = LINE('',#933,#934);
#933 = CARTESIAN_POINT('',(-4.025,0.2,1.7));
#934 = VECTOR('',#935,1.);
#935 = DIRECTION('',(0.,-1.,0.));
#936 = ORIENTED_EDGE('',*,*,#937,.F.);
#937 = EDGE_CURVE('',#121,#930,#938,.T.);
#938 = LINE('',#939,#940);
#939 = CARTESIAN_POINT('',(-4.025,-2.2,4.7));
#940 = VECTOR('',#941,1.);
#941 = DIRECTION('',(-0.,-0.,-1.));
#942 = ORIENTED_EDGE('',*,*,#128,.F.);
#943 = PLANE('',#944);
#944 = AXIS2_PLACEMENT_3D('',#945,#946,#947);
#945 = CARTESIAN_POINT('',(-4.025,0.2,4.7));
#946 = DIRECTION('',(-1.,0.,0.));
#947 = DIRECTION('',(0.,-1.,0.));
#948 = ADVANCED_FACE('',(#949),#1088,.F.);
#949 = FACE_BOUND('',#950,.F.);
#950 = EDGE_LOOP('',(#951,#952,#953,#961,#969,#977,#985,#993,#1001,#1009
    ,#1017,#1025,#1033,#1041,#1049,#1057,#1065,#1073,#1081,#1087));
#951 = ORIENTED_EDGE('',*,*,#152,.F.);
#952 = ORIENTED_EDGE('',*,*,#937,.T.);
#953 = ORIENTED_EDGE('',*,*,#954,.T.);
#954 = EDGE_CURVE('',#930,#955,#957,.T.);
#955 = VERTEX_POINT('',#956);
#956 = CARTESIAN_POINT('',(4.025,-2.2,1.7));
#957 = LINE('',#958,#959);
#958 = CARTESIAN_POINT('',(-4.025,-2.2,1.7));
#959 = VECTOR('',#960,1.);
#960 = DIRECTION('',(1.,0.,0.));
#961 = ORIENTED_EDGE('',*,*,#962,.F.);
#962 = EDGE_CURVE('',#963,#955,#965,.T.);
#963 = VERTEX_POINT('',#964);
#964 = CARTESIAN_POINT('',(4.025,-2.2,4.5));
#965 = LINE('',#966,#967);
#966 = CARTESIAN_POINT('',(4.025,-2.2,4.7));
#967 = VECTOR('',#968,1.);
#968 = DIRECTION('',(-0.,-0.,-1.));
#969 = ORIENTED_EDGE('',*,*,#970,.F.);
#970 = EDGE_CURVE('',#971,#963,#973,.T.);
#971 = VERTEX_POINT('',#972);
#972 = CARTESIAN_POINT('',(2.775,-2.2,4.5));
#973 = LINE('',#974,#975);
#974 = CARTESIAN_POINT('',(-4.025,-2.2,4.5));
#975 = VECTOR('',#976,1.);
#976 = DIRECTION('',(1.,0.,0.));
#977 = ORIENTED_EDGE('',*,*,#978,.T.);
#978 = EDGE_CURVE('',#971,#979,#981,.T.);
#979 = VERTEX_POINT('',#980);
#980 = CARTESIAN_POINT('',(2.775,-2.2,3.25));
#981 = LINE('',#982,#983);
#982 = CARTESIAN_POINT('',(2.775,-2.2,4.7));
#983 = VECTOR('',#984,1.);
#984 = DIRECTION('',(0.,0.,-1.));
#985 = ORIENTED_EDGE('',*,*,#986,.T.);
#986 = EDGE_CURVE('',#979,#987,#989,.T.);
#987 = VERTEX_POINT('',#988);
#988 = CARTESIAN_POINT('',(3.2,-2.2,3.25));
#989 = LINE('',#990,#991);
#990 = CARTESIAN_POINT('',(2.775,-2.2,3.25));
#991 = VECTOR('',#992,1.);
#992 = DIRECTION('',(1.,0.,0.));
#993 = ORIENTED_EDGE('',*,*,#994,.T.);
#994 = EDGE_CURVE('',#987,#995,#997,.T.);
#995 = VERTEX_POINT('',#996);
#996 = CARTESIAN_POINT('',(3.2,-2.2,2.1));
#997 = LINE('',#998,#999);
#998 = CARTESIAN_POINT('',(3.2,-2.2,3.25));
#999 = VECTOR('',#1000,1.);
#1000 = DIRECTION('',(0.,0.,-1.));
#1001 = ORIENTED_EDGE('',*,*,#1002,.T.);
#1002 = EDGE_CURVE('',#995,#1003,#1005,.T.);
#1003 = VERTEX_POINT('',#1004);
#1004 = CARTESIAN_POINT('',(2.05,-2.2,2.1));
#1005 = LINE('',#1006,#1007);
#1006 = CARTESIAN_POINT('',(3.2,-2.2,2.1));
#1007 = VECTOR('',#1008,1.);
#1008 = DIRECTION('',(-1.,0.,0.));
#1009 = ORIENTED_EDGE('',*,*,#1010,.T.);
#1010 = EDGE_CURVE('',#1003,#1011,#1013,.T.);
#1011 = VERTEX_POINT('',#1012);
#1012 = CARTESIAN_POINT('',(2.05,-2.2,3.25));
#1013 = LINE('',#1014,#1015);
#1014 = CARTESIAN_POINT('',(2.05,-2.2,2.1));
#1015 = VECTOR('',#1016,1.);
#1016 = DIRECTION('',(0.,0.,1.));
#1017 = ORIENTED_EDGE('',*,*,#1018,.T.);
#1018 = EDGE_CURVE('',#1011,#1019,#1021,.T.);
#1019 = VERTEX_POINT('',#1020);
#1020 = CARTESIAN_POINT('',(2.475,-2.2,3.25));
#1021 = LINE('',#1022,#1023);
#1022 = CARTESIAN_POINT('',(2.05,-2.2,3.25));
#1023 = VECTOR('',#1024,1.);
#1024 = DIRECTION('',(1.,0.,0.));
#1025 = ORIENTED_EDGE('',*,*,#1026,.T.);
#1026 = EDGE_CURVE('',#1019,#1027,#1029,.T.);
#1027 = VERTEX_POINT('',#1028);
#1028 = CARTESIAN_POINT('',(2.475,-2.2,4.5));
#1029 = LINE('',#1030,#1031);
#1030 = CARTESIAN_POINT('',(2.475,-2.2,3.25));
#1031 = VECTOR('',#1032,1.);
#1032 = DIRECTION('',(3.062684205863E-16,0.,1.));
#1033 = ORIENTED_EDGE('',*,*,#1034,.F.);
#1034 = EDGE_CURVE('',#1035,#1027,#1037,.T.);
#1035 = VERTEX_POINT('',#1036);
#1036 = CARTESIAN_POINT('',(-2.475,-2.2,4.5));
#1037 = LINE('',#1038,#1039);
#1038 = CARTESIAN_POINT('',(-4.025,-2.2,4.5));
#1039 = VECTOR('',#1040,1.);
#1040 = DIRECTION('',(1.,0.,0.));
#1041 = ORIENTED_EDGE('',*,*,#1042,.T.);
#1042 = EDGE_CURVE('',#1035,#1043,#1045,.T.);
#1043 = VERTEX_POINT('',#1044);
#1044 = CARTESIAN_POINT('',(-2.475,-2.2,3.25));
#1045 = LINE('',#1046,#1047);
#1046 = CARTESIAN_POINT('',(-2.475,-2.2,4.7));
#1047 = VECTOR('',#1048,1.);
#1048 = DIRECTION('',(0.,0.,-1.));
#1049 = ORIENTED_EDGE('',*,*,#1050,.T.);
#1050 = EDGE_CURVE('',#1043,#1051,#1053,.T.);
#1051 = VERTEX_POINT('',#1052);
#1052 = CARTESIAN_POINT('',(-2.05,-2.2,3.25));
#1053 = LINE('',#1054,#1055);
#1054 = CARTESIAN_POINT('',(-2.475,-2.2,3.25));
#1055 = VECTOR('',#1056,1.);
#1056 = DIRECTION('',(1.,0.,0.));
#1057 = ORIENTED_EDGE('',*,*,#1058,.T.);
#1058 = EDGE_CURVE('',#1051,#1059,#1061,.T.);
#1059 = VERTEX_POINT('',#1060);
#1060 = CARTESIAN_POINT('',(-2.05,-2.2,2.1));
#1061 = LINE('',#1062,#1063);
#1062 = CARTESIAN_POINT('',(-2.05,-2.2,3.25));
#1063 = VECTOR('',#1064,1.);
#1064 = DIRECTION('',(0.,0.,-1.));
#1065 = ORIENTED_EDGE('',*,*,#1066,.T.);
#1066 = EDGE_CURVE('',#1059,#1067,#1069,.T.);
#1067 = VERTEX_POINT('',#1068);
#1068 = CARTESIAN_POINT('',(-3.2,-2.2,2.1));
#1069 = LINE('',#1070,#1071);
#1070 = CARTESIAN_POINT('',(-2.05,-2.2,2.1));
#1071 = VECTOR('',#1072,1.);
#1072 = DIRECTION('',(-1.,0.,0.));
#1073 = ORIENTED_EDGE('',*,*,#1074,.T.);
#1074 = EDGE_CURVE('',#1067,#1075,#1077,.T.);
#1075 = VERTEX_POINT('',#1076);
#1076 = CARTESIAN_POINT('',(-3.2,-2.2,3.25));
#1077 = LINE('',#1078,#1079);
#1078 = CARTESIAN_POINT('',(-3.2,-2.2,2.1));
#1079 = VECTOR('',#1080,1.);
#1080 = DIRECTION('',(0.,0.,1.));
#1081 = ORIENTED_EDGE('',*,*,#1082,.T.);
#1082 = EDGE_CURVE('',#1075,#175,#1083,.T.);
#1083 = LINE('',#1084,#1085);
#1084 = CARTESIAN_POINT('',(-3.2,-2.2,3.25));
#1085 = VECTOR('',#1086,1.);
#1086 = DIRECTION('',(1.,0.,0.));
#1087 = ORIENTED_EDGE('',*,*,#182,.T.);
#1088 = PLANE('',#1089);
#1089 = AXIS2_PLACEMENT_3D('',#1090,#1091,#1092);
#1090 = CARTESIAN_POINT('',(-4.025,-2.2,4.7));
#1091 = DIRECTION('',(0.,-1.,0.));
#1092 = DIRECTION('',(1.,0.,0.));
#1093 = ADVANCED_FACE('',(#1094),#1105,.T.);
#1094 = FACE_BOUND('',#1095,.T.);
#1095 = EDGE_LOOP('',(#1096,#1102,#1103,#1104));
#1096 = ORIENTED_EDGE('',*,*,#1097,.T.);
#1097 = EDGE_CURVE('',#690,#1075,#1098,.T.);
#1098 = LINE('',#1099,#1100);
#1099 = CARTESIAN_POINT('',(-3.2,-2.6,3.25));
#1100 = VECTOR('',#1101,1.);
#1101 = DIRECTION('',(0.,1.,0.));
#1102 = ORIENTED_EDGE('',*,*,#1082,.T.);
#1103 = ORIENTED_EDGE('',*,*,#174,.F.);
#1104 = ORIENTED_EDGE('',*,*,#697,.F.);
#1105 = PLANE('',#1106);
#1106 = AXIS2_PLACEMENT_3D('',#1107,#1108,#1109);
#1107 = CARTESIAN_POINT('',(-3.2,-2.6,3.25));
#1108 = DIRECTION('',(0.,0.,-1.));
#1109 = DIRECTION('',(1.,0.,0.));
#1110 = ADVANCED_FACE('',(#1111),#1136,.T.);
#1111 = FACE_BOUND('',#1112,.T.);
#1112 = EDGE_LOOP('',(#1113,#1121,#1129,#1135));
#1113 = ORIENTED_EDGE('',*,*,#1114,.F.);
#1114 = EDGE_CURVE('',#1115,#199,#1117,.T.);
#1115 = VERTEX_POINT('',#1116);
#1116 = CARTESIAN_POINT('',(-4.975,-0.4,1.6));
#1117 = LINE('',#1118,#1119);
#1118 = CARTESIAN_POINT('',(-4.975,-0.4,1.6));
#1119 = VECTOR('',#1120,1.);
#1120 = DIRECTION('',(0.,-1.,0.));
#1121 = ORIENTED_EDGE('',*,*,#1122,.T.);
#1122 = EDGE_CURVE('',#1115,#1123,#1125,.T.);
#1123 = VERTEX_POINT('',#1124);
#1124 = CARTESIAN_POINT('',(-4.625,-0.4,1.6));
#1125 = LINE('',#1126,#1127);
#1126 = CARTESIAN_POINT('',(-5.425,-0.4,1.6));
#1127 = VECTOR('',#1128,1.);
#1128 = DIRECTION('',(1.,0.,0.));
#1129 = ORIENTED_EDGE('',*,*,#1130,.F.);
#1130 = EDGE_CURVE('',#201,#1123,#1131,.T.);
#1131 = LINE('',#1132,#1133);
#1132 = CARTESIAN_POINT('',(-4.625,-2.6,1.6));
#1133 = VECTOR('',#1134,1.);
#1134 = DIRECTION('',(0.,1.,0.));
#1135 = ORIENTED_EDGE('',*,*,#198,.F.);
#1136 = PLANE('',#1137);
#1137 = AXIS2_PLACEMENT_3D('',#1138,#1139,#1140);
#1138 = CARTESIAN_POINT('',(-5.425,-2.6,1.6));
#1139 = DIRECTION('',(0.,0.,-1.));
#1140 = DIRECTION('',(1.,0.,0.));
#1141 = ADVANCED_FACE('',(#1142),#1217,.F.);
#1142 = FACE_BOUND('',#1143,.F.);
#1143 = EDGE_LOOP('',(#1144,#1154,#1162,#1169,#1177,#1183,#1184,#1191,
    #1192,#1193,#1194,#1201,#1202,#1211));
#1144 = ORIENTED_EDGE('',*,*,#1145,.T.);
#1145 = EDGE_CURVE('',#1146,#1148,#1150,.T.);
#1146 = VERTEX_POINT('',#1147);
#1147 = CARTESIAN_POINT('',(-6.025,-2.6,-4.93432455389E-17));
#1148 = VERTEX_POINT('',#1149);
#1149 = CARTESIAN_POINT('',(-6.025,-2.6,0.25));
#1150 = LINE('',#1151,#1152);
#1151 = CARTESIAN_POINT('',(-6.025,-2.6,0.));
#1152 = VECTOR('',#1153,1.);
#1153 = DIRECTION('',(0.,0.,1.));
#1154 = ORIENTED_EDGE('',*,*,#1155,.T.);
#1155 = EDGE_CURVE('',#1148,#1156,#1158,.T.);
#1156 = VERTEX_POINT('',#1157);
#1157 = CARTESIAN_POINT('',(-4.975,-2.6,0.25));
#1158 = LINE('',#1159,#1160);
#1159 = CARTESIAN_POINT('',(-6.325,-2.6,0.25));
#1160 = VECTOR('',#1161,1.);
#1161 = DIRECTION('',(1.,0.,0.));
#1162 = ORIENTED_EDGE('',*,*,#1163,.T.);
#1163 = EDGE_CURVE('',#1156,#738,#1164,.T.);
#1164 = CIRCLE('',#1165,0.1);
#1165 = AXIS2_PLACEMENT_3D('',#1166,#1167,#1168);
#1166 = CARTESIAN_POINT('',(-4.975,-2.6,0.35));
#1167 = DIRECTION('',(0.,-1.,0.));
#1168 = DIRECTION('',(0.,0.,-1.));
#1169 = ORIENTED_EDGE('',*,*,#1170,.F.);
#1170 = EDGE_CURVE('',#1171,#738,#1173,.T.);
#1171 = VERTEX_POINT('',#1172);
#1172 = CARTESIAN_POINT('',(-4.875,-2.6,0.3));
#1173 = LINE('',#1174,#1175);
#1174 = CARTESIAN_POINT('',(-4.625,-2.6,0.3));
#1175 = VECTOR('',#1176,1.);
#1176 = DIRECTION('',(-1.,0.,0.));
#1177 = ORIENTED_EDGE('',*,*,#1178,.T.);
#1178 = EDGE_CURVE('',#1171,#746,#1179,.T.);
#1179 = LINE('',#1180,#1181);
#1180 = CARTESIAN_POINT('',(-4.875,-2.6,0.3));
#1181 = VECTOR('',#1182,1.);
#1182 = DIRECTION('',(0.,0.,1.));
#1183 = ORIENTED_EDGE('',*,*,#754,.T.);
#1184 = ORIENTED_EDGE('',*,*,#1185,.T.);
#1185 = EDGE_CURVE('',#755,#763,#1186,.T.);
#1186 = CIRCLE('',#1187,0.1);
#1187 = AXIS2_PLACEMENT_3D('',#1188,#1189,#1190);
#1188 = CARTESIAN_POINT('',(-4.975,-2.6,1.25));
#1189 = DIRECTION('',(0.,-1.,0.));
#1190 = DIRECTION('',(1.,0.,-2.22044604925E-15));
#1191 = ORIENTED_EDGE('',*,*,#770,.T.);
#1192 = ORIENTED_EDGE('',*,*,#778,.T.);
#1193 = ORIENTED_EDGE('',*,*,#786,.T.);
#1194 = ORIENTED_EDGE('',*,*,#1195,.T.);
#1195 = EDGE_CURVE('',#199,#209,#1196,.T.);
#1196 = CIRCLE('',#1197,0.35);
#1197 = AXIS2_PLACEMENT_3D('',#1198,#1199,#1200);
#1198 = CARTESIAN_POINT('',(-4.975,-2.6,1.25));
#1199 = DIRECTION('',(-0.,1.,0.));
#1200 = DIRECTION('',(2.537652627715E-15,0.,1.));
#1201 = ORIENTED_EDGE('',*,*,#216,.T.);
#1202 = ORIENTED_EDGE('',*,*,#1203,.T.);
#1203 = EDGE_CURVE('',#217,#1204,#1206,.T.);
#1204 = VERTEX_POINT('',#1205);
#1205 = CARTESIAN_POINT('',(-4.975,-2.6,-2.22044604925E-16));
#1206 = CIRCLE('',#1207,0.35);
#1207 = AXIS2_PLACEMENT_3D('',#1208,#1209,#1210);
#1208 = CARTESIAN_POINT('',(-4.975,-2.6,0.35));
#1209 = DIRECTION('',(0.,1.,0.));
#1210 = DIRECTION('',(1.,0.,-1.268826313857E-15));
#1211 = ORIENTED_EDGE('',*,*,#1212,.T.);
#1212 = EDGE_CURVE('',#1204,#1146,#1213,.T.);
#1213 = LINE('',#1214,#1215);
#1214 = CARTESIAN_POINT('',(-4.975,-2.6,-2.22044604925E-16));
#1215 = VECTOR('',#1216,1.);
#1216 = DIRECTION('',(-1.,0.,1.644774851297E-16));
#1217 = PLANE('',#1218);
#1218 = AXIS2_PLACEMENT_3D('',#1219,#1220,#1221);
#1219 = CARTESIAN_POINT('',(-5.223578159618,-2.6,0.633507427549));
#1220 = DIRECTION('',(-2.35376696503E-31,1.,1.327285955759E-31));
#1221 = DIRECTION('',(1.,2.35376696503E-31,-1.665137917703E-79));
#1222 = ADVANCED_FACE('',(#1223),#1248,.T.);
#1223 = FACE_BOUND('',#1224,.T.);
#1224 = EDGE_LOOP('',(#1225,#1233,#1241,#1247));
#1225 = ORIENTED_EDGE('',*,*,#1226,.F.);
#1226 = EDGE_CURVE('',#1227,#755,#1229,.T.);
#1227 = VERTEX_POINT('',#1228);
#1228 = CARTESIAN_POINT('',(-4.875,-0.4,1.25));
#1229 = LINE('',#1230,#1231);
#1230 = CARTESIAN_POINT('',(-4.875,-0.4,1.25));
#1231 = VECTOR('',#1232,1.);
#1232 = DIRECTION('',(0.,-1.,0.));
#1233 = ORIENTED_EDGE('',*,*,#1234,.T.);
#1234 = EDGE_CURVE('',#1227,#1235,#1237,.T.);
#1235 = VERTEX_POINT('',#1236);
#1236 = CARTESIAN_POINT('',(-4.975,-0.4,1.35));
#1237 = LINE('',#1238,#1239);
#1238 = CARTESIAN_POINT('',(-4.875,-0.4,1.25));
#1239 = VECTOR('',#1240,1.);
#1240 = DIRECTION('',(-0.707106781187,0.,0.707106781187));
#1241 = ORIENTED_EDGE('',*,*,#1242,.T.);
#1242 = EDGE_CURVE('',#1235,#763,#1243,.T.);
#1243 = LINE('',#1244,#1245);
#1244 = CARTESIAN_POINT('',(-4.975,-0.4,1.35));
#1245 = VECTOR('',#1246,1.);
#1246 = DIRECTION('',(0.,-1.,0.));
#1247 = ORIENTED_EDGE('',*,*,#762,.F.);
#1248 = PLANE('',#1249);
#1249 = AXIS2_PLACEMENT_3D('',#1250,#1251,#1252);
#1250 = CARTESIAN_POINT('',(-4.875,-2.6,1.25));
#1251 = DIRECTION('',(0.707106781187,0.,0.707106781187));
#1252 = DIRECTION('',(-0.707106781187,0.,0.707106781187));
#1253 = ADVANCED_FACE('',(#1254),#1259,.F.);
#1254 = FACE_BOUND('',#1255,.F.);
#1255 = EDGE_LOOP('',(#1256,#1257,#1258));
#1256 = ORIENTED_EDGE('',*,*,#1170,.T.);
#1257 = ORIENTED_EDGE('',*,*,#745,.T.);
#1258 = ORIENTED_EDGE('',*,*,#1178,.F.);
#1259 = PLANE('',#1260);
#1260 = AXIS2_PLACEMENT_3D('',#1261,#1262,#1263);
#1261 = CARTESIAN_POINT('',(-5.223578159618,-2.6,0.633507427549));
#1262 = DIRECTION('',(-2.35376696503E-31,1.,1.327285955759E-31));
#1263 = DIRECTION('',(1.,2.35376696503E-31,-1.665137917703E-79));
#1264 = ADVANCED_FACE('',(#1265),#1313,.F.);
#1265 = FACE_BOUND('',#1266,.F.);
#1266 = EDGE_LOOP('',(#1267,#1275,#1276,#1284,#1290,#1291,#1299,#1307));
#1267 = ORIENTED_EDGE('',*,*,#1268,.F.);
#1268 = EDGE_CURVE('',#826,#1269,#1271,.T.);
#1269 = VERTEX_POINT('',#1270);
#1270 = CARTESIAN_POINT('',(-4.628589838486,-0.4,0.3));
#1271 = LINE('',#1272,#1273);
#1272 = CARTESIAN_POINT('',(-4.625,-0.4,0.3));
#1273 = VECTOR('',#1274,1.);
#1274 = DIRECTION('',(-1.,0.,0.));
#1275 = ORIENTED_EDGE('',*,*,#833,.T.);
#1276 = ORIENTED_EDGE('',*,*,#1277,.T.);
#1277 = EDGE_CURVE('',#834,#1278,#1280,.T.);
#1278 = VERTEX_POINT('',#1279);
#1279 = CARTESIAN_POINT('',(-5.625,0.2,0.3));
#1280 = LINE('',#1281,#1282);
#1281 = CARTESIAN_POINT('',(-4.625,0.2,0.3));
#1282 = VECTOR('',#1283,1.);
#1283 = DIRECTION('',(-1.,0.,0.));
#1284 = ORIENTED_EDGE('',*,*,#1285,.F.);
#1285 = EDGE_CURVE('',#730,#1278,#1286,.T.);
#1286 = LINE('',#1287,#1288);
#1287 = CARTESIAN_POINT('',(-5.625,-2.6,0.3));
#1288 = VECTOR('',#1289,1.);
#1289 = DIRECTION('',(0.,1.,0.));
#1290 = ORIENTED_EDGE('',*,*,#737,.F.);
#1291 = ORIENTED_EDGE('',*,*,#1292,.T.);
#1292 = EDGE_CURVE('',#738,#1293,#1295,.T.);
#1293 = VERTEX_POINT('',#1294);
#1294 = CARTESIAN_POINT('',(-4.888397459622,-0.4,0.3));
#1295 = LINE('',#1296,#1297);
#1296 = CARTESIAN_POINT('',(-4.888397459622,-0.4,0.3));
#1297 = VECTOR('',#1298,1.);
#1298 = DIRECTION('',(0.,1.,0.));
#1299 = ORIENTED_EDGE('',*,*,#1300,.F.);
#1300 = EDGE_CURVE('',#1301,#1293,#1303,.T.);
#1301 = VERTEX_POINT('',#1302);
#1302 = CARTESIAN_POINT('',(-4.875,-0.4,0.3));
#1303 = LINE('',#1304,#1305);
#1304 = CARTESIAN_POINT('',(-4.924289079809,-0.4,0.3));
#1305 = VECTOR('',#1306,1.);
#1306 = DIRECTION('',(-1.,-2.35376696503E-31,0.));
#1307 = ORIENTED_EDGE('',*,*,#1308,.F.);
#1308 = EDGE_CURVE('',#1269,#1301,#1309,.T.);
#1309 = LINE('',#1310,#1311);
#1310 = CARTESIAN_POINT('',(-4.625,-0.4,0.3));
#1311 = VECTOR('',#1312,1.);
#1312 = DIRECTION('',(-1.,0.,0.));
#1313 = PLANE('',#1314);
#1314 = AXIS2_PLACEMENT_3D('',#1315,#1316,#1317);
#1315 = CARTESIAN_POINT('',(-4.625,-2.6,0.3));
#1316 = DIRECTION('',(0.,0.,1.));
#1317 = DIRECTION('',(-1.,0.,0.));
#1318 = ADVANCED_FACE('',(#1319),#1337,.F.);
#1319 = FACE_BOUND('',#1320,.F.);
#1320 = EDGE_LOOP('',(#1321,#1322,#1330,#1336));
#1321 = ORIENTED_EDGE('',*,*,#1285,.T.);
#1322 = ORIENTED_EDGE('',*,*,#1323,.T.);
#1323 = EDGE_CURVE('',#1278,#1324,#1326,.T.);
#1324 = VERTEX_POINT('',#1325);
#1325 = CARTESIAN_POINT('',(-6.125,0.2,0.8));
#1326 = LINE('',#1327,#1328);
#1327 = CARTESIAN_POINT('',(-5.625,0.2,0.3));
#1328 = VECTOR('',#1329,1.);
#1329 = DIRECTION('',(-0.707106781187,0.,0.707106781187));
#1330 = ORIENTED_EDGE('',*,*,#1331,.F.);
#1331 = EDGE_CURVE('',#722,#1324,#1332,.T.);
#1332 = LINE('',#1333,#1334);
#1333 = CARTESIAN_POINT('',(-6.125,-2.6,0.8));
#1334 = VECTOR('',#1335,1.);
#1335 = DIRECTION('',(0.,1.,0.));
#1336 = ORIENTED_EDGE('',*,*,#729,.F.);
#1337 = PLANE('',#1338);
#1338 = AXIS2_PLACEMENT_3D('',#1339,#1340,#1341);
#1339 = CARTESIAN_POINT('',(-5.625,-2.6,0.3));
#1340 = DIRECTION('',(0.707106781187,0.,0.707106781187));
#1341 = DIRECTION('',(-0.707106781187,0.,0.707106781187));
#1342 = ADVANCED_FACE('',(#1343),#1361,.F.);
#1343 = FACE_BOUND('',#1344,.F.);
#1344 = EDGE_LOOP('',(#1345,#1346,#1354,#1360));
#1345 = ORIENTED_EDGE('',*,*,#1331,.T.);
#1346 = ORIENTED_EDGE('',*,*,#1347,.T.);
#1347 = EDGE_CURVE('',#1324,#1348,#1350,.T.);
#1348 = VERTEX_POINT('',#1349);
#1349 = CARTESIAN_POINT('',(-6.125,0.2,2.65));
#1350 = LINE('',#1351,#1352);
#1351 = CARTESIAN_POINT('',(-6.125,0.2,0.8));
#1352 = VECTOR('',#1353,1.);
#1353 = DIRECTION('',(0.,0.,1.));
#1354 = ORIENTED_EDGE('',*,*,#1355,.F.);
#1355 = EDGE_CURVE('',#714,#1348,#1356,.T.);
#1356 = LINE('',#1357,#1358);
#1357 = CARTESIAN_POINT('',(-6.125,-2.6,2.65));
#1358 = VECTOR('',#1359,1.);
#1359 = DIRECTION('',(0.,1.,0.));
#1360 = ORIENTED_EDGE('',*,*,#721,.F.);
#1361 = PLANE('',#1362);
#1362 = AXIS2_PLACEMENT_3D('',#1363,#1364,#1365);
#1363 = CARTESIAN_POINT('',(-6.125,-2.6,0.8));
#1364 = DIRECTION('',(1.,0.,0.));
#1365 = DIRECTION('',(0.,0.,1.));
#1366 = ADVANCED_FACE('',(#1367),#1378,.F.);
#1367 = FACE_BOUND('',#1368,.F.);
#1368 = EDGE_LOOP('',(#1369,#1370,#1376,#1377));
#1369 = ORIENTED_EDGE('',*,*,#1355,.T.);
#1370 = ORIENTED_EDGE('',*,*,#1371,.T.);
#1371 = EDGE_CURVE('',#1348,#842,#1372,.T.);
#1372 = LINE('',#1373,#1374);
#1373 = CARTESIAN_POINT('',(-6.125,0.2,2.65));
#1374 = VECTOR('',#1375,1.);
#1375 = DIRECTION('',(1.,0.,0.));
#1376 = ORIENTED_EDGE('',*,*,#849,.F.);
#1377 = ORIENTED_EDGE('',*,*,#713,.F.);
#1378 = PLANE('',#1379);
#1379 = AXIS2_PLACEMENT_3D('',#1380,#1381,#1382);
#1380 = CARTESIAN_POINT('',(-6.125,-2.6,2.65));
#1381 = DIRECTION('',(0.,0.,-1.));
#1382 = DIRECTION('',(1.,0.,0.));
#1383 = ADVANCED_FACE('',(#1384),#1395,.T.);
#1384 = FACE_BOUND('',#1385,.T.);
#1385 = EDGE_LOOP('',(#1386,#1392,#1393,#1394));
#1386 = ORIENTED_EDGE('',*,*,#1387,.T.);
#1387 = EDGE_CURVE('',#682,#1067,#1388,.T.);
#1388 = LINE('',#1389,#1390);
#1389 = CARTESIAN_POINT('',(-3.2,-2.6,2.1));
#1390 = VECTOR('',#1391,1.);
#1391 = DIRECTION('',(0.,1.,0.));
#1392 = ORIENTED_EDGE('',*,*,#1074,.T.);
#1393 = ORIENTED_EDGE('',*,*,#1097,.F.);
#1394 = ORIENTED_EDGE('',*,*,#689,.F.);
#1395 = PLANE('',#1396);
#1396 = AXIS2_PLACEMENT_3D('',#1397,#1398,#1399);
#1397 = CARTESIAN_POINT('',(-3.2,-2.6,2.1));
#1398 = DIRECTION('',(1.,0.,0.));
#1399 = DIRECTION('',(0.,0.,1.));
#1400 = ADVANCED_FACE('',(#1401),#1412,.T.);
#1401 = FACE_BOUND('',#1402,.T.);
#1402 = EDGE_LOOP('',(#1403,#1409,#1410,#1411));
#1403 = ORIENTED_EDGE('',*,*,#1404,.T.);
#1404 = EDGE_CURVE('',#674,#1059,#1405,.T.);
#1405 = LINE('',#1406,#1407);
#1406 = CARTESIAN_POINT('',(-2.05,-2.6,2.1));
#1407 = VECTOR('',#1408,1.);
#1408 = DIRECTION('',(0.,1.,0.));
#1409 = ORIENTED_EDGE('',*,*,#1066,.T.);
#1410 = ORIENTED_EDGE('',*,*,#1387,.F.);
#1411 = ORIENTED_EDGE('',*,*,#681,.F.);
#1412 = PLANE('',#1413);
#1413 = AXIS2_PLACEMENT_3D('',#1414,#1415,#1416);
#1414 = CARTESIAN_POINT('',(-2.05,-2.6,2.1));
#1415 = DIRECTION('',(0.,0.,1.));
#1416 = DIRECTION('',(-1.,0.,0.));
#1417 = ADVANCED_FACE('',(#1418),#1429,.T.);
#1418 = FACE_BOUND('',#1419,.T.);
#1419 = EDGE_LOOP('',(#1420,#1426,#1427,#1428));
#1420 = ORIENTED_EDGE('',*,*,#1421,.T.);
#1421 = EDGE_CURVE('',#666,#1051,#1422,.T.);
#1422 = LINE('',#1423,#1424);
#1423 = CARTESIAN_POINT('',(-2.05,-2.6,3.25));
#1424 = VECTOR('',#1425,1.);
#1425 = DIRECTION('',(0.,1.,0.));
#1426 = ORIENTED_EDGE('',*,*,#1058,.T.);
#1427 = ORIENTED_EDGE('',*,*,#1404,.F.);
#1428 = ORIENTED_EDGE('',*,*,#673,.F.);
#1429 = PLANE('',#1430);
#1430 = AXIS2_PLACEMENT_3D('',#1431,#1432,#1433);
#1431 = CARTESIAN_POINT('',(-2.05,-2.6,3.25));
#1432 = DIRECTION('',(-1.,-0.,-0.));
#1433 = DIRECTION('',(0.,0.,-1.));
#1434 = ADVANCED_FACE('',(#1435),#1446,.T.);
#1435 = FACE_BOUND('',#1436,.T.);
#1436 = EDGE_LOOP('',(#1437,#1443,#1444,#1445));
#1437 = ORIENTED_EDGE('',*,*,#1438,.T.);
#1438 = EDGE_CURVE('',#658,#1043,#1439,.T.);
#1439 = LINE('',#1440,#1441);
#1440 = CARTESIAN_POINT('',(-2.475,-2.6,3.25));
#1441 = VECTOR('',#1442,1.);
#1442 = DIRECTION('',(0.,1.,0.));
#1443 = ORIENTED_EDGE('',*,*,#1050,.T.);
#1444 = ORIENTED_EDGE('',*,*,#1421,.F.);
#1445 = ORIENTED_EDGE('',*,*,#665,.F.);
#1446 = PLANE('',#1447);
#1447 = AXIS2_PLACEMENT_3D('',#1448,#1449,#1450);
#1448 = CARTESIAN_POINT('',(-2.475,-2.6,3.25));
#1449 = DIRECTION('',(0.,0.,-1.));
#1450 = DIRECTION('',(1.,0.,0.));
#1451 = ADVANCED_FACE('',(#1452),#1471,.T.);
#1452 = FACE_BOUND('',#1453,.T.);
#1453 = EDGE_LOOP('',(#1454,#1455,#1463,#1469,#1470));
#1454 = ORIENTED_EDGE('',*,*,#657,.F.);
#1455 = ORIENTED_EDGE('',*,*,#1456,.T.);
#1456 = EDGE_CURVE('',#650,#1457,#1459,.T.);
#1457 = VERTEX_POINT('',#1458);
#1458 = CARTESIAN_POINT('',(-2.475,-2.4,4.7));
#1459 = LINE('',#1460,#1461);
#1460 = CARTESIAN_POINT('',(-2.475,-2.6,4.7));
#1461 = VECTOR('',#1462,1.);
#1462 = DIRECTION('',(0.,1.,0.));
#1463 = ORIENTED_EDGE('',*,*,#1464,.F.);
#1464 = EDGE_CURVE('',#1035,#1457,#1465,.T.);
#1465 = LINE('',#1466,#1467);
#1466 = CARTESIAN_POINT('',(-2.475,-2.4,4.7));
#1467 = VECTOR('',#1468,1.);
#1468 = DIRECTION('',(0.,-0.707106781187,0.707106781187));
#1469 = ORIENTED_EDGE('',*,*,#1042,.T.);
#1470 = ORIENTED_EDGE('',*,*,#1438,.F.);
#1471 = PLANE('',#1472);
#1472 = AXIS2_PLACEMENT_3D('',#1473,#1474,#1475);
#1473 = CARTESIAN_POINT('',(-2.475,-2.6,4.7));
#1474 = DIRECTION('',(-1.,-0.,-0.));
#1475 = DIRECTION('',(0.,0.,-1.));
#1476 = ADVANCED_FACE('',(#1477),#1495,.T.);
#1477 = FACE_BOUND('',#1478,.T.);
#1478 = EDGE_LOOP('',(#1479,#1487,#1488,#1489));
#1479 = ORIENTED_EDGE('',*,*,#1480,.F.);
#1480 = EDGE_CURVE('',#1457,#1481,#1483,.T.);
#1481 = VERTEX_POINT('',#1482);
#1482 = CARTESIAN_POINT('',(2.475,-2.4,4.7));
#1483 = LINE('',#1484,#1485);
#1484 = CARTESIAN_POINT('',(-4.025,-2.4,4.7));
#1485 = VECTOR('',#1486,1.);
#1486 = DIRECTION('',(1.,0.,0.));
#1487 = ORIENTED_EDGE('',*,*,#1456,.F.);
#1488 = ORIENTED_EDGE('',*,*,#649,.T.);
#1489 = ORIENTED_EDGE('',*,*,#1490,.T.);
#1490 = EDGE_CURVE('',#642,#1481,#1491,.T.);
#1491 = LINE('',#1492,#1493);
#1492 = CARTESIAN_POINT('',(2.475,-2.6,4.7));
#1493 = VECTOR('',#1494,1.);
#1494 = DIRECTION('',(0.,1.,0.));
#1495 = PLANE('',#1496);
#1496 = AXIS2_PLACEMENT_3D('',#1497,#1498,#1499);
#1497 = CARTESIAN_POINT('',(-1.371704123089E-16,-0.75,4.7));
#1498 = DIRECTION('',(0.,0.,1.));
#1499 = DIRECTION('',(1.,0.,-0.));
#1500 = ADVANCED_FACE('',(#1501),#1518,.T.);
#1501 = FACE_BOUND('',#1502,.T.);
#1502 = EDGE_LOOP('',(#1503,#1504,#1510,#1511,#1517));
#1503 = ORIENTED_EDGE('',*,*,#641,.F.);
#1504 = ORIENTED_EDGE('',*,*,#1505,.T.);
#1505 = EDGE_CURVE('',#634,#1019,#1506,.T.);
#1506 = LINE('',#1507,#1508);
#1507 = CARTESIAN_POINT('',(2.475,-2.6,3.25));
#1508 = VECTOR('',#1509,1.);
#1509 = DIRECTION('',(0.,1.,0.));
#1510 = ORIENTED_EDGE('',*,*,#1026,.T.);
#1511 = ORIENTED_EDGE('',*,*,#1512,.F.);
#1512 = EDGE_CURVE('',#1481,#1027,#1513,.T.);
#1513 = LINE('',#1514,#1515);
#1514 = CARTESIAN_POINT('',(2.475,-2.0375,4.3375));
#1515 = VECTOR('',#1516,1.);
#1516 = DIRECTION('',(-2.165644770597E-16,0.707106781187,-0.707106781187
    ));
#1517 = ORIENTED_EDGE('',*,*,#1490,.F.);
#1518 = PLANE('',#1519);
#1519 = AXIS2_PLACEMENT_3D('',#1520,#1521,#1522);
#1520 = CARTESIAN_POINT('',(2.475,-2.6,3.25));
#1521 = DIRECTION('',(1.,0.,-3.062684205863E-16));
#1522 = DIRECTION('',(3.062684205863E-16,0.,1.));
#1523 = ADVANCED_FACE('',(#1524),#1535,.T.);
#1524 = FACE_BOUND('',#1525,.T.);
#1525 = EDGE_LOOP('',(#1526,#1532,#1533,#1534));
#1526 = ORIENTED_EDGE('',*,*,#1527,.T.);
#1527 = EDGE_CURVE('',#626,#1011,#1528,.T.);
#1528 = LINE('',#1529,#1530);
#1529 = CARTESIAN_POINT('',(2.05,-2.6,3.25));
#1530 = VECTOR('',#1531,1.);
#1531 = DIRECTION('',(0.,1.,0.));
#1532 = ORIENTED_EDGE('',*,*,#1018,.T.);
#1533 = ORIENTED_EDGE('',*,*,#1505,.F.);
#1534 = ORIENTED_EDGE('',*,*,#633,.F.);
#1535 = PLANE('',#1536);
#1536 = AXIS2_PLACEMENT_3D('',#1537,#1538,#1539);
#1537 = CARTESIAN_POINT('',(2.05,-2.6,3.25));
#1538 = DIRECTION('',(0.,0.,-1.));
#1539 = DIRECTION('',(1.,0.,0.));
#1540 = ADVANCED_FACE('',(#1541),#1552,.T.);
#1541 = FACE_BOUND('',#1542,.T.);
#1542 = EDGE_LOOP('',(#1543,#1549,#1550,#1551));
#1543 = ORIENTED_EDGE('',*,*,#1544,.T.);
#1544 = EDGE_CURVE('',#618,#1003,#1545,.T.);
#1545 = LINE('',#1546,#1547);
#1546 = CARTESIAN_POINT('',(2.05,-2.6,2.1));
#1547 = VECTOR('',#1548,1.);
#1548 = DIRECTION('',(0.,1.,0.));
#1549 = ORIENTED_EDGE('',*,*,#1010,.T.);
#1550 = ORIENTED_EDGE('',*,*,#1527,.F.);
#1551 = ORIENTED_EDGE('',*,*,#625,.F.);
#1552 = PLANE('',#1553);
#1553 = AXIS2_PLACEMENT_3D('',#1554,#1555,#1556);
#1554 = CARTESIAN_POINT('',(2.05,-2.6,2.1));
#1555 = DIRECTION('',(1.,0.,0.));
#1556 = DIRECTION('',(0.,0.,1.));
#1557 = ADVANCED_FACE('',(#1558),#1569,.T.);
#1558 = FACE_BOUND('',#1559,.T.);
#1559 = EDGE_LOOP('',(#1560,#1566,#1567,#1568));
#1560 = ORIENTED_EDGE('',*,*,#1561,.T.);
#1561 = EDGE_CURVE('',#610,#995,#1562,.T.);
#1562 = LINE('',#1563,#1564);
#1563 = CARTESIAN_POINT('',(3.2,-2.6,2.1));
#1564 = VECTOR('',#1565,1.);
#1565 = DIRECTION('',(0.,1.,0.));
#1566 = ORIENTED_EDGE('',*,*,#1002,.T.);
#1567 = ORIENTED_EDGE('',*,*,#1544,.F.);
#1568 = ORIENTED_EDGE('',*,*,#617,.F.);
#1569 = PLANE('',#1570);
#1570 = AXIS2_PLACEMENT_3D('',#1571,#1572,#1573);
#1571 = CARTESIAN_POINT('',(3.2,-2.6,2.1));
#1572 = DIRECTION('',(0.,0.,1.));
#1573 = DIRECTION('',(-1.,0.,0.));
#1574 = ADVANCED_FACE('',(#1575),#1586,.T.);
#1575 = FACE_BOUND('',#1576,.T.);
#1576 = EDGE_LOOP('',(#1577,#1583,#1584,#1585));
#1577 = ORIENTED_EDGE('',*,*,#1578,.T.);
#1578 = EDGE_CURVE('',#602,#987,#1579,.T.);
#1579 = LINE('',#1580,#1581);
#1580 = CARTESIAN_POINT('',(3.2,-2.6,3.25));
#1581 = VECTOR('',#1582,1.);
#1582 = DIRECTION('',(0.,1.,0.));
#1583 = ORIENTED_EDGE('',*,*,#994,.T.);
#1584 = ORIENTED_EDGE('',*,*,#1561,.F.);
#1585 = ORIENTED_EDGE('',*,*,#609,.F.);
#1586 = PLANE('',#1587);
#1587 = AXIS2_PLACEMENT_3D('',#1588,#1589,#1590);
#1588 = CARTESIAN_POINT('',(3.2,-2.6,3.25));
#1589 = DIRECTION('',(-1.,-0.,-0.));
#1590 = DIRECTION('',(0.,0.,-1.));
#1591 = ADVANCED_FACE('',(#1592),#1603,.T.);
#1592 = FACE_BOUND('',#1593,.T.);
#1593 = EDGE_LOOP('',(#1594,#1600,#1601,#1602));
#1594 = ORIENTED_EDGE('',*,*,#1595,.T.);
#1595 = EDGE_CURVE('',#594,#979,#1596,.T.);
#1596 = LINE('',#1597,#1598);
#1597 = CARTESIAN_POINT('',(2.775,-2.6,3.25));
#1598 = VECTOR('',#1599,1.);
#1599 = DIRECTION('',(0.,1.,0.));
#1600 = ORIENTED_EDGE('',*,*,#986,.T.);
#1601 = ORIENTED_EDGE('',*,*,#1578,.F.);
#1602 = ORIENTED_EDGE('',*,*,#601,.F.);
#1603 = PLANE('',#1604);
#1604 = AXIS2_PLACEMENT_3D('',#1605,#1606,#1607);
#1605 = CARTESIAN_POINT('',(2.775,-2.6,3.25));
#1606 = DIRECTION('',(0.,0.,-1.));
#1607 = DIRECTION('',(1.,0.,0.));
#1608 = ADVANCED_FACE('',(#1609),#1628,.T.);
#1609 = FACE_BOUND('',#1610,.T.);
#1610 = EDGE_LOOP('',(#1611,#1612,#1620,#1626,#1627));
#1611 = ORIENTED_EDGE('',*,*,#593,.F.);
#1612 = ORIENTED_EDGE('',*,*,#1613,.T.);
#1613 = EDGE_CURVE('',#586,#1614,#1616,.T.);
#1614 = VERTEX_POINT('',#1615);
#1615 = CARTESIAN_POINT('',(2.775,-2.4,4.7));
#1616 = LINE('',#1617,#1618);
#1617 = CARTESIAN_POINT('',(2.775,-2.6,4.7));
#1618 = VECTOR('',#1619,1.);
#1619 = DIRECTION('',(0.,1.,0.));
#1620 = ORIENTED_EDGE('',*,*,#1621,.F.);
#1621 = EDGE_CURVE('',#971,#1614,#1622,.T.);
#1622 = LINE('',#1623,#1624);
#1623 = CARTESIAN_POINT('',(2.775,-2.4,4.7));
#1624 = VECTOR('',#1625,1.);
#1625 = DIRECTION('',(0.,-0.707106781187,0.707106781187));
#1626 = ORIENTED_EDGE('',*,*,#978,.T.);
#1627 = ORIENTED_EDGE('',*,*,#1595,.F.);
#1628 = PLANE('',#1629);
#1629 = AXIS2_PLACEMENT_3D('',#1630,#1631,#1632);
#1630 = CARTESIAN_POINT('',(2.775,-2.6,4.7));
#1631 = DIRECTION('',(-1.,-0.,-0.));
#1632 = DIRECTION('',(0.,0.,-1.));
#1633 = ADVANCED_FACE('',(#1634),#1668,.T.);
#1634 = FACE_BOUND('',#1635,.T.);
#1635 = EDGE_LOOP('',(#1636,#1644,#1645,#1646,#1654,#1662));
#1636 = ORIENTED_EDGE('',*,*,#1637,.F.);
#1637 = EDGE_CURVE('',#1614,#1638,#1640,.T.);
#1638 = VERTEX_POINT('',#1639);
#1639 = CARTESIAN_POINT('',(4.225,-2.4,4.7));
#1640 = LINE('',#1641,#1642);
#1641 = CARTESIAN_POINT('',(-4.025,-2.4,4.7));
#1642 = VECTOR('',#1643,1.);
#1643 = DIRECTION('',(1.,0.,0.));
#1644 = ORIENTED_EDGE('',*,*,#1613,.F.);
#1645 = ORIENTED_EDGE('',*,*,#585,.T.);
#1646 = ORIENTED_EDGE('',*,*,#1647,.T.);
#1647 = EDGE_CURVE('',#578,#1648,#1650,.T.);
#1648 = VERTEX_POINT('',#1649);
#1649 = CARTESIAN_POINT('',(4.625,0.2,4.7));
#1650 = LINE('',#1651,#1652);
#1651 = CARTESIAN_POINT('',(4.625,-2.6,4.7));
#1652 = VECTOR('',#1653,1.);
#1653 = DIRECTION('',(0.,1.,0.));
#1654 = ORIENTED_EDGE('',*,*,#1655,.F.);
#1655 = EDGE_CURVE('',#1656,#1648,#1658,.T.);
#1656 = VERTEX_POINT('',#1657);
#1657 = CARTESIAN_POINT('',(4.225,0.2,4.7));
#1658 = LINE('',#1659,#1660);
#1659 = CARTESIAN_POINT('',(-4.625,0.2,4.7));
#1660 = VECTOR('',#1661,1.);
#1661 = DIRECTION('',(1.,0.,0.));
#1662 = ORIENTED_EDGE('',*,*,#1663,.F.);
#1663 = EDGE_CURVE('',#1638,#1656,#1664,.T.);
#1664 = LINE('',#1665,#1666);
#1665 = CARTESIAN_POINT('',(4.225,-2.2,4.7));
#1666 = VECTOR('',#1667,1.);
#1667 = DIRECTION('',(0.,1.,0.));
#1668 = PLANE('',#1669);
#1669 = AXIS2_PLACEMENT_3D('',#1670,#1671,#1672);
#1670 = CARTESIAN_POINT('',(-1.371704123089E-16,-0.75,4.7));
#1671 = DIRECTION('',(0.,0.,1.));
#1672 = DIRECTION('',(1.,0.,-0.));
#1673 = ADVANCED_FACE('',(#1674),#1763,.T.);
#1674 = FACE_BOUND('',#1675,.T.);
#1675 = EDGE_LOOP('',(#1676,#1677,#1685,#1693,#1701,#1709,#1717,#1723,
    #1724,#1725,#1733,#1741,#1749,#1757));
#1676 = ORIENTED_EDGE('',*,*,#464,.F.);
#1677 = ORIENTED_EDGE('',*,*,#1678,.T.);
#1678 = EDGE_CURVE('',#457,#1679,#1681,.T.);
#1679 = VERTEX_POINT('',#1680);
#1680 = CARTESIAN_POINT('',(4.625,1.1,0.));
#1681 = LINE('',#1682,#1683);
#1682 = CARTESIAN_POINT('',(4.625,-2.6,0.));
#1683 = VECTOR('',#1684,1.);
#1684 = DIRECTION('',(0.,1.,0.));
#1685 = ORIENTED_EDGE('',*,*,#1686,.T.);
#1686 = EDGE_CURVE('',#1679,#1687,#1689,.T.);
#1687 = VERTEX_POINT('',#1688);
#1688 = CARTESIAN_POINT('',(4.625,1.1,1.7));
#1689 = LINE('',#1690,#1691);
#1690 = CARTESIAN_POINT('',(4.625,1.1,0.));
#1691 = VECTOR('',#1692,1.);
#1692 = DIRECTION('',(0.,0.,1.));
#1693 = ORIENTED_EDGE('',*,*,#1694,.F.);
#1694 = EDGE_CURVE('',#1695,#1687,#1697,.T.);
#1695 = VERTEX_POINT('',#1696);
#1696 = CARTESIAN_POINT('',(4.625,0.9,1.7));
#1697 = LINE('',#1698,#1699);
#1698 = CARTESIAN_POINT('',(4.625,0.9,1.7));
#1699 = VECTOR('',#1700,1.);
#1700 = DIRECTION('',(0.,1.,0.));
#1701 = ORIENTED_EDGE('',*,*,#1702,.F.);
#1702 = EDGE_CURVE('',#1703,#1695,#1705,.T.);
#1703 = VERTEX_POINT('',#1704);
#1704 = CARTESIAN_POINT('',(4.625,0.9,3.7));
#1705 = LINE('',#1706,#1707);
#1706 = CARTESIAN_POINT('',(4.625,0.9,4.7));
#1707 = VECTOR('',#1708,1.);
#1708 = DIRECTION('',(-0.,-0.,-1.));
#1709 = ORIENTED_EDGE('',*,*,#1710,.F.);
#1710 = EDGE_CURVE('',#1711,#1703,#1713,.T.);
#1711 = VERTEX_POINT('',#1712);
#1712 = CARTESIAN_POINT('',(4.625,0.2,3.7));
#1713 = LINE('',#1714,#1715);
#1714 = CARTESIAN_POINT('',(4.625,0.2,3.7));
#1715 = VECTOR('',#1716,1.);
#1716 = DIRECTION('',(0.,1.,0.));
#1717 = ORIENTED_EDGE('',*,*,#1718,.F.);
#1718 = EDGE_CURVE('',#1648,#1711,#1719,.T.);
#1719 = LINE('',#1720,#1721);
#1720 = CARTESIAN_POINT('',(4.625,0.2,4.7));
#1721 = VECTOR('',#1722,1.);
#1722 = DIRECTION('',(-0.,-0.,-1.));
#1723 = ORIENTED_EDGE('',*,*,#1647,.F.);
#1724 = ORIENTED_EDGE('',*,*,#577,.F.);
#1725 = ORIENTED_EDGE('',*,*,#1726,.T.);
#1726 = EDGE_CURVE('',#570,#1727,#1729,.T.);
#1727 = VERTEX_POINT('',#1728);
#1728 = CARTESIAN_POINT('',(4.625,0.2,2.65));
#1729 = LINE('',#1730,#1731);
#1730 = CARTESIAN_POINT('',(4.625,-2.6,2.65));
#1731 = VECTOR('',#1732,1.);
#1732 = DIRECTION('',(0.,1.,0.));
#1733 = ORIENTED_EDGE('',*,*,#1734,.T.);
#1734 = EDGE_CURVE('',#1727,#1735,#1737,.T.);
#1735 = VERTEX_POINT('',#1736);
#1736 = CARTESIAN_POINT('',(4.625,0.2,0.3));
#1737 = LINE('',#1738,#1739);
#1738 = CARTESIAN_POINT('',(4.625,0.2,2.65));
#1739 = VECTOR('',#1740,1.);
#1740 = DIRECTION('',(0.,0.,-1.));
#1741 = ORIENTED_EDGE('',*,*,#1742,.F.);
#1742 = EDGE_CURVE('',#1743,#1735,#1745,.T.);
#1743 = VERTEX_POINT('',#1744);
#1744 = CARTESIAN_POINT('',(4.625,-0.4,0.3));
#1745 = LINE('',#1746,#1747);
#1746 = CARTESIAN_POINT('',(4.625,-2.6,0.3));
#1747 = VECTOR('',#1748,1.);
#1748 = DIRECTION('',(0.,1.,0.));
#1749 = ORIENTED_EDGE('',*,*,#1750,.F.);
#1750 = EDGE_CURVE('',#1751,#1743,#1753,.T.);
#1751 = VERTEX_POINT('',#1752);
#1752 = CARTESIAN_POINT('',(4.625,-0.4,0.35));
#1753 = LINE('',#1754,#1755);
#1754 = CARTESIAN_POINT('',(4.625,-0.4,1.6));
#1755 = VECTOR('',#1756,1.);
#1756 = DIRECTION('',(0.,0.,-1.));
#1757 = ORIENTED_EDGE('',*,*,#1758,.T.);
#1758 = EDGE_CURVE('',#1751,#465,#1759,.T.);
#1759 = LINE('',#1760,#1761);
#1760 = CARTESIAN_POINT('',(4.625,-0.4,0.35));
#1761 = VECTOR('',#1762,1.);
#1762 = DIRECTION('',(0.,-1.,0.));
#1763 = PLANE('',#1764);
#1764 = AXIS2_PLACEMENT_3D('',#1765,#1766,#1767);
#1765 = CARTESIAN_POINT('',(4.625,-0.7176,2.0708));
#1766 = DIRECTION('',(1.,0.,0.));
#1767 = DIRECTION('',(0.,0.,1.));
#1768 = ADVANCED_FACE('',(#1769),#1787,.T.);
#1769 = FACE_BOUND('',#1770,.T.);
#1770 = EDGE_LOOP('',(#1771,#1779,#1785,#1786));
#1771 = ORIENTED_EDGE('',*,*,#1772,.T.);
#1772 = EDGE_CURVE('',#562,#1773,#1775,.T.);
#1773 = VERTEX_POINT('',#1774);
#1774 = CARTESIAN_POINT('',(6.125,0.2,2.65));
#1775 = LINE('',#1776,#1777);
#1776 = CARTESIAN_POINT('',(6.125,-2.6,2.65));
#1777 = VECTOR('',#1778,1.);
#1778 = DIRECTION('',(0.,1.,0.));
#1779 = ORIENTED_EDGE('',*,*,#1780,.T.);
#1780 = EDGE_CURVE('',#1773,#1727,#1781,.T.);
#1781 = LINE('',#1782,#1783);
#1782 = CARTESIAN_POINT('',(6.125,0.2,2.65));
#1783 = VECTOR('',#1784,1.);
#1784 = DIRECTION('',(-1.,0.,0.));
#1785 = ORIENTED_EDGE('',*,*,#1726,.F.);
#1786 = ORIENTED_EDGE('',*,*,#569,.F.);
#1787 = PLANE('',#1788);
#1788 = AXIS2_PLACEMENT_3D('',#1789,#1790,#1791);
#1789 = CARTESIAN_POINT('',(6.125,-2.6,2.65));
#1790 = DIRECTION('',(0.,0.,1.));
#1791 = DIRECTION('',(-1.,0.,0.));
#1792 = ADVANCED_FACE('',(#1793),#1811,.T.);
#1793 = FACE_BOUND('',#1794,.T.);
#1794 = EDGE_LOOP('',(#1795,#1803,#1809,#1810));
#1795 = ORIENTED_EDGE('',*,*,#1796,.T.);
#1796 = EDGE_CURVE('',#554,#1797,#1799,.T.);
#1797 = VERTEX_POINT('',#1798);
#1798 = CARTESIAN_POINT('',(6.125,0.2,0.8));
#1799 = LINE('',#1800,#1801);
#1800 = CARTESIAN_POINT('',(6.125,-2.6,0.8));
#1801 = VECTOR('',#1802,1.);
#1802 = DIRECTION('',(0.,1.,0.));
#1803 = ORIENTED_EDGE('',*,*,#1804,.T.);
#1804 = EDGE_CURVE('',#1797,#1773,#1805,.T.);
#1805 = LINE('',#1806,#1807);
#1806 = CARTESIAN_POINT('',(6.125,0.2,0.8));
#1807 = VECTOR('',#1808,1.);
#1808 = DIRECTION('',(0.,0.,1.));
#1809 = ORIENTED_EDGE('',*,*,#1772,.F.);
#1810 = ORIENTED_EDGE('',*,*,#561,.F.);
#1811 = PLANE('',#1812);
#1812 = AXIS2_PLACEMENT_3D('',#1813,#1814,#1815);
#1813 = CARTESIAN_POINT('',(6.125,-2.6,0.8));
#1814 = DIRECTION('',(1.,0.,0.));
#1815 = DIRECTION('',(0.,0.,1.));
#1816 = ADVANCED_FACE('',(#1817),#1835,.T.);
#1817 = FACE_BOUND('',#1818,.T.);
#1818 = EDGE_LOOP('',(#1819,#1827,#1833,#1834));
#1819 = ORIENTED_EDGE('',*,*,#1820,.T.);
#1820 = EDGE_CURVE('',#546,#1821,#1823,.T.);
#1821 = VERTEX_POINT('',#1822);
#1822 = CARTESIAN_POINT('',(5.625,0.2,0.3));
#1823 = LINE('',#1824,#1825);
#1824 = CARTESIAN_POINT('',(5.625,-2.6,0.3));
#1825 = VECTOR('',#1826,1.);
#1826 = DIRECTION('',(0.,1.,0.));
#1827 = ORIENTED_EDGE('',*,*,#1828,.T.);
#1828 = EDGE_CURVE('',#1821,#1797,#1829,.T.);
#1829 = LINE('',#1830,#1831);
#1830 = CARTESIAN_POINT('',(5.625,0.2,0.3));
#1831 = VECTOR('',#1832,1.);
#1832 = DIRECTION('',(0.707106781187,0.,0.707106781187));
#1833 = ORIENTED_EDGE('',*,*,#1796,.F.);
#1834 = ORIENTED_EDGE('',*,*,#553,.F.);
#1835 = PLANE('',#1836);
#1836 = AXIS2_PLACEMENT_3D('',#1837,#1838,#1839);
#1837 = CARTESIAN_POINT('',(5.625,-2.6,0.3));
#1838 = DIRECTION('',(0.707106781187,0.,-0.707106781187));
#1839 = DIRECTION('',(0.707106781187,0.,0.707106781187));
#1840 = ADVANCED_FACE('',(#1841),#1882,.T.);
#1841 = FACE_BOUND('',#1842,.T.);
#1842 = EDGE_LOOP('',(#1843,#1851,#1852,#1858,#1859,#1860,#1868,#1876));
#1843 = ORIENTED_EDGE('',*,*,#1844,.F.);
#1844 = EDGE_CURVE('',#1743,#1845,#1847,.T.);
#1845 = VERTEX_POINT('',#1846);
#1846 = CARTESIAN_POINT('',(4.628589838486,-0.4,0.3));
#1847 = LINE('',#1848,#1849);
#1848 = CARTESIAN_POINT('',(4.625,-0.4,0.3));
#1849 = VECTOR('',#1850,1.);
#1850 = DIRECTION('',(1.,0.,0.));
#1851 = ORIENTED_EDGE('',*,*,#1742,.T.);
#1852 = ORIENTED_EDGE('',*,*,#1853,.T.);
#1853 = EDGE_CURVE('',#1735,#1821,#1854,.T.);
#1854 = LINE('',#1855,#1856);
#1855 = CARTESIAN_POINT('',(4.625,0.2,0.3));
#1856 = VECTOR('',#1857,1.);
#1857 = DIRECTION('',(1.,0.,0.));
#1858 = ORIENTED_EDGE('',*,*,#1820,.F.);
#1859 = ORIENTED_EDGE('',*,*,#545,.F.);
#1860 = ORIENTED_EDGE('',*,*,#1861,.T.);
#1861 = EDGE_CURVE('',#537,#1862,#1864,.T.);
#1862 = VERTEX_POINT('',#1863);
#1863 = CARTESIAN_POINT('',(4.888397459622,-0.4,0.3));
#1864 = LINE('',#1865,#1866);
#1865 = CARTESIAN_POINT('',(4.888397459622,-0.4,0.3));
#1866 = VECTOR('',#1867,1.);
#1867 = DIRECTION('',(0.,1.,0.));
#1868 = ORIENTED_EDGE('',*,*,#1869,.T.);
#1869 = EDGE_CURVE('',#1862,#1870,#1872,.T.);
#1870 = VERTEX_POINT('',#1871);
#1871 = CARTESIAN_POINT('',(4.875,-0.4,0.3));
#1872 = LINE('',#1873,#1874);
#1873 = CARTESIAN_POINT('',(4.924289079809,-0.4,0.3));
#1874 = VECTOR('',#1875,1.);
#1875 = DIRECTION('',(-1.,2.35376696503E-31,0.));
#1876 = ORIENTED_EDGE('',*,*,#1877,.F.);
#1877 = EDGE_CURVE('',#1845,#1870,#1878,.T.);
#1878 = LINE('',#1879,#1880);
#1879 = CARTESIAN_POINT('',(4.625,-0.4,0.3));
#1880 = VECTOR('',#1881,1.);
#1881 = DIRECTION('',(1.,0.,0.));
#1882 = PLANE('',#1883);
#1883 = AXIS2_PLACEMENT_3D('',#1884,#1885,#1886);
#1884 = CARTESIAN_POINT('',(4.625,-2.6,0.3));
#1885 = DIRECTION('',(0.,0.,-1.));
#1886 = DIRECTION('',(1.,0.,0.));
#1887 = ADVANCED_FACE('',(#1888),#1905,.T.);
#1888 = FACE_BOUND('',#1889,.T.);
#1889 = EDGE_LOOP('',(#1890,#1898,#1899));
#1890 = ORIENTED_EDGE('',*,*,#1891,.T.);
#1891 = EDGE_CURVE('',#1892,#537,#1894,.T.);
#1892 = VERTEX_POINT('',#1893);
#1893 = CARTESIAN_POINT('',(4.875,-2.6,0.3));
#1894 = LINE('',#1895,#1896);
#1895 = CARTESIAN_POINT('',(4.625,-2.6,0.3));
#1896 = VECTOR('',#1897,1.);
#1897 = DIRECTION('',(1.,0.,0.));
#1898 = ORIENTED_EDGE('',*,*,#536,.T.);
#1899 = ORIENTED_EDGE('',*,*,#1900,.F.);
#1900 = EDGE_CURVE('',#1892,#529,#1901,.T.);
#1901 = LINE('',#1902,#1903);
#1902 = CARTESIAN_POINT('',(4.875,-2.6,0.3));
#1903 = VECTOR('',#1904,1.);
#1904 = DIRECTION('',(0.,0.,1.));
#1905 = PLANE('',#1906);
#1906 = AXIS2_PLACEMENT_3D('',#1907,#1908,#1909);
#1907 = CARTESIAN_POINT('',(5.223578159618,-2.6,0.633507427549));
#1908 = DIRECTION('',(-2.35376696503E-31,-1.,-1.327285955759E-31));
#1909 = DIRECTION('',(-1.,2.35376696503E-31,-1.665137917703E-79));
#1910 = ADVANCED_FACE('',(#1911),#1974,.T.);
#1911 = FACE_BOUND('',#1912,.T.);
#1912 = EDGE_LOOP('',(#1913,#1923,#1931,#1938,#1939,#1940,#1941,#1948,
    #1949,#1950,#1951,#1958,#1959,#1968));
#1913 = ORIENTED_EDGE('',*,*,#1914,.T.);
#1914 = EDGE_CURVE('',#1915,#1917,#1919,.T.);
#1915 = VERTEX_POINT('',#1916);
#1916 = CARTESIAN_POINT('',(6.025,-2.6,-4.93432455389E-17));
#1917 = VERTEX_POINT('',#1918);
#1918 = CARTESIAN_POINT('',(6.025,-2.6,0.25));
#1919 = LINE('',#1920,#1921);
#1920 = CARTESIAN_POINT('',(6.025,-2.6,0.));
#1921 = VECTOR('',#1922,1.);
#1922 = DIRECTION('',(0.,0.,1.));
#1923 = ORIENTED_EDGE('',*,*,#1924,.T.);
#1924 = EDGE_CURVE('',#1917,#1925,#1927,.T.);
#1925 = VERTEX_POINT('',#1926);
#1926 = CARTESIAN_POINT('',(4.975,-2.6,0.25));
#1927 = LINE('',#1928,#1929);
#1928 = CARTESIAN_POINT('',(6.325,-2.6,0.25));
#1929 = VECTOR('',#1930,1.);
#1930 = DIRECTION('',(-1.,0.,0.));
#1931 = ORIENTED_EDGE('',*,*,#1932,.T.);
#1932 = EDGE_CURVE('',#1925,#537,#1933,.T.);
#1933 = CIRCLE('',#1934,0.1);
#1934 = AXIS2_PLACEMENT_3D('',#1935,#1936,#1937);
#1935 = CARTESIAN_POINT('',(4.975,-2.6,0.35));
#1936 = DIRECTION('',(0.,1.,0.));
#1937 = DIRECTION('',(0.,0.,-1.));
#1938 = ORIENTED_EDGE('',*,*,#1891,.F.);
#1939 = ORIENTED_EDGE('',*,*,#1900,.T.);
#1940 = ORIENTED_EDGE('',*,*,#528,.T.);
#1941 = ORIENTED_EDGE('',*,*,#1942,.T.);
#1942 = EDGE_CURVE('',#521,#513,#1943,.T.);
#1943 = CIRCLE('',#1944,0.1);
#1944 = AXIS2_PLACEMENT_3D('',#1945,#1946,#1947);
#1945 = CARTESIAN_POINT('',(4.975,-2.6,1.25));
#1946 = DIRECTION('',(0.,1.,0.));
#1947 = DIRECTION('',(-1.,0.,-2.22044604925E-15));
#1948 = ORIENTED_EDGE('',*,*,#512,.T.);
#1949 = ORIENTED_EDGE('',*,*,#504,.T.);
#1950 = ORIENTED_EDGE('',*,*,#496,.T.);
#1951 = ORIENTED_EDGE('',*,*,#1952,.T.);
#1952 = EDGE_CURVE('',#489,#473,#1953,.T.);
#1953 = CIRCLE('',#1954,0.35);
#1954 = AXIS2_PLACEMENT_3D('',#1955,#1956,#1957);
#1955 = CARTESIAN_POINT('',(4.975,-2.6,1.25));
#1956 = DIRECTION('',(0.,-1.,0.));
#1957 = DIRECTION('',(-2.537652627715E-15,0.,1.));
#1958 = ORIENTED_EDGE('',*,*,#472,.F.);
#1959 = ORIENTED_EDGE('',*,*,#1960,.T.);
#1960 = EDGE_CURVE('',#465,#1961,#1963,.T.);
#1961 = VERTEX_POINT('',#1962);
#1962 = CARTESIAN_POINT('',(4.975,-2.6,-2.22044604925E-16));
#1963 = CIRCLE('',#1964,0.35);
#1964 = AXIS2_PLACEMENT_3D('',#1965,#1966,#1967);
#1965 = CARTESIAN_POINT('',(4.975,-2.6,0.35));
#1966 = DIRECTION('',(0.,-1.,0.));
#1967 = DIRECTION('',(-1.,-0.,-1.268826313857E-15));
#1968 = ORIENTED_EDGE('',*,*,#1969,.T.);
#1969 = EDGE_CURVE('',#1961,#1915,#1970,.T.);
#1970 = LINE('',#1971,#1972);
#1971 = CARTESIAN_POINT('',(4.975,-2.6,-2.22044604925E-16));
#1972 = VECTOR('',#1973,1.);
#1973 = DIRECTION('',(1.,0.,1.644774851297E-16));
#1974 = PLANE('',#1975);
#1975 = AXIS2_PLACEMENT_3D('',#1976,#1977,#1978);
#1976 = CARTESIAN_POINT('',(5.223578159618,-2.6,0.633507427549));
#1977 = DIRECTION('',(-2.35376696503E-31,-1.,-1.327285955759E-31));
#1978 = DIRECTION('',(-1.,2.35376696503E-31,-1.665137917703E-79));
#1979 = ADVANCED_FACE('',(#1980),#2005,.F.);
#1980 = FACE_BOUND('',#1981,.F.);
#1981 = EDGE_LOOP('',(#1982,#1990,#1998,#2004));
#1982 = ORIENTED_EDGE('',*,*,#1983,.F.);
#1983 = EDGE_CURVE('',#1984,#521,#1986,.T.);
#1984 = VERTEX_POINT('',#1985);
#1985 = CARTESIAN_POINT('',(4.875,-0.4,1.25));
#1986 = LINE('',#1987,#1988);
#1987 = CARTESIAN_POINT('',(4.875,-0.4,1.25));
#1988 = VECTOR('',#1989,1.);
#1989 = DIRECTION('',(0.,-1.,0.));
#1990 = ORIENTED_EDGE('',*,*,#1991,.T.);
#1991 = EDGE_CURVE('',#1984,#1992,#1994,.T.);
#1992 = VERTEX_POINT('',#1993);
#1993 = CARTESIAN_POINT('',(4.975,-0.4,1.35));
#1994 = LINE('',#1995,#1996);
#1995 = CARTESIAN_POINT('',(4.875,-0.4,1.25));
#1996 = VECTOR('',#1997,1.);
#1997 = DIRECTION('',(0.707106781187,0.,0.707106781187));
#1998 = ORIENTED_EDGE('',*,*,#1999,.T.);
#1999 = EDGE_CURVE('',#1992,#513,#2000,.T.);
#2000 = LINE('',#2001,#2002);
#2001 = CARTESIAN_POINT('',(4.975,-0.4,1.35));
#2002 = VECTOR('',#2003,1.);
#2003 = DIRECTION('',(0.,-1.,0.));
#2004 = ORIENTED_EDGE('',*,*,#520,.F.);
#2005 = PLANE('',#2006);
#2006 = AXIS2_PLACEMENT_3D('',#2007,#2008,#2009);
#2007 = CARTESIAN_POINT('',(4.875,-2.6,1.25));
#2008 = DIRECTION('',(0.707106781187,0.,-0.707106781187));
#2009 = DIRECTION('',(0.707106781187,0.,0.707106781187));
#2010 = ADVANCED_FACE('',(#2011),#2036,.F.);
#2011 = FACE_BOUND('',#2012,.F.);
#2012 = EDGE_LOOP('',(#2013,#2021,#2029,#2035));
#2013 = ORIENTED_EDGE('',*,*,#2014,.F.);
#2014 = EDGE_CURVE('',#2015,#489,#2017,.T.);
#2015 = VERTEX_POINT('',#2016);
#2016 = CARTESIAN_POINT('',(4.975,-0.4,1.6));
#2017 = LINE('',#2018,#2019);
#2018 = CARTESIAN_POINT('',(4.975,-0.4,1.6));
#2019 = VECTOR('',#2020,1.);
#2020 = DIRECTION('',(0.,-1.,0.));
#2021 = ORIENTED_EDGE('',*,*,#2022,.T.);
#2022 = EDGE_CURVE('',#2015,#2023,#2025,.T.);
#2023 = VERTEX_POINT('',#2024);
#2024 = CARTESIAN_POINT('',(4.625,-0.4,1.6));
#2025 = LINE('',#2026,#2027);
#2026 = CARTESIAN_POINT('',(5.425,-0.4,1.6));
#2027 = VECTOR('',#2028,1.);
#2028 = DIRECTION('',(-1.,0.,0.));
#2029 = ORIENTED_EDGE('',*,*,#2030,.F.);
#2030 = EDGE_CURVE('',#481,#2023,#2031,.T.);
#2031 = LINE('',#2032,#2033);
#2032 = CARTESIAN_POINT('',(4.625,-2.6,1.6));
#2033 = VECTOR('',#2034,1.);
#2034 = DIRECTION('',(0.,1.,0.));
#2035 = ORIENTED_EDGE('',*,*,#488,.F.);
#2036 = PLANE('',#2037);
#2037 = AXIS2_PLACEMENT_3D('',#2038,#2039,#2040);
#2038 = CARTESIAN_POINT('',(5.425,-2.6,1.6));
#2039 = DIRECTION('',(0.,0.,1.));
#2040 = DIRECTION('',(-1.,0.,0.));
#2041 = ADVANCED_FACE('',(#2042),#2060,.T.);
#2042 = FACE_BOUND('',#2043,.T.);
#2043 = EDGE_LOOP('',(#2044,#2045,#2053,#2059));
#2044 = ORIENTED_EDGE('',*,*,#480,.F.);
#2045 = ORIENTED_EDGE('',*,*,#2046,.F.);
#2046 = EDGE_CURVE('',#2047,#473,#2049,.T.);
#2047 = VERTEX_POINT('',#2048);
#2048 = CARTESIAN_POINT('',(4.625,-0.4,1.25));
#2049 = LINE('',#2050,#2051);
#2050 = CARTESIAN_POINT('',(4.625,-0.4,1.25));
#2051 = VECTOR('',#2052,1.);
#2052 = DIRECTION('',(0.,-1.,0.));
#2053 = ORIENTED_EDGE('',*,*,#2054,.F.);
#2054 = EDGE_CURVE('',#2023,#2047,#2055,.T.);
#2055 = LINE('',#2056,#2057);
#2056 = CARTESIAN_POINT('',(4.625,-0.4,1.6));
#2057 = VECTOR('',#2058,1.);
#2058 = DIRECTION('',(0.,0.,-1.));
#2059 = ORIENTED_EDGE('',*,*,#2030,.F.);
#2060 = PLANE('',#2061);
#2061 = AXIS2_PLACEMENT_3D('',#2062,#2063,#2064);
#2062 = CARTESIAN_POINT('',(4.625,-0.7176,2.0708));
#2063 = DIRECTION('',(1.,0.,0.));
#2064 = DIRECTION('',(0.,0.,1.));
#2065 = ADVANCED_FACE('',(#2066),#2084,.F.);
#2066 = FACE_BOUND('',#2067,.F.);
#2067 = EDGE_LOOP('',(#2068,#2076,#2077,#2078));
#2068 = ORIENTED_EDGE('',*,*,#2069,.T.);
#2069 = EDGE_CURVE('',#2070,#449,#2072,.T.);
#2070 = VERTEX_POINT('',#2071);
#2071 = CARTESIAN_POINT('',(4.125,1.1,0.));
#2072 = LINE('',#2073,#2074);
#2073 = CARTESIAN_POINT('',(4.125,1.1,0.));
#2074 = VECTOR('',#2075,1.);
#2075 = DIRECTION('',(0.,-1.,0.));
#2076 = ORIENTED_EDGE('',*,*,#456,.T.);
#2077 = ORIENTED_EDGE('',*,*,#1678,.T.);
#2078 = ORIENTED_EDGE('',*,*,#2079,.T.);
#2079 = EDGE_CURVE('',#1679,#2070,#2080,.T.);
#2080 = LINE('',#2081,#2082);
#2081 = CARTESIAN_POINT('',(4.625,1.1,0.));
#2082 = VECTOR('',#2083,1.);
#2083 = DIRECTION('',(-1.,0.,0.));
#2084 = PLANE('',#2085);
#2085 = AXIS2_PLACEMENT_3D('',#2086,#2087,#2088);
#2086 = CARTESIAN_POINT('',(-1.371704123089E-16,-0.75,0.));
#2087 = DIRECTION('',(0.,0.,1.));
#2088 = DIRECTION('',(1.,0.,-0.));
#2089 = ADVANCED_FACE('',(#2090),#2108,.F.);
#2090 = FACE_BOUND('',#2091,.F.);
#2091 = EDGE_LOOP('',(#2092,#2100,#2106,#2107));
#2092 = ORIENTED_EDGE('',*,*,#2093,.T.);
#2093 = EDGE_CURVE('',#2070,#2094,#2096,.T.);
#2094 = VERTEX_POINT('',#2095);
#2095 = CARTESIAN_POINT('',(4.125,1.1,0.3));
#2096 = LINE('',#2097,#2098);
#2097 = CARTESIAN_POINT('',(4.125,1.1,0.));
#2098 = VECTOR('',#2099,1.);
#2099 = DIRECTION('',(0.,0.,1.));
#2100 = ORIENTED_EDGE('',*,*,#2101,.T.);
#2101 = EDGE_CURVE('',#2094,#441,#2102,.T.);
#2102 = LINE('',#2103,#2104);
#2103 = CARTESIAN_POINT('',(4.125,1.1,0.3));
#2104 = VECTOR('',#2105,1.);
#2105 = DIRECTION('',(0.,-1.,0.));
#2106 = ORIENTED_EDGE('',*,*,#448,.F.);
#2107 = ORIENTED_EDGE('',*,*,#2069,.F.);
#2108 = PLANE('',#2109);
#2109 = AXIS2_PLACEMENT_3D('',#2110,#2111,#2112);
#2110 = CARTESIAN_POINT('',(4.125,1.1,0.));
#2111 = DIRECTION('',(1.,0.,0.));
#2112 = DIRECTION('',(0.,-1.,0.));
#2113 = ADVANCED_FACE('',(#2114),#2132,.T.);
#2114 = FACE_BOUND('',#2115,.T.);
#2115 = EDGE_LOOP('',(#2116,#2124,#2130,#2131));
#2116 = ORIENTED_EDGE('',*,*,#2117,.T.);
#2117 = EDGE_CURVE('',#433,#2118,#2120,.T.);
#2118 = VERTEX_POINT('',#2119);
#2119 = CARTESIAN_POINT('',(3.575,1.1,0.3));
#2120 = LINE('',#2121,#2122);
#2121 = CARTESIAN_POINT('',(3.575,-2.6,0.3));
#2122 = VECTOR('',#2123,1.);
#2123 = DIRECTION('',(0.,1.,0.));
#2124 = ORIENTED_EDGE('',*,*,#2125,.T.);
#2125 = EDGE_CURVE('',#2118,#2094,#2126,.T.);
#2126 = LINE('',#2127,#2128);
#2127 = CARTESIAN_POINT('',(-4.125,1.1,0.3));
#2128 = VECTOR('',#2129,1.);
#2129 = DIRECTION('',(1.,0.,0.));
#2130 = ORIENTED_EDGE('',*,*,#2101,.T.);
#2131 = ORIENTED_EDGE('',*,*,#440,.T.);
#2132 = PLANE('',#2133);
#2133 = AXIS2_PLACEMENT_3D('',#2134,#2135,#2136);
#2134 = CARTESIAN_POINT('',(7.43245539498E-17,-0.75,0.3));
#2135 = DIRECTION('',(-0.,-0.,-1.));
#2136 = DIRECTION('',(-1.,0.,0.));
#2137 = ADVANCED_FACE('',(#2138),#2156,.T.);
#2138 = FACE_BOUND('',#2139,.T.);
#2139 = EDGE_LOOP('',(#2140,#2141,#2149,#2155));
#2140 = ORIENTED_EDGE('',*,*,#432,.T.);
#2141 = ORIENTED_EDGE('',*,*,#2142,.T.);
#2142 = EDGE_CURVE('',#425,#2143,#2145,.T.);
#2143 = VERTEX_POINT('',#2144);
#2144 = CARTESIAN_POINT('',(3.575,1.1,0.8));
#2145 = LINE('',#2146,#2147);
#2146 = CARTESIAN_POINT('',(3.575,-2.6,0.8));
#2147 = VECTOR('',#2148,1.);
#2148 = DIRECTION('',(0.,1.,0.));
#2149 = ORIENTED_EDGE('',*,*,#2150,.F.);
#2150 = EDGE_CURVE('',#2118,#2143,#2151,.T.);
#2151 = LINE('',#2152,#2153);
#2152 = CARTESIAN_POINT('',(3.575,1.1,0.3));
#2153 = VECTOR('',#2154,1.);
#2154 = DIRECTION('',(0.,0.,1.));
#2155 = ORIENTED_EDGE('',*,*,#2117,.F.);
#2156 = PLANE('',#2157);
#2157 = AXIS2_PLACEMENT_3D('',#2158,#2159,#2160);
#2158 = CARTESIAN_POINT('',(3.575,-2.6,0.3));
#2159 = DIRECTION('',(-1.,0.,0.));
#2160 = DIRECTION('',(0.,1.,0.));
#2161 = ADVANCED_FACE('',(#2162,#2180),#2246,.F.);
#2162 = FACE_BOUND('',#2163,.F.);
#2163 = EDGE_LOOP('',(#2164,#2165,#2166,#2174));
#2164 = ORIENTED_EDGE('',*,*,#424,.T.);
#2165 = ORIENTED_EDGE('',*,*,#2142,.T.);
#2166 = ORIENTED_EDGE('',*,*,#2167,.T.);
#2167 = EDGE_CURVE('',#2143,#2168,#2170,.T.);
#2168 = VERTEX_POINT('',#2169);
#2169 = CARTESIAN_POINT('',(2.675,1.1,0.8));
#2170 = LINE('',#2171,#2172);
#2171 = CARTESIAN_POINT('',(3.575,1.1,0.8));
#2172 = VECTOR('',#2173,1.);
#2173 = DIRECTION('',(-1.,0.,0.));
#2174 = ORIENTED_EDGE('',*,*,#2175,.T.);
#2175 = EDGE_CURVE('',#2168,#417,#2176,.T.);
#2176 = LINE('',#2177,#2178);
#2177 = CARTESIAN_POINT('',(2.675,1.1,0.8));
#2178 = VECTOR('',#2179,1.);
#2179 = DIRECTION('',(0.,-1.,0.));
#2180 = FACE_BOUND('',#2181,.F.);
#2181 = EDGE_LOOP('',(#2182,#2192,#2200,#2208,#2216,#2224,#2232,#2240));
#2182 = ORIENTED_EDGE('',*,*,#2183,.F.);
#2183 = EDGE_CURVE('',#2184,#2186,#2188,.T.);
#2184 = VERTEX_POINT('',#2185);
#2185 = CARTESIAN_POINT('',(2.965,-1.675,0.8));
#2186 = VERTEX_POINT('',#2187);
#2187 = CARTESIAN_POINT('',(2.965,-2.3,0.8));
#2188 = LINE('',#2189,#2190);
#2189 = CARTESIAN_POINT('',(2.965,-1.675,0.8));
#2190 = VECTOR('',#2191,1.);
#2191 = DIRECTION('',(0.,-1.,0.));
#2192 = ORIENTED_EDGE('',*,*,#2193,.T.);
#2193 = EDGE_CURVE('',#2184,#2194,#2196,.T.);
#2194 = VERTEX_POINT('',#2195);
#2195 = CARTESIAN_POINT('',(2.965,-1.075,0.8));
#2196 = LINE('',#2197,#2198);
#2197 = CARTESIAN_POINT('',(2.965,-0.749263401763,0.8));
#2198 = VECTOR('',#2199,1.);
#2199 = DIRECTION('',(-5.138674310239E-32,1.,0.));
#2200 = ORIENTED_EDGE('',*,*,#2201,.F.);
#2201 = EDGE_CURVE('',#2202,#2194,#2204,.T.);
#2202 = VERTEX_POINT('',#2203);
#2203 = CARTESIAN_POINT('',(2.965,0.8,0.8));
#2204 = LINE('',#2205,#2206);
#2205 = CARTESIAN_POINT('',(2.965,0.8,0.8));
#2206 = VECTOR('',#2207,1.);
#2207 = DIRECTION('',(0.,-1.,0.));
#2208 = ORIENTED_EDGE('',*,*,#2209,.T.);
#2209 = EDGE_CURVE('',#2202,#2210,#2212,.T.);
#2210 = VERTEX_POINT('',#2211);
#2211 = CARTESIAN_POINT('',(3.285,0.8,0.8));
#2212 = LINE('',#2213,#2214);
#2213 = CARTESIAN_POINT('',(2.965,0.8,0.8));
#2214 = VECTOR('',#2215,1.);
#2215 = DIRECTION('',(1.,0.,0.));
#2216 = ORIENTED_EDGE('',*,*,#2217,.T.);
#2217 = EDGE_CURVE('',#2210,#2218,#2220,.T.);
#2218 = VERTEX_POINT('',#2219);
#2219 = CARTESIAN_POINT('',(3.285,-1.075,0.8));
#2220 = LINE('',#2221,#2222);
#2221 = CARTESIAN_POINT('',(3.285,0.8,0.8));
#2222 = VECTOR('',#2223,1.);
#2223 = DIRECTION('',(0.,-1.,0.));
#2224 = ORIENTED_EDGE('',*,*,#2225,.F.);
#2225 = EDGE_CURVE('',#2226,#2218,#2228,.T.);
#2226 = VERTEX_POINT('',#2227);
#2227 = CARTESIAN_POINT('',(3.285,-1.675,0.8));
#2228 = LINE('',#2229,#2230);
#2229 = CARTESIAN_POINT('',(3.285,-0.749263401763,0.8));
#2230 = VECTOR('',#2231,1.);
#2231 = DIRECTION('',(-5.138674310239E-32,1.,0.));
#2232 = ORIENTED_EDGE('',*,*,#2233,.T.);
#2233 = EDGE_CURVE('',#2226,#2234,#2236,.T.);
#2234 = VERTEX_POINT('',#2235);
#2235 = CARTESIAN_POINT('',(3.285,-2.3,0.8));
#2236 = LINE('',#2237,#2238);
#2237 = CARTESIAN_POINT('',(3.285,-1.675,0.8));
#2238 = VECTOR('',#2239,1.);
#2239 = DIRECTION('',(0.,-1.,0.));
#2240 = ORIENTED_EDGE('',*,*,#2241,.F.);
#2241 = EDGE_CURVE('',#2186,#2234,#2242,.T.);
#2242 = LINE('',#2243,#2244);
#2243 = CARTESIAN_POINT('',(2.965,-2.3,0.8));
#2244 = VECTOR('',#2245,1.);
#2245 = DIRECTION('',(1.,0.,0.));
#2246 = PLANE('',#2247);
#2247 = AXIS2_PLACEMENT_3D('',#2248,#2249,#2250);
#2248 = CARTESIAN_POINT('',(3.125,-0.75,0.8));
#2249 = DIRECTION('',(0.,0.,1.));
#2250 = DIRECTION('',(1.,0.,-0.));
#2251 = ADVANCED_FACE('',(#2252),#2270,.T.);
#2252 = FACE_BOUND('',#2253,.T.);
#2253 = EDGE_LOOP('',(#2254,#2262,#2263,#2264));
#2254 = ORIENTED_EDGE('',*,*,#2255,.T.);
#2255 = EDGE_CURVE('',#2256,#2168,#2258,.T.);
#2256 = VERTEX_POINT('',#2257);
#2257 = CARTESIAN_POINT('',(2.675,1.1,0.3));
#2258 = LINE('',#2259,#2260);
#2259 = CARTESIAN_POINT('',(2.675,1.1,0.3));
#2260 = VECTOR('',#2261,1.);
#2261 = DIRECTION('',(0.,0.,1.));
#2262 = ORIENTED_EDGE('',*,*,#2175,.T.);
#2263 = ORIENTED_EDGE('',*,*,#416,.F.);
#2264 = ORIENTED_EDGE('',*,*,#2265,.F.);
#2265 = EDGE_CURVE('',#2256,#409,#2266,.T.);
#2266 = LINE('',#2267,#2268);
#2267 = CARTESIAN_POINT('',(2.675,1.1,0.3));
#2268 = VECTOR('',#2269,1.);
#2269 = DIRECTION('',(0.,-1.,0.));
#2270 = PLANE('',#2271);
#2271 = AXIS2_PLACEMENT_3D('',#2272,#2273,#2274);
#2272 = CARTESIAN_POINT('',(2.675,1.1,0.3));
#2273 = DIRECTION('',(1.,0.,0.));
#2274 = DIRECTION('',(0.,-1.,0.));
#2275 = ADVANCED_FACE('',(#2276),#2294,.T.);
#2276 = FACE_BOUND('',#2277,.T.);
#2277 = EDGE_LOOP('',(#2278,#2286,#2292,#2293));
#2278 = ORIENTED_EDGE('',*,*,#2279,.T.);
#2279 = EDGE_CURVE('',#401,#2280,#2282,.T.);
#2280 = VERTEX_POINT('',#2281);
#2281 = CARTESIAN_POINT('',(2.325,1.1,0.3));
#2282 = LINE('',#2283,#2284);
#2283 = CARTESIAN_POINT('',(2.325,-2.6,0.3));
#2284 = VECTOR('',#2285,1.);
#2285 = DIRECTION('',(0.,1.,0.));
#2286 = ORIENTED_EDGE('',*,*,#2287,.T.);
#2287 = EDGE_CURVE('',#2280,#2256,#2288,.T.);
#2288 = LINE('',#2289,#2290);
#2289 = CARTESIAN_POINT('',(-4.125,1.1,0.3));
#2290 = VECTOR('',#2291,1.);
#2291 = DIRECTION('',(1.,0.,0.));
#2292 = ORIENTED_EDGE('',*,*,#2265,.T.);
#2293 = ORIENTED_EDGE('',*,*,#408,.T.);
#2294 = PLANE('',#2295);
#2295 = AXIS2_PLACEMENT_3D('',#2296,#2297,#2298);
#2296 = CARTESIAN_POINT('',(7.43245539498E-17,-0.75,0.3));
#2297 = DIRECTION('',(-0.,-0.,-1.));
#2298 = DIRECTION('',(-1.,0.,0.));
#2299 = ADVANCED_FACE('',(#2300),#2318,.T.);
#2300 = FACE_BOUND('',#2301,.T.);
#2301 = EDGE_LOOP('',(#2302,#2303,#2311,#2317));
#2302 = ORIENTED_EDGE('',*,*,#400,.T.);
#2303 = ORIENTED_EDGE('',*,*,#2304,.T.);
#2304 = EDGE_CURVE('',#393,#2305,#2307,.T.);
#2305 = VERTEX_POINT('',#2306);
#2306 = CARTESIAN_POINT('',(2.325,1.1,0.8));
#2307 = LINE('',#2308,#2309);
#2308 = CARTESIAN_POINT('',(2.325,-2.6,0.8));
#2309 = VECTOR('',#2310,1.);
#2310 = DIRECTION('',(0.,1.,0.));
#2311 = ORIENTED_EDGE('',*,*,#2312,.F.);
#2312 = EDGE_CURVE('',#2280,#2305,#2313,.T.);
#2313 = LINE('',#2314,#2315);
#2314 = CARTESIAN_POINT('',(2.325,1.1,0.3));
#2315 = VECTOR('',#2316,1.);
#2316 = DIRECTION('',(0.,0.,1.));
#2317 = ORIENTED_EDGE('',*,*,#2279,.F.);
#2318 = PLANE('',#2319);
#2319 = AXIS2_PLACEMENT_3D('',#2320,#2321,#2322);
#2320 = CARTESIAN_POINT('',(2.325,-2.6,0.3));
#2321 = DIRECTION('',(-1.,0.,0.));
#2322 = DIRECTION('',(0.,1.,0.));
#2323 = ADVANCED_FACE('',(#2324,#2342),#2408,.F.);
#2324 = FACE_BOUND('',#2325,.F.);
#2325 = EDGE_LOOP('',(#2326,#2327,#2328,#2336));
#2326 = ORIENTED_EDGE('',*,*,#392,.T.);
#2327 = ORIENTED_EDGE('',*,*,#2304,.T.);
#2328 = ORIENTED_EDGE('',*,*,#2329,.T.);
#2329 = EDGE_CURVE('',#2305,#2330,#2332,.T.);
#2330 = VERTEX_POINT('',#2331);
#2331 = CARTESIAN_POINT('',(1.425,1.1,0.8));
#2332 = LINE('',#2333,#2334);
#2333 = CARTESIAN_POINT('',(2.325,1.1,0.8));
#2334 = VECTOR('',#2335,1.);
#2335 = DIRECTION('',(-1.,0.,0.));
#2336 = ORIENTED_EDGE('',*,*,#2337,.T.);
#2337 = EDGE_CURVE('',#2330,#385,#2338,.T.);
#2338 = LINE('',#2339,#2340);
#2339 = CARTESIAN_POINT('',(1.425,1.1,0.8));
#2340 = VECTOR('',#2341,1.);
#2341 = DIRECTION('',(0.,-1.,0.));
#2342 = FACE_BOUND('',#2343,.F.);
#2343 = EDGE_LOOP('',(#2344,#2354,#2362,#2370,#2378,#2386,#2394,#2402));
#2344 = ORIENTED_EDGE('',*,*,#2345,.F.);
#2345 = EDGE_CURVE('',#2346,#2348,#2350,.T.);
#2346 = VERTEX_POINT('',#2347);
#2347 = CARTESIAN_POINT('',(1.715,-1.675,0.8));
#2348 = VERTEX_POINT('',#2349);
#2349 = CARTESIAN_POINT('',(1.715,-2.3,0.8));
#2350 = LINE('',#2351,#2352);
#2351 = CARTESIAN_POINT('',(1.715,-1.675,0.8));
#2352 = VECTOR('',#2353,1.);
#2353 = DIRECTION('',(0.,-1.,0.));
#2354 = ORIENTED_EDGE('',*,*,#2355,.T.);
#2355 = EDGE_CURVE('',#2346,#2356,#2358,.T.);
#2356 = VERTEX_POINT('',#2357);
#2357 = CARTESIAN_POINT('',(1.715,-1.075,0.8));
#2358 = LINE('',#2359,#2360);
#2359 = CARTESIAN_POINT('',(1.715,-0.749263401763,0.8));
#2360 = VECTOR('',#2361,1.);
#2361 = DIRECTION('',(-5.138674310239E-32,1.,0.));
#2362 = ORIENTED_EDGE('',*,*,#2363,.F.);
#2363 = EDGE_CURVE('',#2364,#2356,#2366,.T.);
#2364 = VERTEX_POINT('',#2365);
#2365 = CARTESIAN_POINT('',(1.715,0.8,0.8));
#2366 = LINE('',#2367,#2368);
#2367 = CARTESIAN_POINT('',(1.715,0.8,0.8));
#2368 = VECTOR('',#2369,1.);
#2369 = DIRECTION('',(0.,-1.,0.));
#2370 = ORIENTED_EDGE('',*,*,#2371,.T.);
#2371 = EDGE_CURVE('',#2364,#2372,#2374,.T.);
#2372 = VERTEX_POINT('',#2373);
#2373 = CARTESIAN_POINT('',(2.035,0.8,0.8));
#2374 = LINE('',#2375,#2376);
#2375 = CARTESIAN_POINT('',(1.715,0.8,0.8));
#2376 = VECTOR('',#2377,1.);
#2377 = DIRECTION('',(1.,0.,0.));
#2378 = ORIENTED_EDGE('',*,*,#2379,.T.);
#2379 = EDGE_CURVE('',#2372,#2380,#2382,.T.);
#2380 = VERTEX_POINT('',#2381);
#2381 = CARTESIAN_POINT('',(2.035,-1.075,0.8));
#2382 = LINE('',#2383,#2384);
#2383 = CARTESIAN_POINT('',(2.035,0.8,0.8));
#2384 = VECTOR('',#2385,1.);
#2385 = DIRECTION('',(0.,-1.,0.));
#2386 = ORIENTED_EDGE('',*,*,#2387,.F.);
#2387 = EDGE_CURVE('',#2388,#2380,#2390,.T.);
#2388 = VERTEX_POINT('',#2389);
#2389 = CARTESIAN_POINT('',(2.035,-1.675,0.8));
#2390 = LINE('',#2391,#2392);
#2391 = CARTESIAN_POINT('',(2.035,-0.749263401763,0.8));
#2392 = VECTOR('',#2393,1.);
#2393 = DIRECTION('',(-5.138674310239E-32,1.,0.));
#2394 = ORIENTED_EDGE('',*,*,#2395,.T.);
#2395 = EDGE_CURVE('',#2388,#2396,#2398,.T.);
#2396 = VERTEX_POINT('',#2397);
#2397 = CARTESIAN_POINT('',(2.035,-2.3,0.8));
#2398 = LINE('',#2399,#2400);
#2399 = CARTESIAN_POINT('',(2.035,-1.675,0.8));
#2400 = VECTOR('',#2401,1.);
#2401 = DIRECTION('',(0.,-1.,0.));
#2402 = ORIENTED_EDGE('',*,*,#2403,.F.);
#2403 = EDGE_CURVE('',#2348,#2396,#2404,.T.);
#2404 = LINE('',#2405,#2406);
#2405 = CARTESIAN_POINT('',(1.715,-2.3,0.8));
#2406 = VECTOR('',#2407,1.);
#2407 = DIRECTION('',(1.,0.,0.));
#2408 = PLANE('',#2409);
#2409 = AXIS2_PLACEMENT_3D('',#2410,#2411,#2412);
#2410 = CARTESIAN_POINT('',(1.875,-0.75,0.8));
#2411 = DIRECTION('',(0.,0.,1.));
#2412 = DIRECTION('',(1.,0.,-0.));
#2413 = ADVANCED_FACE('',(#2414),#2432,.T.);
#2414 = FACE_BOUND('',#2415,.T.);
#2415 = EDGE_LOOP('',(#2416,#2424,#2425,#2426));
#2416 = ORIENTED_EDGE('',*,*,#2417,.T.);
#2417 = EDGE_CURVE('',#2418,#2330,#2420,.T.);
#2418 = VERTEX_POINT('',#2419);
#2419 = CARTESIAN_POINT('',(1.425,1.1,0.3));
#2420 = LINE('',#2421,#2422);
#2421 = CARTESIAN_POINT('',(1.425,1.1,0.3));
#2422 = VECTOR('',#2423,1.);
#2423 = DIRECTION('',(0.,0.,1.));
#2424 = ORIENTED_EDGE('',*,*,#2337,.T.);
#2425 = ORIENTED_EDGE('',*,*,#384,.F.);
#2426 = ORIENTED_EDGE('',*,*,#2427,.F.);
#2427 = EDGE_CURVE('',#2418,#377,#2428,.T.);
#2428 = LINE('',#2429,#2430);
#2429 = CARTESIAN_POINT('',(1.425,1.1,0.3));
#2430 = VECTOR('',#2431,1.);
#2431 = DIRECTION('',(0.,-1.,0.));
#2432 = PLANE('',#2433);
#2433 = AXIS2_PLACEMENT_3D('',#2434,#2435,#2436);
#2434 = CARTESIAN_POINT('',(1.425,1.1,0.3));
#2435 = DIRECTION('',(1.,0.,0.));
#2436 = DIRECTION('',(0.,-1.,0.));
#2437 = ADVANCED_FACE('',(#2438),#2456,.T.);
#2438 = FACE_BOUND('',#2439,.T.);
#2439 = EDGE_LOOP('',(#2440,#2448,#2454,#2455));
#2440 = ORIENTED_EDGE('',*,*,#2441,.T.);
#2441 = EDGE_CURVE('',#369,#2442,#2444,.T.);
#2442 = VERTEX_POINT('',#2443);
#2443 = CARTESIAN_POINT('',(1.075,1.1,0.3));
#2444 = LINE('',#2445,#2446);
#2445 = CARTESIAN_POINT('',(1.075,-2.6,0.3));
#2446 = VECTOR('',#2447,1.);
#2447 = DIRECTION('',(0.,1.,0.));
#2448 = ORIENTED_EDGE('',*,*,#2449,.T.);
#2449 = EDGE_CURVE('',#2442,#2418,#2450,.T.);
#2450 = LINE('',#2451,#2452);
#2451 = CARTESIAN_POINT('',(-4.125,1.1,0.3));
#2452 = VECTOR('',#2453,1.);
#2453 = DIRECTION('',(1.,0.,0.));
#2454 = ORIENTED_EDGE('',*,*,#2427,.T.);
#2455 = ORIENTED_EDGE('',*,*,#376,.T.);
#2456 = PLANE('',#2457);
#2457 = AXIS2_PLACEMENT_3D('',#2458,#2459,#2460);
#2458 = CARTESIAN_POINT('',(7.43245539498E-17,-0.75,0.3));
#2459 = DIRECTION('',(-0.,-0.,-1.));
#2460 = DIRECTION('',(-1.,0.,0.));
#2461 = ADVANCED_FACE('',(#2462),#2480,.T.);
#2462 = FACE_BOUND('',#2463,.T.);
#2463 = EDGE_LOOP('',(#2464,#2465,#2473,#2479));
#2464 = ORIENTED_EDGE('',*,*,#368,.T.);
#2465 = ORIENTED_EDGE('',*,*,#2466,.T.);
#2466 = EDGE_CURVE('',#361,#2467,#2469,.T.);
#2467 = VERTEX_POINT('',#2468);
#2468 = CARTESIAN_POINT('',(1.075,1.1,0.8));
#2469 = LINE('',#2470,#2471);
#2470 = CARTESIAN_POINT('',(1.075,-2.6,0.8));
#2471 = VECTOR('',#2472,1.);
#2472 = DIRECTION('',(0.,1.,0.));
#2473 = ORIENTED_EDGE('',*,*,#2474,.F.);
#2474 = EDGE_CURVE('',#2442,#2467,#2475,.T.);
#2475 = LINE('',#2476,#2477);
#2476 = CARTESIAN_POINT('',(1.075,1.1,0.3));
#2477 = VECTOR('',#2478,1.);
#2478 = DIRECTION('',(0.,0.,1.));
#2479 = ORIENTED_EDGE('',*,*,#2441,.F.);
#2480 = PLANE('',#2481);
#2481 = AXIS2_PLACEMENT_3D('',#2482,#2483,#2484);
#2482 = CARTESIAN_POINT('',(1.075,-2.6,0.3));
#2483 = DIRECTION('',(-1.,0.,0.));
#2484 = DIRECTION('',(0.,1.,0.));
#2485 = ADVANCED_FACE('',(#2486,#2504),#2570,.F.);
#2486 = FACE_BOUND('',#2487,.F.);
#2487 = EDGE_LOOP('',(#2488,#2489,#2490,#2498));
#2488 = ORIENTED_EDGE('',*,*,#360,.T.);
#2489 = ORIENTED_EDGE('',*,*,#2466,.T.);
#2490 = ORIENTED_EDGE('',*,*,#2491,.T.);
#2491 = EDGE_CURVE('',#2467,#2492,#2494,.T.);
#2492 = VERTEX_POINT('',#2493);
#2493 = CARTESIAN_POINT('',(0.175,1.1,0.8));
#2494 = LINE('',#2495,#2496);
#2495 = CARTESIAN_POINT('',(1.075,1.1,0.8));
#2496 = VECTOR('',#2497,1.);
#2497 = DIRECTION('',(-1.,0.,0.));
#2498 = ORIENTED_EDGE('',*,*,#2499,.T.);
#2499 = EDGE_CURVE('',#2492,#353,#2500,.T.);
#2500 = LINE('',#2501,#2502);
#2501 = CARTESIAN_POINT('',(0.175,1.1,0.8));
#2502 = VECTOR('',#2503,1.);
#2503 = DIRECTION('',(0.,-1.,0.));
#2504 = FACE_BOUND('',#2505,.F.);
#2505 = EDGE_LOOP('',(#2506,#2516,#2524,#2532,#2540,#2548,#2556,#2564));
#2506 = ORIENTED_EDGE('',*,*,#2507,.F.);
#2507 = EDGE_CURVE('',#2508,#2510,#2512,.T.);
#2508 = VERTEX_POINT('',#2509);
#2509 = CARTESIAN_POINT('',(0.465,-2.3,0.8));
#2510 = VERTEX_POINT('',#2511);
#2511 = CARTESIAN_POINT('',(0.785,-2.3,0.8));
#2512 = LINE('',#2513,#2514);
#2513 = CARTESIAN_POINT('',(0.465,-2.3,0.8));
#2514 = VECTOR('',#2515,1.);
#2515 = DIRECTION('',(1.,0.,0.));
#2516 = ORIENTED_EDGE('',*,*,#2517,.F.);
#2517 = EDGE_CURVE('',#2518,#2508,#2520,.T.);
#2518 = VERTEX_POINT('',#2519);
#2519 = CARTESIAN_POINT('',(0.465,-1.675,0.8));
#2520 = LINE('',#2521,#2522);
#2521 = CARTESIAN_POINT('',(0.465,-1.675,0.8));
#2522 = VECTOR('',#2523,1.);
#2523 = DIRECTION('',(0.,-1.,0.));
#2524 = ORIENTED_EDGE('',*,*,#2525,.T.);
#2525 = EDGE_CURVE('',#2518,#2526,#2528,.T.);
#2526 = VERTEX_POINT('',#2527);
#2527 = CARTESIAN_POINT('',(0.465,-1.075,0.8));
#2528 = LINE('',#2529,#2530);
#2529 = CARTESIAN_POINT('',(0.465,-0.749263401763,0.8));
#2530 = VECTOR('',#2531,1.);
#2531 = DIRECTION('',(-5.138674310239E-32,1.,0.));
#2532 = ORIENTED_EDGE('',*,*,#2533,.F.);
#2533 = EDGE_CURVE('',#2534,#2526,#2536,.T.);
#2534 = VERTEX_POINT('',#2535);
#2535 = CARTESIAN_POINT('',(0.465,0.8,0.8));
#2536 = LINE('',#2537,#2538);
#2537 = CARTESIAN_POINT('',(0.465,0.8,0.8));
#2538 = VECTOR('',#2539,1.);
#2539 = DIRECTION('',(0.,-1.,0.));
#2540 = ORIENTED_EDGE('',*,*,#2541,.T.);
#2541 = EDGE_CURVE('',#2534,#2542,#2544,.T.);
#2542 = VERTEX_POINT('',#2543);
#2543 = CARTESIAN_POINT('',(0.785,0.8,0.8));
#2544 = LINE('',#2545,#2546);
#2545 = CARTESIAN_POINT('',(0.465,0.8,0.8));
#2546 = VECTOR('',#2547,1.);
#2547 = DIRECTION('',(1.,0.,0.));
#2548 = ORIENTED_EDGE('',*,*,#2549,.T.);
#2549 = EDGE_CURVE('',#2542,#2550,#2552,.T.);
#2550 = VERTEX_POINT('',#2551);
#2551 = CARTESIAN_POINT('',(0.785,-1.075,0.8));
#2552 = LINE('',#2553,#2554);
#2553 = CARTESIAN_POINT('',(0.785,0.8,0.8));
#2554 = VECTOR('',#2555,1.);
#2555 = DIRECTION('',(0.,-1.,0.));
#2556 = ORIENTED_EDGE('',*,*,#2557,.F.);
#2557 = EDGE_CURVE('',#2558,#2550,#2560,.T.);
#2558 = VERTEX_POINT('',#2559);
#2559 = CARTESIAN_POINT('',(0.785,-1.675,0.8));
#2560 = LINE('',#2561,#2562);
#2561 = CARTESIAN_POINT('',(0.785,-0.749263401763,0.8));
#2562 = VECTOR('',#2563,1.);
#2563 = DIRECTION('',(-5.138674310239E-32,1.,0.));
#2564 = ORIENTED_EDGE('',*,*,#2565,.T.);
#2565 = EDGE_CURVE('',#2558,#2510,#2566,.T.);
#2566 = LINE('',#2567,#2568);
#2567 = CARTESIAN_POINT('',(0.785,-1.675,0.8));
#2568 = VECTOR('',#2569,1.);
#2569 = DIRECTION('',(0.,-1.,0.));
#2570 = PLANE('',#2571);
#2571 = AXIS2_PLACEMENT_3D('',#2572,#2573,#2574);
#2572 = CARTESIAN_POINT('',(0.625,-0.75,0.8));
#2573 = DIRECTION('',(0.,0.,1.));
#2574 = DIRECTION('',(1.,0.,-0.));
#2575 = ADVANCED_FACE('',(#2576),#2594,.T.);
#2576 = FACE_BOUND('',#2577,.T.);
#2577 = EDGE_LOOP('',(#2578,#2586,#2587,#2588));
#2578 = ORIENTED_EDGE('',*,*,#2579,.T.);
#2579 = EDGE_CURVE('',#2580,#2492,#2582,.T.);
#2580 = VERTEX_POINT('',#2581);
#2581 = CARTESIAN_POINT('',(0.175,1.1,0.3));
#2582 = LINE('',#2583,#2584);
#2583 = CARTESIAN_POINT('',(0.175,1.1,0.3));
#2584 = VECTOR('',#2585,1.);
#2585 = DIRECTION('',(0.,0.,1.));
#2586 = ORIENTED_EDGE('',*,*,#2499,.T.);
#2587 = ORIENTED_EDGE('',*,*,#352,.F.);
#2588 = ORIENTED_EDGE('',*,*,#2589,.F.);
#2589 = EDGE_CURVE('',#2580,#345,#2590,.T.);
#2590 = LINE('',#2591,#2592);
#2591 = CARTESIAN_POINT('',(0.175,1.1,0.3));
#2592 = VECTOR('',#2593,1.);
#2593 = DIRECTION('',(0.,-1.,0.));
#2594 = PLANE('',#2595);
#2595 = AXIS2_PLACEMENT_3D('',#2596,#2597,#2598);
#2596 = CARTESIAN_POINT('',(0.175,1.1,0.3));
#2597 = DIRECTION('',(1.,0.,0.));
#2598 = DIRECTION('',(0.,-1.,0.));
#2599 = ADVANCED_FACE('',(#2600),#2618,.T.);
#2600 = FACE_BOUND('',#2601,.T.);
#2601 = EDGE_LOOP('',(#2602,#2610,#2616,#2617));
#2602 = ORIENTED_EDGE('',*,*,#2603,.T.);
#2603 = EDGE_CURVE('',#337,#2604,#2606,.T.);
#2604 = VERTEX_POINT('',#2605);
#2605 = CARTESIAN_POINT('',(-0.175,1.1,0.3));
#2606 = LINE('',#2607,#2608);
#2607 = CARTESIAN_POINT('',(-0.175,-2.6,0.3));
#2608 = VECTOR('',#2609,1.);
#2609 = DIRECTION('',(0.,1.,0.));
#2610 = ORIENTED_EDGE('',*,*,#2611,.T.);
#2611 = EDGE_CURVE('',#2604,#2580,#2612,.T.);
#2612 = LINE('',#2613,#2614);
#2613 = CARTESIAN_POINT('',(-4.125,1.1,0.3));
#2614 = VECTOR('',#2615,1.);
#2615 = DIRECTION('',(1.,0.,0.));
#2616 = ORIENTED_EDGE('',*,*,#2589,.T.);
#2617 = ORIENTED_EDGE('',*,*,#344,.T.);
#2618 = PLANE('',#2619);
#2619 = AXIS2_PLACEMENT_3D('',#2620,#2621,#2622);
#2620 = CARTESIAN_POINT('',(7.43245539498E-17,-0.75,0.3));
#2621 = DIRECTION('',(-0.,-0.,-1.));
#2622 = DIRECTION('',(-1.,0.,0.));
#2623 = ADVANCED_FACE('',(#2624),#2642,.T.);
#2624 = FACE_BOUND('',#2625,.T.);
#2625 = EDGE_LOOP('',(#2626,#2627,#2635,#2641));
#2626 = ORIENTED_EDGE('',*,*,#336,.T.);
#2627 = ORIENTED_EDGE('',*,*,#2628,.T.);
#2628 = EDGE_CURVE('',#329,#2629,#2631,.T.);
#2629 = VERTEX_POINT('',#2630);
#2630 = CARTESIAN_POINT('',(-0.175,1.1,0.8));
#2631 = LINE('',#2632,#2633);
#2632 = CARTESIAN_POINT('',(-0.175,-2.6,0.8));
#2633 = VECTOR('',#2634,1.);
#2634 = DIRECTION('',(0.,1.,0.));
#2635 = ORIENTED_EDGE('',*,*,#2636,.F.);
#2636 = EDGE_CURVE('',#2604,#2629,#2637,.T.);
#2637 = LINE('',#2638,#2639);
#2638 = CARTESIAN_POINT('',(-0.175,1.1,0.3));
#2639 = VECTOR('',#2640,1.);
#2640 = DIRECTION('',(0.,0.,1.));
#2641 = ORIENTED_EDGE('',*,*,#2603,.F.);
#2642 = PLANE('',#2643);
#2643 = AXIS2_PLACEMENT_3D('',#2644,#2645,#2646);
#2644 = CARTESIAN_POINT('',(-0.175,-2.6,0.3));
#2645 = DIRECTION('',(-1.,0.,0.));
#2646 = DIRECTION('',(0.,1.,0.));
#2647 = ADVANCED_FACE('',(#2648,#2666),#2732,.F.);
#2648 = FACE_BOUND('',#2649,.F.);
#2649 = EDGE_LOOP('',(#2650,#2651,#2652,#2660));
#2650 = ORIENTED_EDGE('',*,*,#328,.T.);
#2651 = ORIENTED_EDGE('',*,*,#2628,.T.);
#2652 = ORIENTED_EDGE('',*,*,#2653,.T.);
#2653 = EDGE_CURVE('',#2629,#2654,#2656,.T.);
#2654 = VERTEX_POINT('',#2655);
#2655 = CARTESIAN_POINT('',(-1.075,1.1,0.8));
#2656 = LINE('',#2657,#2658);
#2657 = CARTESIAN_POINT('',(-0.175,1.1,0.8));
#2658 = VECTOR('',#2659,1.);
#2659 = DIRECTION('',(-1.,0.,0.));
#2660 = ORIENTED_EDGE('',*,*,#2661,.T.);
#2661 = EDGE_CURVE('',#2654,#321,#2662,.T.);
#2662 = LINE('',#2663,#2664);
#2663 = CARTESIAN_POINT('',(-1.075,1.1,0.8));
#2664 = VECTOR('',#2665,1.);
#2665 = DIRECTION('',(0.,-1.,0.));
#2666 = FACE_BOUND('',#2667,.F.);
#2667 = EDGE_LOOP('',(#2668,#2678,#2686,#2694,#2702,#2710,#2718,#2726));
#2668 = ORIENTED_EDGE('',*,*,#2669,.F.);
#2669 = EDGE_CURVE('',#2670,#2672,#2674,.T.);
#2670 = VERTEX_POINT('',#2671);
#2671 = CARTESIAN_POINT('',(-0.785,-2.3,0.8));
#2672 = VERTEX_POINT('',#2673);
#2673 = CARTESIAN_POINT('',(-0.465,-2.3,0.8));
#2674 = LINE('',#2675,#2676);
#2675 = CARTESIAN_POINT('',(-0.785,-2.3,0.8));
#2676 = VECTOR('',#2677,1.);
#2677 = DIRECTION('',(1.,0.,0.));
#2678 = ORIENTED_EDGE('',*,*,#2679,.F.);
#2679 = EDGE_CURVE('',#2680,#2670,#2682,.T.);
#2680 = VERTEX_POINT('',#2681);
#2681 = CARTESIAN_POINT('',(-0.785,-1.675,0.8));
#2682 = LINE('',#2683,#2684);
#2683 = CARTESIAN_POINT('',(-0.785,-1.675,0.8));
#2684 = VECTOR('',#2685,1.);
#2685 = DIRECTION('',(0.,-1.,0.));
#2686 = ORIENTED_EDGE('',*,*,#2687,.T.);
#2687 = EDGE_CURVE('',#2680,#2688,#2690,.T.);
#2688 = VERTEX_POINT('',#2689);
#2689 = CARTESIAN_POINT('',(-0.785,-1.075,0.8));
#2690 = LINE('',#2691,#2692);
#2691 = CARTESIAN_POINT('',(-0.785,-0.749263401763,0.8));
#2692 = VECTOR('',#2693,1.);
#2693 = DIRECTION('',(-5.138674310239E-32,1.,0.));
#2694 = ORIENTED_EDGE('',*,*,#2695,.F.);
#2695 = EDGE_CURVE('',#2696,#2688,#2698,.T.);
#2696 = VERTEX_POINT('',#2697);
#2697 = CARTESIAN_POINT('',(-0.785,0.8,0.8));
#2698 = LINE('',#2699,#2700);
#2699 = CARTESIAN_POINT('',(-0.785,0.8,0.8));
#2700 = VECTOR('',#2701,1.);
#2701 = DIRECTION('',(0.,-1.,0.));
#2702 = ORIENTED_EDGE('',*,*,#2703,.T.);
#2703 = EDGE_CURVE('',#2696,#2704,#2706,.T.);
#2704 = VERTEX_POINT('',#2705);
#2705 = CARTESIAN_POINT('',(-0.465,0.8,0.8));
#2706 = LINE('',#2707,#2708);
#2707 = CARTESIAN_POINT('',(-0.785,0.8,0.8));
#2708 = VECTOR('',#2709,1.);
#2709 = DIRECTION('',(1.,0.,0.));
#2710 = ORIENTED_EDGE('',*,*,#2711,.T.);
#2711 = EDGE_CURVE('',#2704,#2712,#2714,.T.);
#2712 = VERTEX_POINT('',#2713);
#2713 = CARTESIAN_POINT('',(-0.465,-1.075,0.8));
#2714 = LINE('',#2715,#2716);
#2715 = CARTESIAN_POINT('',(-0.465,0.8,0.8));
#2716 = VECTOR('',#2717,1.);
#2717 = DIRECTION('',(0.,-1.,0.));
#2718 = ORIENTED_EDGE('',*,*,#2719,.F.);
#2719 = EDGE_CURVE('',#2720,#2712,#2722,.T.);
#2720 = VERTEX_POINT('',#2721);
#2721 = CARTESIAN_POINT('',(-0.465,-1.675,0.8));
#2722 = LINE('',#2723,#2724);
#2723 = CARTESIAN_POINT('',(-0.465,-0.749263401763,0.8));
#2724 = VECTOR('',#2725,1.);
#2725 = DIRECTION('',(-5.138674310239E-32,1.,0.));
#2726 = ORIENTED_EDGE('',*,*,#2727,.T.);
#2727 = EDGE_CURVE('',#2720,#2672,#2728,.T.);
#2728 = LINE('',#2729,#2730);
#2729 = CARTESIAN_POINT('',(-0.465,-1.675,0.8));
#2730 = VECTOR('',#2731,1.);
#2731 = DIRECTION('',(0.,-1.,0.));
#2732 = PLANE('',#2733);
#2733 = AXIS2_PLACEMENT_3D('',#2734,#2735,#2736);
#2734 = CARTESIAN_POINT('',(-0.625,-0.75,0.8));
#2735 = DIRECTION('',(0.,0.,1.));
#2736 = DIRECTION('',(1.,0.,-0.));
#2737 = ADVANCED_FACE('',(#2738),#2756,.T.);
#2738 = FACE_BOUND('',#2739,.T.);
#2739 = EDGE_LOOP('',(#2740,#2748,#2749,#2750));
#2740 = ORIENTED_EDGE('',*,*,#2741,.T.);
#2741 = EDGE_CURVE('',#2742,#2654,#2744,.T.);
#2742 = VERTEX_POINT('',#2743);
#2743 = CARTESIAN_POINT('',(-1.075,1.1,0.3));
#2744 = LINE('',#2745,#2746);
#2745 = CARTESIAN_POINT('',(-1.075,1.1,0.3));
#2746 = VECTOR('',#2747,1.);
#2747 = DIRECTION('',(0.,0.,1.));
#2748 = ORIENTED_EDGE('',*,*,#2661,.T.);
#2749 = ORIENTED_EDGE('',*,*,#320,.F.);
#2750 = ORIENTED_EDGE('',*,*,#2751,.F.);
#2751 = EDGE_CURVE('',#2742,#313,#2752,.T.);
#2752 = LINE('',#2753,#2754);
#2753 = CARTESIAN_POINT('',(-1.075,1.1,0.3));
#2754 = VECTOR('',#2755,1.);
#2755 = DIRECTION('',(0.,-1.,0.));
#2756 = PLANE('',#2757);
#2757 = AXIS2_PLACEMENT_3D('',#2758,#2759,#2760);
#2758 = CARTESIAN_POINT('',(-1.075,1.1,0.3));
#2759 = DIRECTION('',(1.,0.,0.));
#2760 = DIRECTION('',(0.,-1.,0.));
#2761 = ADVANCED_FACE('',(#2762),#2780,.T.);
#2762 = FACE_BOUND('',#2763,.T.);
#2763 = EDGE_LOOP('',(#2764,#2772,#2778,#2779));
#2764 = ORIENTED_EDGE('',*,*,#2765,.T.);
#2765 = EDGE_CURVE('',#305,#2766,#2768,.T.);
#2766 = VERTEX_POINT('',#2767);
#2767 = CARTESIAN_POINT('',(-1.425,1.1,0.3));
#2768 = LINE('',#2769,#2770);
#2769 = CARTESIAN_POINT('',(-1.425,-2.6,0.3));
#2770 = VECTOR('',#2771,1.);
#2771 = DIRECTION('',(0.,1.,0.));
#2772 = ORIENTED_EDGE('',*,*,#2773,.T.);
#2773 = EDGE_CURVE('',#2766,#2742,#2774,.T.);
#2774 = LINE('',#2775,#2776);
#2775 = CARTESIAN_POINT('',(-4.125,1.1,0.3));
#2776 = VECTOR('',#2777,1.);
#2777 = DIRECTION('',(1.,0.,0.));
#2778 = ORIENTED_EDGE('',*,*,#2751,.T.);
#2779 = ORIENTED_EDGE('',*,*,#312,.T.);
#2780 = PLANE('',#2781);
#2781 = AXIS2_PLACEMENT_3D('',#2782,#2783,#2784);
#2782 = CARTESIAN_POINT('',(7.43245539498E-17,-0.75,0.3));
#2783 = DIRECTION('',(-0.,-0.,-1.));
#2784 = DIRECTION('',(-1.,0.,0.));
#2785 = ADVANCED_FACE('',(#2786),#2804,.T.);
#2786 = FACE_BOUND('',#2787,.T.);
#2787 = EDGE_LOOP('',(#2788,#2789,#2797,#2803));
#2788 = ORIENTED_EDGE('',*,*,#304,.T.);
#2789 = ORIENTED_EDGE('',*,*,#2790,.T.);
#2790 = EDGE_CURVE('',#297,#2791,#2793,.T.);
#2791 = VERTEX_POINT('',#2792);
#2792 = CARTESIAN_POINT('',(-1.425,1.1,0.8));
#2793 = LINE('',#2794,#2795);
#2794 = CARTESIAN_POINT('',(-1.425,-2.6,0.8));
#2795 = VECTOR('',#2796,1.);
#2796 = DIRECTION('',(0.,1.,0.));
#2797 = ORIENTED_EDGE('',*,*,#2798,.F.);
#2798 = EDGE_CURVE('',#2766,#2791,#2799,.T.);
#2799 = LINE('',#2800,#2801);
#2800 = CARTESIAN_POINT('',(-1.425,1.1,0.3));
#2801 = VECTOR('',#2802,1.);
#2802 = DIRECTION('',(0.,0.,1.));
#2803 = ORIENTED_EDGE('',*,*,#2765,.F.);
#2804 = PLANE('',#2805);
#2805 = AXIS2_PLACEMENT_3D('',#2806,#2807,#2808);
#2806 = CARTESIAN_POINT('',(-1.425,-2.6,0.3));
#2807 = DIRECTION('',(-1.,0.,0.));
#2808 = DIRECTION('',(0.,1.,0.));
#2809 = ADVANCED_FACE('',(#2810,#2828),#2894,.F.);
#2810 = FACE_BOUND('',#2811,.F.);
#2811 = EDGE_LOOP('',(#2812,#2813,#2814,#2822));
#2812 = ORIENTED_EDGE('',*,*,#296,.T.);
#2813 = ORIENTED_EDGE('',*,*,#2790,.T.);
#2814 = ORIENTED_EDGE('',*,*,#2815,.T.);
#2815 = EDGE_CURVE('',#2791,#2816,#2818,.T.);
#2816 = VERTEX_POINT('',#2817);
#2817 = CARTESIAN_POINT('',(-2.325,1.1,0.8));
#2818 = LINE('',#2819,#2820);
#2819 = CARTESIAN_POINT('',(-1.425,1.1,0.8));
#2820 = VECTOR('',#2821,1.);
#2821 = DIRECTION('',(-1.,0.,0.));
#2822 = ORIENTED_EDGE('',*,*,#2823,.T.);
#2823 = EDGE_CURVE('',#2816,#289,#2824,.T.);
#2824 = LINE('',#2825,#2826);
#2825 = CARTESIAN_POINT('',(-2.325,1.1,0.8));
#2826 = VECTOR('',#2827,1.);
#2827 = DIRECTION('',(0.,-1.,0.));
#2828 = FACE_BOUND('',#2829,.F.);
#2829 = EDGE_LOOP('',(#2830,#2840,#2848,#2856,#2864,#2872,#2880,#2888));
#2830 = ORIENTED_EDGE('',*,*,#2831,.T.);
#2831 = EDGE_CURVE('',#2832,#2834,#2836,.T.);
#2832 = VERTEX_POINT('',#2833);
#2833 = CARTESIAN_POINT('',(-2.035,0.8,0.8));
#2834 = VERTEX_POINT('',#2835);
#2835 = CARTESIAN_POINT('',(-1.715,0.8,0.8));
#2836 = LINE('',#2837,#2838);
#2837 = CARTESIAN_POINT('',(-2.035,0.8,0.8));
#2838 = VECTOR('',#2839,1.);
#2839 = DIRECTION('',(1.,0.,0.));
#2840 = ORIENTED_EDGE('',*,*,#2841,.T.);
#2841 = EDGE_CURVE('',#2834,#2842,#2844,.T.);
#2842 = VERTEX_POINT('',#2843);
#2843 = CARTESIAN_POINT('',(-1.715,-1.075,0.8));
#2844 = LINE('',#2845,#2846);
#2845 = CARTESIAN_POINT('',(-1.715,0.8,0.8));
#2846 = VECTOR('',#2847,1.);
#2847 = DIRECTION('',(0.,-1.,0.));
#2848 = ORIENTED_EDGE('',*,*,#2849,.F.);
#2849 = EDGE_CURVE('',#2850,#2842,#2852,.T.);
#2850 = VERTEX_POINT('',#2851);
#2851 = CARTESIAN_POINT('',(-1.715,-1.675,0.8));
#2852 = LINE('',#2853,#2854);
#2853 = CARTESIAN_POINT('',(-1.715,-0.749263401763,0.8));
#2854 = VECTOR('',#2855,1.);
#2855 = DIRECTION('',(-5.138674310239E-32,1.,0.));
#2856 = ORIENTED_EDGE('',*,*,#2857,.T.);
#2857 = EDGE_CURVE('',#2850,#2858,#2860,.T.);
#2858 = VERTEX_POINT('',#2859);
#2859 = CARTESIAN_POINT('',(-1.715,-2.3,0.8));
#2860 = LINE('',#2861,#2862);
#2861 = CARTESIAN_POINT('',(-1.715,-1.675,0.8));
#2862 = VECTOR('',#2863,1.);
#2863 = DIRECTION('',(0.,-1.,0.));
#2864 = ORIENTED_EDGE('',*,*,#2865,.F.);
#2865 = EDGE_CURVE('',#2866,#2858,#2868,.T.);
#2866 = VERTEX_POINT('',#2867);
#2867 = CARTESIAN_POINT('',(-2.035,-2.3,0.8));
#2868 = LINE('',#2869,#2870);
#2869 = CARTESIAN_POINT('',(-2.035,-2.3,0.8));
#2870 = VECTOR('',#2871,1.);
#2871 = DIRECTION('',(1.,0.,0.));
#2872 = ORIENTED_EDGE('',*,*,#2873,.F.);
#2873 = EDGE_CURVE('',#2874,#2866,#2876,.T.);
#2874 = VERTEX_POINT('',#2875);
#2875 = CARTESIAN_POINT('',(-2.035,-1.675,0.8));
#2876 = LINE('',#2877,#2878);
#2877 = CARTESIAN_POINT('',(-2.035,-1.675,0.8));
#2878 = VECTOR('',#2879,1.);
#2879 = DIRECTION('',(0.,-1.,0.));
#2880 = ORIENTED_EDGE('',*,*,#2881,.T.);
#2881 = EDGE_CURVE('',#2874,#2882,#2884,.T.);
#2882 = VERTEX_POINT('',#2883);
#2883 = CARTESIAN_POINT('',(-2.035,-1.075,0.8));
#2884 = LINE('',#2885,#2886);
#2885 = CARTESIAN_POINT('',(-2.035,-0.749263401763,0.8));
#2886 = VECTOR('',#2887,1.);
#2887 = DIRECTION('',(-5.138674310239E-32,1.,0.));
#2888 = ORIENTED_EDGE('',*,*,#2889,.F.);
#2889 = EDGE_CURVE('',#2832,#2882,#2890,.T.);
#2890 = LINE('',#2891,#2892);
#2891 = CARTESIAN_POINT('',(-2.035,0.8,0.8));
#2892 = VECTOR('',#2893,1.);
#2893 = DIRECTION('',(0.,-1.,0.));
#2894 = PLANE('',#2895);
#2895 = AXIS2_PLACEMENT_3D('',#2896,#2897,#2898);
#2896 = CARTESIAN_POINT('',(-1.875,-0.75,0.8));
#2897 = DIRECTION('',(0.,0.,1.));
#2898 = DIRECTION('',(1.,0.,-0.));
#2899 = ADVANCED_FACE('',(#2900),#2918,.T.);
#2900 = FACE_BOUND('',#2901,.T.);
#2901 = EDGE_LOOP('',(#2902,#2910,#2911,#2912));
#2902 = ORIENTED_EDGE('',*,*,#2903,.T.);
#2903 = EDGE_CURVE('',#2904,#2816,#2906,.T.);
#2904 = VERTEX_POINT('',#2905);
#2905 = CARTESIAN_POINT('',(-2.325,1.1,0.3));
#2906 = LINE('',#2907,#2908);
#2907 = CARTESIAN_POINT('',(-2.325,1.1,0.3));
#2908 = VECTOR('',#2909,1.);
#2909 = DIRECTION('',(0.,0.,1.));
#2910 = ORIENTED_EDGE('',*,*,#2823,.T.);
#2911 = ORIENTED_EDGE('',*,*,#288,.F.);
#2912 = ORIENTED_EDGE('',*,*,#2913,.F.);
#2913 = EDGE_CURVE('',#2904,#281,#2914,.T.);
#2914 = LINE('',#2915,#2916);
#2915 = CARTESIAN_POINT('',(-2.325,1.1,0.3));
#2916 = VECTOR('',#2917,1.);
#2917 = DIRECTION('',(0.,-1.,0.));
#2918 = PLANE('',#2919);
#2919 = AXIS2_PLACEMENT_3D('',#2920,#2921,#2922);
#2920 = CARTESIAN_POINT('',(-2.325,1.1,0.3));
#2921 = DIRECTION('',(1.,0.,0.));
#2922 = DIRECTION('',(0.,-1.,0.));
#2923 = ADVANCED_FACE('',(#2924),#2942,.T.);
#2924 = FACE_BOUND('',#2925,.T.);
#2925 = EDGE_LOOP('',(#2926,#2934,#2940,#2941));
#2926 = ORIENTED_EDGE('',*,*,#2927,.T.);
#2927 = EDGE_CURVE('',#273,#2928,#2930,.T.);
#2928 = VERTEX_POINT('',#2929);
#2929 = CARTESIAN_POINT('',(-2.675,1.1,0.3));
#2930 = LINE('',#2931,#2932);
#2931 = CARTESIAN_POINT('',(-2.675,-2.6,0.3));
#2932 = VECTOR('',#2933,1.);
#2933 = DIRECTION('',(0.,1.,0.));
#2934 = ORIENTED_EDGE('',*,*,#2935,.T.);
#2935 = EDGE_CURVE('',#2928,#2904,#2936,.T.);
#2936 = LINE('',#2937,#2938);
#2937 = CARTESIAN_POINT('',(-4.125,1.1,0.3));
#2938 = VECTOR('',#2939,1.);
#2939 = DIRECTION('',(1.,0.,0.));
#2940 = ORIENTED_EDGE('',*,*,#2913,.T.);
#2941 = ORIENTED_EDGE('',*,*,#280,.T.);
#2942 = PLANE('',#2943);
#2943 = AXIS2_PLACEMENT_3D('',#2944,#2945,#2946);
#2944 = CARTESIAN_POINT('',(7.43245539498E-17,-0.75,0.3));
#2945 = DIRECTION('',(-0.,-0.,-1.));
#2946 = DIRECTION('',(-1.,0.,0.));
#2947 = ADVANCED_FACE('',(#2948),#2966,.T.);
#2948 = FACE_BOUND('',#2949,.T.);
#2949 = EDGE_LOOP('',(#2950,#2951,#2959,#2965));
#2950 = ORIENTED_EDGE('',*,*,#272,.T.);
#2951 = ORIENTED_EDGE('',*,*,#2952,.T.);
#2952 = EDGE_CURVE('',#265,#2953,#2955,.T.);
#2953 = VERTEX_POINT('',#2954);
#2954 = CARTESIAN_POINT('',(-2.675,1.1,0.8));
#2955 = LINE('',#2956,#2957);
#2956 = CARTESIAN_POINT('',(-2.675,-2.6,0.8));
#2957 = VECTOR('',#2958,1.);
#2958 = DIRECTION('',(0.,1.,0.));
#2959 = ORIENTED_EDGE('',*,*,#2960,.F.);
#2960 = EDGE_CURVE('',#2928,#2953,#2961,.T.);
#2961 = LINE('',#2962,#2963);
#2962 = CARTESIAN_POINT('',(-2.675,1.1,0.3));
#2963 = VECTOR('',#2964,1.);
#2964 = DIRECTION('',(0.,0.,1.));
#2965 = ORIENTED_EDGE('',*,*,#2927,.F.);
#2966 = PLANE('',#2967);
#2967 = AXIS2_PLACEMENT_3D('',#2968,#2969,#2970);
#2968 = CARTESIAN_POINT('',(-2.675,-2.6,0.3));
#2969 = DIRECTION('',(-1.,0.,0.));
#2970 = DIRECTION('',(0.,1.,0.));
#2971 = ADVANCED_FACE('',(#2972,#2990),#3056,.F.);
#2972 = FACE_BOUND('',#2973,.F.);
#2973 = EDGE_LOOP('',(#2974,#2975,#2976,#2984));
#2974 = ORIENTED_EDGE('',*,*,#264,.T.);
#2975 = ORIENTED_EDGE('',*,*,#2952,.T.);
#2976 = ORIENTED_EDGE('',*,*,#2977,.T.);
#2977 = EDGE_CURVE('',#2953,#2978,#2980,.T.);
#2978 = VERTEX_POINT('',#2979);
#2979 = CARTESIAN_POINT('',(-3.575,1.1,0.8));
#2980 = LINE('',#2981,#2982);
#2981 = CARTESIAN_POINT('',(-2.675,1.1,0.8));
#2982 = VECTOR('',#2983,1.);
#2983 = DIRECTION('',(-1.,0.,0.));
#2984 = ORIENTED_EDGE('',*,*,#2985,.T.);
#2985 = EDGE_CURVE('',#2978,#257,#2986,.T.);
#2986 = LINE('',#2987,#2988);
#2987 = CARTESIAN_POINT('',(-3.575,1.1,0.8));
#2988 = VECTOR('',#2989,1.);
#2989 = DIRECTION('',(0.,-1.,0.));
#2990 = FACE_BOUND('',#2991,.F.);
#2991 = EDGE_LOOP('',(#2992,#3002,#3010,#3018,#3026,#3034,#3042,#3050));
#2992 = ORIENTED_EDGE('',*,*,#2993,.F.);
#2993 = EDGE_CURVE('',#2994,#2996,#2998,.T.);
#2994 = VERTEX_POINT('',#2995);
#2995 = CARTESIAN_POINT('',(-3.285,-1.675,0.8));
#2996 = VERTEX_POINT('',#2997);
#2997 = CARTESIAN_POINT('',(-3.285,-2.3,0.8));
#2998 = LINE('',#2999,#3000);
#2999 = CARTESIAN_POINT('',(-3.285,-1.675,0.8));
#3000 = VECTOR('',#3001,1.);
#3001 = DIRECTION('',(0.,-1.,0.));
#3002 = ORIENTED_EDGE('',*,*,#3003,.T.);
#3003 = EDGE_CURVE('',#2994,#3004,#3006,.T.);
#3004 = VERTEX_POINT('',#3005);
#3005 = CARTESIAN_POINT('',(-3.285,-1.075,0.8));
#3006 = LINE('',#3007,#3008);
#3007 = CARTESIAN_POINT('',(-3.285,-0.749263401763,0.8));
#3008 = VECTOR('',#3009,1.);
#3009 = DIRECTION('',(-5.138674310239E-32,1.,0.));
#3010 = ORIENTED_EDGE('',*,*,#3011,.F.);
#3011 = EDGE_CURVE('',#3012,#3004,#3014,.T.);
#3012 = VERTEX_POINT('',#3013);
#3013 = CARTESIAN_POINT('',(-3.285,0.8,0.8));
#3014 = LINE('',#3015,#3016);
#3015 = CARTESIAN_POINT('',(-3.285,0.8,0.8));
#3016 = VECTOR('',#3017,1.);
#3017 = DIRECTION('',(0.,-1.,0.));
#3018 = ORIENTED_EDGE('',*,*,#3019,.T.);
#3019 = EDGE_CURVE('',#3012,#3020,#3022,.T.);
#3020 = VERTEX_POINT('',#3021);
#3021 = CARTESIAN_POINT('',(-2.965,0.8,0.8));
#3022 = LINE('',#3023,#3024);
#3023 = CARTESIAN_POINT('',(-3.285,0.8,0.8));
#3024 = VECTOR('',#3025,1.);
#3025 = DIRECTION('',(1.,0.,0.));
#3026 = ORIENTED_EDGE('',*,*,#3027,.T.);
#3027 = EDGE_CURVE('',#3020,#3028,#3030,.T.);
#3028 = VERTEX_POINT('',#3029);
#3029 = CARTESIAN_POINT('',(-2.965,-1.075,0.8));
#3030 = LINE('',#3031,#3032);
#3031 = CARTESIAN_POINT('',(-2.965,0.8,0.8));
#3032 = VECTOR('',#3033,1.);
#3033 = DIRECTION('',(0.,-1.,0.));
#3034 = ORIENTED_EDGE('',*,*,#3035,.F.);
#3035 = EDGE_CURVE('',#3036,#3028,#3038,.T.);
#3036 = VERTEX_POINT('',#3037);
#3037 = CARTESIAN_POINT('',(-2.965,-1.675,0.8));
#3038 = LINE('',#3039,#3040);
#3039 = CARTESIAN_POINT('',(-2.965,-0.749263401763,0.8));
#3040 = VECTOR('',#3041,1.);
#3041 = DIRECTION('',(-5.138674310239E-32,1.,0.));
#3042 = ORIENTED_EDGE('',*,*,#3043,.T.);
#3043 = EDGE_CURVE('',#3036,#3044,#3046,.T.);
#3044 = VERTEX_POINT('',#3045);
#3045 = CARTESIAN_POINT('',(-2.965,-2.3,0.8));
#3046 = LINE('',#3047,#3048);
#3047 = CARTESIAN_POINT('',(-2.965,-1.675,0.8));
#3048 = VECTOR('',#3049,1.);
#3049 = DIRECTION('',(0.,-1.,0.));
#3050 = ORIENTED_EDGE('',*,*,#3051,.F.);
#3051 = EDGE_CURVE('',#2996,#3044,#3052,.T.);
#3052 = LINE('',#3053,#3054);
#3053 = CARTESIAN_POINT('',(-3.285,-2.3,0.8));
#3054 = VECTOR('',#3055,1.);
#3055 = DIRECTION('',(1.,0.,0.));
#3056 = PLANE('',#3057);
#3057 = AXIS2_PLACEMENT_3D('',#3058,#3059,#3060);
#3058 = CARTESIAN_POINT('',(-3.125,-0.75,0.8));
#3059 = DIRECTION('',(0.,0.,1.));
#3060 = DIRECTION('',(1.,0.,-0.));
#3061 = ADVANCED_FACE('',(#3062),#3080,.T.);
#3062 = FACE_BOUND('',#3063,.T.);
#3063 = EDGE_LOOP('',(#3064,#3072,#3073,#3074));
#3064 = ORIENTED_EDGE('',*,*,#3065,.T.);
#3065 = EDGE_CURVE('',#3066,#2978,#3068,.T.);
#3066 = VERTEX_POINT('',#3067);
#3067 = CARTESIAN_POINT('',(-3.575,1.1,0.3));
#3068 = LINE('',#3069,#3070);
#3069 = CARTESIAN_POINT('',(-3.575,1.1,0.3));
#3070 = VECTOR('',#3071,1.);
#3071 = DIRECTION('',(0.,0.,1.));
#3072 = ORIENTED_EDGE('',*,*,#2985,.T.);
#3073 = ORIENTED_EDGE('',*,*,#256,.F.);
#3074 = ORIENTED_EDGE('',*,*,#3075,.F.);
#3075 = EDGE_CURVE('',#3066,#249,#3076,.T.);
#3076 = LINE('',#3077,#3078);
#3077 = CARTESIAN_POINT('',(-3.575,1.1,0.3));
#3078 = VECTOR('',#3079,1.);
#3079 = DIRECTION('',(0.,-1.,0.));
#3080 = PLANE('',#3081);
#3081 = AXIS2_PLACEMENT_3D('',#3082,#3083,#3084);
#3082 = CARTESIAN_POINT('',(-3.575,1.1,0.3));
#3083 = DIRECTION('',(1.,0.,0.));
#3084 = DIRECTION('',(0.,-1.,0.));
#3085 = ADVANCED_FACE('',(#3086),#3104,.T.);
#3086 = FACE_BOUND('',#3087,.T.);
#3087 = EDGE_LOOP('',(#3088,#3096,#3102,#3103));
#3088 = ORIENTED_EDGE('',*,*,#3089,.T.);
#3089 = EDGE_CURVE('',#241,#3090,#3092,.T.);
#3090 = VERTEX_POINT('',#3091);
#3091 = CARTESIAN_POINT('',(-4.125,1.1,0.3));
#3092 = LINE('',#3093,#3094);
#3093 = CARTESIAN_POINT('',(-4.125,-2.6,0.3));
#3094 = VECTOR('',#3095,1.);
#3095 = DIRECTION('',(0.,1.,0.));
#3096 = ORIENTED_EDGE('',*,*,#3097,.T.);
#3097 = EDGE_CURVE('',#3090,#3066,#3098,.T.);
#3098 = LINE('',#3099,#3100);
#3099 = CARTESIAN_POINT('',(-4.125,1.1,0.3));
#3100 = VECTOR('',#3101,1.);
#3101 = DIRECTION('',(1.,0.,0.));
#3102 = ORIENTED_EDGE('',*,*,#3075,.T.);
#3103 = ORIENTED_EDGE('',*,*,#248,.T.);
#3104 = PLANE('',#3105);
#3105 = AXIS2_PLACEMENT_3D('',#3106,#3107,#3108);
#3106 = CARTESIAN_POINT('',(7.43245539498E-17,-0.75,0.3));
#3107 = DIRECTION('',(-0.,-0.,-1.));
#3108 = DIRECTION('',(-1.,0.,0.));
#3109 = ADVANCED_FACE('',(#3110),#3128,.F.);
#3110 = FACE_BOUND('',#3111,.F.);
#3111 = EDGE_LOOP('',(#3112,#3113,#3114,#3122));
#3112 = ORIENTED_EDGE('',*,*,#240,.T.);
#3113 = ORIENTED_EDGE('',*,*,#3089,.T.);
#3114 = ORIENTED_EDGE('',*,*,#3115,.F.);
#3115 = EDGE_CURVE('',#3116,#3090,#3118,.T.);
#3116 = VERTEX_POINT('',#3117);
#3117 = CARTESIAN_POINT('',(-4.125,1.1,0.));
#3118 = LINE('',#3119,#3120);
#3119 = CARTESIAN_POINT('',(-4.125,1.1,0.));
#3120 = VECTOR('',#3121,1.);
#3121 = DIRECTION('',(0.,0.,1.));
#3122 = ORIENTED_EDGE('',*,*,#3123,.F.);
#3123 = EDGE_CURVE('',#233,#3116,#3124,.T.);
#3124 = LINE('',#3125,#3126);
#3125 = CARTESIAN_POINT('',(-4.125,-2.6,0.));
#3126 = VECTOR('',#3127,1.);
#3127 = DIRECTION('',(0.,1.,0.));
#3128 = PLANE('',#3129);
#3129 = AXIS2_PLACEMENT_3D('',#3130,#3131,#3132);
#3130 = CARTESIAN_POINT('',(-4.125,-2.6,0.));
#3131 = DIRECTION('',(-1.,0.,0.));
#3132 = DIRECTION('',(0.,1.,0.));
#3133 = ADVANCED_FACE('',(#3134),#3145,.F.);
#3134 = FACE_BOUND('',#3135,.F.);
#3135 = EDGE_LOOP('',(#3136,#3137,#3138,#3139));
#3136 = ORIENTED_EDGE('',*,*,#810,.T.);
#3137 = ORIENTED_EDGE('',*,*,#232,.T.);
#3138 = ORIENTED_EDGE('',*,*,#3123,.T.);
#3139 = ORIENTED_EDGE('',*,*,#3140,.T.);
#3140 = EDGE_CURVE('',#3116,#801,#3141,.T.);
#3141 = LINE('',#3142,#3143);
#3142 = CARTESIAN_POINT('',(4.625,1.1,0.));
#3143 = VECTOR('',#3144,1.);
#3144 = DIRECTION('',(-1.,0.,0.));
#3145 = PLANE('',#3146);
#3146 = AXIS2_PLACEMENT_3D('',#3147,#3148,#3149);
#3147 = CARTESIAN_POINT('',(-1.371704123089E-16,-0.75,0.));
#3148 = DIRECTION('',(0.,0.,1.));
#3149 = DIRECTION('',(1.,0.,-0.));
#3150 = ADVANCED_FACE('',(#3151),#3169,.T.);
#3151 = FACE_BOUND('',#3152,.T.);
#3152 = EDGE_LOOP('',(#3153,#3161,#3162,#3163));
#3153 = ORIENTED_EDGE('',*,*,#3154,.T.);
#3154 = EDGE_CURVE('',#3155,#209,#3157,.T.);
#3155 = VERTEX_POINT('',#3156);
#3156 = CARTESIAN_POINT('',(-4.625,-0.4,1.25));
#3157 = LINE('',#3158,#3159);
#3158 = CARTESIAN_POINT('',(-4.625,-0.4,1.25));
#3159 = VECTOR('',#3160,1.);
#3160 = DIRECTION('',(0.,-1.,0.));
#3161 = ORIENTED_EDGE('',*,*,#208,.F.);
#3162 = ORIENTED_EDGE('',*,*,#1130,.T.);
#3163 = ORIENTED_EDGE('',*,*,#3164,.T.);
#3164 = EDGE_CURVE('',#1123,#3155,#3165,.T.);
#3165 = LINE('',#3166,#3167);
#3166 = CARTESIAN_POINT('',(-4.625,-0.4,1.6));
#3167 = VECTOR('',#3168,1.);
#3168 = DIRECTION('',(0.,0.,-1.));
#3169 = PLANE('',#3170);
#3170 = AXIS2_PLACEMENT_3D('',#3171,#3172,#3173);
#3171 = CARTESIAN_POINT('',(-4.625,-0.7176,2.0708));
#3172 = DIRECTION('',(-1.,-1.488420196459E-31,-2.562529062342E-31));
#3173 = DIRECTION('',(2.562529062342E-31,1.433581264331E-78,-1.));
#3174 = ADVANCED_FACE('',(#3175),#3214,.F.);
#3175 = FACE_BOUND('',#3176,.F.);
#3176 = EDGE_LOOP('',(#3177,#3178,#3179,#3185,#3186,#3187,#3188,#3189,
    #3190,#3191,#3192,#3193,#3194,#3195,#3196,#3197,#3198,#3199,#3200,
    #3201,#3202,#3203,#3204,#3205,#3206,#3207,#3208,#3209,#3210,#3211,
    #3212,#3213));
#3177 = ORIENTED_EDGE('',*,*,#2079,.F.);
#3178 = ORIENTED_EDGE('',*,*,#1686,.T.);
#3179 = ORIENTED_EDGE('',*,*,#3180,.T.);
#3180 = EDGE_CURVE('',#1687,#803,#3181,.T.);
#3181 = LINE('',#3182,#3183);
#3182 = CARTESIAN_POINT('',(4.625,1.1,1.7));
#3183 = VECTOR('',#3184,1.);
#3184 = DIRECTION('',(-1.,0.,0.));
#3185 = ORIENTED_EDGE('',*,*,#800,.F.);
#3186 = ORIENTED_EDGE('',*,*,#3140,.F.);
#3187 = ORIENTED_EDGE('',*,*,#3115,.T.);
#3188 = ORIENTED_EDGE('',*,*,#3097,.T.);
#3189 = ORIENTED_EDGE('',*,*,#3065,.T.);
#3190 = ORIENTED_EDGE('',*,*,#2977,.F.);
#3191 = ORIENTED_EDGE('',*,*,#2960,.F.);
#3192 = ORIENTED_EDGE('',*,*,#2935,.T.);
#3193 = ORIENTED_EDGE('',*,*,#2903,.T.);
#3194 = ORIENTED_EDGE('',*,*,#2815,.F.);
#3195 = ORIENTED_EDGE('',*,*,#2798,.F.);
#3196 = ORIENTED_EDGE('',*,*,#2773,.T.);
#3197 = ORIENTED_EDGE('',*,*,#2741,.T.);
#3198 = ORIENTED_EDGE('',*,*,#2653,.F.);
#3199 = ORIENTED_EDGE('',*,*,#2636,.F.);
#3200 = ORIENTED_EDGE('',*,*,#2611,.T.);
#3201 = ORIENTED_EDGE('',*,*,#2579,.T.);
#3202 = ORIENTED_EDGE('',*,*,#2491,.F.);
#3203 = ORIENTED_EDGE('',*,*,#2474,.F.);
#3204 = ORIENTED_EDGE('',*,*,#2449,.T.);
#3205 = ORIENTED_EDGE('',*,*,#2417,.T.);
#3206 = ORIENTED_EDGE('',*,*,#2329,.F.);
#3207 = ORIENTED_EDGE('',*,*,#2312,.F.);
#3208 = ORIENTED_EDGE('',*,*,#2287,.T.);
#3209 = ORIENTED_EDGE('',*,*,#2255,.T.);
#3210 = ORIENTED_EDGE('',*,*,#2167,.F.);
#3211 = ORIENTED_EDGE('',*,*,#2150,.F.);
#3212 = ORIENTED_EDGE('',*,*,#2125,.T.);
#3213 = ORIENTED_EDGE('',*,*,#2093,.F.);
#3214 = PLANE('',#3215);
#3215 = AXIS2_PLACEMENT_3D('',#3216,#3217,#3218);
#3216 = CARTESIAN_POINT('',(4.625,1.1,0.));
#3217 = DIRECTION('',(0.,-1.,0.));
#3218 = DIRECTION('',(-1.,0.,0.));
#3219 = ADVANCED_FACE('',(#3220,#3279,#3313,#3347,#3381,#3415,#3449),
  #3483,.T.);
#3220 = FACE_BOUND('',#3221,.T.);
#3221 = EDGE_LOOP('',(#3222,#3223,#3231,#3239,#3247,#3253,#3254,#3255,
    #3256,#3264,#3272,#3278));
#3222 = ORIENTED_EDGE('',*,*,#954,.T.);
#3223 = ORIENTED_EDGE('',*,*,#3224,.T.);
#3224 = EDGE_CURVE('',#955,#3225,#3227,.T.);
#3225 = VERTEX_POINT('',#3226);
#3226 = CARTESIAN_POINT('',(4.025,0.2,1.7));
#3227 = LINE('',#3228,#3229);
#3228 = CARTESIAN_POINT('',(4.025,-2.2,1.7));
#3229 = VECTOR('',#3230,1.);
#3230 = DIRECTION('',(0.,1.,0.));
#3231 = ORIENTED_EDGE('',*,*,#3232,.T.);
#3232 = EDGE_CURVE('',#3225,#3233,#3235,.T.);
#3233 = VERTEX_POINT('',#3234);
#3234 = CARTESIAN_POINT('',(3.675,0.2,1.7));
#3235 = LINE('',#3236,#3237);
#3236 = CARTESIAN_POINT('',(4.025,0.2,1.7));
#3237 = VECTOR('',#3238,1.);
#3238 = DIRECTION('',(-1.,-6.344131569287E-16,0.));
#3239 = ORIENTED_EDGE('',*,*,#3240,.T.);
#3240 = EDGE_CURVE('',#3233,#3241,#3243,.T.);
#3241 = VERTEX_POINT('',#3242);
#3242 = CARTESIAN_POINT('',(3.675,0.9,1.7));
#3243 = LINE('',#3244,#3245);
#3244 = CARTESIAN_POINT('',(3.675,0.2,1.7));
#3245 = VECTOR('',#3246,1.);
#3246 = DIRECTION('',(0.,1.,0.));
#3247 = ORIENTED_EDGE('',*,*,#3248,.T.);
#3248 = EDGE_CURVE('',#3241,#1695,#3249,.T.);
#3249 = LINE('',#3250,#3251);
#3250 = CARTESIAN_POINT('',(3.675,0.9,1.7));
#3251 = VECTOR('',#3252,1.);
#3252 = DIRECTION('',(1.,0.,0.));
#3253 = ORIENTED_EDGE('',*,*,#1694,.T.);
#3254 = ORIENTED_EDGE('',*,*,#3180,.T.);
#3255 = ORIENTED_EDGE('',*,*,#881,.T.);
#3256 = ORIENTED_EDGE('',*,*,#3257,.T.);
#3257 = EDGE_CURVE('',#874,#3258,#3260,.T.);
#3258 = VERTEX_POINT('',#3259);
#3259 = CARTESIAN_POINT('',(-3.675,0.9,1.7));
#3260 = LINE('',#3261,#3262);
#3261 = CARTESIAN_POINT('',(-4.625,0.9,1.7));
#3262 = VECTOR('',#3263,1.);
#3263 = DIRECTION('',(1.,0.,0.));
#3264 = ORIENTED_EDGE('',*,*,#3265,.T.);
#3265 = EDGE_CURVE('',#3258,#3266,#3268,.T.);
#3266 = VERTEX_POINT('',#3267);
#3267 = CARTESIAN_POINT('',(-3.675,0.2,1.7));
#3268 = LINE('',#3269,#3270);
#3269 = CARTESIAN_POINT('',(-3.675,0.9,1.7));
#3270 = VECTOR('',#3271,1.);
#3271 = DIRECTION('',(0.,-1.,0.));
#3272 = ORIENTED_EDGE('',*,*,#3273,.T.);
#3273 = EDGE_CURVE('',#3266,#922,#3274,.T.);
#3274 = LINE('',#3275,#3276);
#3275 = CARTESIAN_POINT('',(-3.675,0.2,1.7));
#3276 = VECTOR('',#3277,1.);
#3277 = DIRECTION('',(-1.,-6.344131569287E-16,0.));
#3278 = ORIENTED_EDGE('',*,*,#929,.T.);
#3279 = FACE_BOUND('',#3280,.T.);
#3280 = EDGE_LOOP('',(#3281,#3291,#3299,#3307));
#3281 = ORIENTED_EDGE('',*,*,#3282,.T.);
#3282 = EDGE_CURVE('',#3283,#3285,#3287,.T.);
#3283 = VERTEX_POINT('',#3284);
#3284 = CARTESIAN_POINT('',(-0.785,-1.675,1.7));
#3285 = VERTEX_POINT('',#3286);
#3286 = CARTESIAN_POINT('',(-0.785,-1.075,1.7));
#3287 = LINE('',#3288,#3289);
#3288 = CARTESIAN_POINT('',(-0.785,-0.550018118745,1.7));
#3289 = VECTOR('',#3290,1.);
#3290 = DIRECTION('',(-5.138674310239E-32,1.,6.338499906524E-32));
#3291 = ORIENTED_EDGE('',*,*,#3292,.T.);
#3292 = EDGE_CURVE('',#3285,#3293,#3295,.T.);
#3293 = VERTEX_POINT('',#3294);
#3294 = CARTESIAN_POINT('',(-0.465,-1.075,1.7));
#3295 = LINE('',#3296,#3297);
#3296 = CARTESIAN_POINT('',(-0.3925,-1.075,1.7));
#3297 = VECTOR('',#3298,1.);
#3298 = DIRECTION('',(1.,0.,-3.823970880289E-33));
#3299 = ORIENTED_EDGE('',*,*,#3300,.F.);
#3300 = EDGE_CURVE('',#3301,#3293,#3303,.T.);
#3301 = VERTEX_POINT('',#3302);
#3302 = CARTESIAN_POINT('',(-0.465,-1.675,1.7));
#3303 = LINE('',#3304,#3305);
#3304 = CARTESIAN_POINT('',(-0.465,-0.550018118745,1.7));
#3305 = VECTOR('',#3306,1.);
#3306 = DIRECTION('',(-5.138674310239E-32,1.,6.338499906524E-32));
#3307 = ORIENTED_EDGE('',*,*,#3308,.T.);
#3308 = EDGE_CURVE('',#3301,#3283,#3309,.T.);
#3309 = LINE('',#3310,#3311);
#3310 = CARTESIAN_POINT('',(-0.3925,-1.675,1.7));
#3311 = VECTOR('',#3312,1.);
#3312 = DIRECTION('',(-1.,0.,3.823970880289E-33));
#3313 = FACE_BOUND('',#3314,.T.);
#3314 = EDGE_LOOP('',(#3315,#3325,#3333,#3341));
#3315 = ORIENTED_EDGE('',*,*,#3316,.T.);
#3316 = EDGE_CURVE('',#3317,#3319,#3321,.T.);
#3317 = VERTEX_POINT('',#3318);
#3318 = CARTESIAN_POINT('',(0.785,-1.675,1.7));
#3319 = VERTEX_POINT('',#3320);
#3320 = CARTESIAN_POINT('',(0.465,-1.675,1.7));
#3321 = LINE('',#3322,#3323);
#3322 = CARTESIAN_POINT('',(0.2325,-1.675,1.7));
#3323 = VECTOR('',#3324,1.);
#3324 = DIRECTION('',(-1.,0.,3.823970880289E-33));
#3325 = ORIENTED_EDGE('',*,*,#3326,.T.);
#3326 = EDGE_CURVE('',#3319,#3327,#3329,.T.);
#3327 = VERTEX_POINT('',#3328);
#3328 = CARTESIAN_POINT('',(0.465,-1.075,1.7));
#3329 = LINE('',#3330,#3331);
#3330 = CARTESIAN_POINT('',(0.465,-0.550018118745,1.7));
#3331 = VECTOR('',#3332,1.);
#3332 = DIRECTION('',(-5.138674310239E-32,1.,6.338499906524E-32));
#3333 = ORIENTED_EDGE('',*,*,#3334,.T.);
#3334 = EDGE_CURVE('',#3327,#3335,#3337,.T.);
#3335 = VERTEX_POINT('',#3336);
#3336 = CARTESIAN_POINT('',(0.785,-1.075,1.7));
#3337 = LINE('',#3338,#3339);
#3338 = CARTESIAN_POINT('',(0.2325,-1.075,1.7));
#3339 = VECTOR('',#3340,1.);
#3340 = DIRECTION('',(1.,0.,-3.823970880289E-33));
#3341 = ORIENTED_EDGE('',*,*,#3342,.F.);
#3342 = EDGE_CURVE('',#3317,#3335,#3343,.T.);
#3343 = LINE('',#3344,#3345);
#3344 = CARTESIAN_POINT('',(0.785,-0.550018118745,1.7));
#3345 = VECTOR('',#3346,1.);
#3346 = DIRECTION('',(-5.138674310239E-32,1.,6.338499906524E-32));
#3347 = FACE_BOUND('',#3348,.T.);
#3348 = EDGE_LOOP('',(#3349,#3359,#3367,#3375));
#3349 = ORIENTED_EDGE('',*,*,#3350,.T.);
#3350 = EDGE_CURVE('',#3351,#3353,#3355,.T.);
#3351 = VERTEX_POINT('',#3352);
#3352 = CARTESIAN_POINT('',(3.285,-1.675,1.7));
#3353 = VERTEX_POINT('',#3354);
#3354 = CARTESIAN_POINT('',(2.965,-1.675,1.7));
#3355 = LINE('',#3356,#3357);
#3356 = CARTESIAN_POINT('',(1.4825,-1.675,1.7));
#3357 = VECTOR('',#3358,1.);
#3358 = DIRECTION('',(-1.,0.,3.823970880289E-33));
#3359 = ORIENTED_EDGE('',*,*,#3360,.T.);
#3360 = EDGE_CURVE('',#3353,#3361,#3363,.T.);
#3361 = VERTEX_POINT('',#3362);
#3362 = CARTESIAN_POINT('',(2.965,-1.075,1.7));
#3363 = LINE('',#3364,#3365);
#3364 = CARTESIAN_POINT('',(2.965,-0.550018118745,1.7));
#3365 = VECTOR('',#3366,1.);
#3366 = DIRECTION('',(-5.138674310239E-32,1.,6.338499906524E-32));
#3367 = ORIENTED_EDGE('',*,*,#3368,.T.);
#3368 = EDGE_CURVE('',#3361,#3369,#3371,.T.);
#3369 = VERTEX_POINT('',#3370);
#3370 = CARTESIAN_POINT('',(3.285,-1.075,1.7));
#3371 = LINE('',#3372,#3373);
#3372 = CARTESIAN_POINT('',(1.4825,-1.075,1.7));
#3373 = VECTOR('',#3374,1.);
#3374 = DIRECTION('',(1.,0.,-3.823970880289E-33));
#3375 = ORIENTED_EDGE('',*,*,#3376,.F.);
#3376 = EDGE_CURVE('',#3351,#3369,#3377,.T.);
#3377 = LINE('',#3378,#3379);
#3378 = CARTESIAN_POINT('',(3.285,-0.550018118745,1.7));
#3379 = VECTOR('',#3380,1.);
#3380 = DIRECTION('',(-5.138674310239E-32,1.,6.338499906524E-32));
#3381 = FACE_BOUND('',#3382,.T.);
#3382 = EDGE_LOOP('',(#3383,#3393,#3401,#3409));
#3383 = ORIENTED_EDGE('',*,*,#3384,.F.);
#3384 = EDGE_CURVE('',#3385,#3387,#3389,.T.);
#3385 = VERTEX_POINT('',#3386);
#3386 = CARTESIAN_POINT('',(2.035,-1.675,1.7));
#3387 = VERTEX_POINT('',#3388);
#3388 = CARTESIAN_POINT('',(2.035,-1.075,1.7));
#3389 = LINE('',#3390,#3391);
#3390 = CARTESIAN_POINT('',(2.035,-0.550018118745,1.7));
#3391 = VECTOR('',#3392,1.);
#3392 = DIRECTION('',(-5.138674310239E-32,1.,6.338499906524E-32));
#3393 = ORIENTED_EDGE('',*,*,#3394,.T.);
#3394 = EDGE_CURVE('',#3385,#3395,#3397,.T.);
#3395 = VERTEX_POINT('',#3396);
#3396 = CARTESIAN_POINT('',(1.715,-1.675,1.7));
#3397 = LINE('',#3398,#3399);
#3398 = CARTESIAN_POINT('',(0.8575,-1.675,1.7));
#3399 = VECTOR('',#3400,1.);
#3400 = DIRECTION('',(-1.,0.,3.823970880289E-33));
#3401 = ORIENTED_EDGE('',*,*,#3402,.T.);
#3402 = EDGE_CURVE('',#3395,#3403,#3405,.T.);
#3403 = VERTEX_POINT('',#3404);
#3404 = CARTESIAN_POINT('',(1.715,-1.075,1.7));
#3405 = LINE('',#3406,#3407);
#3406 = CARTESIAN_POINT('',(1.715,-0.550018118745,1.7));
#3407 = VECTOR('',#3408,1.);
#3408 = DIRECTION('',(-5.138674310239E-32,1.,6.338499906524E-32));
#3409 = ORIENTED_EDGE('',*,*,#3410,.T.);
#3410 = EDGE_CURVE('',#3403,#3387,#3411,.T.);
#3411 = LINE('',#3412,#3413);
#3412 = CARTESIAN_POINT('',(0.8575,-1.075,1.7));
#3413 = VECTOR('',#3414,1.);
#3414 = DIRECTION('',(1.,0.,-3.823970880289E-33));
#3415 = FACE_BOUND('',#3416,.T.);
#3416 = EDGE_LOOP('',(#3417,#3427,#3435,#3443));
#3417 = ORIENTED_EDGE('',*,*,#3418,.T.);
#3418 = EDGE_CURVE('',#3419,#3421,#3423,.T.);
#3419 = VERTEX_POINT('',#3420);
#3420 = CARTESIAN_POINT('',(-3.285,-1.675,1.7));
#3421 = VERTEX_POINT('',#3422);
#3422 = CARTESIAN_POINT('',(-3.285,-1.075,1.7));
#3423 = LINE('',#3424,#3425);
#3424 = CARTESIAN_POINT('',(-3.285,-0.550018118745,1.7));
#3425 = VECTOR('',#3426,1.);
#3426 = DIRECTION('',(-5.138674310239E-32,1.,6.338499906524E-32));
#3427 = ORIENTED_EDGE('',*,*,#3428,.T.);
#3428 = EDGE_CURVE('',#3421,#3429,#3431,.T.);
#3429 = VERTEX_POINT('',#3430);
#3430 = CARTESIAN_POINT('',(-2.965,-1.075,1.7));
#3431 = LINE('',#3432,#3433);
#3432 = CARTESIAN_POINT('',(-1.6425,-1.075,1.7));
#3433 = VECTOR('',#3434,1.);
#3434 = DIRECTION('',(1.,0.,-3.823970880289E-33));
#3435 = ORIENTED_EDGE('',*,*,#3436,.F.);
#3436 = EDGE_CURVE('',#3437,#3429,#3439,.T.);
#3437 = VERTEX_POINT('',#3438);
#3438 = CARTESIAN_POINT('',(-2.965,-1.675,1.7));
#3439 = LINE('',#3440,#3441);
#3440 = CARTESIAN_POINT('',(-2.965,-0.550018118745,1.7));
#3441 = VECTOR('',#3442,1.);
#3442 = DIRECTION('',(-5.138674310239E-32,1.,6.338499906524E-32));
#3443 = ORIENTED_EDGE('',*,*,#3444,.T.);
#3444 = EDGE_CURVE('',#3437,#3419,#3445,.T.);
#3445 = LINE('',#3446,#3447);
#3446 = CARTESIAN_POINT('',(-1.6425,-1.675,1.7));
#3447 = VECTOR('',#3448,1.);
#3448 = DIRECTION('',(-1.,0.,3.823970880289E-33));
#3449 = FACE_BOUND('',#3450,.T.);
#3450 = EDGE_LOOP('',(#3451,#3461,#3469,#3477));
#3451 = ORIENTED_EDGE('',*,*,#3452,.F.);
#3452 = EDGE_CURVE('',#3453,#3455,#3457,.T.);
#3453 = VERTEX_POINT('',#3454);
#3454 = CARTESIAN_POINT('',(-1.715,-1.675,1.7));
#3455 = VERTEX_POINT('',#3456);
#3456 = CARTESIAN_POINT('',(-1.715,-1.075,1.7));
#3457 = LINE('',#3458,#3459);
#3458 = CARTESIAN_POINT('',(-1.715,-0.550018118745,1.7));
#3459 = VECTOR('',#3460,1.);
#3460 = DIRECTION('',(-5.138674310239E-32,1.,6.338499906524E-32));
#3461 = ORIENTED_EDGE('',*,*,#3462,.T.);
#3462 = EDGE_CURVE('',#3453,#3463,#3465,.T.);
#3463 = VERTEX_POINT('',#3464);
#3464 = CARTESIAN_POINT('',(-2.035,-1.675,1.7));
#3465 = LINE('',#3466,#3467);
#3466 = CARTESIAN_POINT('',(-1.0175,-1.675,1.7));
#3467 = VECTOR('',#3468,1.);
#3468 = DIRECTION('',(-1.,0.,3.823970880289E-33));
#3469 = ORIENTED_EDGE('',*,*,#3470,.T.);
#3470 = EDGE_CURVE('',#3463,#3471,#3473,.T.);
#3471 = VERTEX_POINT('',#3472);
#3472 = CARTESIAN_POINT('',(-2.035,-1.075,1.7));
#3473 = LINE('',#3474,#3475);
#3474 = CARTESIAN_POINT('',(-2.035,-0.550018118745,1.7));
#3475 = VECTOR('',#3476,1.);
#3476 = DIRECTION('',(-5.138674310239E-32,1.,6.338499906524E-32));
#3477 = ORIENTED_EDGE('',*,*,#3478,.T.);
#3478 = EDGE_CURVE('',#3471,#3455,#3479,.T.);
#3479 = LINE('',#3480,#3481);
#3480 = CARTESIAN_POINT('',(-1.0175,-1.075,1.7));
#3481 = VECTOR('',#3482,1.);
#3482 = DIRECTION('',(1.,0.,-3.823970880289E-33));
#3483 = PLANE('',#3484);
#3484 = AXIS2_PLACEMENT_3D('',#3485,#3486,#3487);
#3485 = CARTESIAN_POINT('',(-6.703233356227E-17,-0.351509433962,1.7));
#3486 = DIRECTION('',(3.823970880289E-33,-6.338499906524E-32,1.));
#3487 = DIRECTION('',(8.623585168376E-81,1.,6.338499906524E-32));
#3488 = ADVANCED_FACE('',(#3489),#3507,.F.);
#3489 = FACE_BOUND('',#3490,.F.);
#3490 = EDGE_LOOP('',(#3491,#3499,#3500,#3501));
#3491 = ORIENTED_EDGE('',*,*,#3492,.T.);
#3492 = EDGE_CURVE('',#3493,#866,#3495,.T.);
#3493 = VERTEX_POINT('',#3494);
#3494 = CARTESIAN_POINT('',(-3.675,0.9,3.7));
#3495 = LINE('',#3496,#3497);
#3496 = CARTESIAN_POINT('',(4.625,0.9,3.7));
#3497 = VECTOR('',#3498,1.);
#3498 = DIRECTION('',(-1.,0.,0.));
#3499 = ORIENTED_EDGE('',*,*,#873,.T.);
#3500 = ORIENTED_EDGE('',*,*,#3257,.T.);
#3501 = ORIENTED_EDGE('',*,*,#3502,.F.);
#3502 = EDGE_CURVE('',#3493,#3258,#3503,.T.);
#3503 = LINE('',#3504,#3505);
#3504 = CARTESIAN_POINT('',(-3.675,0.9,4.7));
#3505 = VECTOR('',#3506,1.);
#3506 = DIRECTION('',(-0.,-0.,-1.));
#3507 = PLANE('',#3508);
#3508 = AXIS2_PLACEMENT_3D('',#3509,#3510,#3511);
#3509 = CARTESIAN_POINT('',(-4.625,0.9,4.7));
#3510 = DIRECTION('',(0.,-1.,0.));
#3511 = DIRECTION('',(1.,0.,0.));
#3512 = ADVANCED_FACE('',(#3513),#3532,.T.);
#3513 = FACE_BOUND('',#3514,.T.);
#3514 = EDGE_LOOP('',(#3515,#3516,#3517,#3525,#3531));
#3515 = ORIENTED_EDGE('',*,*,#865,.T.);
#3516 = ORIENTED_EDGE('',*,*,#897,.T.);
#3517 = ORIENTED_EDGE('',*,*,#3518,.T.);
#3518 = EDGE_CURVE('',#898,#3519,#3521,.T.);
#3519 = VERTEX_POINT('',#3520);
#3520 = CARTESIAN_POINT('',(-3.675,0.2,3.7));
#3521 = LINE('',#3522,#3523);
#3522 = CARTESIAN_POINT('',(-4.625,0.2,3.7));
#3523 = VECTOR('',#3524,1.);
#3524 = DIRECTION('',(1.,0.,0.));
#3525 = ORIENTED_EDGE('',*,*,#3526,.T.);
#3526 = EDGE_CURVE('',#3519,#3493,#3527,.T.);
#3527 = LINE('',#3528,#3529);
#3528 = CARTESIAN_POINT('',(-3.675,0.725,3.7));
#3529 = VECTOR('',#3530,1.);
#3530 = DIRECTION('',(0.,1.,3.291481626215E-30));
#3531 = ORIENTED_EDGE('',*,*,#3492,.T.);
#3532 = PLANE('',#3533);
#3533 = AXIS2_PLACEMENT_3D('',#3534,#3535,#3536);
#3534 = CARTESIAN_POINT('',(0.,0.55,3.7));
#3535 = DIRECTION('',(-3.474120712465E-48,-3.291481626215E-30,1.));
#3536 = DIRECTION('',(8.513005780604E-94,1.,3.291481626215E-30));
#3537 = ADVANCED_FACE('',(#3538),#3545,.T.);
#3538 = FACE_BOUND('',#3539,.T.);
#3539 = EDGE_LOOP('',(#3540,#3541,#3542,#3543,#3544));
#3540 = ORIENTED_EDGE('',*,*,#1277,.T.);
#3541 = ORIENTED_EDGE('',*,*,#1323,.T.);
#3542 = ORIENTED_EDGE('',*,*,#1347,.T.);
#3543 = ORIENTED_EDGE('',*,*,#1371,.T.);
#3544 = ORIENTED_EDGE('',*,*,#841,.T.);
#3545 = PLANE('',#3546);
#3546 = AXIS2_PLACEMENT_3D('',#3547,#3548,#3549);
#3547 = CARTESIAN_POINT('',(-5.338353220437,0.2,1.528452210033));
#3548 = DIRECTION('',(0.,1.,0.));
#3549 = DIRECTION('',(0.,-0.,1.));
#3550 = ADVANCED_FACE('',(#3551),#3562,.F.);
#3551 = FACE_BOUND('',#3552,.F.);
#3552 = EDGE_LOOP('',(#3553,#3554,#3555));
#3553 = ORIENTED_EDGE('',*,*,#825,.T.);
#3554 = ORIENTED_EDGE('',*,*,#1268,.T.);
#3555 = ORIENTED_EDGE('',*,*,#3556,.F.);
#3556 = EDGE_CURVE('',#818,#1269,#3557,.T.);
#3557 = CIRCLE('',#3558,0.35);
#3558 = AXIS2_PLACEMENT_3D('',#3559,#3560,#3561);
#3559 = CARTESIAN_POINT('',(-4.975,-0.4,0.35));
#3560 = DIRECTION('',(0.,1.,0.));
#3561 = DIRECTION('',(1.,0.,-1.268826313857E-15));
#3562 = PLANE('',#3563);
#3563 = AXIS2_PLACEMENT_3D('',#3564,#3565,#3566);
#3564 = CARTESIAN_POINT('',(-4.888176893418,-0.4,1.083286962905));
#3565 = DIRECTION('',(0.,1.,0.));
#3566 = DIRECTION('',(0.,-0.,1.));
#3567 = ADVANCED_FACE('',(#3568),#3588,.T.);
#3568 = FACE_BOUND('',#3569,.T.);
#3569 = EDGE_LOOP('',(#3570,#3571,#3572,#3580,#3587));
#3570 = ORIENTED_EDGE('',*,*,#817,.T.);
#3571 = ORIENTED_EDGE('',*,*,#1203,.T.);
#3572 = ORIENTED_EDGE('',*,*,#3573,.F.);
#3573 = EDGE_CURVE('',#3574,#1204,#3576,.T.);
#3574 = VERTEX_POINT('',#3575);
#3575 = CARTESIAN_POINT('',(-4.975,-0.4,-2.22044604925E-16));
#3576 = LINE('',#3577,#3578);
#3577 = CARTESIAN_POINT('',(-4.975,-0.4,-2.22044604925E-16));
#3578 = VECTOR('',#3579,1.);
#3579 = DIRECTION('',(0.,-1.,0.));
#3580 = ORIENTED_EDGE('',*,*,#3581,.F.);
#3581 = EDGE_CURVE('',#1269,#3574,#3582,.T.);
#3582 = CIRCLE('',#3583,0.35);
#3583 = AXIS2_PLACEMENT_3D('',#3584,#3585,#3586);
#3584 = CARTESIAN_POINT('',(-4.975,-0.4,0.35));
#3585 = DIRECTION('',(0.,1.,0.));
#3586 = DIRECTION('',(1.,0.,-1.268826313857E-15));
#3587 = ORIENTED_EDGE('',*,*,#3556,.F.);
#3588 = CYLINDRICAL_SURFACE('',#3589,0.35);
#3589 = AXIS2_PLACEMENT_3D('',#3590,#3591,#3592);
#3590 = CARTESIAN_POINT('',(-4.975,-0.4,0.35));
#3591 = DIRECTION('',(0.,1.,0.));
#3592 = DIRECTION('',(1.,0.,-1.268826313857E-15));
#3593 = ADVANCED_FACE('',(#3594),#3605,.F.);
#3594 = FACE_BOUND('',#3595,.F.);
#3595 = EDGE_LOOP('',(#3596,#3597,#3603,#3604));
#3596 = ORIENTED_EDGE('',*,*,#3518,.T.);
#3597 = ORIENTED_EDGE('',*,*,#3598,.T.);
#3598 = EDGE_CURVE('',#3519,#3266,#3599,.T.);
#3599 = LINE('',#3600,#3601);
#3600 = CARTESIAN_POINT('',(-3.675,0.2,4.7));
#3601 = VECTOR('',#3602,1.);
#3602 = DIRECTION('',(-0.,-0.,-1.));
#3603 = ORIENTED_EDGE('',*,*,#3273,.T.);
#3604 = ORIENTED_EDGE('',*,*,#921,.F.);
#3605 = PLANE('',#3606);
#3606 = AXIS2_PLACEMENT_3D('',#3607,#3608,#3609);
#3607 = CARTESIAN_POINT('',(-3.675,0.2,4.7));
#3608 = DIRECTION('',(-6.344131569287E-16,1.,0.));
#3609 = DIRECTION('',(-1.,-6.344131569287E-16,0.));
#3610 = ADVANCED_FACE('',(#3611),#3617,.F.);
#3611 = FACE_BOUND('',#3612,.T.);
#3612 = EDGE_LOOP('',(#3613,#3614,#3615,#3616));
#3613 = ORIENTED_EDGE('',*,*,#1464,.T.);
#3614 = ORIENTED_EDGE('',*,*,#1480,.T.);
#3615 = ORIENTED_EDGE('',*,*,#1512,.T.);
#3616 = ORIENTED_EDGE('',*,*,#1034,.F.);
#3617 = PLANE('',#3618);
#3618 = AXIS2_PLACEMENT_3D('',#3619,#3620,#3621);
#3619 = CARTESIAN_POINT('',(-4.025,-2.3,4.6));
#3620 = DIRECTION('',(0.,-0.707106781187,-0.707106781187));
#3621 = DIRECTION('',(-1.,-0.,0.));
#3622 = ADVANCED_FACE('',(#3623),#3634,.F.);
#3623 = FACE_BOUND('',#3624,.T.);
#3624 = EDGE_LOOP('',(#3625,#3626,#3627,#3633));
#3625 = ORIENTED_EDGE('',*,*,#1621,.T.);
#3626 = ORIENTED_EDGE('',*,*,#1637,.T.);
#3627 = ORIENTED_EDGE('',*,*,#3628,.T.);
#3628 = EDGE_CURVE('',#1638,#963,#3629,.T.);
#3629 = LINE('',#3630,#3631);
#3630 = CARTESIAN_POINT('',(2.75,-0.925,3.225));
#3631 = VECTOR('',#3632,1.);
#3632 = DIRECTION('',(-0.57735026919,0.57735026919,-0.57735026919));
#3633 = ORIENTED_EDGE('',*,*,#970,.F.);
#3634 = PLANE('',#3635);
#3635 = AXIS2_PLACEMENT_3D('',#3636,#3637,#3638);
#3636 = CARTESIAN_POINT('',(-4.025,-2.3,4.6));
#3637 = DIRECTION('',(0.,-0.707106781187,-0.707106781187));
#3638 = DIRECTION('',(-1.,-0.,0.));
#3639 = ADVANCED_FACE('',(#3640),#3666,.F.);
#3640 = FACE_BOUND('',#3641,.F.);
#3641 = EDGE_LOOP('',(#3642,#3643,#3644,#3652,#3660));
#3642 = ORIENTED_EDGE('',*,*,#962,.T.);
#3643 = ORIENTED_EDGE('',*,*,#3224,.T.);
#3644 = ORIENTED_EDGE('',*,*,#3645,.F.);
#3645 = EDGE_CURVE('',#3646,#3225,#3648,.T.);
#3646 = VERTEX_POINT('',#3647);
#3647 = CARTESIAN_POINT('',(4.025,0.2,3.7));
#3648 = LINE('',#3649,#3650);
#3649 = CARTESIAN_POINT('',(4.025,0.2,4.7));
#3650 = VECTOR('',#3651,1.);
#3651 = DIRECTION('',(-0.,-0.,-1.));
#3652 = ORIENTED_EDGE('',*,*,#3653,.F.);
#3653 = EDGE_CURVE('',#3654,#3646,#3656,.T.);
#3654 = VERTEX_POINT('',#3655);
#3655 = CARTESIAN_POINT('',(4.025,0.2,4.5));
#3656 = LINE('',#3657,#3658);
#3657 = CARTESIAN_POINT('',(4.025,0.2,4.7));
#3658 = VECTOR('',#3659,1.);
#3659 = DIRECTION('',(-0.,-0.,-1.));
#3660 = ORIENTED_EDGE('',*,*,#3661,.F.);
#3661 = EDGE_CURVE('',#963,#3654,#3662,.T.);
#3662 = LINE('',#3663,#3664);
#3663 = CARTESIAN_POINT('',(4.025,-2.2,4.5));
#3664 = VECTOR('',#3665,1.);
#3665 = DIRECTION('',(0.,1.,0.));
#3666 = PLANE('',#3667);
#3667 = AXIS2_PLACEMENT_3D('',#3668,#3669,#3670);
#3668 = CARTESIAN_POINT('',(4.025,-2.2,4.7));
#3669 = DIRECTION('',(1.,0.,0.));
#3670 = DIRECTION('',(-0.,1.,0.));
#3671 = ADVANCED_FACE('',(#3672),#3684,.T.);
#3672 = FACE_BOUND('',#3673,.T.);
#3673 = EDGE_LOOP('',(#3674,#3675,#3676,#3677));
#3674 = ORIENTED_EDGE('',*,*,#1114,.T.);
#3675 = ORIENTED_EDGE('',*,*,#1195,.T.);
#3676 = ORIENTED_EDGE('',*,*,#3154,.F.);
#3677 = ORIENTED_EDGE('',*,*,#3678,.F.);
#3678 = EDGE_CURVE('',#1115,#3155,#3679,.T.);
#3679 = CIRCLE('',#3680,0.35);
#3680 = AXIS2_PLACEMENT_3D('',#3681,#3682,#3683);
#3681 = CARTESIAN_POINT('',(-4.975,-0.4,1.25));
#3682 = DIRECTION('',(-0.,1.,0.));
#3683 = DIRECTION('',(2.537652627715E-15,0.,1.));
#3684 = CYLINDRICAL_SURFACE('',#3685,0.35);
#3685 = AXIS2_PLACEMENT_3D('',#3686,#3687,#3688);
#3686 = CARTESIAN_POINT('',(-4.975,-0.4,1.25));
#3687 = DIRECTION('',(0.,1.,0.));
#3688 = DIRECTION('',(2.537652627715E-15,-0.,1.));
#3689 = ADVANCED_FACE('',(#3690),#3695,.F.);
#3690 = FACE_BOUND('',#3691,.F.);
#3691 = EDGE_LOOP('',(#3692,#3693,#3694));
#3692 = ORIENTED_EDGE('',*,*,#3164,.T.);
#3693 = ORIENTED_EDGE('',*,*,#3678,.F.);
#3694 = ORIENTED_EDGE('',*,*,#1122,.T.);
#3695 = PLANE('',#3696);
#3696 = AXIS2_PLACEMENT_3D('',#3697,#3698,#3699);
#3697 = CARTESIAN_POINT('',(-4.888176893418,-0.4,1.083286962905));
#3698 = DIRECTION('',(0.,1.,0.));
#3699 = DIRECTION('',(0.,-0.,1.));
#3700 = ADVANCED_FACE('',(#3701),#3726,.F.);
#3701 = FACE_BOUND('',#3702,.F.);
#3702 = EDGE_LOOP('',(#3703,#3711,#3719,#3725));
#3703 = ORIENTED_EDGE('',*,*,#3704,.F.);
#3704 = EDGE_CURVE('',#3705,#1146,#3707,.T.);
#3705 = VERTEX_POINT('',#3706);
#3706 = CARTESIAN_POINT('',(-6.325,-2.3,0.));
#3707 = LINE('',#3708,#3709);
#3708 = CARTESIAN_POINT('',(-6.3875,-2.2375,1.02798428206E-17));
#3709 = VECTOR('',#3710,1.);
#3710 = DIRECTION('',(0.707106781187,-0.707106781187,-1.163031450876E-16
    ));
#3711 = ORIENTED_EDGE('',*,*,#3712,.T.);
#3712 = EDGE_CURVE('',#3705,#3713,#3715,.T.);
#3713 = VERTEX_POINT('',#3714);
#3714 = CARTESIAN_POINT('',(-6.325,-2.3,0.25));
#3715 = LINE('',#3716,#3717);
#3716 = CARTESIAN_POINT('',(-6.325,-2.3,0.));
#3717 = VECTOR('',#3718,1.);
#3718 = DIRECTION('',(0.,0.,1.));
#3719 = ORIENTED_EDGE('',*,*,#3720,.T.);
#3720 = EDGE_CURVE('',#3713,#1148,#3721,.T.);
#3721 = LINE('',#3722,#3723);
#3722 = CARTESIAN_POINT('',(-6.725,-1.9,0.25));
#3723 = VECTOR('',#3724,1.);
#3724 = DIRECTION('',(0.707106781187,-0.707106781187,0.));
#3725 = ORIENTED_EDGE('',*,*,#1145,.F.);
#3726 = PLANE('',#3727);
#3727 = AXIS2_PLACEMENT_3D('',#3728,#3729,#3730);
#3728 = CARTESIAN_POINT('',(-6.175,-2.45,0.));
#3729 = DIRECTION('',(0.707106781187,0.707106781187,-3.472568050346E-18)
  );
#3730 = DIRECTION('',(2.455476416531E-18,2.455476416531E-18,1.));
#3731 = ADVANCED_FACE('',(#3732),#3759,.T.);
#3732 = FACE_BOUND('',#3733,.T.);
#3733 = EDGE_LOOP('',(#3734,#3742,#3750,#3756,#3757,#3758));
#3734 = ORIENTED_EDGE('',*,*,#3735,.F.);
#3735 = EDGE_CURVE('',#3736,#3705,#3738,.T.);
#3736 = VERTEX_POINT('',#3737);
#3737 = CARTESIAN_POINT('',(-6.325,-0.7,3.08148791102E-33));
#3738 = LINE('',#3739,#3740);
#3739 = CARTESIAN_POINT('',(-6.325,-0.4,0.));
#3740 = VECTOR('',#3741,1.);
#3741 = DIRECTION('',(0.,-1.,0.));
#3742 = ORIENTED_EDGE('',*,*,#3743,.T.);
#3743 = EDGE_CURVE('',#3736,#3744,#3746,.T.);
#3744 = VERTEX_POINT('',#3745);
#3745 = CARTESIAN_POINT('',(-6.025,-0.4,-4.93432455389E-17));
#3746 = LINE('',#3747,#3748);
#3747 = CARTESIAN_POINT('',(-5.8375,-0.2125,-8.018277400071E-17));
#3748 = VECTOR('',#3749,1.);
#3749 = DIRECTION('',(0.707106781187,0.707106781187,-1.163031450876E-16)
  );
#3750 = ORIENTED_EDGE('',*,*,#3751,.F.);
#3751 = EDGE_CURVE('',#3574,#3744,#3752,.T.);
#3752 = LINE('',#3753,#3754);
#3753 = CARTESIAN_POINT('',(-4.975,-0.4,-2.22044604925E-16));
#3754 = VECTOR('',#3755,1.);
#3755 = DIRECTION('',(-1.,0.,1.644774851297E-16));
#3756 = ORIENTED_EDGE('',*,*,#3573,.T.);
#3757 = ORIENTED_EDGE('',*,*,#1212,.T.);
#3758 = ORIENTED_EDGE('',*,*,#3704,.F.);
#3759 = PLANE('',#3760);
#3760 = AXIS2_PLACEMENT_3D('',#3761,#3762,#3763);
#3761 = CARTESIAN_POINT('',(-4.975,-0.4,-2.22044604925E-16));
#3762 = DIRECTION('',(-1.644774851297E-16,-0.,-1.));
#3763 = DIRECTION('',(-1.,0.,1.644774851297E-16));
#3764 = ADVANCED_FACE('',(#3765),#3777,.F.);
#3765 = FACE_BOUND('',#3766,.F.);
#3766 = EDGE_LOOP('',(#3767,#3774,#3775,#3776));
#3767 = ORIENTED_EDGE('',*,*,#3768,.T.);
#3768 = EDGE_CURVE('',#1227,#1235,#3769,.T.);
#3769 = CIRCLE('',#3770,0.1);
#3770 = AXIS2_PLACEMENT_3D('',#3771,#3772,#3773);
#3771 = CARTESIAN_POINT('',(-4.975,-0.4,1.25));
#3772 = DIRECTION('',(0.,-1.,0.));
#3773 = DIRECTION('',(1.,0.,-2.22044604925E-15));
#3774 = ORIENTED_EDGE('',*,*,#1242,.T.);
#3775 = ORIENTED_EDGE('',*,*,#1185,.F.);
#3776 = ORIENTED_EDGE('',*,*,#1226,.F.);
#3777 = CYLINDRICAL_SURFACE('',#3778,0.1);
#3778 = AXIS2_PLACEMENT_3D('',#3779,#3780,#3781);
#3779 = CARTESIAN_POINT('',(-4.975,-0.4,1.25));
#3780 = DIRECTION('',(0.,1.,0.));
#3781 = DIRECTION('',(1.,0.,-2.22044604925E-15));
#3782 = ADVANCED_FACE('',(#3783),#3802,.F.);
#3783 = FACE_BOUND('',#3784,.F.);
#3784 = EDGE_LOOP('',(#3785,#3786,#3787,#3795));
#3785 = ORIENTED_EDGE('',*,*,#1292,.F.);
#3786 = ORIENTED_EDGE('',*,*,#1163,.F.);
#3787 = ORIENTED_EDGE('',*,*,#3788,.F.);
#3788 = EDGE_CURVE('',#3789,#1156,#3791,.T.);
#3789 = VERTEX_POINT('',#3790);
#3790 = CARTESIAN_POINT('',(-4.975,-0.4,0.25));
#3791 = LINE('',#3792,#3793);
#3792 = CARTESIAN_POINT('',(-4.975,-0.4,0.25));
#3793 = VECTOR('',#3794,1.);
#3794 = DIRECTION('',(0.,-1.,0.));
#3795 = ORIENTED_EDGE('',*,*,#3796,.T.);
#3796 = EDGE_CURVE('',#3789,#1293,#3797,.T.);
#3797 = CIRCLE('',#3798,0.1);
#3798 = AXIS2_PLACEMENT_3D('',#3799,#3800,#3801);
#3799 = CARTESIAN_POINT('',(-4.975,-0.4,0.35));
#3800 = DIRECTION('',(0.,-1.,0.));
#3801 = DIRECTION('',(0.,0.,-1.));
#3802 = CYLINDRICAL_SURFACE('',#3803,0.1);
#3803 = AXIS2_PLACEMENT_3D('',#3804,#3805,#3806);
#3804 = CARTESIAN_POINT('',(-4.975,-0.4,0.35));
#3805 = DIRECTION('',(0.,1.,0.));
#3806 = DIRECTION('',(0.,0.,-1.));
#3807 = ADVANCED_FACE('',(#3808),#3835,.T.);
#3808 = FACE_BOUND('',#3809,.T.);
#3809 = EDGE_LOOP('',(#3810,#3818,#3819,#3820,#3821,#3829));
#3810 = ORIENTED_EDGE('',*,*,#3811,.T.);
#3811 = EDGE_CURVE('',#3812,#3713,#3814,.T.);
#3812 = VERTEX_POINT('',#3813);
#3813 = CARTESIAN_POINT('',(-6.325,-0.7,0.25));
#3814 = LINE('',#3815,#3816);
#3815 = CARTESIAN_POINT('',(-6.325,-0.4,0.25));
#3816 = VECTOR('',#3817,1.);
#3817 = DIRECTION('',(0.,-1.,0.));
#3818 = ORIENTED_EDGE('',*,*,#3720,.T.);
#3819 = ORIENTED_EDGE('',*,*,#1155,.T.);
#3820 = ORIENTED_EDGE('',*,*,#3788,.F.);
#3821 = ORIENTED_EDGE('',*,*,#3822,.F.);
#3822 = EDGE_CURVE('',#3823,#3789,#3825,.T.);
#3823 = VERTEX_POINT('',#3824);
#3824 = CARTESIAN_POINT('',(-6.025,-0.4,0.25));
#3825 = LINE('',#3826,#3827);
#3826 = CARTESIAN_POINT('',(-6.325,-0.4,0.25));
#3827 = VECTOR('',#3828,1.);
#3828 = DIRECTION('',(1.,0.,0.));
#3829 = ORIENTED_EDGE('',*,*,#3830,.F.);
#3830 = EDGE_CURVE('',#3812,#3823,#3831,.T.);
#3831 = LINE('',#3832,#3833);
#3832 = CARTESIAN_POINT('',(-6.175,-0.55,0.25));
#3833 = VECTOR('',#3834,1.);
#3834 = DIRECTION('',(0.707106781187,0.707106781187,0.));
#3835 = PLANE('',#3836);
#3836 = AXIS2_PLACEMENT_3D('',#3837,#3838,#3839);
#3837 = CARTESIAN_POINT('',(-6.325,-0.4,0.25));
#3838 = DIRECTION('',(0.,0.,1.));
#3839 = DIRECTION('',(1.,0.,-0.));
#3840 = ADVANCED_FACE('',(#3841),#3845,.F.);
#3841 = FACE_BOUND('',#3842,.F.);
#3842 = EDGE_LOOP('',(#3843,#3844));
#3843 = ORIENTED_EDGE('',*,*,#3768,.F.);
#3844 = ORIENTED_EDGE('',*,*,#1234,.T.);
#3845 = PLANE('',#3846);
#3846 = AXIS2_PLACEMENT_3D('',#3847,#3848,#3849);
#3847 = CARTESIAN_POINT('',(-4.888176893418,-0.4,1.083286962905));
#3848 = DIRECTION('',(0.,1.,0.));
#3849 = DIRECTION('',(0.,-0.,1.));
#3850 = ADVANCED_FACE('',(#3851),#3865,.T.);
#3851 = FACE_BOUND('',#3852,.T.);
#3852 = EDGE_LOOP('',(#3853,#3859,#3860,#3861,#3862,#3863,#3864));
#3853 = ORIENTED_EDGE('',*,*,#3854,.T.);
#3854 = EDGE_CURVE('',#3744,#3823,#3855,.T.);
#3855 = LINE('',#3856,#3857);
#3856 = CARTESIAN_POINT('',(-6.025,-0.4,0.));
#3857 = VECTOR('',#3858,1.);
#3858 = DIRECTION('',(0.,0.,1.));
#3859 = ORIENTED_EDGE('',*,*,#3822,.T.);
#3860 = ORIENTED_EDGE('',*,*,#3796,.T.);
#3861 = ORIENTED_EDGE('',*,*,#1300,.F.);
#3862 = ORIENTED_EDGE('',*,*,#1308,.F.);
#3863 = ORIENTED_EDGE('',*,*,#3581,.T.);
#3864 = ORIENTED_EDGE('',*,*,#3751,.T.);
#3865 = PLANE('',#3866);
#3866 = AXIS2_PLACEMENT_3D('',#3867,#3868,#3869);
#3867 = CARTESIAN_POINT('',(-5.223578159618,-0.4,0.633507427549));
#3868 = DIRECTION('',(-2.35376696503E-31,1.,1.327285955759E-31));
#3869 = DIRECTION('',(1.,2.35376696503E-31,-1.665137917703E-79));
#3870 = ADVANCED_FACE('',(#3871),#3882,.F.);
#3871 = FACE_BOUND('',#3872,.T.);
#3872 = EDGE_LOOP('',(#3873,#3874,#3875,#3881));
#3873 = ORIENTED_EDGE('',*,*,#3628,.F.);
#3874 = ORIENTED_EDGE('',*,*,#1663,.T.);
#3875 = ORIENTED_EDGE('',*,*,#3876,.T.);
#3876 = EDGE_CURVE('',#1656,#3654,#3877,.T.);
#3877 = LINE('',#3878,#3879);
#3878 = CARTESIAN_POINT('',(1.9625,0.2,2.4375));
#3879 = VECTOR('',#3880,1.);
#3880 = DIRECTION('',(-0.707106781187,-0.,-0.707106781187));
#3881 = ORIENTED_EDGE('',*,*,#3661,.F.);
#3882 = PLANE('',#3883);
#3883 = AXIS2_PLACEMENT_3D('',#3884,#3885,#3886);
#3884 = CARTESIAN_POINT('',(4.125,-2.2,4.6));
#3885 = DIRECTION('',(0.707106781187,0.,-0.707106781187));
#3886 = DIRECTION('',(0.,-1.,0.));
#3887 = ADVANCED_FACE('',(#3888),#3900,.F.);
#3888 = FACE_BOUND('',#3889,.F.);
#3889 = EDGE_LOOP('',(#3890,#3891,#3892,#3893,#3899));
#3890 = ORIENTED_EDGE('',*,*,#1655,.F.);
#3891 = ORIENTED_EDGE('',*,*,#3876,.T.);
#3892 = ORIENTED_EDGE('',*,*,#3653,.T.);
#3893 = ORIENTED_EDGE('',*,*,#3894,.T.);
#3894 = EDGE_CURVE('',#3646,#1711,#3895,.T.);
#3895 = LINE('',#3896,#3897);
#3896 = CARTESIAN_POINT('',(-4.625,0.2,3.7));
#3897 = VECTOR('',#3898,1.);
#3898 = DIRECTION('',(1.,0.,0.));
#3899 = ORIENTED_EDGE('',*,*,#1718,.F.);
#3900 = PLANE('',#3901);
#3901 = AXIS2_PLACEMENT_3D('',#3902,#3903,#3904);
#3902 = CARTESIAN_POINT('',(-4.625,0.2,4.7));
#3903 = DIRECTION('',(0.,-1.,0.));
#3904 = DIRECTION('',(1.,0.,0.));
#3905 = ADVANCED_FACE('',(#3906),#3932,.T.);
#3906 = FACE_BOUND('',#3907,.T.);
#3907 = EDGE_LOOP('',(#3908,#3915,#3924,#3930,#3931));
#3908 = ORIENTED_EDGE('',*,*,#3909,.T.);
#3909 = EDGE_CURVE('',#1751,#1845,#3910,.T.);
#3910 = CIRCLE('',#3911,0.35);
#3911 = AXIS2_PLACEMENT_3D('',#3912,#3913,#3914);
#3912 = CARTESIAN_POINT('',(4.975,-0.4,0.35));
#3913 = DIRECTION('',(0.,-1.,0.));
#3914 = DIRECTION('',(-1.,-0.,-1.268826313857E-15));
#3915 = ORIENTED_EDGE('',*,*,#3916,.T.);
#3916 = EDGE_CURVE('',#1845,#3917,#3919,.T.);
#3917 = VERTEX_POINT('',#3918);
#3918 = CARTESIAN_POINT('',(4.975,-0.4,-2.22044604925E-16));
#3919 = CIRCLE('',#3920,0.35);
#3920 = AXIS2_PLACEMENT_3D('',#3921,#3922,#3923);
#3921 = CARTESIAN_POINT('',(4.975,-0.4,0.35));
#3922 = DIRECTION('',(0.,-1.,0.));
#3923 = DIRECTION('',(-1.,-0.,-1.268826313857E-15));
#3924 = ORIENTED_EDGE('',*,*,#3925,.T.);
#3925 = EDGE_CURVE('',#3917,#1961,#3926,.T.);
#3926 = LINE('',#3927,#3928);
#3927 = CARTESIAN_POINT('',(4.975,-0.4,-2.22044604925E-16));
#3928 = VECTOR('',#3929,1.);
#3929 = DIRECTION('',(0.,-1.,0.));
#3930 = ORIENTED_EDGE('',*,*,#1960,.F.);
#3931 = ORIENTED_EDGE('',*,*,#1758,.F.);
#3932 = CYLINDRICAL_SURFACE('',#3933,0.35);
#3933 = AXIS2_PLACEMENT_3D('',#3934,#3935,#3936);
#3934 = CARTESIAN_POINT('',(4.975,-0.4,0.35));
#3935 = DIRECTION('',(0.,1.,0.));
#3936 = DIRECTION('',(-1.,0.,-1.268826313857E-15));
#3937 = ADVANCED_FACE('',(#3938),#3943,.T.);
#3938 = FACE_BOUND('',#3939,.T.);
#3939 = EDGE_LOOP('',(#3940,#3941,#3942));
#3940 = ORIENTED_EDGE('',*,*,#1750,.T.);
#3941 = ORIENTED_EDGE('',*,*,#1844,.T.);
#3942 = ORIENTED_EDGE('',*,*,#3909,.F.);
#3943 = PLANE('',#3944);
#3944 = AXIS2_PLACEMENT_3D('',#3945,#3946,#3947);
#3945 = CARTESIAN_POINT('',(4.888176893418,-0.4,1.083286962905));
#3946 = DIRECTION('',(-0.,-1.,-0.));
#3947 = DIRECTION('',(0.,0.,-1.));
#3948 = ADVANCED_FACE('',(#3949),#3956,.F.);
#3949 = FACE_BOUND('',#3950,.F.);
#3950 = EDGE_LOOP('',(#3951,#3952,#3953,#3954,#3955));
#3951 = ORIENTED_EDGE('',*,*,#1853,.T.);
#3952 = ORIENTED_EDGE('',*,*,#1828,.T.);
#3953 = ORIENTED_EDGE('',*,*,#1804,.T.);
#3954 = ORIENTED_EDGE('',*,*,#1780,.T.);
#3955 = ORIENTED_EDGE('',*,*,#1734,.T.);
#3956 = PLANE('',#3957);
#3957 = AXIS2_PLACEMENT_3D('',#3958,#3959,#3960);
#3958 = CARTESIAN_POINT('',(5.338353220437,0.2,1.528452210033));
#3959 = DIRECTION('',(-0.,-1.,-0.));
#3960 = DIRECTION('',(0.,0.,-1.));
#3961 = ADVANCED_FACE('',(#3962),#3988,.T.);
#3962 = FACE_BOUND('',#3963,.T.);
#3963 = EDGE_LOOP('',(#3964,#3974,#3980,#3981,#3982));
#3964 = ORIENTED_EDGE('',*,*,#3965,.T.);
#3965 = EDGE_CURVE('',#3966,#3968,#3970,.T.);
#3966 = VERTEX_POINT('',#3967);
#3967 = CARTESIAN_POINT('',(3.675,0.9,3.7));
#3968 = VERTEX_POINT('',#3969);
#3969 = CARTESIAN_POINT('',(3.675,0.2,3.7));
#3970 = LINE('',#3971,#3972);
#3971 = CARTESIAN_POINT('',(3.675,0.375,3.7));
#3972 = VECTOR('',#3973,1.);
#3973 = DIRECTION('',(0.,-1.,-3.291481626215E-30));
#3974 = ORIENTED_EDGE('',*,*,#3975,.T.);
#3975 = EDGE_CURVE('',#3968,#3646,#3976,.T.);
#3976 = LINE('',#3977,#3978);
#3977 = CARTESIAN_POINT('',(-4.625,0.2,3.7));
#3978 = VECTOR('',#3979,1.);
#3979 = DIRECTION('',(1.,0.,0.));
#3980 = ORIENTED_EDGE('',*,*,#3894,.T.);
#3981 = ORIENTED_EDGE('',*,*,#1710,.T.);
#3982 = ORIENTED_EDGE('',*,*,#3983,.T.);
#3983 = EDGE_CURVE('',#1703,#3966,#3984,.T.);
#3984 = LINE('',#3985,#3986);
#3985 = CARTESIAN_POINT('',(4.625,0.9,3.7));
#3986 = VECTOR('',#3987,1.);
#3987 = DIRECTION('',(-1.,0.,0.));
#3988 = PLANE('',#3989);
#3989 = AXIS2_PLACEMENT_3D('',#3990,#3991,#3992);
#3990 = CARTESIAN_POINT('',(0.,0.55,3.7));
#3991 = DIRECTION('',(-3.474120712465E-48,-3.291481626215E-30,1.));
#3992 = DIRECTION('',(8.513005780604E-94,1.,3.291481626215E-30));
#3993 = ADVANCED_FACE('',(#3994),#4005,.F.);
#3994 = FACE_BOUND('',#3995,.F.);
#3995 = EDGE_LOOP('',(#3996,#3997,#4003,#4004));
#3996 = ORIENTED_EDGE('',*,*,#3983,.T.);
#3997 = ORIENTED_EDGE('',*,*,#3998,.T.);
#3998 = EDGE_CURVE('',#3966,#3241,#3999,.T.);
#3999 = LINE('',#4000,#4001);
#4000 = CARTESIAN_POINT('',(3.675,0.9,4.7));
#4001 = VECTOR('',#4002,1.);
#4002 = DIRECTION('',(-0.,-0.,-1.));
#4003 = ORIENTED_EDGE('',*,*,#3248,.T.);
#4004 = ORIENTED_EDGE('',*,*,#1702,.F.);
#4005 = PLANE('',#4006);
#4006 = AXIS2_PLACEMENT_3D('',#4007,#4008,#4009);
#4007 = CARTESIAN_POINT('',(3.675,0.9,4.7));
#4008 = DIRECTION('',(0.,-1.,0.));
#4009 = DIRECTION('',(1.,0.,0.));
#4010 = ADVANCED_FACE('',(#4011),#4047,.F.);
#4011 = FACE_BOUND('',#4012,.F.);
#4012 = EDGE_LOOP('',(#4013,#4023,#4031,#4038,#4039,#4040,#4041));
#4013 = ORIENTED_EDGE('',*,*,#4014,.T.);
#4014 = EDGE_CURVE('',#4015,#4017,#4019,.T.);
#4015 = VERTEX_POINT('',#4016);
#4016 = CARTESIAN_POINT('',(6.025,-0.4,-4.93432455389E-17));
#4017 = VERTEX_POINT('',#4018);
#4018 = CARTESIAN_POINT('',(6.025,-0.4,0.25));
#4019 = LINE('',#4020,#4021);
#4020 = CARTESIAN_POINT('',(6.025,-0.4,0.));
#4021 = VECTOR('',#4022,1.);
#4022 = DIRECTION('',(0.,0.,1.));
#4023 = ORIENTED_EDGE('',*,*,#4024,.T.);
#4024 = EDGE_CURVE('',#4017,#4025,#4027,.T.);
#4025 = VERTEX_POINT('',#4026);
#4026 = CARTESIAN_POINT('',(4.975,-0.4,0.25));
#4027 = LINE('',#4028,#4029);
#4028 = CARTESIAN_POINT('',(6.325,-0.4,0.25));
#4029 = VECTOR('',#4030,1.);
#4030 = DIRECTION('',(-1.,0.,0.));
#4031 = ORIENTED_EDGE('',*,*,#4032,.T.);
#4032 = EDGE_CURVE('',#4025,#1862,#4033,.T.);
#4033 = CIRCLE('',#4034,0.1);
#4034 = AXIS2_PLACEMENT_3D('',#4035,#4036,#4037);
#4035 = CARTESIAN_POINT('',(4.975,-0.4,0.35));
#4036 = DIRECTION('',(0.,1.,0.));
#4037 = DIRECTION('',(0.,0.,-1.));
#4038 = ORIENTED_EDGE('',*,*,#1869,.T.);
#4039 = ORIENTED_EDGE('',*,*,#1877,.F.);
#4040 = ORIENTED_EDGE('',*,*,#3916,.T.);
#4041 = ORIENTED_EDGE('',*,*,#4042,.T.);
#4042 = EDGE_CURVE('',#3917,#4015,#4043,.T.);
#4043 = LINE('',#4044,#4045);
#4044 = CARTESIAN_POINT('',(4.975,-0.4,-2.22044604925E-16));
#4045 = VECTOR('',#4046,1.);
#4046 = DIRECTION('',(1.,0.,1.644774851297E-16));
#4047 = PLANE('',#4048);
#4048 = AXIS2_PLACEMENT_3D('',#4049,#4050,#4051);
#4049 = CARTESIAN_POINT('',(5.223578159618,-0.4,0.633507427549));
#4050 = DIRECTION('',(-2.35376696503E-31,-1.,-1.327285955759E-31));
#4051 = DIRECTION('',(-1.,2.35376696503E-31,-1.665137917703E-79));
#4052 = ADVANCED_FACE('',(#4053),#4064,.F.);
#4053 = FACE_BOUND('',#4054,.F.);
#4054 = EDGE_LOOP('',(#4055,#4056,#4062,#4063));
#4055 = ORIENTED_EDGE('',*,*,#4032,.F.);
#4056 = ORIENTED_EDGE('',*,*,#4057,.T.);
#4057 = EDGE_CURVE('',#4025,#1925,#4058,.T.);
#4058 = LINE('',#4059,#4060);
#4059 = CARTESIAN_POINT('',(4.975,-0.4,0.25));
#4060 = VECTOR('',#4061,1.);
#4061 = DIRECTION('',(0.,-1.,0.));
#4062 = ORIENTED_EDGE('',*,*,#1932,.T.);
#4063 = ORIENTED_EDGE('',*,*,#1861,.T.);
#4064 = CYLINDRICAL_SURFACE('',#4065,0.1);
#4065 = AXIS2_PLACEMENT_3D('',#4066,#4067,#4068);
#4066 = CARTESIAN_POINT('',(4.975,-0.4,0.35));
#4067 = DIRECTION('',(0.,1.,0.));
#4068 = DIRECTION('',(0.,0.,-1.));
#4069 = ADVANCED_FACE('',(#4070),#4095,.F.);
#4070 = FACE_BOUND('',#4071,.T.);
#4071 = EDGE_LOOP('',(#4072,#4080,#4088,#4094));
#4072 = ORIENTED_EDGE('',*,*,#4073,.F.);
#4073 = EDGE_CURVE('',#4074,#1915,#4076,.T.);
#4074 = VERTEX_POINT('',#4075);
#4075 = CARTESIAN_POINT('',(6.325,-2.3,0.));
#4076 = LINE('',#4077,#4078);
#4077 = CARTESIAN_POINT('',(6.3875,-2.2375,1.02798428206E-17));
#4078 = VECTOR('',#4079,1.);
#4079 = DIRECTION('',(-0.707106781187,-0.707106781187,
    -1.163031450876E-16));
#4080 = ORIENTED_EDGE('',*,*,#4081,.T.);
#4081 = EDGE_CURVE('',#4074,#4082,#4084,.T.);
#4082 = VERTEX_POINT('',#4083);
#4083 = CARTESIAN_POINT('',(6.325,-2.3,0.25));
#4084 = LINE('',#4085,#4086);
#4085 = CARTESIAN_POINT('',(6.325,-2.3,0.));
#4086 = VECTOR('',#4087,1.);
#4087 = DIRECTION('',(0.,0.,1.));
#4088 = ORIENTED_EDGE('',*,*,#4089,.T.);
#4089 = EDGE_CURVE('',#4082,#1917,#4090,.T.);
#4090 = LINE('',#4091,#4092);
#4091 = CARTESIAN_POINT('',(6.725,-1.9,0.25));
#4092 = VECTOR('',#4093,1.);
#4093 = DIRECTION('',(-0.707106781187,-0.707106781187,0.));
#4094 = ORIENTED_EDGE('',*,*,#1914,.F.);
#4095 = PLANE('',#4096);
#4096 = AXIS2_PLACEMENT_3D('',#4097,#4098,#4099);
#4097 = CARTESIAN_POINT('',(6.175,-2.45,0.));
#4098 = DIRECTION('',(-0.707106781187,0.707106781187,3.472568050346E-18)
  );
#4099 = DIRECTION('',(-2.455476416531E-18,2.455476416531E-18,-1.));
#4100 = ADVANCED_FACE('',(#4101),#4121,.F.);
#4101 = FACE_BOUND('',#4102,.F.);
#4102 = EDGE_LOOP('',(#4103,#4111,#4117,#4118,#4119,#4120));
#4103 = ORIENTED_EDGE('',*,*,#4104,.F.);
#4104 = EDGE_CURVE('',#4105,#4074,#4107,.T.);
#4105 = VERTEX_POINT('',#4106);
#4106 = CARTESIAN_POINT('',(6.325,-0.7,-3.08148791102E-33));
#4107 = LINE('',#4108,#4109);
#4108 = CARTESIAN_POINT('',(6.325,-0.4,0.));
#4109 = VECTOR('',#4110,1.);
#4110 = DIRECTION('',(0.,-1.,0.));
#4111 = ORIENTED_EDGE('',*,*,#4112,.T.);
#4112 = EDGE_CURVE('',#4105,#4015,#4113,.T.);
#4113 = LINE('',#4114,#4115);
#4114 = CARTESIAN_POINT('',(5.8375,-0.2125,-8.018277400071E-17));
#4115 = VECTOR('',#4116,1.);
#4116 = DIRECTION('',(-0.707106781187,0.707106781187,-1.163031450876E-16
    ));
#4117 = ORIENTED_EDGE('',*,*,#4042,.F.);
#4118 = ORIENTED_EDGE('',*,*,#3925,.T.);
#4119 = ORIENTED_EDGE('',*,*,#1969,.T.);
#4120 = ORIENTED_EDGE('',*,*,#4073,.F.);
#4121 = PLANE('',#4122);
#4122 = AXIS2_PLACEMENT_3D('',#4123,#4124,#4125);
#4123 = CARTESIAN_POINT('',(4.975,-0.4,-2.22044604925E-16));
#4124 = DIRECTION('',(-1.644774851297E-16,0.,1.));
#4125 = DIRECTION('',(1.,0.,1.644774851297E-16));
#4126 = ADVANCED_FACE('',(#4127),#4139,.T.);
#4127 = FACE_BOUND('',#4128,.T.);
#4128 = EDGE_LOOP('',(#4129,#4136,#4137,#4138));
#4129 = ORIENTED_EDGE('',*,*,#4130,.T.);
#4130 = EDGE_CURVE('',#2015,#2047,#4131,.T.);
#4131 = CIRCLE('',#4132,0.35);
#4132 = AXIS2_PLACEMENT_3D('',#4133,#4134,#4135);
#4133 = CARTESIAN_POINT('',(4.975,-0.4,1.25));
#4134 = DIRECTION('',(0.,-1.,0.));
#4135 = DIRECTION('',(-2.537652627715E-15,0.,1.));
#4136 = ORIENTED_EDGE('',*,*,#2046,.T.);
#4137 = ORIENTED_EDGE('',*,*,#1952,.F.);
#4138 = ORIENTED_EDGE('',*,*,#2014,.F.);
#4139 = CYLINDRICAL_SURFACE('',#4140,0.35);
#4140 = AXIS2_PLACEMENT_3D('',#4141,#4142,#4143);
#4141 = CARTESIAN_POINT('',(4.975,-0.4,1.25));
#4142 = DIRECTION('',(0.,1.,0.));
#4143 = DIRECTION('',(-2.537652627715E-15,0.,1.));
#4144 = ADVANCED_FACE('',(#4145),#4157,.F.);
#4145 = FACE_BOUND('',#4146,.F.);
#4146 = EDGE_LOOP('',(#4147,#4148,#4149,#4150));
#4147 = ORIENTED_EDGE('',*,*,#1983,.T.);
#4148 = ORIENTED_EDGE('',*,*,#1942,.T.);
#4149 = ORIENTED_EDGE('',*,*,#1999,.F.);
#4150 = ORIENTED_EDGE('',*,*,#4151,.F.);
#4151 = EDGE_CURVE('',#1984,#1992,#4152,.T.);
#4152 = CIRCLE('',#4153,0.1);
#4153 = AXIS2_PLACEMENT_3D('',#4154,#4155,#4156);
#4154 = CARTESIAN_POINT('',(4.975,-0.4,1.25));
#4155 = DIRECTION('',(0.,1.,0.));
#4156 = DIRECTION('',(-1.,0.,-2.22044604925E-15));
#4157 = CYLINDRICAL_SURFACE('',#4158,0.1);
#4158 = AXIS2_PLACEMENT_3D('',#4159,#4160,#4161);
#4159 = CARTESIAN_POINT('',(4.975,-0.4,1.25));
#4160 = DIRECTION('',(0.,1.,0.));
#4161 = DIRECTION('',(-1.,0.,-2.22044604925E-15));
#4162 = ADVANCED_FACE('',(#4163),#4183,.F.);
#4163 = FACE_BOUND('',#4164,.F.);
#4164 = EDGE_LOOP('',(#4165,#4173,#4174,#4175,#4176,#4177));
#4165 = ORIENTED_EDGE('',*,*,#4166,.T.);
#4166 = EDGE_CURVE('',#4167,#4082,#4169,.T.);
#4167 = VERTEX_POINT('',#4168);
#4168 = CARTESIAN_POINT('',(6.325,-0.7,0.25));
#4169 = LINE('',#4170,#4171);
#4170 = CARTESIAN_POINT('',(6.325,-0.4,0.25));
#4171 = VECTOR('',#4172,1.);
#4172 = DIRECTION('',(0.,-1.,0.));
#4173 = ORIENTED_EDGE('',*,*,#4089,.T.);
#4174 = ORIENTED_EDGE('',*,*,#1924,.T.);
#4175 = ORIENTED_EDGE('',*,*,#4057,.F.);
#4176 = ORIENTED_EDGE('',*,*,#4024,.F.);
#4177 = ORIENTED_EDGE('',*,*,#4178,.F.);
#4178 = EDGE_CURVE('',#4167,#4017,#4179,.T.);
#4179 = LINE('',#4180,#4181);
#4180 = CARTESIAN_POINT('',(6.175,-0.55,0.25));
#4181 = VECTOR('',#4182,1.);
#4182 = DIRECTION('',(-0.707106781187,0.707106781187,0.));
#4183 = PLANE('',#4184);
#4184 = AXIS2_PLACEMENT_3D('',#4185,#4186,#4187);
#4185 = CARTESIAN_POINT('',(6.325,-0.4,0.25));
#4186 = DIRECTION('',(-0.,-0.,-1.));
#4187 = DIRECTION('',(-1.,0.,0.));
#4188 = ADVANCED_FACE('',(#4189),#4193,.T.);
#4189 = FACE_BOUND('',#4190,.T.);
#4190 = EDGE_LOOP('',(#4191,#4192));
#4191 = ORIENTED_EDGE('',*,*,#4151,.F.);
#4192 = ORIENTED_EDGE('',*,*,#1991,.T.);
#4193 = PLANE('',#4194);
#4194 = AXIS2_PLACEMENT_3D('',#4195,#4196,#4197);
#4195 = CARTESIAN_POINT('',(4.888176893418,-0.4,1.083286962905));
#4196 = DIRECTION('',(-0.,-1.,-0.));
#4197 = DIRECTION('',(0.,0.,-1.));
#4198 = ADVANCED_FACE('',(#4199),#4204,.T.);
#4199 = FACE_BOUND('',#4200,.T.);
#4200 = EDGE_LOOP('',(#4201,#4202,#4203));
#4201 = ORIENTED_EDGE('',*,*,#2054,.T.);
#4202 = ORIENTED_EDGE('',*,*,#4130,.F.);
#4203 = ORIENTED_EDGE('',*,*,#2022,.T.);
#4204 = PLANE('',#4205);
#4205 = AXIS2_PLACEMENT_3D('',#4206,#4207,#4208);
#4206 = CARTESIAN_POINT('',(4.888176893418,-0.4,1.083286962905));
#4207 = DIRECTION('',(-0.,-1.,-0.));
#4208 = DIRECTION('',(0.,0.,-1.));
#4209 = ADVANCED_FACE('',(#4210),#4269,.F.);
#4210 = FACE_BOUND('',#4211,.F.);
#4211 = EDGE_LOOP('',(#4212,#4213,#4214,#4215,#4223,#4231,#4239,#4247,
    #4255,#4263));
#4212 = ORIENTED_EDGE('',*,*,#2201,.T.);
#4213 = ORIENTED_EDGE('',*,*,#2193,.F.);
#4214 = ORIENTED_EDGE('',*,*,#2183,.T.);
#4215 = ORIENTED_EDGE('',*,*,#4216,.T.);
#4216 = EDGE_CURVE('',#2186,#4217,#4219,.T.);
#4217 = VERTEX_POINT('',#4218);
#4218 = CARTESIAN_POINT('',(2.965,-2.3,0.3));
#4219 = LINE('',#4220,#4221);
#4220 = CARTESIAN_POINT('',(2.965,-2.3,0.8));
#4221 = VECTOR('',#4222,1.);
#4222 = DIRECTION('',(0.,0.,-1.));
#4223 = ORIENTED_EDGE('',*,*,#4224,.T.);
#4224 = EDGE_CURVE('',#4217,#4225,#4227,.T.);
#4225 = VERTEX_POINT('',#4226);
#4226 = CARTESIAN_POINT('',(2.965,0.7,0.3));
#4227 = LINE('',#4228,#4229);
#4228 = CARTESIAN_POINT('',(2.965,-2.3,0.3));
#4229 = VECTOR('',#4230,1.);
#4230 = DIRECTION('',(0.,1.,0.));
#4231 = ORIENTED_EDGE('',*,*,#4232,.T.);
#4232 = EDGE_CURVE('',#4225,#4233,#4235,.T.);
#4233 = VERTEX_POINT('',#4234);
#4234 = CARTESIAN_POINT('',(2.965,0.95,0.));
#4235 = LINE('',#4236,#4237);
#4236 = CARTESIAN_POINT('',(2.965,0.7,0.3));
#4237 = VECTOR('',#4238,1.);
#4238 = DIRECTION('',(0.,0.640184399664,-0.768221279597));
#4239 = ORIENTED_EDGE('',*,*,#4240,.T.);
#4240 = EDGE_CURVE('',#4233,#4241,#4243,.T.);
#4241 = VERTEX_POINT('',#4242);
#4242 = CARTESIAN_POINT('',(2.965,1.6,0.));
#4243 = LINE('',#4244,#4245);
#4244 = CARTESIAN_POINT('',(2.965,0.95,0.));
#4245 = VECTOR('',#4246,1.);
#4246 = DIRECTION('',(0.,1.,0.));
#4247 = ORIENTED_EDGE('',*,*,#4248,.T.);
#4248 = EDGE_CURVE('',#4241,#4249,#4251,.T.);
#4249 = VERTEX_POINT('',#4250);
#4250 = CARTESIAN_POINT('',(2.965,1.6,0.45));
#4251 = LINE('',#4252,#4253);
#4252 = CARTESIAN_POINT('',(2.965,1.6,0.));
#4253 = VECTOR('',#4254,1.);
#4254 = DIRECTION('',(0.,0.,1.));
#4255 = ORIENTED_EDGE('',*,*,#4256,.T.);
#4256 = EDGE_CURVE('',#4249,#4257,#4259,.T.);
#4257 = VERTEX_POINT('',#4258);
#4258 = CARTESIAN_POINT('',(2.965,1.1,0.45));
#4259 = LINE('',#4260,#4261);
#4260 = CARTESIAN_POINT('',(2.965,1.6,0.45));
#4261 = VECTOR('',#4262,1.);
#4262 = DIRECTION('',(0.,-1.,0.));
#4263 = ORIENTED_EDGE('',*,*,#4264,.T.);
#4264 = EDGE_CURVE('',#4257,#2202,#4265,.T.);
#4265 = LINE('',#4266,#4267);
#4266 = CARTESIAN_POINT('',(2.965,1.1,0.45));
#4267 = VECTOR('',#4268,1.);
#4268 = DIRECTION('',(0.,-0.650791373456,0.759256602365));
#4269 = PLANE('',#4270);
#4270 = AXIS2_PLACEMENT_3D('',#4271,#4272,#4273);
#4271 = CARTESIAN_POINT('',(2.965,-0.748526803527,1.36104328404));
#4272 = DIRECTION('',(1.,5.138674310239E-32,4.334095650434E-32));
#4273 = DIRECTION('',(-5.138674310239E-32,1.,0.));
#4274 = ADVANCED_FACE('',(#4275),#4293,.F.);
#4275 = FACE_BOUND('',#4276,.F.);
#4276 = EDGE_LOOP('',(#4277,#4278,#4286,#4292));
#4277 = ORIENTED_EDGE('',*,*,#2241,.T.);
#4278 = ORIENTED_EDGE('',*,*,#4279,.T.);
#4279 = EDGE_CURVE('',#2234,#4280,#4282,.T.);
#4280 = VERTEX_POINT('',#4281);
#4281 = CARTESIAN_POINT('',(3.285,-2.3,0.3));
#4282 = LINE('',#4283,#4284);
#4283 = CARTESIAN_POINT('',(3.285,-2.3,0.8));
#4284 = VECTOR('',#4285,1.);
#4285 = DIRECTION('',(0.,0.,-1.));
#4286 = ORIENTED_EDGE('',*,*,#4287,.F.);
#4287 = EDGE_CURVE('',#4217,#4280,#4288,.T.);
#4288 = LINE('',#4289,#4290);
#4289 = CARTESIAN_POINT('',(2.965,-2.3,0.3));
#4290 = VECTOR('',#4291,1.);
#4291 = DIRECTION('',(1.,0.,0.));
#4292 = ORIENTED_EDGE('',*,*,#4216,.F.);
#4293 = PLANE('',#4294);
#4294 = AXIS2_PLACEMENT_3D('',#4295,#4296,#4297);
#4295 = CARTESIAN_POINT('',(2.965,-2.3,0.8));
#4296 = DIRECTION('',(0.,1.,0.));
#4297 = DIRECTION('',(0.,0.,-1.));
#4298 = ADVANCED_FACE('',(#4299),#4351,.T.);
#4299 = FACE_BOUND('',#4300,.T.);
#4300 = EDGE_LOOP('',(#4301,#4302,#4303,#4304,#4305,#4313,#4321,#4329,
    #4337,#4345));
#4301 = ORIENTED_EDGE('',*,*,#2217,.T.);
#4302 = ORIENTED_EDGE('',*,*,#2225,.F.);
#4303 = ORIENTED_EDGE('',*,*,#2233,.T.);
#4304 = ORIENTED_EDGE('',*,*,#4279,.T.);
#4305 = ORIENTED_EDGE('',*,*,#4306,.T.);
#4306 = EDGE_CURVE('',#4280,#4307,#4309,.T.);
#4307 = VERTEX_POINT('',#4308);
#4308 = CARTESIAN_POINT('',(3.285,0.7,0.3));
#4309 = LINE('',#4310,#4311);
#4310 = CARTESIAN_POINT('',(3.285,-2.3,0.3));
#4311 = VECTOR('',#4312,1.);
#4312 = DIRECTION('',(0.,1.,0.));
#4313 = ORIENTED_EDGE('',*,*,#4314,.T.);
#4314 = EDGE_CURVE('',#4307,#4315,#4317,.T.);
#4315 = VERTEX_POINT('',#4316);
#4316 = CARTESIAN_POINT('',(3.285,0.95,0.));
#4317 = LINE('',#4318,#4319);
#4318 = CARTESIAN_POINT('',(3.285,0.7,0.3));
#4319 = VECTOR('',#4320,1.);
#4320 = DIRECTION('',(0.,0.640184399664,-0.768221279597));
#4321 = ORIENTED_EDGE('',*,*,#4322,.T.);
#4322 = EDGE_CURVE('',#4315,#4323,#4325,.T.);
#4323 = VERTEX_POINT('',#4324);
#4324 = CARTESIAN_POINT('',(3.285,1.6,0.));
#4325 = LINE('',#4326,#4327);
#4326 = CARTESIAN_POINT('',(3.285,0.95,0.));
#4327 = VECTOR('',#4328,1.);
#4328 = DIRECTION('',(0.,1.,0.));
#4329 = ORIENTED_EDGE('',*,*,#4330,.T.);
#4330 = EDGE_CURVE('',#4323,#4331,#4333,.T.);
#4331 = VERTEX_POINT('',#4332);
#4332 = CARTESIAN_POINT('',(3.285,1.6,0.45));
#4333 = LINE('',#4334,#4335);
#4334 = CARTESIAN_POINT('',(3.285,1.6,0.));
#4335 = VECTOR('',#4336,1.);
#4336 = DIRECTION('',(0.,0.,1.));
#4337 = ORIENTED_EDGE('',*,*,#4338,.T.);
#4338 = EDGE_CURVE('',#4331,#4339,#4341,.T.);
#4339 = VERTEX_POINT('',#4340);
#4340 = CARTESIAN_POINT('',(3.285,1.1,0.45));
#4341 = LINE('',#4342,#4343);
#4342 = CARTESIAN_POINT('',(3.285,1.6,0.45));
#4343 = VECTOR('',#4344,1.);
#4344 = DIRECTION('',(0.,-1.,0.));
#4345 = ORIENTED_EDGE('',*,*,#4346,.T.);
#4346 = EDGE_CURVE('',#4339,#2210,#4347,.T.);
#4347 = LINE('',#4348,#4349);
#4348 = CARTESIAN_POINT('',(3.285,1.1,0.45));
#4349 = VECTOR('',#4350,1.);
#4350 = DIRECTION('',(0.,-0.650791373456,0.759256602365));
#4351 = PLANE('',#4352);
#4352 = AXIS2_PLACEMENT_3D('',#4353,#4354,#4355);
#4353 = CARTESIAN_POINT('',(3.285,-0.748526803527,1.36104328404));
#4354 = DIRECTION('',(1.,5.138674310239E-32,4.334095650434E-32));
#4355 = DIRECTION('',(-5.138674310239E-32,1.,0.));
#4356 = ADVANCED_FACE('',(#4357),#4368,.F.);
#4357 = FACE_BOUND('',#4358,.F.);
#4358 = EDGE_LOOP('',(#4359,#4365,#4366,#4367));
#4359 = ORIENTED_EDGE('',*,*,#4360,.T.);
#4360 = EDGE_CURVE('',#4257,#4339,#4361,.T.);
#4361 = LINE('',#4362,#4363);
#4362 = CARTESIAN_POINT('',(2.965,1.1,0.45));
#4363 = VECTOR('',#4364,1.);
#4364 = DIRECTION('',(1.,0.,0.));
#4365 = ORIENTED_EDGE('',*,*,#4346,.T.);
#4366 = ORIENTED_EDGE('',*,*,#2209,.F.);
#4367 = ORIENTED_EDGE('',*,*,#4264,.F.);
#4368 = PLANE('',#4369);
#4369 = AXIS2_PLACEMENT_3D('',#4370,#4371,#4372);
#4370 = CARTESIAN_POINT('',(2.965,1.1,0.45));
#4371 = DIRECTION('',(0.,-0.759256602365,-0.650791373456));
#4372 = DIRECTION('',(0.,-0.650791373456,0.759256602365));
#4373 = ADVANCED_FACE('',(#4374),#4433,.F.);
#4374 = FACE_BOUND('',#4375,.F.);
#4375 = EDGE_LOOP('',(#4376,#4377,#4378,#4379,#4387,#4395,#4403,#4411,
    #4419,#4427));
#4376 = ORIENTED_EDGE('',*,*,#2363,.T.);
#4377 = ORIENTED_EDGE('',*,*,#2355,.F.);
#4378 = ORIENTED_EDGE('',*,*,#2345,.T.);
#4379 = ORIENTED_EDGE('',*,*,#4380,.T.);
#4380 = EDGE_CURVE('',#2348,#4381,#4383,.T.);
#4381 = VERTEX_POINT('',#4382);
#4382 = CARTESIAN_POINT('',(1.715,-2.3,0.3));
#4383 = LINE('',#4384,#4385);
#4384 = CARTESIAN_POINT('',(1.715,-2.3,0.8));
#4385 = VECTOR('',#4386,1.);
#4386 = DIRECTION('',(0.,0.,-1.));
#4387 = ORIENTED_EDGE('',*,*,#4388,.T.);
#4388 = EDGE_CURVE('',#4381,#4389,#4391,.T.);
#4389 = VERTEX_POINT('',#4390);
#4390 = CARTESIAN_POINT('',(1.715,0.7,0.3));
#4391 = LINE('',#4392,#4393);
#4392 = CARTESIAN_POINT('',(1.715,-2.3,0.3));
#4393 = VECTOR('',#4394,1.);
#4394 = DIRECTION('',(0.,1.,0.));
#4395 = ORIENTED_EDGE('',*,*,#4396,.T.);
#4396 = EDGE_CURVE('',#4389,#4397,#4399,.T.);
#4397 = VERTEX_POINT('',#4398);
#4398 = CARTESIAN_POINT('',(1.715,0.95,0.));
#4399 = LINE('',#4400,#4401);
#4400 = CARTESIAN_POINT('',(1.715,0.7,0.3));
#4401 = VECTOR('',#4402,1.);
#4402 = DIRECTION('',(0.,0.640184399664,-0.768221279597));
#4403 = ORIENTED_EDGE('',*,*,#4404,.T.);
#4404 = EDGE_CURVE('',#4397,#4405,#4407,.T.);
#4405 = VERTEX_POINT('',#4406);
#4406 = CARTESIAN_POINT('',(1.715,1.6,0.));
#4407 = LINE('',#4408,#4409);
#4408 = CARTESIAN_POINT('',(1.715,0.95,0.));
#4409 = VECTOR('',#4410,1.);
#4410 = DIRECTION('',(0.,1.,0.));
#4411 = ORIENTED_EDGE('',*,*,#4412,.T.);
#4412 = EDGE_CURVE('',#4405,#4413,#4415,.T.);
#4413 = VERTEX_POINT('',#4414);
#4414 = CARTESIAN_POINT('',(1.715,1.6,0.45));
#4415 = LINE('',#4416,#4417);
#4416 = CARTESIAN_POINT('',(1.715,1.6,0.));
#4417 = VECTOR('',#4418,1.);
#4418 = DIRECTION('',(0.,0.,1.));
#4419 = ORIENTED_EDGE('',*,*,#4420,.T.);
#4420 = EDGE_CURVE('',#4413,#4421,#4423,.T.);
#4421 = VERTEX_POINT('',#4422);
#4422 = CARTESIAN_POINT('',(1.715,1.1,0.45));
#4423 = LINE('',#4424,#4425);
#4424 = CARTESIAN_POINT('',(1.715,1.6,0.45));
#4425 = VECTOR('',#4426,1.);
#4426 = DIRECTION('',(0.,-1.,0.));
#4427 = ORIENTED_EDGE('',*,*,#4428,.T.);
#4428 = EDGE_CURVE('',#4421,#2364,#4429,.T.);
#4429 = LINE('',#4430,#4431);
#4430 = CARTESIAN_POINT('',(1.715,1.1,0.45));
#4431 = VECTOR('',#4432,1.);
#4432 = DIRECTION('',(0.,-0.650791373456,0.759256602365));
#4433 = PLANE('',#4434);
#4434 = AXIS2_PLACEMENT_3D('',#4435,#4436,#4437);
#4435 = CARTESIAN_POINT('',(1.715,-0.748526803527,1.36104328404));
#4436 = DIRECTION('',(1.,5.138674310239E-32,4.334095650434E-32));
#4437 = DIRECTION('',(-5.138674310239E-32,1.,0.));
#4438 = ADVANCED_FACE('',(#4439),#4457,.F.);
#4439 = FACE_BOUND('',#4440,.F.);
#4440 = EDGE_LOOP('',(#4441,#4442,#4450,#4456));
#4441 = ORIENTED_EDGE('',*,*,#2403,.T.);
#4442 = ORIENTED_EDGE('',*,*,#4443,.T.);
#4443 = EDGE_CURVE('',#2396,#4444,#4446,.T.);
#4444 = VERTEX_POINT('',#4445);
#4445 = CARTESIAN_POINT('',(2.035,-2.3,0.3));
#4446 = LINE('',#4447,#4448);
#4447 = CARTESIAN_POINT('',(2.035,-2.3,0.8));
#4448 = VECTOR('',#4449,1.);
#4449 = DIRECTION('',(0.,0.,-1.));
#4450 = ORIENTED_EDGE('',*,*,#4451,.F.);
#4451 = EDGE_CURVE('',#4381,#4444,#4452,.T.);
#4452 = LINE('',#4453,#4454);
#4453 = CARTESIAN_POINT('',(1.715,-2.3,0.3));
#4454 = VECTOR('',#4455,1.);
#4455 = DIRECTION('',(1.,0.,0.));
#4456 = ORIENTED_EDGE('',*,*,#4380,.F.);
#4457 = PLANE('',#4458);
#4458 = AXIS2_PLACEMENT_3D('',#4459,#4460,#4461);
#4459 = CARTESIAN_POINT('',(1.715,-2.3,0.8));
#4460 = DIRECTION('',(0.,1.,0.));
#4461 = DIRECTION('',(0.,0.,-1.));
#4462 = ADVANCED_FACE('',(#4463),#4515,.T.);
#4463 = FACE_BOUND('',#4464,.T.);
#4464 = EDGE_LOOP('',(#4465,#4466,#4467,#4468,#4469,#4477,#4485,#4493,
    #4501,#4509));
#4465 = ORIENTED_EDGE('',*,*,#2379,.T.);
#4466 = ORIENTED_EDGE('',*,*,#2387,.F.);
#4467 = ORIENTED_EDGE('',*,*,#2395,.T.);
#4468 = ORIENTED_EDGE('',*,*,#4443,.T.);
#4469 = ORIENTED_EDGE('',*,*,#4470,.T.);
#4470 = EDGE_CURVE('',#4444,#4471,#4473,.T.);
#4471 = VERTEX_POINT('',#4472);
#4472 = CARTESIAN_POINT('',(2.035,0.7,0.3));
#4473 = LINE('',#4474,#4475);
#4474 = CARTESIAN_POINT('',(2.035,-2.3,0.3));
#4475 = VECTOR('',#4476,1.);
#4476 = DIRECTION('',(0.,1.,0.));
#4477 = ORIENTED_EDGE('',*,*,#4478,.T.);
#4478 = EDGE_CURVE('',#4471,#4479,#4481,.T.);
#4479 = VERTEX_POINT('',#4480);
#4480 = CARTESIAN_POINT('',(2.035,0.95,0.));
#4481 = LINE('',#4482,#4483);
#4482 = CARTESIAN_POINT('',(2.035,0.7,0.3));
#4483 = VECTOR('',#4484,1.);
#4484 = DIRECTION('',(0.,0.640184399664,-0.768221279597));
#4485 = ORIENTED_EDGE('',*,*,#4486,.T.);
#4486 = EDGE_CURVE('',#4479,#4487,#4489,.T.);
#4487 = VERTEX_POINT('',#4488);
#4488 = CARTESIAN_POINT('',(2.035,1.6,0.));
#4489 = LINE('',#4490,#4491);
#4490 = CARTESIAN_POINT('',(2.035,0.95,0.));
#4491 = VECTOR('',#4492,1.);
#4492 = DIRECTION('',(0.,1.,0.));
#4493 = ORIENTED_EDGE('',*,*,#4494,.T.);
#4494 = EDGE_CURVE('',#4487,#4495,#4497,.T.);
#4495 = VERTEX_POINT('',#4496);
#4496 = CARTESIAN_POINT('',(2.035,1.6,0.45));
#4497 = LINE('',#4498,#4499);
#4498 = CARTESIAN_POINT('',(2.035,1.6,0.));
#4499 = VECTOR('',#4500,1.);
#4500 = DIRECTION('',(0.,0.,1.));
#4501 = ORIENTED_EDGE('',*,*,#4502,.T.);
#4502 = EDGE_CURVE('',#4495,#4503,#4505,.T.);
#4503 = VERTEX_POINT('',#4504);
#4504 = CARTESIAN_POINT('',(2.035,1.1,0.45));
#4505 = LINE('',#4506,#4507);
#4506 = CARTESIAN_POINT('',(2.035,1.6,0.45));
#4507 = VECTOR('',#4508,1.);
#4508 = DIRECTION('',(0.,-1.,0.));
#4509 = ORIENTED_EDGE('',*,*,#4510,.T.);
#4510 = EDGE_CURVE('',#4503,#2372,#4511,.T.);
#4511 = LINE('',#4512,#4513);
#4512 = CARTESIAN_POINT('',(2.035,1.1,0.45));
#4513 = VECTOR('',#4514,1.);
#4514 = DIRECTION('',(0.,-0.650791373456,0.759256602365));
#4515 = PLANE('',#4516);
#4516 = AXIS2_PLACEMENT_3D('',#4517,#4518,#4519);
#4517 = CARTESIAN_POINT('',(2.035,-0.748526803527,1.36104328404));
#4518 = DIRECTION('',(1.,5.138674310239E-32,4.334095650434E-32));
#4519 = DIRECTION('',(-5.138674310239E-32,1.,0.));
#4520 = ADVANCED_FACE('',(#4521),#4532,.F.);
#4521 = FACE_BOUND('',#4522,.F.);
#4522 = EDGE_LOOP('',(#4523,#4529,#4530,#4531));
#4523 = ORIENTED_EDGE('',*,*,#4524,.T.);
#4524 = EDGE_CURVE('',#4421,#4503,#4525,.T.);
#4525 = LINE('',#4526,#4527);
#4526 = CARTESIAN_POINT('',(1.715,1.1,0.45));
#4527 = VECTOR('',#4528,1.);
#4528 = DIRECTION('',(1.,0.,0.));
#4529 = ORIENTED_EDGE('',*,*,#4510,.T.);
#4530 = ORIENTED_EDGE('',*,*,#2371,.F.);
#4531 = ORIENTED_EDGE('',*,*,#4428,.F.);
#4532 = PLANE('',#4533);
#4533 = AXIS2_PLACEMENT_3D('',#4534,#4535,#4536);
#4534 = CARTESIAN_POINT('',(1.715,1.1,0.45));
#4535 = DIRECTION('',(0.,-0.759256602365,-0.650791373456));
#4536 = DIRECTION('',(0.,-0.650791373456,0.759256602365));
#4537 = ADVANCED_FACE('',(#4538),#4563,.F.);
#4538 = FACE_BOUND('',#4539,.F.);
#4539 = EDGE_LOOP('',(#4540,#4541,#4549,#4557));
#4540 = ORIENTED_EDGE('',*,*,#2507,.T.);
#4541 = ORIENTED_EDGE('',*,*,#4542,.T.);
#4542 = EDGE_CURVE('',#2510,#4543,#4545,.T.);
#4543 = VERTEX_POINT('',#4544);
#4544 = CARTESIAN_POINT('',(0.785,-2.3,0.3));
#4545 = LINE('',#4546,#4547);
#4546 = CARTESIAN_POINT('',(0.785,-2.3,0.8));
#4547 = VECTOR('',#4548,1.);
#4548 = DIRECTION('',(0.,0.,-1.));
#4549 = ORIENTED_EDGE('',*,*,#4550,.F.);
#4550 = EDGE_CURVE('',#4551,#4543,#4553,.T.);
#4551 = VERTEX_POINT('',#4552);
#4552 = CARTESIAN_POINT('',(0.465,-2.3,0.3));
#4553 = LINE('',#4554,#4555);
#4554 = CARTESIAN_POINT('',(0.465,-2.3,0.3));
#4555 = VECTOR('',#4556,1.);
#4556 = DIRECTION('',(1.,0.,0.));
#4557 = ORIENTED_EDGE('',*,*,#4558,.F.);
#4558 = EDGE_CURVE('',#2508,#4551,#4559,.T.);
#4559 = LINE('',#4560,#4561);
#4560 = CARTESIAN_POINT('',(0.465,-2.3,0.8));
#4561 = VECTOR('',#4562,1.);
#4562 = DIRECTION('',(0.,0.,-1.));
#4563 = PLANE('',#4564);
#4564 = AXIS2_PLACEMENT_3D('',#4565,#4566,#4567);
#4565 = CARTESIAN_POINT('',(0.465,-2.3,0.8));
#4566 = DIRECTION('',(0.,1.,0.));
#4567 = DIRECTION('',(0.,0.,-1.));
#4568 = ADVANCED_FACE('',(#4569),#4621,.T.);
#4569 = FACE_BOUND('',#4570,.T.);
#4570 = EDGE_LOOP('',(#4571,#4572,#4573,#4574,#4575,#4583,#4591,#4599,
    #4607,#4615));
#4571 = ORIENTED_EDGE('',*,*,#2549,.T.);
#4572 = ORIENTED_EDGE('',*,*,#2557,.F.);
#4573 = ORIENTED_EDGE('',*,*,#2565,.T.);
#4574 = ORIENTED_EDGE('',*,*,#4542,.T.);
#4575 = ORIENTED_EDGE('',*,*,#4576,.T.);
#4576 = EDGE_CURVE('',#4543,#4577,#4579,.T.);
#4577 = VERTEX_POINT('',#4578);
#4578 = CARTESIAN_POINT('',(0.785,0.7,0.3));
#4579 = LINE('',#4580,#4581);
#4580 = CARTESIAN_POINT('',(0.785,-2.3,0.3));
#4581 = VECTOR('',#4582,1.);
#4582 = DIRECTION('',(0.,1.,0.));
#4583 = ORIENTED_EDGE('',*,*,#4584,.T.);
#4584 = EDGE_CURVE('',#4577,#4585,#4587,.T.);
#4585 = VERTEX_POINT('',#4586);
#4586 = CARTESIAN_POINT('',(0.785,0.95,0.));
#4587 = LINE('',#4588,#4589);
#4588 = CARTESIAN_POINT('',(0.785,0.7,0.3));
#4589 = VECTOR('',#4590,1.);
#4590 = DIRECTION('',(0.,0.640184399664,-0.768221279597));
#4591 = ORIENTED_EDGE('',*,*,#4592,.T.);
#4592 = EDGE_CURVE('',#4585,#4593,#4595,.T.);
#4593 = VERTEX_POINT('',#4594);
#4594 = CARTESIAN_POINT('',(0.785,1.6,0.));
#4595 = LINE('',#4596,#4597);
#4596 = CARTESIAN_POINT('',(0.785,0.95,0.));
#4597 = VECTOR('',#4598,1.);
#4598 = DIRECTION('',(0.,1.,0.));
#4599 = ORIENTED_EDGE('',*,*,#4600,.T.);
#4600 = EDGE_CURVE('',#4593,#4601,#4603,.T.);
#4601 = VERTEX_POINT('',#4602);
#4602 = CARTESIAN_POINT('',(0.785,1.6,0.45));
#4603 = LINE('',#4604,#4605);
#4604 = CARTESIAN_POINT('',(0.785,1.6,0.));
#4605 = VECTOR('',#4606,1.);
#4606 = DIRECTION('',(0.,0.,1.));
#4607 = ORIENTED_EDGE('',*,*,#4608,.T.);
#4608 = EDGE_CURVE('',#4601,#4609,#4611,.T.);
#4609 = VERTEX_POINT('',#4610);
#4610 = CARTESIAN_POINT('',(0.785,1.1,0.45));
#4611 = LINE('',#4612,#4613);
#4612 = CARTESIAN_POINT('',(0.785,1.6,0.45));
#4613 = VECTOR('',#4614,1.);
#4614 = DIRECTION('',(0.,-1.,0.));
#4615 = ORIENTED_EDGE('',*,*,#4616,.T.);
#4616 = EDGE_CURVE('',#4609,#2542,#4617,.T.);
#4617 = LINE('',#4618,#4619);
#4618 = CARTESIAN_POINT('',(0.785,1.1,0.45));
#4619 = VECTOR('',#4620,1.);
#4620 = DIRECTION('',(0.,-0.650791373456,0.759256602365));
#4621 = PLANE('',#4622);
#4622 = AXIS2_PLACEMENT_3D('',#4623,#4624,#4625);
#4623 = CARTESIAN_POINT('',(0.785,-0.748526803527,1.36104328404));
#4624 = DIRECTION('',(1.,5.138674310239E-32,4.334095650434E-32));
#4625 = DIRECTION('',(-5.138674310239E-32,1.,0.));
#4626 = ADVANCED_FACE('',(#4627),#4645,.F.);
#4627 = FACE_BOUND('',#4628,.F.);
#4628 = EDGE_LOOP('',(#4629,#4637,#4638,#4639));
#4629 = ORIENTED_EDGE('',*,*,#4630,.T.);
#4630 = EDGE_CURVE('',#4631,#4609,#4633,.T.);
#4631 = VERTEX_POINT('',#4632);
#4632 = CARTESIAN_POINT('',(0.465,1.1,0.45));
#4633 = LINE('',#4634,#4635);
#4634 = CARTESIAN_POINT('',(0.465,1.1,0.45));
#4635 = VECTOR('',#4636,1.);
#4636 = DIRECTION('',(1.,0.,0.));
#4637 = ORIENTED_EDGE('',*,*,#4616,.T.);
#4638 = ORIENTED_EDGE('',*,*,#2541,.F.);
#4639 = ORIENTED_EDGE('',*,*,#4640,.F.);
#4640 = EDGE_CURVE('',#4631,#2534,#4641,.T.);
#4641 = LINE('',#4642,#4643);
#4642 = CARTESIAN_POINT('',(0.465,1.1,0.45));
#4643 = VECTOR('',#4644,1.);
#4644 = DIRECTION('',(0.,-0.650791373456,0.759256602365));
#4645 = PLANE('',#4646);
#4646 = AXIS2_PLACEMENT_3D('',#4647,#4648,#4649);
#4647 = CARTESIAN_POINT('',(0.465,1.1,0.45));
#4648 = DIRECTION('',(0.,-0.759256602365,-0.650791373456));
#4649 = DIRECTION('',(0.,-0.650791373456,0.759256602365));
#4650 = ADVANCED_FACE('',(#4651),#4696,.F.);
#4651 = FACE_BOUND('',#4652,.F.);
#4652 = EDGE_LOOP('',(#4653,#4654,#4655,#4656,#4657,#4665,#4673,#4681,
    #4689,#4695));
#4653 = ORIENTED_EDGE('',*,*,#2533,.T.);
#4654 = ORIENTED_EDGE('',*,*,#2525,.F.);
#4655 = ORIENTED_EDGE('',*,*,#2517,.T.);
#4656 = ORIENTED_EDGE('',*,*,#4558,.T.);
#4657 = ORIENTED_EDGE('',*,*,#4658,.T.);
#4658 = EDGE_CURVE('',#4551,#4659,#4661,.T.);
#4659 = VERTEX_POINT('',#4660);
#4660 = CARTESIAN_POINT('',(0.465,0.7,0.3));
#4661 = LINE('',#4662,#4663);
#4662 = CARTESIAN_POINT('',(0.465,-2.3,0.3));
#4663 = VECTOR('',#4664,1.);
#4664 = DIRECTION('',(0.,1.,0.));
#4665 = ORIENTED_EDGE('',*,*,#4666,.T.);
#4666 = EDGE_CURVE('',#4659,#4667,#4669,.T.);
#4667 = VERTEX_POINT('',#4668);
#4668 = CARTESIAN_POINT('',(0.465,0.95,0.));
#4669 = LINE('',#4670,#4671);
#4670 = CARTESIAN_POINT('',(0.465,0.7,0.3));
#4671 = VECTOR('',#4672,1.);
#4672 = DIRECTION('',(0.,0.640184399664,-0.768221279597));
#4673 = ORIENTED_EDGE('',*,*,#4674,.T.);
#4674 = EDGE_CURVE('',#4667,#4675,#4677,.T.);
#4675 = VERTEX_POINT('',#4676);
#4676 = CARTESIAN_POINT('',(0.465,1.6,0.));
#4677 = LINE('',#4678,#4679);
#4678 = CARTESIAN_POINT('',(0.465,0.95,0.));
#4679 = VECTOR('',#4680,1.);
#4680 = DIRECTION('',(0.,1.,0.));
#4681 = ORIENTED_EDGE('',*,*,#4682,.T.);
#4682 = EDGE_CURVE('',#4675,#4683,#4685,.T.);
#4683 = VERTEX_POINT('',#4684);
#4684 = CARTESIAN_POINT('',(0.465,1.6,0.45));
#4685 = LINE('',#4686,#4687);
#4686 = CARTESIAN_POINT('',(0.465,1.6,0.));
#4687 = VECTOR('',#4688,1.);
#4688 = DIRECTION('',(0.,0.,1.));
#4689 = ORIENTED_EDGE('',*,*,#4690,.T.);
#4690 = EDGE_CURVE('',#4683,#4631,#4691,.T.);
#4691 = LINE('',#4692,#4693);
#4692 = CARTESIAN_POINT('',(0.465,1.6,0.45));
#4693 = VECTOR('',#4694,1.);
#4694 = DIRECTION('',(0.,-1.,0.));
#4695 = ORIENTED_EDGE('',*,*,#4640,.T.);
#4696 = PLANE('',#4697);
#4697 = AXIS2_PLACEMENT_3D('',#4698,#4699,#4700);
#4698 = CARTESIAN_POINT('',(0.465,-0.748526803527,1.36104328404));
#4699 = DIRECTION('',(1.,5.138674310239E-32,4.334095650434E-32));
#4700 = DIRECTION('',(-5.138674310239E-32,1.,0.));
#4701 = ADVANCED_FACE('',(#4702),#4727,.F.);
#4702 = FACE_BOUND('',#4703,.F.);
#4703 = EDGE_LOOP('',(#4704,#4705,#4713,#4721));
#4704 = ORIENTED_EDGE('',*,*,#2669,.T.);
#4705 = ORIENTED_EDGE('',*,*,#4706,.T.);
#4706 = EDGE_CURVE('',#2672,#4707,#4709,.T.);
#4707 = VERTEX_POINT('',#4708);
#4708 = CARTESIAN_POINT('',(-0.465,-2.3,0.3));
#4709 = LINE('',#4710,#4711);
#4710 = CARTESIAN_POINT('',(-0.465,-2.3,0.8));
#4711 = VECTOR('',#4712,1.);
#4712 = DIRECTION('',(0.,0.,-1.));
#4713 = ORIENTED_EDGE('',*,*,#4714,.F.);
#4714 = EDGE_CURVE('',#4715,#4707,#4717,.T.);
#4715 = VERTEX_POINT('',#4716);
#4716 = CARTESIAN_POINT('',(-0.785,-2.3,0.3));
#4717 = LINE('',#4718,#4719);
#4718 = CARTESIAN_POINT('',(-0.785,-2.3,0.3));
#4719 = VECTOR('',#4720,1.);
#4720 = DIRECTION('',(1.,0.,0.));
#4721 = ORIENTED_EDGE('',*,*,#4722,.F.);
#4722 = EDGE_CURVE('',#2670,#4715,#4723,.T.);
#4723 = LINE('',#4724,#4725);
#4724 = CARTESIAN_POINT('',(-0.785,-2.3,0.8));
#4725 = VECTOR('',#4726,1.);
#4726 = DIRECTION('',(0.,0.,-1.));
#4727 = PLANE('',#4728);
#4728 = AXIS2_PLACEMENT_3D('',#4729,#4730,#4731);
#4729 = CARTESIAN_POINT('',(-0.785,-2.3,0.8));
#4730 = DIRECTION('',(0.,1.,0.));
#4731 = DIRECTION('',(0.,0.,-1.));
#4732 = ADVANCED_FACE('',(#4733),#4785,.T.);
#4733 = FACE_BOUND('',#4734,.T.);
#4734 = EDGE_LOOP('',(#4735,#4736,#4737,#4738,#4739,#4747,#4755,#4763,
    #4771,#4779));
#4735 = ORIENTED_EDGE('',*,*,#2711,.T.);
#4736 = ORIENTED_EDGE('',*,*,#2719,.F.);
#4737 = ORIENTED_EDGE('',*,*,#2727,.T.);
#4738 = ORIENTED_EDGE('',*,*,#4706,.T.);
#4739 = ORIENTED_EDGE('',*,*,#4740,.T.);
#4740 = EDGE_CURVE('',#4707,#4741,#4743,.T.);
#4741 = VERTEX_POINT('',#4742);
#4742 = CARTESIAN_POINT('',(-0.465,0.7,0.3));
#4743 = LINE('',#4744,#4745);
#4744 = CARTESIAN_POINT('',(-0.465,-2.3,0.3));
#4745 = VECTOR('',#4746,1.);
#4746 = DIRECTION('',(0.,1.,0.));
#4747 = ORIENTED_EDGE('',*,*,#4748,.T.);
#4748 = EDGE_CURVE('',#4741,#4749,#4751,.T.);
#4749 = VERTEX_POINT('',#4750);
#4750 = CARTESIAN_POINT('',(-0.465,0.95,0.));
#4751 = LINE('',#4752,#4753);
#4752 = CARTESIAN_POINT('',(-0.465,0.7,0.3));
#4753 = VECTOR('',#4754,1.);
#4754 = DIRECTION('',(0.,0.640184399664,-0.768221279597));
#4755 = ORIENTED_EDGE('',*,*,#4756,.T.);
#4756 = EDGE_CURVE('',#4749,#4757,#4759,.T.);
#4757 = VERTEX_POINT('',#4758);
#4758 = CARTESIAN_POINT('',(-0.465,1.6,0.));
#4759 = LINE('',#4760,#4761);
#4760 = CARTESIAN_POINT('',(-0.465,0.95,0.));
#4761 = VECTOR('',#4762,1.);
#4762 = DIRECTION('',(0.,1.,0.));
#4763 = ORIENTED_EDGE('',*,*,#4764,.T.);
#4764 = EDGE_CURVE('',#4757,#4765,#4767,.T.);
#4765 = VERTEX_POINT('',#4766);
#4766 = CARTESIAN_POINT('',(-0.465,1.6,0.45));
#4767 = LINE('',#4768,#4769);
#4768 = CARTESIAN_POINT('',(-0.465,1.6,0.));
#4769 = VECTOR('',#4770,1.);
#4770 = DIRECTION('',(0.,0.,1.));
#4771 = ORIENTED_EDGE('',*,*,#4772,.T.);
#4772 = EDGE_CURVE('',#4765,#4773,#4775,.T.);
#4773 = VERTEX_POINT('',#4774);
#4774 = CARTESIAN_POINT('',(-0.465,1.1,0.45));
#4775 = LINE('',#4776,#4777);
#4776 = CARTESIAN_POINT('',(-0.465,1.6,0.45));
#4777 = VECTOR('',#4778,1.);
#4778 = DIRECTION('',(0.,-1.,0.));
#4779 = ORIENTED_EDGE('',*,*,#4780,.T.);
#4780 = EDGE_CURVE('',#4773,#2704,#4781,.T.);
#4781 = LINE('',#4782,#4783);
#4782 = CARTESIAN_POINT('',(-0.465,1.1,0.45));
#4783 = VECTOR('',#4784,1.);
#4784 = DIRECTION('',(0.,-0.650791373456,0.759256602365));
#4785 = PLANE('',#4786);
#4786 = AXIS2_PLACEMENT_3D('',#4787,#4788,#4789);
#4787 = CARTESIAN_POINT('',(-0.465,-0.748526803527,1.36104328404));
#4788 = DIRECTION('',(1.,5.138674310239E-32,4.334095650434E-32));
#4789 = DIRECTION('',(-5.138674310239E-32,1.,0.));
#4790 = ADVANCED_FACE('',(#4791),#4809,.F.);
#4791 = FACE_BOUND('',#4792,.F.);
#4792 = EDGE_LOOP('',(#4793,#4801,#4802,#4803));
#4793 = ORIENTED_EDGE('',*,*,#4794,.T.);
#4794 = EDGE_CURVE('',#4795,#4773,#4797,.T.);
#4795 = VERTEX_POINT('',#4796);
#4796 = CARTESIAN_POINT('',(-0.785,1.1,0.45));
#4797 = LINE('',#4798,#4799);
#4798 = CARTESIAN_POINT('',(-0.785,1.1,0.45));
#4799 = VECTOR('',#4800,1.);
#4800 = DIRECTION('',(1.,0.,0.));
#4801 = ORIENTED_EDGE('',*,*,#4780,.T.);
#4802 = ORIENTED_EDGE('',*,*,#2703,.F.);
#4803 = ORIENTED_EDGE('',*,*,#4804,.F.);
#4804 = EDGE_CURVE('',#4795,#2696,#4805,.T.);
#4805 = LINE('',#4806,#4807);
#4806 = CARTESIAN_POINT('',(-0.785,1.1,0.45));
#4807 = VECTOR('',#4808,1.);
#4808 = DIRECTION('',(0.,-0.650791373456,0.759256602365));
#4809 = PLANE('',#4810);
#4810 = AXIS2_PLACEMENT_3D('',#4811,#4812,#4813);
#4811 = CARTESIAN_POINT('',(-0.785,1.1,0.45));
#4812 = DIRECTION('',(0.,-0.759256602365,-0.650791373456));
#4813 = DIRECTION('',(0.,-0.650791373456,0.759256602365));
#4814 = ADVANCED_FACE('',(#4815),#4860,.F.);
#4815 = FACE_BOUND('',#4816,.F.);
#4816 = EDGE_LOOP('',(#4817,#4818,#4819,#4820,#4821,#4829,#4837,#4845,
    #4853,#4859));
#4817 = ORIENTED_EDGE('',*,*,#2695,.T.);
#4818 = ORIENTED_EDGE('',*,*,#2687,.F.);
#4819 = ORIENTED_EDGE('',*,*,#2679,.T.);
#4820 = ORIENTED_EDGE('',*,*,#4722,.T.);
#4821 = ORIENTED_EDGE('',*,*,#4822,.T.);
#4822 = EDGE_CURVE('',#4715,#4823,#4825,.T.);
#4823 = VERTEX_POINT('',#4824);
#4824 = CARTESIAN_POINT('',(-0.785,0.7,0.3));
#4825 = LINE('',#4826,#4827);
#4826 = CARTESIAN_POINT('',(-0.785,-2.3,0.3));
#4827 = VECTOR('',#4828,1.);
#4828 = DIRECTION('',(0.,1.,0.));
#4829 = ORIENTED_EDGE('',*,*,#4830,.T.);
#4830 = EDGE_CURVE('',#4823,#4831,#4833,.T.);
#4831 = VERTEX_POINT('',#4832);
#4832 = CARTESIAN_POINT('',(-0.785,0.95,0.));
#4833 = LINE('',#4834,#4835);
#4834 = CARTESIAN_POINT('',(-0.785,0.7,0.3));
#4835 = VECTOR('',#4836,1.);
#4836 = DIRECTION('',(0.,0.640184399664,-0.768221279597));
#4837 = ORIENTED_EDGE('',*,*,#4838,.T.);
#4838 = EDGE_CURVE('',#4831,#4839,#4841,.T.);
#4839 = VERTEX_POINT('',#4840);
#4840 = CARTESIAN_POINT('',(-0.785,1.6,0.));
#4841 = LINE('',#4842,#4843);
#4842 = CARTESIAN_POINT('',(-0.785,0.95,0.));
#4843 = VECTOR('',#4844,1.);
#4844 = DIRECTION('',(0.,1.,0.));
#4845 = ORIENTED_EDGE('',*,*,#4846,.T.);
#4846 = EDGE_CURVE('',#4839,#4847,#4849,.T.);
#4847 = VERTEX_POINT('',#4848);
#4848 = CARTESIAN_POINT('',(-0.785,1.6,0.45));
#4849 = LINE('',#4850,#4851);
#4850 = CARTESIAN_POINT('',(-0.785,1.6,0.));
#4851 = VECTOR('',#4852,1.);
#4852 = DIRECTION('',(0.,0.,1.));
#4853 = ORIENTED_EDGE('',*,*,#4854,.T.);
#4854 = EDGE_CURVE('',#4847,#4795,#4855,.T.);
#4855 = LINE('',#4856,#4857);
#4856 = CARTESIAN_POINT('',(-0.785,1.6,0.45));
#4857 = VECTOR('',#4858,1.);
#4858 = DIRECTION('',(0.,-1.,0.));
#4859 = ORIENTED_EDGE('',*,*,#4804,.T.);
#4860 = PLANE('',#4861);
#4861 = AXIS2_PLACEMENT_3D('',#4862,#4863,#4864);
#4862 = CARTESIAN_POINT('',(-0.785,-0.748526803527,1.36104328404));
#4863 = DIRECTION('',(1.,5.138674310239E-32,4.334095650434E-32));
#4864 = DIRECTION('',(-5.138674310239E-32,1.,0.));
#4865 = ADVANCED_FACE('',(#4866),#4891,.F.);
#4866 = FACE_BOUND('',#4867,.F.);
#4867 = EDGE_LOOP('',(#4868,#4878,#4884,#4885));
#4868 = ORIENTED_EDGE('',*,*,#4869,.T.);
#4869 = EDGE_CURVE('',#4870,#4872,#4874,.T.);
#4870 = VERTEX_POINT('',#4871);
#4871 = CARTESIAN_POINT('',(-2.035,1.1,0.45));
#4872 = VERTEX_POINT('',#4873);
#4873 = CARTESIAN_POINT('',(-1.715,1.1,0.45));
#4874 = LINE('',#4875,#4876);
#4875 = CARTESIAN_POINT('',(-2.035,1.1,0.45));
#4876 = VECTOR('',#4877,1.);
#4877 = DIRECTION('',(1.,0.,0.));
#4878 = ORIENTED_EDGE('',*,*,#4879,.T.);
#4879 = EDGE_CURVE('',#4872,#2834,#4880,.T.);
#4880 = LINE('',#4881,#4882);
#4881 = CARTESIAN_POINT('',(-1.715,1.1,0.45));
#4882 = VECTOR('',#4883,1.);
#4883 = DIRECTION('',(0.,-0.650791373456,0.759256602365));
#4884 = ORIENTED_EDGE('',*,*,#2831,.F.);
#4885 = ORIENTED_EDGE('',*,*,#4886,.F.);
#4886 = EDGE_CURVE('',#4870,#2832,#4887,.T.);
#4887 = LINE('',#4888,#4889);
#4888 = CARTESIAN_POINT('',(-2.035,1.1,0.45));
#4889 = VECTOR('',#4890,1.);
#4890 = DIRECTION('',(0.,-0.650791373456,0.759256602365));
#4891 = PLANE('',#4892);
#4892 = AXIS2_PLACEMENT_3D('',#4893,#4894,#4895);
#4893 = CARTESIAN_POINT('',(-2.035,1.1,0.45));
#4894 = DIRECTION('',(0.,-0.759256602365,-0.650791373456));
#4895 = DIRECTION('',(0.,-0.650791373456,0.759256602365));
#4896 = ADVANCED_FACE('',(#4897),#4949,.F.);
#4897 = FACE_BOUND('',#4898,.F.);
#4898 = EDGE_LOOP('',(#4899,#4900,#4901,#4902,#4910,#4918,#4926,#4934,
    #4942,#4948));
#4899 = ORIENTED_EDGE('',*,*,#2889,.T.);
#4900 = ORIENTED_EDGE('',*,*,#2881,.F.);
#4901 = ORIENTED_EDGE('',*,*,#2873,.T.);
#4902 = ORIENTED_EDGE('',*,*,#4903,.T.);
#4903 = EDGE_CURVE('',#2866,#4904,#4906,.T.);
#4904 = VERTEX_POINT('',#4905);
#4905 = CARTESIAN_POINT('',(-2.035,-2.3,0.3));
#4906 = LINE('',#4907,#4908);
#4907 = CARTESIAN_POINT('',(-2.035,-2.3,0.8));
#4908 = VECTOR('',#4909,1.);
#4909 = DIRECTION('',(0.,0.,-1.));
#4910 = ORIENTED_EDGE('',*,*,#4911,.T.);
#4911 = EDGE_CURVE('',#4904,#4912,#4914,.T.);
#4912 = VERTEX_POINT('',#4913);
#4913 = CARTESIAN_POINT('',(-2.035,0.7,0.3));
#4914 = LINE('',#4915,#4916);
#4915 = CARTESIAN_POINT('',(-2.035,-2.3,0.3));
#4916 = VECTOR('',#4917,1.);
#4917 = DIRECTION('',(0.,1.,0.));
#4918 = ORIENTED_EDGE('',*,*,#4919,.T.);
#4919 = EDGE_CURVE('',#4912,#4920,#4922,.T.);
#4920 = VERTEX_POINT('',#4921);
#4921 = CARTESIAN_POINT('',(-2.035,0.95,0.));
#4922 = LINE('',#4923,#4924);
#4923 = CARTESIAN_POINT('',(-2.035,0.7,0.3));
#4924 = VECTOR('',#4925,1.);
#4925 = DIRECTION('',(0.,0.640184399664,-0.768221279597));
#4926 = ORIENTED_EDGE('',*,*,#4927,.T.);
#4927 = EDGE_CURVE('',#4920,#4928,#4930,.T.);
#4928 = VERTEX_POINT('',#4929);
#4929 = CARTESIAN_POINT('',(-2.035,1.6,0.));
#4930 = LINE('',#4931,#4932);
#4931 = CARTESIAN_POINT('',(-2.035,0.95,0.));
#4932 = VECTOR('',#4933,1.);
#4933 = DIRECTION('',(0.,1.,0.));
#4934 = ORIENTED_EDGE('',*,*,#4935,.T.);
#4935 = EDGE_CURVE('',#4928,#4936,#4938,.T.);
#4936 = VERTEX_POINT('',#4937);
#4937 = CARTESIAN_POINT('',(-2.035,1.6,0.45));
#4938 = LINE('',#4939,#4940);
#4939 = CARTESIAN_POINT('',(-2.035,1.6,0.));
#4940 = VECTOR('',#4941,1.);
#4941 = DIRECTION('',(0.,0.,1.));
#4942 = ORIENTED_EDGE('',*,*,#4943,.T.);
#4943 = EDGE_CURVE('',#4936,#4870,#4944,.T.);
#4944 = LINE('',#4945,#4946);
#4945 = CARTESIAN_POINT('',(-2.035,1.6,0.45));
#4946 = VECTOR('',#4947,1.);
#4947 = DIRECTION('',(0.,-1.,0.));
#4948 = ORIENTED_EDGE('',*,*,#4886,.T.);
#4949 = PLANE('',#4950);
#4950 = AXIS2_PLACEMENT_3D('',#4951,#4952,#4953);
#4951 = CARTESIAN_POINT('',(-2.035,-0.748526803527,1.36104328404));
#4952 = DIRECTION('',(1.,5.138674310239E-32,4.334095650434E-32));
#4953 = DIRECTION('',(-5.138674310239E-32,1.,0.));
#4954 = ADVANCED_FACE('',(#4955),#4973,.F.);
#4955 = FACE_BOUND('',#4956,.F.);
#4956 = EDGE_LOOP('',(#4957,#4958,#4966,#4972));
#4957 = ORIENTED_EDGE('',*,*,#2865,.T.);
#4958 = ORIENTED_EDGE('',*,*,#4959,.T.);
#4959 = EDGE_CURVE('',#2858,#4960,#4962,.T.);
#4960 = VERTEX_POINT('',#4961);
#4961 = CARTESIAN_POINT('',(-1.715,-2.3,0.3));
#4962 = LINE('',#4963,#4964);
#4963 = CARTESIAN_POINT('',(-1.715,-2.3,0.8));
#4964 = VECTOR('',#4965,1.);
#4965 = DIRECTION('',(0.,0.,-1.));
#4966 = ORIENTED_EDGE('',*,*,#4967,.F.);
#4967 = EDGE_CURVE('',#4904,#4960,#4968,.T.);
#4968 = LINE('',#4969,#4970);
#4969 = CARTESIAN_POINT('',(-2.035,-2.3,0.3));
#4970 = VECTOR('',#4971,1.);
#4971 = DIRECTION('',(1.,0.,0.));
#4972 = ORIENTED_EDGE('',*,*,#4903,.F.);
#4973 = PLANE('',#4974);
#4974 = AXIS2_PLACEMENT_3D('',#4975,#4976,#4977);
#4975 = CARTESIAN_POINT('',(-2.035,-2.3,0.8));
#4976 = DIRECTION('',(0.,1.,0.));
#4977 = DIRECTION('',(0.,0.,-1.));
#4978 = ADVANCED_FACE('',(#4979),#5024,.T.);
#4979 = FACE_BOUND('',#4980,.T.);
#4980 = EDGE_LOOP('',(#4981,#4982,#4983,#4984,#4985,#4993,#5001,#5009,
    #5017,#5023));
#4981 = ORIENTED_EDGE('',*,*,#2841,.T.);
#4982 = ORIENTED_EDGE('',*,*,#2849,.F.);
#4983 = ORIENTED_EDGE('',*,*,#2857,.T.);
#4984 = ORIENTED_EDGE('',*,*,#4959,.T.);
#4985 = ORIENTED_EDGE('',*,*,#4986,.T.);
#4986 = EDGE_CURVE('',#4960,#4987,#4989,.T.);
#4987 = VERTEX_POINT('',#4988);
#4988 = CARTESIAN_POINT('',(-1.715,0.7,0.3));
#4989 = LINE('',#4990,#4991);
#4990 = CARTESIAN_POINT('',(-1.715,-2.3,0.3));
#4991 = VECTOR('',#4992,1.);
#4992 = DIRECTION('',(0.,1.,0.));
#4993 = ORIENTED_EDGE('',*,*,#4994,.T.);
#4994 = EDGE_CURVE('',#4987,#4995,#4997,.T.);
#4995 = VERTEX_POINT('',#4996);
#4996 = CARTESIAN_POINT('',(-1.715,0.95,0.));
#4997 = LINE('',#4998,#4999);
#4998 = CARTESIAN_POINT('',(-1.715,0.7,0.3));
#4999 = VECTOR('',#5000,1.);
#5000 = DIRECTION('',(0.,0.640184399664,-0.768221279597));
#5001 = ORIENTED_EDGE('',*,*,#5002,.T.);
#5002 = EDGE_CURVE('',#4995,#5003,#5005,.T.);
#5003 = VERTEX_POINT('',#5004);
#5004 = CARTESIAN_POINT('',(-1.715,1.6,0.));
#5005 = LINE('',#5006,#5007);
#5006 = CARTESIAN_POINT('',(-1.715,0.95,0.));
#5007 = VECTOR('',#5008,1.);
#5008 = DIRECTION('',(0.,1.,0.));
#5009 = ORIENTED_EDGE('',*,*,#5010,.T.);
#5010 = EDGE_CURVE('',#5003,#5011,#5013,.T.);
#5011 = VERTEX_POINT('',#5012);
#5012 = CARTESIAN_POINT('',(-1.715,1.6,0.45));
#5013 = LINE('',#5014,#5015);
#5014 = CARTESIAN_POINT('',(-1.715,1.6,0.));
#5015 = VECTOR('',#5016,1.);
#5016 = DIRECTION('',(0.,0.,1.));
#5017 = ORIENTED_EDGE('',*,*,#5018,.T.);
#5018 = EDGE_CURVE('',#5011,#4872,#5019,.T.);
#5019 = LINE('',#5020,#5021);
#5020 = CARTESIAN_POINT('',(-1.715,1.6,0.45));
#5021 = VECTOR('',#5022,1.);
#5022 = DIRECTION('',(0.,-1.,0.));
#5023 = ORIENTED_EDGE('',*,*,#4879,.T.);
#5024 = PLANE('',#5025);
#5025 = AXIS2_PLACEMENT_3D('',#5026,#5027,#5028);
#5026 = CARTESIAN_POINT('',(-1.715,-0.748526803527,1.36104328404));
#5027 = DIRECTION('',(1.,5.138674310239E-32,4.334095650434E-32));
#5028 = DIRECTION('',(-5.138674310239E-32,1.,0.));
#5029 = ADVANCED_FACE('',(#5030),#5089,.F.);
#5030 = FACE_BOUND('',#5031,.F.);
#5031 = EDGE_LOOP('',(#5032,#5033,#5034,#5035,#5043,#5051,#5059,#5067,
    #5075,#5083));
#5032 = ORIENTED_EDGE('',*,*,#3011,.T.);
#5033 = ORIENTED_EDGE('',*,*,#3003,.F.);
#5034 = ORIENTED_EDGE('',*,*,#2993,.T.);
#5035 = ORIENTED_EDGE('',*,*,#5036,.T.);
#5036 = EDGE_CURVE('',#2996,#5037,#5039,.T.);
#5037 = VERTEX_POINT('',#5038);
#5038 = CARTESIAN_POINT('',(-3.285,-2.3,0.3));
#5039 = LINE('',#5040,#5041);
#5040 = CARTESIAN_POINT('',(-3.285,-2.3,0.8));
#5041 = VECTOR('',#5042,1.);
#5042 = DIRECTION('',(0.,0.,-1.));
#5043 = ORIENTED_EDGE('',*,*,#5044,.T.);
#5044 = EDGE_CURVE('',#5037,#5045,#5047,.T.);
#5045 = VERTEX_POINT('',#5046);
#5046 = CARTESIAN_POINT('',(-3.285,0.7,0.3));
#5047 = LINE('',#5048,#5049);
#5048 = CARTESIAN_POINT('',(-3.285,-2.3,0.3));
#5049 = VECTOR('',#5050,1.);
#5050 = DIRECTION('',(0.,1.,0.));
#5051 = ORIENTED_EDGE('',*,*,#5052,.T.);
#5052 = EDGE_CURVE('',#5045,#5053,#5055,.T.);
#5053 = VERTEX_POINT('',#5054);
#5054 = CARTESIAN_POINT('',(-3.285,0.95,0.));
#5055 = LINE('',#5056,#5057);
#5056 = CARTESIAN_POINT('',(-3.285,0.7,0.3));
#5057 = VECTOR('',#5058,1.);
#5058 = DIRECTION('',(0.,0.640184399664,-0.768221279597));
#5059 = ORIENTED_EDGE('',*,*,#5060,.T.);
#5060 = EDGE_CURVE('',#5053,#5061,#5063,.T.);
#5061 = VERTEX_POINT('',#5062);
#5062 = CARTESIAN_POINT('',(-3.285,1.6,0.));
#5063 = LINE('',#5064,#5065);
#5064 = CARTESIAN_POINT('',(-3.285,0.95,0.));
#5065 = VECTOR('',#5066,1.);
#5066 = DIRECTION('',(0.,1.,0.));
#5067 = ORIENTED_EDGE('',*,*,#5068,.T.);
#5068 = EDGE_CURVE('',#5061,#5069,#5071,.T.);
#5069 = VERTEX_POINT('',#5070);
#5070 = CARTESIAN_POINT('',(-3.285,1.6,0.45));
#5071 = LINE('',#5072,#5073);
#5072 = CARTESIAN_POINT('',(-3.285,1.6,0.));
#5073 = VECTOR('',#5074,1.);
#5074 = DIRECTION('',(0.,0.,1.));
#5075 = ORIENTED_EDGE('',*,*,#5076,.T.);
#5076 = EDGE_CURVE('',#5069,#5077,#5079,.T.);
#5077 = VERTEX_POINT('',#5078);
#5078 = CARTESIAN_POINT('',(-3.285,1.1,0.45));
#5079 = LINE('',#5080,#5081);
#5080 = CARTESIAN_POINT('',(-3.285,1.6,0.45));
#5081 = VECTOR('',#5082,1.);
#5082 = DIRECTION('',(0.,-1.,0.));
#5083 = ORIENTED_EDGE('',*,*,#5084,.T.);
#5084 = EDGE_CURVE('',#5077,#3012,#5085,.T.);
#5085 = LINE('',#5086,#5087);
#5086 = CARTESIAN_POINT('',(-3.285,1.1,0.45));
#5087 = VECTOR('',#5088,1.);
#5088 = DIRECTION('',(0.,-0.650791373456,0.759256602365));
#5089 = PLANE('',#5090);
#5090 = AXIS2_PLACEMENT_3D('',#5091,#5092,#5093);
#5091 = CARTESIAN_POINT('',(-3.285,-0.748526803527,1.36104328404));
#5092 = DIRECTION('',(1.,5.138674310239E-32,4.334095650434E-32));
#5093 = DIRECTION('',(-5.138674310239E-32,1.,0.));
#5094 = ADVANCED_FACE('',(#5095),#5113,.F.);
#5095 = FACE_BOUND('',#5096,.F.);
#5096 = EDGE_LOOP('',(#5097,#5098,#5106,#5112));
#5097 = ORIENTED_EDGE('',*,*,#3051,.T.);
#5098 = ORIENTED_EDGE('',*,*,#5099,.T.);
#5099 = EDGE_CURVE('',#3044,#5100,#5102,.T.);
#5100 = VERTEX_POINT('',#5101);
#5101 = CARTESIAN_POINT('',(-2.965,-2.3,0.3));
#5102 = LINE('',#5103,#5104);
#5103 = CARTESIAN_POINT('',(-2.965,-2.3,0.8));
#5104 = VECTOR('',#5105,1.);
#5105 = DIRECTION('',(0.,0.,-1.));
#5106 = ORIENTED_EDGE('',*,*,#5107,.F.);
#5107 = EDGE_CURVE('',#5037,#5100,#5108,.T.);
#5108 = LINE('',#5109,#5110);
#5109 = CARTESIAN_POINT('',(-3.285,-2.3,0.3));
#5110 = VECTOR('',#5111,1.);
#5111 = DIRECTION('',(1.,0.,0.));
#5112 = ORIENTED_EDGE('',*,*,#5036,.F.);
#5113 = PLANE('',#5114);
#5114 = AXIS2_PLACEMENT_3D('',#5115,#5116,#5117);
#5115 = CARTESIAN_POINT('',(-3.285,-2.3,0.8));
#5116 = DIRECTION('',(0.,1.,0.));
#5117 = DIRECTION('',(0.,0.,-1.));
#5118 = ADVANCED_FACE('',(#5119),#5171,.T.);
#5119 = FACE_BOUND('',#5120,.T.);
#5120 = EDGE_LOOP('',(#5121,#5122,#5123,#5124,#5125,#5133,#5141,#5149,
    #5157,#5165));
#5121 = ORIENTED_EDGE('',*,*,#3027,.T.);
#5122 = ORIENTED_EDGE('',*,*,#3035,.F.);
#5123 = ORIENTED_EDGE('',*,*,#3043,.T.);
#5124 = ORIENTED_EDGE('',*,*,#5099,.T.);
#5125 = ORIENTED_EDGE('',*,*,#5126,.T.);
#5126 = EDGE_CURVE('',#5100,#5127,#5129,.T.);
#5127 = VERTEX_POINT('',#5128);
#5128 = CARTESIAN_POINT('',(-2.965,0.7,0.3));
#5129 = LINE('',#5130,#5131);
#5130 = CARTESIAN_POINT('',(-2.965,-2.3,0.3));
#5131 = VECTOR('',#5132,1.);
#5132 = DIRECTION('',(0.,1.,0.));
#5133 = ORIENTED_EDGE('',*,*,#5134,.T.);
#5134 = EDGE_CURVE('',#5127,#5135,#5137,.T.);
#5135 = VERTEX_POINT('',#5136);
#5136 = CARTESIAN_POINT('',(-2.965,0.95,0.));
#5137 = LINE('',#5138,#5139);
#5138 = CARTESIAN_POINT('',(-2.965,0.7,0.3));
#5139 = VECTOR('',#5140,1.);
#5140 = DIRECTION('',(0.,0.640184399664,-0.768221279597));
#5141 = ORIENTED_EDGE('',*,*,#5142,.T.);
#5142 = EDGE_CURVE('',#5135,#5143,#5145,.T.);
#5143 = VERTEX_POINT('',#5144);
#5144 = CARTESIAN_POINT('',(-2.965,1.6,0.));
#5145 = LINE('',#5146,#5147);
#5146 = CARTESIAN_POINT('',(-2.965,0.95,0.));
#5147 = VECTOR('',#5148,1.);
#5148 = DIRECTION('',(0.,1.,0.));
#5149 = ORIENTED_EDGE('',*,*,#5150,.T.);
#5150 = EDGE_CURVE('',#5143,#5151,#5153,.T.);
#5151 = VERTEX_POINT('',#5152);
#5152 = CARTESIAN_POINT('',(-2.965,1.6,0.45));
#5153 = LINE('',#5154,#5155);
#5154 = CARTESIAN_POINT('',(-2.965,1.6,0.));
#5155 = VECTOR('',#5156,1.);
#5156 = DIRECTION('',(0.,0.,1.));
#5157 = ORIENTED_EDGE('',*,*,#5158,.T.);
#5158 = EDGE_CURVE('',#5151,#5159,#5161,.T.);
#5159 = VERTEX_POINT('',#5160);
#5160 = CARTESIAN_POINT('',(-2.965,1.1,0.45));
#5161 = LINE('',#5162,#5163);
#5162 = CARTESIAN_POINT('',(-2.965,1.6,0.45));
#5163 = VECTOR('',#5164,1.);
#5164 = DIRECTION('',(0.,-1.,0.));
#5165 = ORIENTED_EDGE('',*,*,#5166,.T.);
#5166 = EDGE_CURVE('',#5159,#3020,#5167,.T.);
#5167 = LINE('',#5168,#5169);
#5168 = CARTESIAN_POINT('',(-2.965,1.1,0.45));
#5169 = VECTOR('',#5170,1.);
#5170 = DIRECTION('',(0.,-0.650791373456,0.759256602365));
#5171 = PLANE('',#5172);
#5172 = AXIS2_PLACEMENT_3D('',#5173,#5174,#5175);
#5173 = CARTESIAN_POINT('',(-2.965,-0.748526803527,1.36104328404));
#5174 = DIRECTION('',(1.,5.138674310239E-32,4.334095650434E-32));
#5175 = DIRECTION('',(-5.138674310239E-32,1.,0.));
#5176 = ADVANCED_FACE('',(#5177),#5188,.F.);
#5177 = FACE_BOUND('',#5178,.F.);
#5178 = EDGE_LOOP('',(#5179,#5185,#5186,#5187));
#5179 = ORIENTED_EDGE('',*,*,#5180,.T.);
#5180 = EDGE_CURVE('',#5077,#5159,#5181,.T.);
#5181 = LINE('',#5182,#5183);
#5182 = CARTESIAN_POINT('',(-3.285,1.1,0.45));
#5183 = VECTOR('',#5184,1.);
#5184 = DIRECTION('',(1.,0.,0.));
#5185 = ORIENTED_EDGE('',*,*,#5166,.T.);
#5186 = ORIENTED_EDGE('',*,*,#3019,.F.);
#5187 = ORIENTED_EDGE('',*,*,#5084,.F.);
#5188 = PLANE('',#5189);
#5189 = AXIS2_PLACEMENT_3D('',#5190,#5191,#5192);
#5190 = CARTESIAN_POINT('',(-3.285,1.1,0.45));
#5191 = DIRECTION('',(0.,-0.759256602365,-0.650791373456));
#5192 = DIRECTION('',(0.,-0.650791373456,0.759256602365));
#5193 = ADVANCED_FACE('',(#5194),#5205,.F.);
#5194 = FACE_BOUND('',#5195,.F.);
#5195 = EDGE_LOOP('',(#5196,#5197,#5198,#5199));
#5196 = ORIENTED_EDGE('',*,*,#3975,.T.);
#5197 = ORIENTED_EDGE('',*,*,#3645,.T.);
#5198 = ORIENTED_EDGE('',*,*,#3232,.T.);
#5199 = ORIENTED_EDGE('',*,*,#5200,.F.);
#5200 = EDGE_CURVE('',#3968,#3233,#5201,.T.);
#5201 = LINE('',#5202,#5203);
#5202 = CARTESIAN_POINT('',(3.675,0.2,4.7));
#5203 = VECTOR('',#5204,1.);
#5204 = DIRECTION('',(-0.,-0.,-1.));
#5205 = PLANE('',#5206);
#5206 = AXIS2_PLACEMENT_3D('',#5207,#5208,#5209);
#5207 = CARTESIAN_POINT('',(4.025,0.2,4.7));
#5208 = DIRECTION('',(-6.344131569287E-16,1.,0.));
#5209 = DIRECTION('',(-1.,-6.344131569287E-16,0.));
#5210 = ADVANCED_FACE('',(#5211),#5217,.F.);
#5211 = FACE_BOUND('',#5212,.F.);
#5212 = EDGE_LOOP('',(#5213,#5214,#5215,#5216));
#5213 = ORIENTED_EDGE('',*,*,#3526,.T.);
#5214 = ORIENTED_EDGE('',*,*,#3502,.T.);
#5215 = ORIENTED_EDGE('',*,*,#3265,.T.);
#5216 = ORIENTED_EDGE('',*,*,#3598,.F.);
#5217 = PLANE('',#5218);
#5218 = AXIS2_PLACEMENT_3D('',#5219,#5220,#5221);
#5219 = CARTESIAN_POINT('',(-3.675,0.9,4.7));
#5220 = DIRECTION('',(-1.,0.,0.));
#5221 = DIRECTION('',(0.,-1.,0.));
#5222 = ADVANCED_FACE('',(#5223),#5229,.F.);
#5223 = FACE_BOUND('',#5224,.F.);
#5224 = EDGE_LOOP('',(#5225,#5226,#5227,#5228));
#5225 = ORIENTED_EDGE('',*,*,#3965,.T.);
#5226 = ORIENTED_EDGE('',*,*,#5200,.T.);
#5227 = ORIENTED_EDGE('',*,*,#3240,.T.);
#5228 = ORIENTED_EDGE('',*,*,#3998,.F.);
#5229 = PLANE('',#5230);
#5230 = AXIS2_PLACEMENT_3D('',#5231,#5232,#5233);
#5231 = CARTESIAN_POINT('',(3.675,0.2,4.7));
#5232 = DIRECTION('',(1.,0.,0.));
#5233 = DIRECTION('',(-0.,1.,0.));
#5234 = ADVANCED_FACE('',(#5235),#5260,.F.);
#5235 = FACE_BOUND('',#5236,.F.);
#5236 = EDGE_LOOP('',(#5237,#5245,#5253,#5259));
#5237 = ORIENTED_EDGE('',*,*,#5238,.T.);
#5238 = EDGE_CURVE('',#3285,#5239,#5241,.T.);
#5239 = VERTEX_POINT('',#5240);
#5240 = CARTESIAN_POINT('',(-0.785,-1.075,3.4));
#5241 = LINE('',#5242,#5243);
#5242 = CARTESIAN_POINT('',(-0.785,-1.075,0.8));
#5243 = VECTOR('',#5244,1.);
#5244 = DIRECTION('',(0.,0.,1.));
#5245 = ORIENTED_EDGE('',*,*,#5246,.T.);
#5246 = EDGE_CURVE('',#5239,#5247,#5249,.T.);
#5247 = VERTEX_POINT('',#5248);
#5248 = CARTESIAN_POINT('',(-0.785,-1.675,3.4));
#5249 = LINE('',#5250,#5251);
#5250 = CARTESIAN_POINT('',(-0.785,-1.175,3.4));
#5251 = VECTOR('',#5252,1.);
#5252 = DIRECTION('',(0.,-1.,0.));
#5253 = ORIENTED_EDGE('',*,*,#5254,.T.);
#5254 = EDGE_CURVE('',#5247,#3283,#5255,.T.);
#5255 = LINE('',#5256,#5257);
#5256 = CARTESIAN_POINT('',(-0.785,-1.675,3.9));
#5257 = VECTOR('',#5258,1.);
#5258 = DIRECTION('',(0.,0.,-1.));
#5259 = ORIENTED_EDGE('',*,*,#3282,.T.);
#5260 = PLANE('',#5261);
#5261 = AXIS2_PLACEMENT_3D('',#5262,#5263,#5264);
#5262 = CARTESIAN_POINT('',(-0.785,-0.748526803527,1.36104328404));
#5263 = DIRECTION('',(1.,5.138674310239E-32,4.334095650434E-32));
#5264 = DIRECTION('',(-5.138674310239E-32,1.,0.));
#5265 = ADVANCED_FACE('',(#5266),#5284,.F.);
#5266 = FACE_BOUND('',#5267,.F.);
#5267 = EDGE_LOOP('',(#5268,#5269,#5277,#5283));
#5268 = ORIENTED_EDGE('',*,*,#5254,.F.);
#5269 = ORIENTED_EDGE('',*,*,#5270,.T.);
#5270 = EDGE_CURVE('',#5247,#5271,#5273,.T.);
#5271 = VERTEX_POINT('',#5272);
#5272 = CARTESIAN_POINT('',(-0.465,-1.675,3.4));
#5273 = LINE('',#5274,#5275);
#5274 = CARTESIAN_POINT('',(-0.785,-1.675,3.4));
#5275 = VECTOR('',#5276,1.);
#5276 = DIRECTION('',(1.,0.,0.));
#5277 = ORIENTED_EDGE('',*,*,#5278,.T.);
#5278 = EDGE_CURVE('',#5271,#3301,#5279,.T.);
#5279 = LINE('',#5280,#5281);
#5280 = CARTESIAN_POINT('',(-0.465,-1.675,3.9));
#5281 = VECTOR('',#5282,1.);
#5282 = DIRECTION('',(0.,0.,-1.));
#5283 = ORIENTED_EDGE('',*,*,#3308,.T.);
#5284 = PLANE('',#5285);
#5285 = AXIS2_PLACEMENT_3D('',#5286,#5287,#5288);
#5286 = CARTESIAN_POINT('',(-0.785,-1.675,3.9));
#5287 = DIRECTION('',(0.,1.,0.));
#5288 = DIRECTION('',(0.,0.,-1.));
#5289 = ADVANCED_FACE('',(#5290),#5308,.T.);
#5290 = FACE_BOUND('',#5291,.T.);
#5291 = EDGE_LOOP('',(#5292,#5300,#5306,#5307));
#5292 = ORIENTED_EDGE('',*,*,#5293,.T.);
#5293 = EDGE_CURVE('',#3293,#5294,#5296,.T.);
#5294 = VERTEX_POINT('',#5295);
#5295 = CARTESIAN_POINT('',(-0.465,-1.075,3.4));
#5296 = LINE('',#5297,#5298);
#5297 = CARTESIAN_POINT('',(-0.465,-1.075,0.8));
#5298 = VECTOR('',#5299,1.);
#5299 = DIRECTION('',(0.,0.,1.));
#5300 = ORIENTED_EDGE('',*,*,#5301,.T.);
#5301 = EDGE_CURVE('',#5294,#5271,#5302,.T.);
#5302 = LINE('',#5303,#5304);
#5303 = CARTESIAN_POINT('',(-0.465,-1.175,3.4));
#5304 = VECTOR('',#5305,1.);
#5305 = DIRECTION('',(0.,-1.,0.));
#5306 = ORIENTED_EDGE('',*,*,#5278,.T.);
#5307 = ORIENTED_EDGE('',*,*,#3300,.T.);
#5308 = PLANE('',#5309);
#5309 = AXIS2_PLACEMENT_3D('',#5310,#5311,#5312);
#5310 = CARTESIAN_POINT('',(-0.465,-0.748526803527,1.36104328404));
#5311 = DIRECTION('',(1.,5.138674310239E-32,4.334095650434E-32));
#5312 = DIRECTION('',(-5.138674310239E-32,1.,0.));
#5313 = ADVANCED_FACE('',(#5314),#5325,.F.);
#5314 = FACE_BOUND('',#5315,.F.);
#5315 = EDGE_LOOP('',(#5316,#5317,#5318,#5319));
#5316 = ORIENTED_EDGE('',*,*,#5238,.F.);
#5317 = ORIENTED_EDGE('',*,*,#3292,.T.);
#5318 = ORIENTED_EDGE('',*,*,#5293,.T.);
#5319 = ORIENTED_EDGE('',*,*,#5320,.F.);
#5320 = EDGE_CURVE('',#5239,#5294,#5321,.T.);
#5321 = LINE('',#5322,#5323);
#5322 = CARTESIAN_POINT('',(-0.785,-1.075,3.4));
#5323 = VECTOR('',#5324,1.);
#5324 = DIRECTION('',(1.,0.,0.));
#5325 = PLANE('',#5326);
#5326 = AXIS2_PLACEMENT_3D('',#5327,#5328,#5329);
#5327 = CARTESIAN_POINT('',(-0.785,-1.075,0.8));
#5328 = DIRECTION('',(0.,-1.,0.));
#5329 = DIRECTION('',(0.,0.,1.));
#5330 = ADVANCED_FACE('',(#5331),#5356,.F.);
#5331 = FACE_BOUND('',#5332,.F.);
#5332 = EDGE_LOOP('',(#5333,#5341,#5349,#5355));
#5333 = ORIENTED_EDGE('',*,*,#5334,.F.);
#5334 = EDGE_CURVE('',#5335,#3319,#5337,.T.);
#5335 = VERTEX_POINT('',#5336);
#5336 = CARTESIAN_POINT('',(0.465,-1.675,3.4));
#5337 = LINE('',#5338,#5339);
#5338 = CARTESIAN_POINT('',(0.465,-1.675,3.9));
#5339 = VECTOR('',#5340,1.);
#5340 = DIRECTION('',(0.,0.,-1.));
#5341 = ORIENTED_EDGE('',*,*,#5342,.T.);
#5342 = EDGE_CURVE('',#5335,#5343,#5345,.T.);
#5343 = VERTEX_POINT('',#5344);
#5344 = CARTESIAN_POINT('',(0.785,-1.675,3.4));
#5345 = LINE('',#5346,#5347);
#5346 = CARTESIAN_POINT('',(0.465,-1.675,3.4));
#5347 = VECTOR('',#5348,1.);
#5348 = DIRECTION('',(1.,0.,0.));
#5349 = ORIENTED_EDGE('',*,*,#5350,.T.);
#5350 = EDGE_CURVE('',#5343,#3317,#5351,.T.);
#5351 = LINE('',#5352,#5353);
#5352 = CARTESIAN_POINT('',(0.785,-1.675,3.9));
#5353 = VECTOR('',#5354,1.);
#5354 = DIRECTION('',(0.,0.,-1.));
#5355 = ORIENTED_EDGE('',*,*,#3316,.T.);
#5356 = PLANE('',#5357);
#5357 = AXIS2_PLACEMENT_3D('',#5358,#5359,#5360);
#5358 = CARTESIAN_POINT('',(0.465,-1.675,3.9));
#5359 = DIRECTION('',(0.,1.,0.));
#5360 = DIRECTION('',(0.,0.,-1.));
#5361 = ADVANCED_FACE('',(#5362),#5380,.T.);
#5362 = FACE_BOUND('',#5363,.T.);
#5363 = EDGE_LOOP('',(#5364,#5372,#5378,#5379));
#5364 = ORIENTED_EDGE('',*,*,#5365,.T.);
#5365 = EDGE_CURVE('',#3335,#5366,#5368,.T.);
#5366 = VERTEX_POINT('',#5367);
#5367 = CARTESIAN_POINT('',(0.785,-1.075,3.4));
#5368 = LINE('',#5369,#5370);
#5369 = CARTESIAN_POINT('',(0.785,-1.075,0.8));
#5370 = VECTOR('',#5371,1.);
#5371 = DIRECTION('',(0.,0.,1.));
#5372 = ORIENTED_EDGE('',*,*,#5373,.T.);
#5373 = EDGE_CURVE('',#5366,#5343,#5374,.T.);
#5374 = LINE('',#5375,#5376);
#5375 = CARTESIAN_POINT('',(0.785,-1.175,3.4));
#5376 = VECTOR('',#5377,1.);
#5377 = DIRECTION('',(0.,-1.,0.));
#5378 = ORIENTED_EDGE('',*,*,#5350,.T.);
#5379 = ORIENTED_EDGE('',*,*,#3342,.T.);
#5380 = PLANE('',#5381);
#5381 = AXIS2_PLACEMENT_3D('',#5382,#5383,#5384);
#5382 = CARTESIAN_POINT('',(0.785,-0.748526803527,1.36104328404));
#5383 = DIRECTION('',(1.,5.138674310239E-32,4.334095650434E-32));
#5384 = DIRECTION('',(-5.138674310239E-32,1.,0.));
#5385 = ADVANCED_FACE('',(#5386),#5404,.F.);
#5386 = FACE_BOUND('',#5387,.F.);
#5387 = EDGE_LOOP('',(#5388,#5396,#5397,#5398));
#5388 = ORIENTED_EDGE('',*,*,#5389,.F.);
#5389 = EDGE_CURVE('',#3327,#5390,#5392,.T.);
#5390 = VERTEX_POINT('',#5391);
#5391 = CARTESIAN_POINT('',(0.465,-1.075,3.4));
#5392 = LINE('',#5393,#5394);
#5393 = CARTESIAN_POINT('',(0.465,-1.075,0.8));
#5394 = VECTOR('',#5395,1.);
#5395 = DIRECTION('',(0.,0.,1.));
#5396 = ORIENTED_EDGE('',*,*,#3334,.T.);
#5397 = ORIENTED_EDGE('',*,*,#5365,.T.);
#5398 = ORIENTED_EDGE('',*,*,#5399,.F.);
#5399 = EDGE_CURVE('',#5390,#5366,#5400,.T.);
#5400 = LINE('',#5401,#5402);
#5401 = CARTESIAN_POINT('',(0.465,-1.075,3.4));
#5402 = VECTOR('',#5403,1.);
#5403 = DIRECTION('',(1.,0.,0.));
#5404 = PLANE('',#5405);
#5405 = AXIS2_PLACEMENT_3D('',#5406,#5407,#5408);
#5406 = CARTESIAN_POINT('',(0.465,-1.075,0.8));
#5407 = DIRECTION('',(0.,-1.,0.));
#5408 = DIRECTION('',(0.,0.,1.));
#5409 = ADVANCED_FACE('',(#5410),#5421,.F.);
#5410 = FACE_BOUND('',#5411,.F.);
#5411 = EDGE_LOOP('',(#5412,#5413,#5419,#5420));
#5412 = ORIENTED_EDGE('',*,*,#5389,.T.);
#5413 = ORIENTED_EDGE('',*,*,#5414,.T.);
#5414 = EDGE_CURVE('',#5390,#5335,#5415,.T.);
#5415 = LINE('',#5416,#5417);
#5416 = CARTESIAN_POINT('',(0.465,-1.175,3.4));
#5417 = VECTOR('',#5418,1.);
#5418 = DIRECTION('',(0.,-1.,0.));
#5419 = ORIENTED_EDGE('',*,*,#5334,.T.);
#5420 = ORIENTED_EDGE('',*,*,#3326,.T.);
#5421 = PLANE('',#5422);
#5422 = AXIS2_PLACEMENT_3D('',#5423,#5424,#5425);
#5423 = CARTESIAN_POINT('',(0.465,-0.748526803527,1.36104328404));
#5424 = DIRECTION('',(1.,5.138674310239E-32,4.334095650434E-32));
#5425 = DIRECTION('',(-5.138674310239E-32,1.,0.));
#5426 = ADVANCED_FACE('',(#5427),#5452,.F.);
#5427 = FACE_BOUND('',#5428,.F.);
#5428 = EDGE_LOOP('',(#5429,#5437,#5445,#5451));
#5429 = ORIENTED_EDGE('',*,*,#5430,.F.);
#5430 = EDGE_CURVE('',#5431,#3353,#5433,.T.);
#5431 = VERTEX_POINT('',#5432);
#5432 = CARTESIAN_POINT('',(2.965,-1.675,3.4));
#5433 = LINE('',#5434,#5435);
#5434 = CARTESIAN_POINT('',(2.965,-1.675,3.9));
#5435 = VECTOR('',#5436,1.);
#5436 = DIRECTION('',(0.,0.,-1.));
#5437 = ORIENTED_EDGE('',*,*,#5438,.T.);
#5438 = EDGE_CURVE('',#5431,#5439,#5441,.T.);
#5439 = VERTEX_POINT('',#5440);
#5440 = CARTESIAN_POINT('',(3.285,-1.675,3.4));
#5441 = LINE('',#5442,#5443);
#5442 = CARTESIAN_POINT('',(2.965,-1.675,3.4));
#5443 = VECTOR('',#5444,1.);
#5444 = DIRECTION('',(1.,0.,0.));
#5445 = ORIENTED_EDGE('',*,*,#5446,.T.);
#5446 = EDGE_CURVE('',#5439,#3351,#5447,.T.);
#5447 = LINE('',#5448,#5449);
#5448 = CARTESIAN_POINT('',(3.285,-1.675,3.9));
#5449 = VECTOR('',#5450,1.);
#5450 = DIRECTION('',(0.,0.,-1.));
#5451 = ORIENTED_EDGE('',*,*,#3350,.T.);
#5452 = PLANE('',#5453);
#5453 = AXIS2_PLACEMENT_3D('',#5454,#5455,#5456);
#5454 = CARTESIAN_POINT('',(2.965,-1.675,3.9));
#5455 = DIRECTION('',(0.,1.,0.));
#5456 = DIRECTION('',(0.,0.,-1.));
#5457 = ADVANCED_FACE('',(#5458),#5476,.T.);
#5458 = FACE_BOUND('',#5459,.T.);
#5459 = EDGE_LOOP('',(#5460,#5468,#5474,#5475));
#5460 = ORIENTED_EDGE('',*,*,#5461,.T.);
#5461 = EDGE_CURVE('',#3369,#5462,#5464,.T.);
#5462 = VERTEX_POINT('',#5463);
#5463 = CARTESIAN_POINT('',(3.285,-1.075,3.4));
#5464 = LINE('',#5465,#5466);
#5465 = CARTESIAN_POINT('',(3.285,-1.075,0.8));
#5466 = VECTOR('',#5467,1.);
#5467 = DIRECTION('',(0.,0.,1.));
#5468 = ORIENTED_EDGE('',*,*,#5469,.T.);
#5469 = EDGE_CURVE('',#5462,#5439,#5470,.T.);
#5470 = LINE('',#5471,#5472);
#5471 = CARTESIAN_POINT('',(3.285,-1.175,3.4));
#5472 = VECTOR('',#5473,1.);
#5473 = DIRECTION('',(0.,-1.,0.));
#5474 = ORIENTED_EDGE('',*,*,#5446,.T.);
#5475 = ORIENTED_EDGE('',*,*,#3376,.T.);
#5476 = PLANE('',#5477);
#5477 = AXIS2_PLACEMENT_3D('',#5478,#5479,#5480);
#5478 = CARTESIAN_POINT('',(3.285,-0.748526803527,1.36104328404));
#5479 = DIRECTION('',(1.,5.138674310239E-32,4.334095650434E-32));
#5480 = DIRECTION('',(-5.138674310239E-32,1.,0.));
#5481 = ADVANCED_FACE('',(#5482),#5500,.F.);
#5482 = FACE_BOUND('',#5483,.F.);
#5483 = EDGE_LOOP('',(#5484,#5492,#5493,#5494));
#5484 = ORIENTED_EDGE('',*,*,#5485,.F.);
#5485 = EDGE_CURVE('',#3361,#5486,#5488,.T.);
#5486 = VERTEX_POINT('',#5487);
#5487 = CARTESIAN_POINT('',(2.965,-1.075,3.4));
#5488 = LINE('',#5489,#5490);
#5489 = CARTESIAN_POINT('',(2.965,-1.075,0.8));
#5490 = VECTOR('',#5491,1.);
#5491 = DIRECTION('',(0.,0.,1.));
#5492 = ORIENTED_EDGE('',*,*,#3368,.T.);
#5493 = ORIENTED_EDGE('',*,*,#5461,.T.);
#5494 = ORIENTED_EDGE('',*,*,#5495,.F.);
#5495 = EDGE_CURVE('',#5486,#5462,#5496,.T.);
#5496 = LINE('',#5497,#5498);
#5497 = CARTESIAN_POINT('',(2.965,-1.075,3.4));
#5498 = VECTOR('',#5499,1.);
#5499 = DIRECTION('',(1.,0.,0.));
#5500 = PLANE('',#5501);
#5501 = AXIS2_PLACEMENT_3D('',#5502,#5503,#5504);
#5502 = CARTESIAN_POINT('',(2.965,-1.075,0.8));
#5503 = DIRECTION('',(0.,-1.,0.));
#5504 = DIRECTION('',(0.,0.,1.));
#5505 = ADVANCED_FACE('',(#5506),#5517,.F.);
#5506 = FACE_BOUND('',#5507,.F.);
#5507 = EDGE_LOOP('',(#5508,#5509,#5515,#5516));
#5508 = ORIENTED_EDGE('',*,*,#5485,.T.);
#5509 = ORIENTED_EDGE('',*,*,#5510,.T.);
#5510 = EDGE_CURVE('',#5486,#5431,#5511,.T.);
#5511 = LINE('',#5512,#5513);
#5512 = CARTESIAN_POINT('',(2.965,-1.175,3.4));
#5513 = VECTOR('',#5514,1.);
#5514 = DIRECTION('',(0.,-1.,0.));
#5515 = ORIENTED_EDGE('',*,*,#5430,.T.);
#5516 = ORIENTED_EDGE('',*,*,#3360,.T.);
#5517 = PLANE('',#5518);
#5518 = AXIS2_PLACEMENT_3D('',#5519,#5520,#5521);
#5519 = CARTESIAN_POINT('',(2.965,-0.748526803527,1.36104328404));
#5520 = DIRECTION('',(1.,5.138674310239E-32,4.334095650434E-32));
#5521 = DIRECTION('',(-5.138674310239E-32,1.,0.));
#5522 = ADVANCED_FACE('',(#5523),#5548,.T.);
#5523 = FACE_BOUND('',#5524,.T.);
#5524 = EDGE_LOOP('',(#5525,#5533,#5541,#5547));
#5525 = ORIENTED_EDGE('',*,*,#5526,.T.);
#5526 = EDGE_CURVE('',#3387,#5527,#5529,.T.);
#5527 = VERTEX_POINT('',#5528);
#5528 = CARTESIAN_POINT('',(2.035,-1.075,3.4));
#5529 = LINE('',#5530,#5531);
#5530 = CARTESIAN_POINT('',(2.035,-1.075,0.8));
#5531 = VECTOR('',#5532,1.);
#5532 = DIRECTION('',(0.,0.,1.));
#5533 = ORIENTED_EDGE('',*,*,#5534,.T.);
#5534 = EDGE_CURVE('',#5527,#5535,#5537,.T.);
#5535 = VERTEX_POINT('',#5536);
#5536 = CARTESIAN_POINT('',(2.035,-1.675,3.4));
#5537 = LINE('',#5538,#5539);
#5538 = CARTESIAN_POINT('',(2.035,-1.175,3.4));
#5539 = VECTOR('',#5540,1.);
#5540 = DIRECTION('',(0.,-1.,0.));
#5541 = ORIENTED_EDGE('',*,*,#5542,.T.);
#5542 = EDGE_CURVE('',#5535,#3385,#5543,.T.);
#5543 = LINE('',#5544,#5545);
#5544 = CARTESIAN_POINT('',(2.035,-1.675,3.9));
#5545 = VECTOR('',#5546,1.);
#5546 = DIRECTION('',(0.,0.,-1.));
#5547 = ORIENTED_EDGE('',*,*,#3384,.T.);
#5548 = PLANE('',#5549);
#5549 = AXIS2_PLACEMENT_3D('',#5550,#5551,#5552);
#5550 = CARTESIAN_POINT('',(2.035,-0.748526803527,1.36104328404));
#5551 = DIRECTION('',(1.,5.138674310239E-32,4.334095650434E-32));
#5552 = DIRECTION('',(-5.138674310239E-32,1.,0.));
#5553 = ADVANCED_FACE('',(#5554),#5572,.F.);
#5554 = FACE_BOUND('',#5555,.F.);
#5555 = EDGE_LOOP('',(#5556,#5564,#5565,#5566));
#5556 = ORIENTED_EDGE('',*,*,#5557,.F.);
#5557 = EDGE_CURVE('',#3403,#5558,#5560,.T.);
#5558 = VERTEX_POINT('',#5559);
#5559 = CARTESIAN_POINT('',(1.715,-1.075,3.4));
#5560 = LINE('',#5561,#5562);
#5561 = CARTESIAN_POINT('',(1.715,-1.075,0.8));
#5562 = VECTOR('',#5563,1.);
#5563 = DIRECTION('',(0.,0.,1.));
#5564 = ORIENTED_EDGE('',*,*,#3410,.T.);
#5565 = ORIENTED_EDGE('',*,*,#5526,.T.);
#5566 = ORIENTED_EDGE('',*,*,#5567,.F.);
#5567 = EDGE_CURVE('',#5558,#5527,#5568,.T.);
#5568 = LINE('',#5569,#5570);
#5569 = CARTESIAN_POINT('',(1.715,-1.075,3.4));
#5570 = VECTOR('',#5571,1.);
#5571 = DIRECTION('',(1.,0.,0.));
#5572 = PLANE('',#5573);
#5573 = AXIS2_PLACEMENT_3D('',#5574,#5575,#5576);
#5574 = CARTESIAN_POINT('',(1.715,-1.075,0.8));
#5575 = DIRECTION('',(0.,-1.,0.));
#5576 = DIRECTION('',(0.,0.,1.));
#5577 = ADVANCED_FACE('',(#5578),#5596,.F.);
#5578 = FACE_BOUND('',#5579,.F.);
#5579 = EDGE_LOOP('',(#5580,#5581,#5589,#5595));
#5580 = ORIENTED_EDGE('',*,*,#5557,.T.);
#5581 = ORIENTED_EDGE('',*,*,#5582,.T.);
#5582 = EDGE_CURVE('',#5558,#5583,#5585,.T.);
#5583 = VERTEX_POINT('',#5584);
#5584 = CARTESIAN_POINT('',(1.715,-1.675,3.4));
#5585 = LINE('',#5586,#5587);
#5586 = CARTESIAN_POINT('',(1.715,-1.175,3.4));
#5587 = VECTOR('',#5588,1.);
#5588 = DIRECTION('',(0.,-1.,0.));
#5589 = ORIENTED_EDGE('',*,*,#5590,.T.);
#5590 = EDGE_CURVE('',#5583,#3395,#5591,.T.);
#5591 = LINE('',#5592,#5593);
#5592 = CARTESIAN_POINT('',(1.715,-1.675,3.9));
#5593 = VECTOR('',#5594,1.);
#5594 = DIRECTION('',(0.,0.,-1.));
#5595 = ORIENTED_EDGE('',*,*,#3402,.T.);
#5596 = PLANE('',#5597);
#5597 = AXIS2_PLACEMENT_3D('',#5598,#5599,#5600);
#5598 = CARTESIAN_POINT('',(1.715,-0.748526803527,1.36104328404));
#5599 = DIRECTION('',(1.,5.138674310239E-32,4.334095650434E-32));
#5600 = DIRECTION('',(-5.138674310239E-32,1.,0.));
#5601 = ADVANCED_FACE('',(#5602),#5613,.F.);
#5602 = FACE_BOUND('',#5603,.F.);
#5603 = EDGE_LOOP('',(#5604,#5605,#5611,#5612));
#5604 = ORIENTED_EDGE('',*,*,#5590,.F.);
#5605 = ORIENTED_EDGE('',*,*,#5606,.T.);
#5606 = EDGE_CURVE('',#5583,#5535,#5607,.T.);
#5607 = LINE('',#5608,#5609);
#5608 = CARTESIAN_POINT('',(1.715,-1.675,3.4));
#5609 = VECTOR('',#5610,1.);
#5610 = DIRECTION('',(1.,0.,0.));
#5611 = ORIENTED_EDGE('',*,*,#5542,.T.);
#5612 = ORIENTED_EDGE('',*,*,#3394,.T.);
#5613 = PLANE('',#5614);
#5614 = AXIS2_PLACEMENT_3D('',#5615,#5616,#5617);
#5615 = CARTESIAN_POINT('',(1.715,-1.675,3.9));
#5616 = DIRECTION('',(0.,1.,0.));
#5617 = DIRECTION('',(0.,0.,-1.));
#5618 = ADVANCED_FACE('',(#5619),#5644,.F.);
#5619 = FACE_BOUND('',#5620,.F.);
#5620 = EDGE_LOOP('',(#5621,#5629,#5637,#5643));
#5621 = ORIENTED_EDGE('',*,*,#5622,.T.);
#5622 = EDGE_CURVE('',#3421,#5623,#5625,.T.);
#5623 = VERTEX_POINT('',#5624);
#5624 = CARTESIAN_POINT('',(-3.285,-1.075,3.4));
#5625 = LINE('',#5626,#5627);
#5626 = CARTESIAN_POINT('',(-3.285,-1.075,0.8));
#5627 = VECTOR('',#5628,1.);
#5628 = DIRECTION('',(0.,0.,1.));
#5629 = ORIENTED_EDGE('',*,*,#5630,.T.);
#5630 = EDGE_CURVE('',#5623,#5631,#5633,.T.);
#5631 = VERTEX_POINT('',#5632);
#5632 = CARTESIAN_POINT('',(-3.285,-1.675,3.4));
#5633 = LINE('',#5634,#5635);
#5634 = CARTESIAN_POINT('',(-3.285,-1.175,3.4));
#5635 = VECTOR('',#5636,1.);
#5636 = DIRECTION('',(0.,-1.,0.));
#5637 = ORIENTED_EDGE('',*,*,#5638,.T.);
#5638 = EDGE_CURVE('',#5631,#3419,#5639,.T.);
#5639 = LINE('',#5640,#5641);
#5640 = CARTESIAN_POINT('',(-3.285,-1.675,3.9));
#5641 = VECTOR('',#5642,1.);
#5642 = DIRECTION('',(0.,0.,-1.));
#5643 = ORIENTED_EDGE('',*,*,#3418,.T.);
#5644 = PLANE('',#5645);
#5645 = AXIS2_PLACEMENT_3D('',#5646,#5647,#5648);
#5646 = CARTESIAN_POINT('',(-3.285,-0.748526803527,1.36104328404));
#5647 = DIRECTION('',(1.,5.138674310239E-32,4.334095650434E-32));
#5648 = DIRECTION('',(-5.138674310239E-32,1.,0.));
#5649 = ADVANCED_FACE('',(#5650),#5668,.F.);
#5650 = FACE_BOUND('',#5651,.F.);
#5651 = EDGE_LOOP('',(#5652,#5653,#5661,#5667));
#5652 = ORIENTED_EDGE('',*,*,#5638,.F.);
#5653 = ORIENTED_EDGE('',*,*,#5654,.T.);
#5654 = EDGE_CURVE('',#5631,#5655,#5657,.T.);
#5655 = VERTEX_POINT('',#5656);
#5656 = CARTESIAN_POINT('',(-2.965,-1.675,3.4));
#5657 = LINE('',#5658,#5659);
#5658 = CARTESIAN_POINT('',(-3.285,-1.675,3.4));
#5659 = VECTOR('',#5660,1.);
#5660 = DIRECTION('',(1.,0.,0.));
#5661 = ORIENTED_EDGE('',*,*,#5662,.T.);
#5662 = EDGE_CURVE('',#5655,#3437,#5663,.T.);
#5663 = LINE('',#5664,#5665);
#5664 = CARTESIAN_POINT('',(-2.965,-1.675,3.9));
#5665 = VECTOR('',#5666,1.);
#5666 = DIRECTION('',(0.,0.,-1.));
#5667 = ORIENTED_EDGE('',*,*,#3444,.T.);
#5668 = PLANE('',#5669);
#5669 = AXIS2_PLACEMENT_3D('',#5670,#5671,#5672);
#5670 = CARTESIAN_POINT('',(-3.285,-1.675,3.9));
#5671 = DIRECTION('',(0.,1.,0.));
#5672 = DIRECTION('',(0.,0.,-1.));
#5673 = ADVANCED_FACE('',(#5674),#5692,.T.);
#5674 = FACE_BOUND('',#5675,.T.);
#5675 = EDGE_LOOP('',(#5676,#5684,#5690,#5691));
#5676 = ORIENTED_EDGE('',*,*,#5677,.T.);
#5677 = EDGE_CURVE('',#3429,#5678,#5680,.T.);
#5678 = VERTEX_POINT('',#5679);
#5679 = CARTESIAN_POINT('',(-2.965,-1.075,3.4));
#5680 = LINE('',#5681,#5682);
#5681 = CARTESIAN_POINT('',(-2.965,-1.075,0.8));
#5682 = VECTOR('',#5683,1.);
#5683 = DIRECTION('',(0.,0.,1.));
#5684 = ORIENTED_EDGE('',*,*,#5685,.T.);
#5685 = EDGE_CURVE('',#5678,#5655,#5686,.T.);
#5686 = LINE('',#5687,#5688);
#5687 = CARTESIAN_POINT('',(-2.965,-1.175,3.4));
#5688 = VECTOR('',#5689,1.);
#5689 = DIRECTION('',(0.,-1.,0.));
#5690 = ORIENTED_EDGE('',*,*,#5662,.T.);
#5691 = ORIENTED_EDGE('',*,*,#3436,.T.);
#5692 = PLANE('',#5693);
#5693 = AXIS2_PLACEMENT_3D('',#5694,#5695,#5696);
#5694 = CARTESIAN_POINT('',(-2.965,-0.748526803527,1.36104328404));
#5695 = DIRECTION('',(1.,5.138674310239E-32,4.334095650434E-32));
#5696 = DIRECTION('',(-5.138674310239E-32,1.,0.));
#5697 = ADVANCED_FACE('',(#5698),#5709,.F.);
#5698 = FACE_BOUND('',#5699,.F.);
#5699 = EDGE_LOOP('',(#5700,#5701,#5702,#5703));
#5700 = ORIENTED_EDGE('',*,*,#5622,.F.);
#5701 = ORIENTED_EDGE('',*,*,#3428,.T.);
#5702 = ORIENTED_EDGE('',*,*,#5677,.T.);
#5703 = ORIENTED_EDGE('',*,*,#5704,.F.);
#5704 = EDGE_CURVE('',#5623,#5678,#5705,.T.);
#5705 = LINE('',#5706,#5707);
#5706 = CARTESIAN_POINT('',(-3.285,-1.075,3.4));
#5707 = VECTOR('',#5708,1.);
#5708 = DIRECTION('',(1.,0.,0.));
#5709 = PLANE('',#5710);
#5710 = AXIS2_PLACEMENT_3D('',#5711,#5712,#5713);
#5711 = CARTESIAN_POINT('',(-3.285,-1.075,0.8));
#5712 = DIRECTION('',(0.,-1.,0.));
#5713 = DIRECTION('',(0.,0.,1.));
#5714 = ADVANCED_FACE('',(#5715),#5740,.T.);
#5715 = FACE_BOUND('',#5716,.T.);
#5716 = EDGE_LOOP('',(#5717,#5725,#5733,#5739));
#5717 = ORIENTED_EDGE('',*,*,#5718,.T.);
#5718 = EDGE_CURVE('',#3455,#5719,#5721,.T.);
#5719 = VERTEX_POINT('',#5720);
#5720 = CARTESIAN_POINT('',(-1.715,-1.075,3.4));
#5721 = LINE('',#5722,#5723);
#5722 = CARTESIAN_POINT('',(-1.715,-1.075,0.8));
#5723 = VECTOR('',#5724,1.);
#5724 = DIRECTION('',(0.,0.,1.));
#5725 = ORIENTED_EDGE('',*,*,#5726,.T.);
#5726 = EDGE_CURVE('',#5719,#5727,#5729,.T.);
#5727 = VERTEX_POINT('',#5728);
#5728 = CARTESIAN_POINT('',(-1.715,-1.675,3.4));
#5729 = LINE('',#5730,#5731);
#5730 = CARTESIAN_POINT('',(-1.715,-1.175,3.4));
#5731 = VECTOR('',#5732,1.);
#5732 = DIRECTION('',(0.,-1.,0.));
#5733 = ORIENTED_EDGE('',*,*,#5734,.T.);
#5734 = EDGE_CURVE('',#5727,#3453,#5735,.T.);
#5735 = LINE('',#5736,#5737);
#5736 = CARTESIAN_POINT('',(-1.715,-1.675,3.9));
#5737 = VECTOR('',#5738,1.);
#5738 = DIRECTION('',(0.,0.,-1.));
#5739 = ORIENTED_EDGE('',*,*,#3452,.T.);
#5740 = PLANE('',#5741);
#5741 = AXIS2_PLACEMENT_3D('',#5742,#5743,#5744);
#5742 = CARTESIAN_POINT('',(-1.715,-0.748526803527,1.36104328404));
#5743 = DIRECTION('',(1.,5.138674310239E-32,4.334095650434E-32));
#5744 = DIRECTION('',(-5.138674310239E-32,1.,0.));
#5745 = ADVANCED_FACE('',(#5746),#5764,.F.);
#5746 = FACE_BOUND('',#5747,.F.);
#5747 = EDGE_LOOP('',(#5748,#5756,#5757,#5758));
#5748 = ORIENTED_EDGE('',*,*,#5749,.F.);
#5749 = EDGE_CURVE('',#3471,#5750,#5752,.T.);
#5750 = VERTEX_POINT('',#5751);
#5751 = CARTESIAN_POINT('',(-2.035,-1.075,3.4));
#5752 = LINE('',#5753,#5754);
#5753 = CARTESIAN_POINT('',(-2.035,-1.075,0.8));
#5754 = VECTOR('',#5755,1.);
#5755 = DIRECTION('',(0.,0.,1.));
#5756 = ORIENTED_EDGE('',*,*,#3478,.T.);
#5757 = ORIENTED_EDGE('',*,*,#5718,.T.);
#5758 = ORIENTED_EDGE('',*,*,#5759,.F.);
#5759 = EDGE_CURVE('',#5750,#5719,#5760,.T.);
#5760 = LINE('',#5761,#5762);
#5761 = CARTESIAN_POINT('',(-2.035,-1.075,3.4));
#5762 = VECTOR('',#5763,1.);
#5763 = DIRECTION('',(1.,0.,0.));
#5764 = PLANE('',#5765);
#5765 = AXIS2_PLACEMENT_3D('',#5766,#5767,#5768);
#5766 = CARTESIAN_POINT('',(-2.035,-1.075,0.8));
#5767 = DIRECTION('',(0.,-1.,0.));
#5768 = DIRECTION('',(0.,0.,1.));
#5769 = ADVANCED_FACE('',(#5770),#5788,.F.);
#5770 = FACE_BOUND('',#5771,.F.);
#5771 = EDGE_LOOP('',(#5772,#5773,#5781,#5787));
#5772 = ORIENTED_EDGE('',*,*,#5749,.T.);
#5773 = ORIENTED_EDGE('',*,*,#5774,.T.);
#5774 = EDGE_CURVE('',#5750,#5775,#5777,.T.);
#5775 = VERTEX_POINT('',#5776);
#5776 = CARTESIAN_POINT('',(-2.035,-1.675,3.4));
#5777 = LINE('',#5778,#5779);
#5778 = CARTESIAN_POINT('',(-2.035,-1.175,3.4));
#5779 = VECTOR('',#5780,1.);
#5780 = DIRECTION('',(0.,-1.,0.));
#5781 = ORIENTED_EDGE('',*,*,#5782,.T.);
#5782 = EDGE_CURVE('',#5775,#3463,#5783,.T.);
#5783 = LINE('',#5784,#5785);
#5784 = CARTESIAN_POINT('',(-2.035,-1.675,3.9));
#5785 = VECTOR('',#5786,1.);
#5786 = DIRECTION('',(0.,0.,-1.));
#5787 = ORIENTED_EDGE('',*,*,#3470,.T.);
#5788 = PLANE('',#5789);
#5789 = AXIS2_PLACEMENT_3D('',#5790,#5791,#5792);
#5790 = CARTESIAN_POINT('',(-2.035,-0.748526803527,1.36104328404));
#5791 = DIRECTION('',(1.,5.138674310239E-32,4.334095650434E-32));
#5792 = DIRECTION('',(-5.138674310239E-32,1.,0.));
#5793 = ADVANCED_FACE('',(#5794),#5805,.F.);
#5794 = FACE_BOUND('',#5795,.F.);
#5795 = EDGE_LOOP('',(#5796,#5797,#5803,#5804));
#5796 = ORIENTED_EDGE('',*,*,#5782,.F.);
#5797 = ORIENTED_EDGE('',*,*,#5798,.T.);
#5798 = EDGE_CURVE('',#5775,#5727,#5799,.T.);
#5799 = LINE('',#5800,#5801);
#5800 = CARTESIAN_POINT('',(-2.035,-1.675,3.4));
#5801 = VECTOR('',#5802,1.);
#5802 = DIRECTION('',(1.,0.,0.));
#5803 = ORIENTED_EDGE('',*,*,#5734,.T.);
#5804 = ORIENTED_EDGE('',*,*,#3462,.T.);
#5805 = PLANE('',#5806);
#5806 = AXIS2_PLACEMENT_3D('',#5807,#5808,#5809);
#5807 = CARTESIAN_POINT('',(-2.035,-1.675,3.9));
#5808 = DIRECTION('',(0.,1.,0.));
#5809 = DIRECTION('',(0.,0.,-1.));
#5810 = ADVANCED_FACE('',(#5811),#5822,.T.);
#5811 = FACE_BOUND('',#5812,.T.);
#5812 = EDGE_LOOP('',(#5813,#5814,#5815,#5816));
#5813 = ORIENTED_EDGE('',*,*,#3735,.T.);
#5814 = ORIENTED_EDGE('',*,*,#3712,.T.);
#5815 = ORIENTED_EDGE('',*,*,#3811,.F.);
#5816 = ORIENTED_EDGE('',*,*,#5817,.F.);
#5817 = EDGE_CURVE('',#3736,#3812,#5818,.T.);
#5818 = LINE('',#5819,#5820);
#5819 = CARTESIAN_POINT('',(-6.325,-0.7,0.));
#5820 = VECTOR('',#5821,1.);
#5821 = DIRECTION('',(0.,0.,1.));
#5822 = PLANE('',#5823);
#5823 = AXIS2_PLACEMENT_3D('',#5824,#5825,#5826);
#5824 = CARTESIAN_POINT('',(-6.325,-0.4,0.));
#5825 = DIRECTION('',(-1.,0.,0.));
#5826 = DIRECTION('',(0.,0.,1.));
#5827 = ADVANCED_FACE('',(#5828),#5834,.T.);
#5828 = FACE_BOUND('',#5829,.T.);
#5829 = EDGE_LOOP('',(#5830,#5831,#5832,#5833));
#5830 = ORIENTED_EDGE('',*,*,#3743,.F.);
#5831 = ORIENTED_EDGE('',*,*,#5817,.T.);
#5832 = ORIENTED_EDGE('',*,*,#3830,.T.);
#5833 = ORIENTED_EDGE('',*,*,#3854,.F.);
#5834 = PLANE('',#5835);
#5835 = AXIS2_PLACEMENT_3D('',#5836,#5837,#5838);
#5836 = CARTESIAN_POINT('',(-6.175,-0.55,0.));
#5837 = DIRECTION('',(-0.707106781187,0.707106781187,3.472568050346E-18)
  );
#5838 = DIRECTION('',(2.455476416531E-18,-2.455476416531E-18,1.));
#5839 = ADVANCED_FACE('',(#5840),#5851,.T.);
#5840 = FACE_BOUND('',#5841,.F.);
#5841 = EDGE_LOOP('',(#5842,#5843,#5849,#5850));
#5842 = ORIENTED_EDGE('',*,*,#4112,.F.);
#5843 = ORIENTED_EDGE('',*,*,#5844,.T.);
#5844 = EDGE_CURVE('',#4105,#4167,#5845,.T.);
#5845 = LINE('',#5846,#5847);
#5846 = CARTESIAN_POINT('',(6.325,-0.7,0.));
#5847 = VECTOR('',#5848,1.);
#5848 = DIRECTION('',(0.,0.,1.));
#5849 = ORIENTED_EDGE('',*,*,#4178,.T.);
#5850 = ORIENTED_EDGE('',*,*,#4014,.F.);
#5851 = PLANE('',#5852);
#5852 = AXIS2_PLACEMENT_3D('',#5853,#5854,#5855);
#5853 = CARTESIAN_POINT('',(6.175,-0.55,0.));
#5854 = DIRECTION('',(0.707106781187,0.707106781187,-3.472568050346E-18)
  );
#5855 = DIRECTION('',(-2.455476416531E-18,-2.455476416531E-18,-1.));
#5856 = ADVANCED_FACE('',(#5857),#5863,.F.);
#5857 = FACE_BOUND('',#5858,.F.);
#5858 = EDGE_LOOP('',(#5859,#5860,#5861,#5862));
#5859 = ORIENTED_EDGE('',*,*,#4104,.T.);
#5860 = ORIENTED_EDGE('',*,*,#4081,.T.);
#5861 = ORIENTED_EDGE('',*,*,#4166,.F.);
#5862 = ORIENTED_EDGE('',*,*,#5844,.F.);
#5863 = PLANE('',#5864);
#5864 = AXIS2_PLACEMENT_3D('',#5865,#5866,#5867);
#5865 = CARTESIAN_POINT('',(6.325,-0.4,0.));
#5866 = DIRECTION('',(-1.,0.,0.));
#5867 = DIRECTION('',(0.,0.,1.));
#5868 = ADVANCED_FACE('',(#5869),#5880,.F.);
#5869 = FACE_BOUND('',#5870,.F.);
#5870 = EDGE_LOOP('',(#5871,#5877,#5878,#5879));
#5871 = ORIENTED_EDGE('',*,*,#5872,.T.);
#5872 = EDGE_CURVE('',#4249,#4331,#5873,.T.);
#5873 = LINE('',#5874,#5875);
#5874 = CARTESIAN_POINT('',(2.965,1.6,0.45));
#5875 = VECTOR('',#5876,1.);
#5876 = DIRECTION('',(1.,0.,0.));
#5877 = ORIENTED_EDGE('',*,*,#4338,.T.);
#5878 = ORIENTED_EDGE('',*,*,#4360,.F.);
#5879 = ORIENTED_EDGE('',*,*,#4256,.F.);
#5880 = PLANE('',#5881);
#5881 = AXIS2_PLACEMENT_3D('',#5882,#5883,#5884);
#5882 = CARTESIAN_POINT('',(2.965,1.6,0.45));
#5883 = DIRECTION('',(0.,0.,-1.));
#5884 = DIRECTION('',(0.,-1.,0.));
#5885 = ADVANCED_FACE('',(#5886),#5897,.F.);
#5886 = FACE_BOUND('',#5887,.F.);
#5887 = EDGE_LOOP('',(#5888,#5894,#5895,#5896));
#5888 = ORIENTED_EDGE('',*,*,#5889,.T.);
#5889 = EDGE_CURVE('',#4241,#4323,#5890,.T.);
#5890 = LINE('',#5891,#5892);
#5891 = CARTESIAN_POINT('',(2.965,1.6,0.));
#5892 = VECTOR('',#5893,1.);
#5893 = DIRECTION('',(1.,0.,0.));
#5894 = ORIENTED_EDGE('',*,*,#4330,.T.);
#5895 = ORIENTED_EDGE('',*,*,#5872,.F.);
#5896 = ORIENTED_EDGE('',*,*,#4248,.F.);
#5897 = PLANE('',#5898);
#5898 = AXIS2_PLACEMENT_3D('',#5899,#5900,#5901);
#5899 = CARTESIAN_POINT('',(2.965,1.6,0.));
#5900 = DIRECTION('',(0.,-1.,0.));
#5901 = DIRECTION('',(0.,0.,1.));
#5902 = ADVANCED_FACE('',(#5903),#5914,.F.);
#5903 = FACE_BOUND('',#5904,.F.);
#5904 = EDGE_LOOP('',(#5905,#5911,#5912,#5913));
#5905 = ORIENTED_EDGE('',*,*,#5906,.T.);
#5906 = EDGE_CURVE('',#4233,#4315,#5907,.T.);
#5907 = LINE('',#5908,#5909);
#5908 = CARTESIAN_POINT('',(2.965,0.95,0.));
#5909 = VECTOR('',#5910,1.);
#5910 = DIRECTION('',(1.,0.,0.));
#5911 = ORIENTED_EDGE('',*,*,#4322,.T.);
#5912 = ORIENTED_EDGE('',*,*,#5889,.F.);
#5913 = ORIENTED_EDGE('',*,*,#4240,.F.);
#5914 = PLANE('',#5915);
#5915 = AXIS2_PLACEMENT_3D('',#5916,#5917,#5918);
#5916 = CARTESIAN_POINT('',(2.965,0.95,0.));
#5917 = DIRECTION('',(0.,0.,1.));
#5918 = DIRECTION('',(0.,1.,0.));
#5919 = ADVANCED_FACE('',(#5920),#5931,.F.);
#5920 = FACE_BOUND('',#5921,.F.);
#5921 = EDGE_LOOP('',(#5922,#5928,#5929,#5930));
#5922 = ORIENTED_EDGE('',*,*,#5923,.T.);
#5923 = EDGE_CURVE('',#4225,#4307,#5924,.T.);
#5924 = LINE('',#5925,#5926);
#5925 = CARTESIAN_POINT('',(2.965,0.7,0.3));
#5926 = VECTOR('',#5927,1.);
#5927 = DIRECTION('',(1.,0.,0.));
#5928 = ORIENTED_EDGE('',*,*,#4314,.T.);
#5929 = ORIENTED_EDGE('',*,*,#5906,.F.);
#5930 = ORIENTED_EDGE('',*,*,#4232,.F.);
#5931 = PLANE('',#5932);
#5932 = AXIS2_PLACEMENT_3D('',#5933,#5934,#5935);
#5933 = CARTESIAN_POINT('',(2.965,0.7,0.3));
#5934 = DIRECTION('',(0.,0.768221279597,0.640184399664));
#5935 = DIRECTION('',(0.,0.640184399664,-0.768221279597));
#5936 = ADVANCED_FACE('',(#5937),#5943,.F.);
#5937 = FACE_BOUND('',#5938,.F.);
#5938 = EDGE_LOOP('',(#5939,#5940,#5941,#5942));
#5939 = ORIENTED_EDGE('',*,*,#4287,.T.);
#5940 = ORIENTED_EDGE('',*,*,#4306,.T.);
#5941 = ORIENTED_EDGE('',*,*,#5923,.F.);
#5942 = ORIENTED_EDGE('',*,*,#4224,.F.);
#5943 = PLANE('',#5944);
#5944 = AXIS2_PLACEMENT_3D('',#5945,#5946,#5947);
#5945 = CARTESIAN_POINT('',(2.965,-2.3,0.3));
#5946 = DIRECTION('',(0.,0.,1.));
#5947 = DIRECTION('',(0.,1.,0.));
#5948 = ADVANCED_FACE('',(#5949),#5960,.F.);
#5949 = FACE_BOUND('',#5950,.F.);
#5950 = EDGE_LOOP('',(#5951,#5957,#5958,#5959));
#5951 = ORIENTED_EDGE('',*,*,#5952,.T.);
#5952 = EDGE_CURVE('',#4413,#4495,#5953,.T.);
#5953 = LINE('',#5954,#5955);
#5954 = CARTESIAN_POINT('',(1.715,1.6,0.45));
#5955 = VECTOR('',#5956,1.);
#5956 = DIRECTION('',(1.,0.,0.));
#5957 = ORIENTED_EDGE('',*,*,#4502,.T.);
#5958 = ORIENTED_EDGE('',*,*,#4524,.F.);
#5959 = ORIENTED_EDGE('',*,*,#4420,.F.);
#5960 = PLANE('',#5961);
#5961 = AXIS2_PLACEMENT_3D('',#5962,#5963,#5964);
#5962 = CARTESIAN_POINT('',(1.715,1.6,0.45));
#5963 = DIRECTION('',(0.,0.,-1.));
#5964 = DIRECTION('',(0.,-1.,0.));
#5965 = ADVANCED_FACE('',(#5966),#5977,.F.);
#5966 = FACE_BOUND('',#5967,.F.);
#5967 = EDGE_LOOP('',(#5968,#5974,#5975,#5976));
#5968 = ORIENTED_EDGE('',*,*,#5969,.T.);
#5969 = EDGE_CURVE('',#4405,#4487,#5970,.T.);
#5970 = LINE('',#5971,#5972);
#5971 = CARTESIAN_POINT('',(1.715,1.6,0.));
#5972 = VECTOR('',#5973,1.);
#5973 = DIRECTION('',(1.,0.,0.));
#5974 = ORIENTED_EDGE('',*,*,#4494,.T.);
#5975 = ORIENTED_EDGE('',*,*,#5952,.F.);
#5976 = ORIENTED_EDGE('',*,*,#4412,.F.);
#5977 = PLANE('',#5978);
#5978 = AXIS2_PLACEMENT_3D('',#5979,#5980,#5981);
#5979 = CARTESIAN_POINT('',(1.715,1.6,0.));
#5980 = DIRECTION('',(0.,-1.,0.));
#5981 = DIRECTION('',(0.,0.,1.));
#5982 = ADVANCED_FACE('',(#5983),#5994,.F.);
#5983 = FACE_BOUND('',#5984,.F.);
#5984 = EDGE_LOOP('',(#5985,#5991,#5992,#5993));
#5985 = ORIENTED_EDGE('',*,*,#5986,.T.);
#5986 = EDGE_CURVE('',#4397,#4479,#5987,.T.);
#5987 = LINE('',#5988,#5989);
#5988 = CARTESIAN_POINT('',(1.715,0.95,0.));
#5989 = VECTOR('',#5990,1.);
#5990 = DIRECTION('',(1.,0.,0.));
#5991 = ORIENTED_EDGE('',*,*,#4486,.T.);
#5992 = ORIENTED_EDGE('',*,*,#5969,.F.);
#5993 = ORIENTED_EDGE('',*,*,#4404,.F.);
#5994 = PLANE('',#5995);
#5995 = AXIS2_PLACEMENT_3D('',#5996,#5997,#5998);
#5996 = CARTESIAN_POINT('',(1.715,0.95,0.));
#5997 = DIRECTION('',(0.,0.,1.));
#5998 = DIRECTION('',(0.,1.,0.));
#5999 = ADVANCED_FACE('',(#6000),#6011,.F.);
#6000 = FACE_BOUND('',#6001,.F.);
#6001 = EDGE_LOOP('',(#6002,#6008,#6009,#6010));
#6002 = ORIENTED_EDGE('',*,*,#6003,.T.);
#6003 = EDGE_CURVE('',#4389,#4471,#6004,.T.);
#6004 = LINE('',#6005,#6006);
#6005 = CARTESIAN_POINT('',(1.715,0.7,0.3));
#6006 = VECTOR('',#6007,1.);
#6007 = DIRECTION('',(1.,0.,0.));
#6008 = ORIENTED_EDGE('',*,*,#4478,.T.);
#6009 = ORIENTED_EDGE('',*,*,#5986,.F.);
#6010 = ORIENTED_EDGE('',*,*,#4396,.F.);
#6011 = PLANE('',#6012);
#6012 = AXIS2_PLACEMENT_3D('',#6013,#6014,#6015);
#6013 = CARTESIAN_POINT('',(1.715,0.7,0.3));
#6014 = DIRECTION('',(0.,0.768221279597,0.640184399664));
#6015 = DIRECTION('',(0.,0.640184399664,-0.768221279597));
#6016 = ADVANCED_FACE('',(#6017),#6023,.F.);
#6017 = FACE_BOUND('',#6018,.F.);
#6018 = EDGE_LOOP('',(#6019,#6020,#6021,#6022));
#6019 = ORIENTED_EDGE('',*,*,#4451,.T.);
#6020 = ORIENTED_EDGE('',*,*,#4470,.T.);
#6021 = ORIENTED_EDGE('',*,*,#6003,.F.);
#6022 = ORIENTED_EDGE('',*,*,#4388,.F.);
#6023 = PLANE('',#6024);
#6024 = AXIS2_PLACEMENT_3D('',#6025,#6026,#6027);
#6025 = CARTESIAN_POINT('',(1.715,-2.3,0.3));
#6026 = DIRECTION('',(0.,0.,1.));
#6027 = DIRECTION('',(0.,1.,0.));
#6028 = ADVANCED_FACE('',(#6029),#6040,.F.);
#6029 = FACE_BOUND('',#6030,.F.);
#6030 = EDGE_LOOP('',(#6031,#6032,#6033,#6039));
#6031 = ORIENTED_EDGE('',*,*,#4550,.T.);
#6032 = ORIENTED_EDGE('',*,*,#4576,.T.);
#6033 = ORIENTED_EDGE('',*,*,#6034,.F.);
#6034 = EDGE_CURVE('',#4659,#4577,#6035,.T.);
#6035 = LINE('',#6036,#6037);
#6036 = CARTESIAN_POINT('',(0.465,0.7,0.3));
#6037 = VECTOR('',#6038,1.);
#6038 = DIRECTION('',(1.,0.,0.));
#6039 = ORIENTED_EDGE('',*,*,#4658,.F.);
#6040 = PLANE('',#6041);
#6041 = AXIS2_PLACEMENT_3D('',#6042,#6043,#6044);
#6042 = CARTESIAN_POINT('',(0.465,-2.3,0.3));
#6043 = DIRECTION('',(0.,0.,1.));
#6044 = DIRECTION('',(0.,1.,0.));
#6045 = ADVANCED_FACE('',(#6046),#6057,.F.);
#6046 = FACE_BOUND('',#6047,.F.);
#6047 = EDGE_LOOP('',(#6048,#6054,#6055,#6056));
#6048 = ORIENTED_EDGE('',*,*,#6049,.T.);
#6049 = EDGE_CURVE('',#4683,#4601,#6050,.T.);
#6050 = LINE('',#6051,#6052);
#6051 = CARTESIAN_POINT('',(0.465,1.6,0.45));
#6052 = VECTOR('',#6053,1.);
#6053 = DIRECTION('',(1.,0.,0.));
#6054 = ORIENTED_EDGE('',*,*,#4608,.T.);
#6055 = ORIENTED_EDGE('',*,*,#4630,.F.);
#6056 = ORIENTED_EDGE('',*,*,#4690,.F.);
#6057 = PLANE('',#6058);
#6058 = AXIS2_PLACEMENT_3D('',#6059,#6060,#6061);
#6059 = CARTESIAN_POINT('',(0.465,1.6,0.45));
#6060 = DIRECTION('',(0.,0.,-1.));
#6061 = DIRECTION('',(0.,-1.,0.));
#6062 = ADVANCED_FACE('',(#6063),#6074,.F.);
#6063 = FACE_BOUND('',#6064,.F.);
#6064 = EDGE_LOOP('',(#6065,#6071,#6072,#6073));
#6065 = ORIENTED_EDGE('',*,*,#6066,.T.);
#6066 = EDGE_CURVE('',#4675,#4593,#6067,.T.);
#6067 = LINE('',#6068,#6069);
#6068 = CARTESIAN_POINT('',(0.465,1.6,0.));
#6069 = VECTOR('',#6070,1.);
#6070 = DIRECTION('',(1.,0.,0.));
#6071 = ORIENTED_EDGE('',*,*,#4600,.T.);
#6072 = ORIENTED_EDGE('',*,*,#6049,.F.);
#6073 = ORIENTED_EDGE('',*,*,#4682,.F.);
#6074 = PLANE('',#6075);
#6075 = AXIS2_PLACEMENT_3D('',#6076,#6077,#6078);
#6076 = CARTESIAN_POINT('',(0.465,1.6,0.));
#6077 = DIRECTION('',(0.,-1.,0.));
#6078 = DIRECTION('',(0.,0.,1.));
#6079 = ADVANCED_FACE('',(#6080),#6091,.F.);
#6080 = FACE_BOUND('',#6081,.F.);
#6081 = EDGE_LOOP('',(#6082,#6088,#6089,#6090));
#6082 = ORIENTED_EDGE('',*,*,#6083,.T.);
#6083 = EDGE_CURVE('',#4667,#4585,#6084,.T.);
#6084 = LINE('',#6085,#6086);
#6085 = CARTESIAN_POINT('',(0.465,0.95,0.));
#6086 = VECTOR('',#6087,1.);
#6087 = DIRECTION('',(1.,0.,0.));
#6088 = ORIENTED_EDGE('',*,*,#4592,.T.);
#6089 = ORIENTED_EDGE('',*,*,#6066,.F.);
#6090 = ORIENTED_EDGE('',*,*,#4674,.F.);
#6091 = PLANE('',#6092);
#6092 = AXIS2_PLACEMENT_3D('',#6093,#6094,#6095);
#6093 = CARTESIAN_POINT('',(0.465,0.95,0.));
#6094 = DIRECTION('',(0.,0.,1.));
#6095 = DIRECTION('',(0.,1.,0.));
#6096 = ADVANCED_FACE('',(#6097),#6103,.F.);
#6097 = FACE_BOUND('',#6098,.F.);
#6098 = EDGE_LOOP('',(#6099,#6100,#6101,#6102));
#6099 = ORIENTED_EDGE('',*,*,#6034,.T.);
#6100 = ORIENTED_EDGE('',*,*,#4584,.T.);
#6101 = ORIENTED_EDGE('',*,*,#6083,.F.);
#6102 = ORIENTED_EDGE('',*,*,#4666,.F.);
#6103 = PLANE('',#6104);
#6104 = AXIS2_PLACEMENT_3D('',#6105,#6106,#6107);
#6105 = CARTESIAN_POINT('',(0.465,0.7,0.3));
#6106 = DIRECTION('',(0.,0.768221279597,0.640184399664));
#6107 = DIRECTION('',(0.,0.640184399664,-0.768221279597));
#6108 = ADVANCED_FACE('',(#6109),#6120,.F.);
#6109 = FACE_BOUND('',#6110,.F.);
#6110 = EDGE_LOOP('',(#6111,#6112,#6113,#6119));
#6111 = ORIENTED_EDGE('',*,*,#4714,.T.);
#6112 = ORIENTED_EDGE('',*,*,#4740,.T.);
#6113 = ORIENTED_EDGE('',*,*,#6114,.F.);
#6114 = EDGE_CURVE('',#4823,#4741,#6115,.T.);
#6115 = LINE('',#6116,#6117);
#6116 = CARTESIAN_POINT('',(-0.785,0.7,0.3));
#6117 = VECTOR('',#6118,1.);
#6118 = DIRECTION('',(1.,0.,0.));
#6119 = ORIENTED_EDGE('',*,*,#4822,.F.);
#6120 = PLANE('',#6121);
#6121 = AXIS2_PLACEMENT_3D('',#6122,#6123,#6124);
#6122 = CARTESIAN_POINT('',(-0.785,-2.3,0.3));
#6123 = DIRECTION('',(0.,0.,1.));
#6124 = DIRECTION('',(0.,1.,0.));
#6125 = ADVANCED_FACE('',(#6126),#6137,.F.);
#6126 = FACE_BOUND('',#6127,.F.);
#6127 = EDGE_LOOP('',(#6128,#6134,#6135,#6136));
#6128 = ORIENTED_EDGE('',*,*,#6129,.T.);
#6129 = EDGE_CURVE('',#4847,#4765,#6130,.T.);
#6130 = LINE('',#6131,#6132);
#6131 = CARTESIAN_POINT('',(-0.785,1.6,0.45));
#6132 = VECTOR('',#6133,1.);
#6133 = DIRECTION('',(1.,0.,0.));
#6134 = ORIENTED_EDGE('',*,*,#4772,.T.);
#6135 = ORIENTED_EDGE('',*,*,#4794,.F.);
#6136 = ORIENTED_EDGE('',*,*,#4854,.F.);
#6137 = PLANE('',#6138);
#6138 = AXIS2_PLACEMENT_3D('',#6139,#6140,#6141);
#6139 = CARTESIAN_POINT('',(-0.785,1.6,0.45));
#6140 = DIRECTION('',(0.,0.,-1.));
#6141 = DIRECTION('',(0.,-1.,0.));
#6142 = ADVANCED_FACE('',(#6143),#6154,.F.);
#6143 = FACE_BOUND('',#6144,.F.);
#6144 = EDGE_LOOP('',(#6145,#6151,#6152,#6153));
#6145 = ORIENTED_EDGE('',*,*,#6146,.T.);
#6146 = EDGE_CURVE('',#4839,#4757,#6147,.T.);
#6147 = LINE('',#6148,#6149);
#6148 = CARTESIAN_POINT('',(-0.785,1.6,0.));
#6149 = VECTOR('',#6150,1.);
#6150 = DIRECTION('',(1.,0.,0.));
#6151 = ORIENTED_EDGE('',*,*,#4764,.T.);
#6152 = ORIENTED_EDGE('',*,*,#6129,.F.);
#6153 = ORIENTED_EDGE('',*,*,#4846,.F.);
#6154 = PLANE('',#6155);
#6155 = AXIS2_PLACEMENT_3D('',#6156,#6157,#6158);
#6156 = CARTESIAN_POINT('',(-0.785,1.6,0.));
#6157 = DIRECTION('',(0.,-1.,0.));
#6158 = DIRECTION('',(0.,0.,1.));
#6159 = ADVANCED_FACE('',(#6160),#6171,.F.);
#6160 = FACE_BOUND('',#6161,.F.);
#6161 = EDGE_LOOP('',(#6162,#6168,#6169,#6170));
#6162 = ORIENTED_EDGE('',*,*,#6163,.T.);
#6163 = EDGE_CURVE('',#4831,#4749,#6164,.T.);
#6164 = LINE('',#6165,#6166);
#6165 = CARTESIAN_POINT('',(-0.785,0.95,0.));
#6166 = VECTOR('',#6167,1.);
#6167 = DIRECTION('',(1.,0.,0.));
#6168 = ORIENTED_EDGE('',*,*,#4756,.T.);
#6169 = ORIENTED_EDGE('',*,*,#6146,.F.);
#6170 = ORIENTED_EDGE('',*,*,#4838,.F.);
#6171 = PLANE('',#6172);
#6172 = AXIS2_PLACEMENT_3D('',#6173,#6174,#6175);
#6173 = CARTESIAN_POINT('',(-0.785,0.95,0.));
#6174 = DIRECTION('',(0.,0.,1.));
#6175 = DIRECTION('',(0.,1.,0.));
#6176 = ADVANCED_FACE('',(#6177),#6183,.F.);
#6177 = FACE_BOUND('',#6178,.F.);
#6178 = EDGE_LOOP('',(#6179,#6180,#6181,#6182));
#6179 = ORIENTED_EDGE('',*,*,#6114,.T.);
#6180 = ORIENTED_EDGE('',*,*,#4748,.T.);
#6181 = ORIENTED_EDGE('',*,*,#6163,.F.);
#6182 = ORIENTED_EDGE('',*,*,#4830,.F.);
#6183 = PLANE('',#6184);
#6184 = AXIS2_PLACEMENT_3D('',#6185,#6186,#6187);
#6185 = CARTESIAN_POINT('',(-0.785,0.7,0.3));
#6186 = DIRECTION('',(0.,0.768221279597,0.640184399664));
#6187 = DIRECTION('',(0.,0.640184399664,-0.768221279597));
#6188 = ADVANCED_FACE('',(#6189),#6200,.F.);
#6189 = FACE_BOUND('',#6190,.F.);
#6190 = EDGE_LOOP('',(#6191,#6197,#6198,#6199));
#6191 = ORIENTED_EDGE('',*,*,#6192,.T.);
#6192 = EDGE_CURVE('',#4936,#5011,#6193,.T.);
#6193 = LINE('',#6194,#6195);
#6194 = CARTESIAN_POINT('',(-2.035,1.6,0.45));
#6195 = VECTOR('',#6196,1.);
#6196 = DIRECTION('',(1.,0.,0.));
#6197 = ORIENTED_EDGE('',*,*,#5018,.T.);
#6198 = ORIENTED_EDGE('',*,*,#4869,.F.);
#6199 = ORIENTED_EDGE('',*,*,#4943,.F.);
#6200 = PLANE('',#6201);
#6201 = AXIS2_PLACEMENT_3D('',#6202,#6203,#6204);
#6202 = CARTESIAN_POINT('',(-2.035,1.6,0.45));
#6203 = DIRECTION('',(0.,0.,-1.));
#6204 = DIRECTION('',(0.,-1.,0.));
#6205 = ADVANCED_FACE('',(#6206),#6217,.F.);
#6206 = FACE_BOUND('',#6207,.F.);
#6207 = EDGE_LOOP('',(#6208,#6214,#6215,#6216));
#6208 = ORIENTED_EDGE('',*,*,#6209,.T.);
#6209 = EDGE_CURVE('',#4928,#5003,#6210,.T.);
#6210 = LINE('',#6211,#6212);
#6211 = CARTESIAN_POINT('',(-2.035,1.6,0.));
#6212 = VECTOR('',#6213,1.);
#6213 = DIRECTION('',(1.,0.,0.));
#6214 = ORIENTED_EDGE('',*,*,#5010,.T.);
#6215 = ORIENTED_EDGE('',*,*,#6192,.F.);
#6216 = ORIENTED_EDGE('',*,*,#4935,.F.);
#6217 = PLANE('',#6218);
#6218 = AXIS2_PLACEMENT_3D('',#6219,#6220,#6221);
#6219 = CARTESIAN_POINT('',(-2.035,1.6,0.));
#6220 = DIRECTION('',(0.,-1.,0.));
#6221 = DIRECTION('',(0.,0.,1.));
#6222 = ADVANCED_FACE('',(#6223),#6234,.F.);
#6223 = FACE_BOUND('',#6224,.F.);
#6224 = EDGE_LOOP('',(#6225,#6231,#6232,#6233));
#6225 = ORIENTED_EDGE('',*,*,#6226,.T.);
#6226 = EDGE_CURVE('',#4920,#4995,#6227,.T.);
#6227 = LINE('',#6228,#6229);
#6228 = CARTESIAN_POINT('',(-2.035,0.95,0.));
#6229 = VECTOR('',#6230,1.);
#6230 = DIRECTION('',(1.,0.,0.));
#6231 = ORIENTED_EDGE('',*,*,#5002,.T.);
#6232 = ORIENTED_EDGE('',*,*,#6209,.F.);
#6233 = ORIENTED_EDGE('',*,*,#4927,.F.);
#6234 = PLANE('',#6235);
#6235 = AXIS2_PLACEMENT_3D('',#6236,#6237,#6238);
#6236 = CARTESIAN_POINT('',(-2.035,0.95,0.));
#6237 = DIRECTION('',(0.,0.,1.));
#6238 = DIRECTION('',(0.,1.,0.));
#6239 = ADVANCED_FACE('',(#6240),#6251,.F.);
#6240 = FACE_BOUND('',#6241,.F.);
#6241 = EDGE_LOOP('',(#6242,#6248,#6249,#6250));
#6242 = ORIENTED_EDGE('',*,*,#6243,.T.);
#6243 = EDGE_CURVE('',#4912,#4987,#6244,.T.);
#6244 = LINE('',#6245,#6246);
#6245 = CARTESIAN_POINT('',(-2.035,0.7,0.3));
#6246 = VECTOR('',#6247,1.);
#6247 = DIRECTION('',(1.,0.,0.));
#6248 = ORIENTED_EDGE('',*,*,#4994,.T.);
#6249 = ORIENTED_EDGE('',*,*,#6226,.F.);
#6250 = ORIENTED_EDGE('',*,*,#4919,.F.);
#6251 = PLANE('',#6252);
#6252 = AXIS2_PLACEMENT_3D('',#6253,#6254,#6255);
#6253 = CARTESIAN_POINT('',(-2.035,0.7,0.3));
#6254 = DIRECTION('',(0.,0.768221279597,0.640184399664));
#6255 = DIRECTION('',(0.,0.640184399664,-0.768221279597));
#6256 = ADVANCED_FACE('',(#6257),#6263,.F.);
#6257 = FACE_BOUND('',#6258,.F.);
#6258 = EDGE_LOOP('',(#6259,#6260,#6261,#6262));
#6259 = ORIENTED_EDGE('',*,*,#4967,.T.);
#6260 = ORIENTED_EDGE('',*,*,#4986,.T.);
#6261 = ORIENTED_EDGE('',*,*,#6243,.F.);
#6262 = ORIENTED_EDGE('',*,*,#4911,.F.);
#6263 = PLANE('',#6264);
#6264 = AXIS2_PLACEMENT_3D('',#6265,#6266,#6267);
#6265 = CARTESIAN_POINT('',(-2.035,-2.3,0.3));
#6266 = DIRECTION('',(0.,0.,1.));
#6267 = DIRECTION('',(0.,1.,0.));
#6268 = ADVANCED_FACE('',(#6269),#6280,.F.);
#6269 = FACE_BOUND('',#6270,.F.);
#6270 = EDGE_LOOP('',(#6271,#6277,#6278,#6279));
#6271 = ORIENTED_EDGE('',*,*,#6272,.T.);
#6272 = EDGE_CURVE('',#5069,#5151,#6273,.T.);
#6273 = LINE('',#6274,#6275);
#6274 = CARTESIAN_POINT('',(-3.285,1.6,0.45));
#6275 = VECTOR('',#6276,1.);
#6276 = DIRECTION('',(1.,0.,0.));
#6277 = ORIENTED_EDGE('',*,*,#5158,.T.);
#6278 = ORIENTED_EDGE('',*,*,#5180,.F.);
#6279 = ORIENTED_EDGE('',*,*,#5076,.F.);
#6280 = PLANE('',#6281);
#6281 = AXIS2_PLACEMENT_3D('',#6282,#6283,#6284);
#6282 = CARTESIAN_POINT('',(-3.285,1.6,0.45));
#6283 = DIRECTION('',(0.,0.,-1.));
#6284 = DIRECTION('',(0.,-1.,0.));
#6285 = ADVANCED_FACE('',(#6286),#6297,.F.);
#6286 = FACE_BOUND('',#6287,.F.);
#6287 = EDGE_LOOP('',(#6288,#6294,#6295,#6296));
#6288 = ORIENTED_EDGE('',*,*,#6289,.T.);
#6289 = EDGE_CURVE('',#5061,#5143,#6290,.T.);
#6290 = LINE('',#6291,#6292);
#6291 = CARTESIAN_POINT('',(-3.285,1.6,0.));
#6292 = VECTOR('',#6293,1.);
#6293 = DIRECTION('',(1.,0.,0.));
#6294 = ORIENTED_EDGE('',*,*,#5150,.T.);
#6295 = ORIENTED_EDGE('',*,*,#6272,.F.);
#6296 = ORIENTED_EDGE('',*,*,#5068,.F.);
#6297 = PLANE('',#6298);
#6298 = AXIS2_PLACEMENT_3D('',#6299,#6300,#6301);
#6299 = CARTESIAN_POINT('',(-3.285,1.6,0.));
#6300 = DIRECTION('',(0.,-1.,0.));
#6301 = DIRECTION('',(0.,0.,1.));
#6302 = ADVANCED_FACE('',(#6303),#6314,.F.);
#6303 = FACE_BOUND('',#6304,.F.);
#6304 = EDGE_LOOP('',(#6305,#6311,#6312,#6313));
#6305 = ORIENTED_EDGE('',*,*,#6306,.T.);
#6306 = EDGE_CURVE('',#5053,#5135,#6307,.T.);
#6307 = LINE('',#6308,#6309);
#6308 = CARTESIAN_POINT('',(-3.285,0.95,0.));
#6309 = VECTOR('',#6310,1.);
#6310 = DIRECTION('',(1.,0.,0.));
#6311 = ORIENTED_EDGE('',*,*,#5142,.T.);
#6312 = ORIENTED_EDGE('',*,*,#6289,.F.);
#6313 = ORIENTED_EDGE('',*,*,#5060,.F.);
#6314 = PLANE('',#6315);
#6315 = AXIS2_PLACEMENT_3D('',#6316,#6317,#6318);
#6316 = CARTESIAN_POINT('',(-3.285,0.95,0.));
#6317 = DIRECTION('',(0.,0.,1.));
#6318 = DIRECTION('',(0.,1.,0.));
#6319 = ADVANCED_FACE('',(#6320),#6331,.F.);
#6320 = FACE_BOUND('',#6321,.F.);
#6321 = EDGE_LOOP('',(#6322,#6328,#6329,#6330));
#6322 = ORIENTED_EDGE('',*,*,#6323,.T.);
#6323 = EDGE_CURVE('',#5045,#5127,#6324,.T.);
#6324 = LINE('',#6325,#6326);
#6325 = CARTESIAN_POINT('',(-3.285,0.7,0.3));
#6326 = VECTOR('',#6327,1.);
#6327 = DIRECTION('',(1.,0.,0.));
#6328 = ORIENTED_EDGE('',*,*,#5134,.T.);
#6329 = ORIENTED_EDGE('',*,*,#6306,.F.);
#6330 = ORIENTED_EDGE('',*,*,#5052,.F.);
#6331 = PLANE('',#6332);
#6332 = AXIS2_PLACEMENT_3D('',#6333,#6334,#6335);
#6333 = CARTESIAN_POINT('',(-3.285,0.7,0.3));
#6334 = DIRECTION('',(0.,0.768221279597,0.640184399664));
#6335 = DIRECTION('',(0.,0.640184399664,-0.768221279597));
#6336 = ADVANCED_FACE('',(#6337),#6343,.F.);
#6337 = FACE_BOUND('',#6338,.F.);
#6338 = EDGE_LOOP('',(#6339,#6340,#6341,#6342));
#6339 = ORIENTED_EDGE('',*,*,#5107,.T.);
#6340 = ORIENTED_EDGE('',*,*,#5126,.T.);
#6341 = ORIENTED_EDGE('',*,*,#6323,.F.);
#6342 = ORIENTED_EDGE('',*,*,#5044,.F.);
#6343 = PLANE('',#6344);
#6344 = AXIS2_PLACEMENT_3D('',#6345,#6346,#6347);
#6345 = CARTESIAN_POINT('',(-3.285,-2.3,0.3));
#6346 = DIRECTION('',(0.,0.,1.));
#6347 = DIRECTION('',(0.,1.,0.));
#6348 = ADVANCED_FACE('',(#6349),#6374,.T.);
#6349 = FACE_BOUND('',#6350,.F.);
#6350 = EDGE_LOOP('',(#6351,#6359,#6367,#6373));
#6351 = ORIENTED_EDGE('',*,*,#6352,.F.);
#6352 = EDGE_CURVE('',#6353,#5239,#6355,.T.);
#6353 = VERTEX_POINT('',#6354);
#6354 = CARTESIAN_POINT('',(-0.735,-1.175,3.9));
#6355 = LINE('',#6356,#6357);
#6356 = CARTESIAN_POINT('',(-0.759642857143,-1.125714285714,
    3.653571428571));
#6357 = VECTOR('',#6358,1.);
#6358 = DIRECTION('',(-9.75900072948E-02,0.19518001459,-0.975900072948)
  );
#6359 = ORIENTED_EDGE('',*,*,#6360,.T.);
#6360 = EDGE_CURVE('',#6353,#6361,#6363,.T.);
#6361 = VERTEX_POINT('',#6362);
#6362 = CARTESIAN_POINT('',(-0.735,-1.575,3.9));
#6363 = LINE('',#6364,#6365);
#6364 = CARTESIAN_POINT('',(-0.735,-1.175,3.9));
#6365 = VECTOR('',#6366,1.);
#6366 = DIRECTION('',(0.,-1.,0.));
#6367 = ORIENTED_EDGE('',*,*,#6368,.T.);
#6368 = EDGE_CURVE('',#6361,#5247,#6369,.T.);
#6369 = LINE('',#6370,#6371);
#6370 = CARTESIAN_POINT('',(-0.755833333333,-1.616666666667,
    3.691666666667));
#6371 = VECTOR('',#6372,1.);
#6372 = DIRECTION('',(-9.75900072948E-02,-0.19518001459,-0.975900072948)
  );
#6373 = ORIENTED_EDGE('',*,*,#5246,.F.);
#6374 = PLANE('',#6375);
#6375 = AXIS2_PLACEMENT_3D('',#6376,#6377,#6378);
#6376 = CARTESIAN_POINT('',(-0.76,-1.175,3.65));
#6377 = DIRECTION('',(-0.99503719021,8.684560918073E-19,9.9503719021E-02
    ));
#6378 = DIRECTION('',(8.641461094127E-19,1.,-8.641461094127E-20));
#6379 = ADVANCED_FACE('',(#6380),#6398,.T.);
#6380 = FACE_BOUND('',#6381,.F.);
#6381 = EDGE_LOOP('',(#6382,#6390,#6396,#6397));
#6382 = ORIENTED_EDGE('',*,*,#6383,.T.);
#6383 = EDGE_CURVE('',#6361,#6384,#6386,.T.);
#6384 = VERTEX_POINT('',#6385);
#6385 = CARTESIAN_POINT('',(-0.515,-1.575,3.9));
#6386 = LINE('',#6387,#6388);
#6387 = CARTESIAN_POINT('',(-0.785,-1.575,3.9));
#6388 = VECTOR('',#6389,1.);
#6389 = DIRECTION('',(1.,0.,0.));
#6390 = ORIENTED_EDGE('',*,*,#6391,.T.);
#6391 = EDGE_CURVE('',#6384,#5271,#6392,.T.);
#6392 = LINE('',#6393,#6394);
#6393 = CARTESIAN_POINT('',(-0.49569047619,-1.613619047619,
    3.706904761905));
#6394 = VECTOR('',#6395,1.);
#6395 = DIRECTION('',(9.75900072948E-02,-0.19518001459,-0.975900072948)
  );
#6396 = ORIENTED_EDGE('',*,*,#5270,.F.);
#6397 = ORIENTED_EDGE('',*,*,#6368,.F.);
#6398 = PLANE('',#6399);
#6399 = AXIS2_PLACEMENT_3D('',#6400,#6401,#6402);
#6400 = CARTESIAN_POINT('',(-0.785,-1.625,3.65));
#6401 = DIRECTION('',(0.,-0.980580675691,0.196116135138));
#6402 = DIRECTION('',(-1.,0.,0.));
#6403 = ADVANCED_FACE('',(#6404),#6422,.F.);
#6404 = FACE_BOUND('',#6405,.T.);
#6405 = EDGE_LOOP('',(#6406,#6414,#6420,#6421));
#6406 = ORIENTED_EDGE('',*,*,#6407,.F.);
#6407 = EDGE_CURVE('',#6408,#5294,#6410,.T.);
#6408 = VERTEX_POINT('',#6409);
#6409 = CARTESIAN_POINT('',(-0.515,-1.175,3.9));
#6410 = LINE('',#6411,#6412);
#6411 = CARTESIAN_POINT('',(-0.491880952381,-1.128761904762,
    3.66880952381));
#6412 = VECTOR('',#6413,1.);
#6413 = DIRECTION('',(9.75900072948E-02,0.19518001459,-0.975900072948));
#6414 = ORIENTED_EDGE('',*,*,#6415,.T.);
#6415 = EDGE_CURVE('',#6408,#6384,#6416,.T.);
#6416 = LINE('',#6417,#6418);
#6417 = CARTESIAN_POINT('',(-0.515,-1.175,3.9));
#6418 = VECTOR('',#6419,1.);
#6419 = DIRECTION('',(0.,-1.,0.));
#6420 = ORIENTED_EDGE('',*,*,#6391,.T.);
#6421 = ORIENTED_EDGE('',*,*,#5301,.F.);
#6422 = PLANE('',#6423);
#6423 = AXIS2_PLACEMENT_3D('',#6424,#6425,#6426);
#6424 = CARTESIAN_POINT('',(-0.49,-1.175,3.65));
#6425 = DIRECTION('',(-0.99503719021,-8.684560918073E-19,
    -9.9503719021E-02));
#6426 = DIRECTION('',(-8.641461094127E-19,1.,-8.641461094127E-20));
#6427 = ADVANCED_FACE('',(#6428),#6439,.T.);
#6428 = FACE_BOUND('',#6429,.T.);
#6429 = EDGE_LOOP('',(#6430,#6436,#6437,#6438));
#6430 = ORIENTED_EDGE('',*,*,#6431,.T.);
#6431 = EDGE_CURVE('',#6353,#6408,#6432,.T.);
#6432 = LINE('',#6433,#6434);
#6433 = CARTESIAN_POINT('',(-0.785,-1.175,3.9));
#6434 = VECTOR('',#6435,1.);
#6435 = DIRECTION('',(1.,0.,0.));
#6436 = ORIENTED_EDGE('',*,*,#6407,.T.);
#6437 = ORIENTED_EDGE('',*,*,#5320,.F.);
#6438 = ORIENTED_EDGE('',*,*,#6352,.F.);
#6439 = PLANE('',#6440);
#6440 = AXIS2_PLACEMENT_3D('',#6441,#6442,#6443);
#6441 = CARTESIAN_POINT('',(-0.785,-1.125,3.65));
#6442 = DIRECTION('',(-1.736977152557E-18,0.980580675691,0.196116135138)
  );
#6443 = DIRECTION('',(1.,1.703246229914E-18,3.406492459828E-19));
#6444 = ADVANCED_FACE('',(#6445),#6470,.T.);
#6445 = FACE_BOUND('',#6446,.F.);
#6446 = EDGE_LOOP('',(#6447,#6457,#6463,#6464));
#6447 = ORIENTED_EDGE('',*,*,#6448,.T.);
#6448 = EDGE_CURVE('',#6449,#6451,#6453,.T.);
#6449 = VERTEX_POINT('',#6450);
#6450 = CARTESIAN_POINT('',(0.515,-1.575,3.9));
#6451 = VERTEX_POINT('',#6452);
#6452 = CARTESIAN_POINT('',(0.735,-1.575,3.9));
#6453 = LINE('',#6454,#6455);
#6454 = CARTESIAN_POINT('',(0.465,-1.575,3.9));
#6455 = VECTOR('',#6456,1.);
#6456 = DIRECTION('',(1.,0.,0.));
#6457 = ORIENTED_EDGE('',*,*,#6458,.T.);
#6458 = EDGE_CURVE('',#6451,#5343,#6459,.T.);
#6459 = LINE('',#6460,#6461);
#6460 = CARTESIAN_POINT('',(0.75430952381,-1.613619047619,3.706904761905
    ));
#6461 = VECTOR('',#6462,1.);
#6462 = DIRECTION('',(9.75900072948E-02,-0.19518001459,-0.975900072948)
  );
#6463 = ORIENTED_EDGE('',*,*,#5342,.F.);
#6464 = ORIENTED_EDGE('',*,*,#6465,.F.);
#6465 = EDGE_CURVE('',#6449,#5335,#6466,.T.);
#6466 = LINE('',#6467,#6468);
#6467 = CARTESIAN_POINT('',(0.494166666667,-1.616666666667,
    3.691666666667));
#6468 = VECTOR('',#6469,1.);
#6469 = DIRECTION('',(-9.75900072948E-02,-0.19518001459,-0.975900072948)
  );
#6470 = PLANE('',#6471);
#6471 = AXIS2_PLACEMENT_3D('',#6472,#6473,#6474);
#6472 = CARTESIAN_POINT('',(0.465,-1.625,3.65));
#6473 = DIRECTION('',(0.,-0.980580675691,0.196116135138));
#6474 = DIRECTION('',(-1.,0.,0.));
#6475 = ADVANCED_FACE('',(#6476),#6494,.F.);
#6476 = FACE_BOUND('',#6477,.T.);
#6477 = EDGE_LOOP('',(#6478,#6486,#6492,#6493));
#6478 = ORIENTED_EDGE('',*,*,#6479,.F.);
#6479 = EDGE_CURVE('',#6480,#5366,#6482,.T.);
#6480 = VERTEX_POINT('',#6481);
#6481 = CARTESIAN_POINT('',(0.735,-1.175,3.9));
#6482 = LINE('',#6483,#6484);
#6483 = CARTESIAN_POINT('',(0.758119047619,-1.128761904762,3.66880952381
    ));
#6484 = VECTOR('',#6485,1.);
#6485 = DIRECTION('',(9.75900072948E-02,0.19518001459,-0.975900072948));
#6486 = ORIENTED_EDGE('',*,*,#6487,.T.);
#6487 = EDGE_CURVE('',#6480,#6451,#6488,.T.);
#6488 = LINE('',#6489,#6490);
#6489 = CARTESIAN_POINT('',(0.735,-1.175,3.9));
#6490 = VECTOR('',#6491,1.);
#6491 = DIRECTION('',(0.,-1.,0.));
#6492 = ORIENTED_EDGE('',*,*,#6458,.T.);
#6493 = ORIENTED_EDGE('',*,*,#5373,.F.);
#6494 = PLANE('',#6495);
#6495 = AXIS2_PLACEMENT_3D('',#6496,#6497,#6498);
#6496 = CARTESIAN_POINT('',(0.76,-1.175,3.65));
#6497 = DIRECTION('',(-0.99503719021,-8.684560918073E-19,
    -9.9503719021E-02));
#6498 = DIRECTION('',(-8.641461094127E-19,1.,-8.641461094127E-20));
#6499 = ADVANCED_FACE('',(#6500),#6518,.T.);
#6500 = FACE_BOUND('',#6501,.T.);
#6501 = EDGE_LOOP('',(#6502,#6510,#6511,#6512));
#6502 = ORIENTED_EDGE('',*,*,#6503,.T.);
#6503 = EDGE_CURVE('',#6504,#6480,#6506,.T.);
#6504 = VERTEX_POINT('',#6505);
#6505 = CARTESIAN_POINT('',(0.515,-1.175,3.9));
#6506 = LINE('',#6507,#6508);
#6507 = CARTESIAN_POINT('',(0.465,-1.175,3.9));
#6508 = VECTOR('',#6509,1.);
#6509 = DIRECTION('',(1.,0.,0.));
#6510 = ORIENTED_EDGE('',*,*,#6479,.T.);
#6511 = ORIENTED_EDGE('',*,*,#5399,.F.);
#6512 = ORIENTED_EDGE('',*,*,#6513,.F.);
#6513 = EDGE_CURVE('',#6504,#5390,#6514,.T.);
#6514 = LINE('',#6515,#6516);
#6515 = CARTESIAN_POINT('',(0.490357142857,-1.125714285714,
    3.653571428571));
#6516 = VECTOR('',#6517,1.);
#6517 = DIRECTION('',(-9.75900072948E-02,0.19518001459,-0.975900072948)
  );
#6518 = PLANE('',#6519);
#6519 = AXIS2_PLACEMENT_3D('',#6520,#6521,#6522);
#6520 = CARTESIAN_POINT('',(0.465,-1.125,3.65));
#6521 = DIRECTION('',(-1.736977152557E-18,0.980580675691,0.196116135138)
  );
#6522 = DIRECTION('',(1.,1.703246229914E-18,3.406492459828E-19));
#6523 = ADVANCED_FACE('',(#6524),#6535,.T.);
#6524 = FACE_BOUND('',#6525,.F.);
#6525 = EDGE_LOOP('',(#6526,#6527,#6533,#6534));
#6526 = ORIENTED_EDGE('',*,*,#6513,.F.);
#6527 = ORIENTED_EDGE('',*,*,#6528,.T.);
#6528 = EDGE_CURVE('',#6504,#6449,#6529,.T.);
#6529 = LINE('',#6530,#6531);
#6530 = CARTESIAN_POINT('',(0.515,-1.175,3.9));
#6531 = VECTOR('',#6532,1.);
#6532 = DIRECTION('',(0.,-1.,0.));
#6533 = ORIENTED_EDGE('',*,*,#6465,.T.);
#6534 = ORIENTED_EDGE('',*,*,#5414,.F.);
#6535 = PLANE('',#6536);
#6536 = AXIS2_PLACEMENT_3D('',#6537,#6538,#6539);
#6537 = CARTESIAN_POINT('',(0.49,-1.175,3.65));
#6538 = DIRECTION('',(-0.99503719021,8.684560918073E-19,9.9503719021E-02
    ));
#6539 = DIRECTION('',(8.641461094127E-19,1.,-8.641461094127E-20));
#6540 = ADVANCED_FACE('',(#6541),#6566,.T.);
#6541 = FACE_BOUND('',#6542,.F.);
#6542 = EDGE_LOOP('',(#6543,#6553,#6559,#6560));
#6543 = ORIENTED_EDGE('',*,*,#6544,.T.);
#6544 = EDGE_CURVE('',#6545,#6547,#6549,.T.);
#6545 = VERTEX_POINT('',#6546);
#6546 = CARTESIAN_POINT('',(3.015,-1.575,3.9));
#6547 = VERTEX_POINT('',#6548);
#6548 = CARTESIAN_POINT('',(3.235,-1.575,3.9));
#6549 = LINE('',#6550,#6551);
#6550 = CARTESIAN_POINT('',(2.965,-1.575,3.9));
#6551 = VECTOR('',#6552,1.);
#6552 = DIRECTION('',(1.,0.,0.));
#6553 = ORIENTED_EDGE('',*,*,#6554,.T.);
#6554 = EDGE_CURVE('',#6547,#5439,#6555,.T.);
#6555 = LINE('',#6556,#6557);
#6556 = CARTESIAN_POINT('',(3.25430952381,-1.613619047619,3.706904761905
    ));
#6557 = VECTOR('',#6558,1.);
#6558 = DIRECTION('',(9.75900072948E-02,-0.19518001459,-0.975900072948)
  );
#6559 = ORIENTED_EDGE('',*,*,#5438,.F.);
#6560 = ORIENTED_EDGE('',*,*,#6561,.F.);
#6561 = EDGE_CURVE('',#6545,#5431,#6562,.T.);
#6562 = LINE('',#6563,#6564);
#6563 = CARTESIAN_POINT('',(2.994166666667,-1.616666666667,
    3.691666666667));
#6564 = VECTOR('',#6565,1.);
#6565 = DIRECTION('',(-9.75900072948E-02,-0.19518001459,-0.975900072948)
  );
#6566 = PLANE('',#6567);
#6567 = AXIS2_PLACEMENT_3D('',#6568,#6569,#6570);
#6568 = CARTESIAN_POINT('',(2.965,-1.625,3.65));
#6569 = DIRECTION('',(0.,-0.980580675691,0.196116135138));
#6570 = DIRECTION('',(-1.,0.,0.));
#6571 = ADVANCED_FACE('',(#6572),#6590,.F.);
#6572 = FACE_BOUND('',#6573,.T.);
#6573 = EDGE_LOOP('',(#6574,#6582,#6588,#6589));
#6574 = ORIENTED_EDGE('',*,*,#6575,.F.);
#6575 = EDGE_CURVE('',#6576,#5462,#6578,.T.);
#6576 = VERTEX_POINT('',#6577);
#6577 = CARTESIAN_POINT('',(3.235,-1.175,3.9));
#6578 = LINE('',#6579,#6580);
#6579 = CARTESIAN_POINT('',(3.258119047619,-1.128761904762,3.66880952381
    ));
#6580 = VECTOR('',#6581,1.);
#6581 = DIRECTION('',(9.75900072948E-02,0.19518001459,-0.975900072948));
#6582 = ORIENTED_EDGE('',*,*,#6583,.T.);
#6583 = EDGE_CURVE('',#6576,#6547,#6584,.T.);
#6584 = LINE('',#6585,#6586);
#6585 = CARTESIAN_POINT('',(3.235,-1.175,3.9));
#6586 = VECTOR('',#6587,1.);
#6587 = DIRECTION('',(0.,-1.,0.));
#6588 = ORIENTED_EDGE('',*,*,#6554,.T.);
#6589 = ORIENTED_EDGE('',*,*,#5469,.F.);
#6590 = PLANE('',#6591);
#6591 = AXIS2_PLACEMENT_3D('',#6592,#6593,#6594);
#6592 = CARTESIAN_POINT('',(3.26,-1.175,3.65));
#6593 = DIRECTION('',(-0.99503719021,-8.684560918073E-19,
    -9.9503719021E-02));
#6594 = DIRECTION('',(-8.641461094127E-19,1.,-8.641461094127E-20));
#6595 = ADVANCED_FACE('',(#6596),#6614,.T.);
#6596 = FACE_BOUND('',#6597,.T.);
#6597 = EDGE_LOOP('',(#6598,#6606,#6607,#6608));
#6598 = ORIENTED_EDGE('',*,*,#6599,.T.);
#6599 = EDGE_CURVE('',#6600,#6576,#6602,.T.);
#6600 = VERTEX_POINT('',#6601);
#6601 = CARTESIAN_POINT('',(3.015,-1.175,3.9));
#6602 = LINE('',#6603,#6604);
#6603 = CARTESIAN_POINT('',(2.965,-1.175,3.9));
#6604 = VECTOR('',#6605,1.);
#6605 = DIRECTION('',(1.,0.,0.));
#6606 = ORIENTED_EDGE('',*,*,#6575,.T.);
#6607 = ORIENTED_EDGE('',*,*,#5495,.F.);
#6608 = ORIENTED_EDGE('',*,*,#6609,.F.);
#6609 = EDGE_CURVE('',#6600,#5486,#6610,.T.);
#6610 = LINE('',#6611,#6612);
#6611 = CARTESIAN_POINT('',(2.990357142857,-1.125714285714,
    3.653571428571));
#6612 = VECTOR('',#6613,1.);
#6613 = DIRECTION('',(-9.75900072948E-02,0.19518001459,-0.975900072948)
  );
#6614 = PLANE('',#6615);
#6615 = AXIS2_PLACEMENT_3D('',#6616,#6617,#6618);
#6616 = CARTESIAN_POINT('',(2.965,-1.125,3.65));
#6617 = DIRECTION('',(-1.736977152557E-18,0.980580675691,0.196116135138)
  );
#6618 = DIRECTION('',(1.,1.703246229914E-18,3.406492459828E-19));
#6619 = ADVANCED_FACE('',(#6620),#6631,.T.);
#6620 = FACE_BOUND('',#6621,.F.);
#6621 = EDGE_LOOP('',(#6622,#6623,#6629,#6630));
#6622 = ORIENTED_EDGE('',*,*,#6609,.F.);
#6623 = ORIENTED_EDGE('',*,*,#6624,.T.);
#6624 = EDGE_CURVE('',#6600,#6545,#6625,.T.);
#6625 = LINE('',#6626,#6627);
#6626 = CARTESIAN_POINT('',(3.015,-1.175,3.9));
#6627 = VECTOR('',#6628,1.);
#6628 = DIRECTION('',(0.,-1.,0.));
#6629 = ORIENTED_EDGE('',*,*,#6561,.T.);
#6630 = ORIENTED_EDGE('',*,*,#5510,.F.);
#6631 = PLANE('',#6632);
#6632 = AXIS2_PLACEMENT_3D('',#6633,#6634,#6635);
#6633 = CARTESIAN_POINT('',(2.99,-1.175,3.65));
#6634 = DIRECTION('',(-0.99503719021,8.684560918073E-19,9.9503719021E-02
    ));
#6635 = DIRECTION('',(8.641461094127E-19,1.,-8.641461094127E-20));
#6636 = ADVANCED_FACE('',(#6637),#6662,.F.);
#6637 = FACE_BOUND('',#6638,.T.);
#6638 = EDGE_LOOP('',(#6639,#6647,#6655,#6661));
#6639 = ORIENTED_EDGE('',*,*,#6640,.F.);
#6640 = EDGE_CURVE('',#6641,#5527,#6643,.T.);
#6641 = VERTEX_POINT('',#6642);
#6642 = CARTESIAN_POINT('',(1.985,-1.175,3.9));
#6643 = LINE('',#6644,#6645);
#6644 = CARTESIAN_POINT('',(2.008119047619,-1.128761904762,3.66880952381
    ));
#6645 = VECTOR('',#6646,1.);
#6646 = DIRECTION('',(9.75900072948E-02,0.19518001459,-0.975900072948));
#6647 = ORIENTED_EDGE('',*,*,#6648,.T.);
#6648 = EDGE_CURVE('',#6641,#6649,#6651,.T.);
#6649 = VERTEX_POINT('',#6650);
#6650 = CARTESIAN_POINT('',(1.985,-1.575,3.9));
#6651 = LINE('',#6652,#6653);
#6652 = CARTESIAN_POINT('',(1.985,-1.175,3.9));
#6653 = VECTOR('',#6654,1.);
#6654 = DIRECTION('',(0.,-1.,0.));
#6655 = ORIENTED_EDGE('',*,*,#6656,.T.);
#6656 = EDGE_CURVE('',#6649,#5535,#6657,.T.);
#6657 = LINE('',#6658,#6659);
#6658 = CARTESIAN_POINT('',(2.00430952381,-1.613619047619,3.706904761905
    ));
#6659 = VECTOR('',#6660,1.);
#6660 = DIRECTION('',(9.75900072948E-02,-0.19518001459,-0.975900072948)
  );
#6661 = ORIENTED_EDGE('',*,*,#5534,.F.);
#6662 = PLANE('',#6663);
#6663 = AXIS2_PLACEMENT_3D('',#6664,#6665,#6666);
#6664 = CARTESIAN_POINT('',(2.01,-1.175,3.65));
#6665 = DIRECTION('',(-0.99503719021,-8.684560918073E-19,
    -9.9503719021E-02));
#6666 = DIRECTION('',(-8.641461094127E-19,1.,-8.641461094127E-20));
#6667 = ADVANCED_FACE('',(#6668),#6686,.T.);
#6668 = FACE_BOUND('',#6669,.T.);
#6669 = EDGE_LOOP('',(#6670,#6678,#6679,#6680));
#6670 = ORIENTED_EDGE('',*,*,#6671,.T.);
#6671 = EDGE_CURVE('',#6672,#6641,#6674,.T.);
#6672 = VERTEX_POINT('',#6673);
#6673 = CARTESIAN_POINT('',(1.765,-1.175,3.9));
#6674 = LINE('',#6675,#6676);
#6675 = CARTESIAN_POINT('',(1.715,-1.175,3.9));
#6676 = VECTOR('',#6677,1.);
#6677 = DIRECTION('',(1.,0.,0.));
#6678 = ORIENTED_EDGE('',*,*,#6640,.T.);
#6679 = ORIENTED_EDGE('',*,*,#5567,.F.);
#6680 = ORIENTED_EDGE('',*,*,#6681,.F.);
#6681 = EDGE_CURVE('',#6672,#5558,#6682,.T.);
#6682 = LINE('',#6683,#6684);
#6683 = CARTESIAN_POINT('',(1.740357142857,-1.125714285714,
    3.653571428571));
#6684 = VECTOR('',#6685,1.);
#6685 = DIRECTION('',(-9.75900072948E-02,0.19518001459,-0.975900072948)
  );
#6686 = PLANE('',#6687);
#6687 = AXIS2_PLACEMENT_3D('',#6688,#6689,#6690);
#6688 = CARTESIAN_POINT('',(1.715,-1.125,3.65));
#6689 = DIRECTION('',(-1.736977152557E-18,0.980580675691,0.196116135138)
  );
#6690 = DIRECTION('',(1.,1.703246229914E-18,3.406492459828E-19));
#6691 = ADVANCED_FACE('',(#6692),#6710,.T.);
#6692 = FACE_BOUND('',#6693,.F.);
#6693 = EDGE_LOOP('',(#6694,#6695,#6703,#6709));
#6694 = ORIENTED_EDGE('',*,*,#6681,.F.);
#6695 = ORIENTED_EDGE('',*,*,#6696,.T.);
#6696 = EDGE_CURVE('',#6672,#6697,#6699,.T.);
#6697 = VERTEX_POINT('',#6698);
#6698 = CARTESIAN_POINT('',(1.765,-1.575,3.9));
#6699 = LINE('',#6700,#6701);
#6700 = CARTESIAN_POINT('',(1.765,-1.175,3.9));
#6701 = VECTOR('',#6702,1.);
#6702 = DIRECTION('',(0.,-1.,0.));
#6703 = ORIENTED_EDGE('',*,*,#6704,.T.);
#6704 = EDGE_CURVE('',#6697,#5583,#6705,.T.);
#6705 = LINE('',#6706,#6707);
#6706 = CARTESIAN_POINT('',(1.744166666667,-1.616666666667,
    3.691666666667));
#6707 = VECTOR('',#6708,1.);
#6708 = DIRECTION('',(-9.75900072948E-02,-0.19518001459,-0.975900072948)
  );
#6709 = ORIENTED_EDGE('',*,*,#5582,.F.);
#6710 = PLANE('',#6711);
#6711 = AXIS2_PLACEMENT_3D('',#6712,#6713,#6714);
#6712 = CARTESIAN_POINT('',(1.74,-1.175,3.65));
#6713 = DIRECTION('',(-0.99503719021,8.684560918073E-19,9.9503719021E-02
    ));
#6714 = DIRECTION('',(8.641461094127E-19,1.,-8.641461094127E-20));
#6715 = ADVANCED_FACE('',(#6716),#6727,.T.);
#6716 = FACE_BOUND('',#6717,.F.);
#6717 = EDGE_LOOP('',(#6718,#6724,#6725,#6726));
#6718 = ORIENTED_EDGE('',*,*,#6719,.T.);
#6719 = EDGE_CURVE('',#6697,#6649,#6720,.T.);
#6720 = LINE('',#6721,#6722);
#6721 = CARTESIAN_POINT('',(1.715,-1.575,3.9));
#6722 = VECTOR('',#6723,1.);
#6723 = DIRECTION('',(1.,0.,0.));
#6724 = ORIENTED_EDGE('',*,*,#6656,.T.);
#6725 = ORIENTED_EDGE('',*,*,#5606,.F.);
#6726 = ORIENTED_EDGE('',*,*,#6704,.F.);
#6727 = PLANE('',#6728);
#6728 = AXIS2_PLACEMENT_3D('',#6729,#6730,#6731);
#6729 = CARTESIAN_POINT('',(1.715,-1.625,3.65));
#6730 = DIRECTION('',(0.,-0.980580675691,0.196116135138));
#6731 = DIRECTION('',(-1.,0.,0.));
#6732 = ADVANCED_FACE('',(#6733),#6758,.T.);
#6733 = FACE_BOUND('',#6734,.F.);
#6734 = EDGE_LOOP('',(#6735,#6743,#6751,#6757));
#6735 = ORIENTED_EDGE('',*,*,#6736,.F.);
#6736 = EDGE_CURVE('',#6737,#5623,#6739,.T.);
#6737 = VERTEX_POINT('',#6738);
#6738 = CARTESIAN_POINT('',(-3.235,-1.175,3.9));
#6739 = LINE('',#6740,#6741);
#6740 = CARTESIAN_POINT('',(-3.259642857143,-1.125714285714,
    3.653571428571));
#6741 = VECTOR('',#6742,1.);
#6742 = DIRECTION('',(-9.75900072948E-02,0.19518001459,-0.975900072948)
  );
#6743 = ORIENTED_EDGE('',*,*,#6744,.T.);
#6744 = EDGE_CURVE('',#6737,#6745,#6747,.T.);
#6745 = VERTEX_POINT('',#6746);
#6746 = CARTESIAN_POINT('',(-3.235,-1.575,3.9));
#6747 = LINE('',#6748,#6749);
#6748 = CARTESIAN_POINT('',(-3.235,-1.175,3.9));
#6749 = VECTOR('',#6750,1.);
#6750 = DIRECTION('',(0.,-1.,0.));
#6751 = ORIENTED_EDGE('',*,*,#6752,.T.);
#6752 = EDGE_CURVE('',#6745,#5631,#6753,.T.);
#6753 = LINE('',#6754,#6755);
#6754 = CARTESIAN_POINT('',(-3.255833333333,-1.616666666667,
    3.691666666667));
#6755 = VECTOR('',#6756,1.);
#6756 = DIRECTION('',(-9.75900072948E-02,-0.19518001459,-0.975900072948)
  );
#6757 = ORIENTED_EDGE('',*,*,#5630,.F.);
#6758 = PLANE('',#6759);
#6759 = AXIS2_PLACEMENT_3D('',#6760,#6761,#6762);
#6760 = CARTESIAN_POINT('',(-3.26,-1.175,3.65));
#6761 = DIRECTION('',(-0.99503719021,8.684560918073E-19,9.9503719021E-02
    ));
#6762 = DIRECTION('',(8.641461094127E-19,1.,-8.641461094127E-20));
#6763 = ADVANCED_FACE('',(#6764),#6782,.T.);
#6764 = FACE_BOUND('',#6765,.F.);
#6765 = EDGE_LOOP('',(#6766,#6774,#6780,#6781));
#6766 = ORIENTED_EDGE('',*,*,#6767,.T.);
#6767 = EDGE_CURVE('',#6745,#6768,#6770,.T.);
#6768 = VERTEX_POINT('',#6769);
#6769 = CARTESIAN_POINT('',(-3.015,-1.575,3.9));
#6770 = LINE('',#6771,#6772);
#6771 = CARTESIAN_POINT('',(-3.285,-1.575,3.9));
#6772 = VECTOR('',#6773,1.);
#6773 = DIRECTION('',(1.,0.,0.));
#6774 = ORIENTED_EDGE('',*,*,#6775,.T.);
#6775 = EDGE_CURVE('',#6768,#5655,#6776,.T.);
#6776 = LINE('',#6777,#6778);
#6777 = CARTESIAN_POINT('',(-2.99569047619,-1.613619047619,
    3.706904761905));
#6778 = VECTOR('',#6779,1.);
#6779 = DIRECTION('',(9.75900072948E-02,-0.19518001459,-0.975900072948)
  );
#6780 = ORIENTED_EDGE('',*,*,#5654,.F.);
#6781 = ORIENTED_EDGE('',*,*,#6752,.F.);
#6782 = PLANE('',#6783);
#6783 = AXIS2_PLACEMENT_3D('',#6784,#6785,#6786);
#6784 = CARTESIAN_POINT('',(-3.285,-1.625,3.65));
#6785 = DIRECTION('',(0.,-0.980580675691,0.196116135138));
#6786 = DIRECTION('',(-1.,0.,0.));
#6787 = ADVANCED_FACE('',(#6788),#6806,.F.);
#6788 = FACE_BOUND('',#6789,.T.);
#6789 = EDGE_LOOP('',(#6790,#6798,#6804,#6805));
#6790 = ORIENTED_EDGE('',*,*,#6791,.F.);
#6791 = EDGE_CURVE('',#6792,#5678,#6794,.T.);
#6792 = VERTEX_POINT('',#6793);
#6793 = CARTESIAN_POINT('',(-3.015,-1.175,3.9));
#6794 = LINE('',#6795,#6796);
#6795 = CARTESIAN_POINT('',(-2.991880952381,-1.128761904762,
    3.66880952381));
#6796 = VECTOR('',#6797,1.);
#6797 = DIRECTION('',(9.75900072948E-02,0.19518001459,-0.975900072948));
#6798 = ORIENTED_EDGE('',*,*,#6799,.T.);
#6799 = EDGE_CURVE('',#6792,#6768,#6800,.T.);
#6800 = LINE('',#6801,#6802);
#6801 = CARTESIAN_POINT('',(-3.015,-1.175,3.9));
#6802 = VECTOR('',#6803,1.);
#6803 = DIRECTION('',(0.,-1.,0.));
#6804 = ORIENTED_EDGE('',*,*,#6775,.T.);
#6805 = ORIENTED_EDGE('',*,*,#5685,.F.);
#6806 = PLANE('',#6807);
#6807 = AXIS2_PLACEMENT_3D('',#6808,#6809,#6810);
#6808 = CARTESIAN_POINT('',(-2.99,-1.175,3.65));
#6809 = DIRECTION('',(-0.99503719021,-8.684560918073E-19,
    -9.9503719021E-02));
#6810 = DIRECTION('',(-8.641461094127E-19,1.,-8.641461094127E-20));
#6811 = ADVANCED_FACE('',(#6812),#6823,.T.);
#6812 = FACE_BOUND('',#6813,.T.);
#6813 = EDGE_LOOP('',(#6814,#6820,#6821,#6822));
#6814 = ORIENTED_EDGE('',*,*,#6815,.T.);
#6815 = EDGE_CURVE('',#6737,#6792,#6816,.T.);
#6816 = LINE('',#6817,#6818);
#6817 = CARTESIAN_POINT('',(-3.285,-1.175,3.9));
#6818 = VECTOR('',#6819,1.);
#6819 = DIRECTION('',(1.,0.,0.));
#6820 = ORIENTED_EDGE('',*,*,#6791,.T.);
#6821 = ORIENTED_EDGE('',*,*,#5704,.F.);
#6822 = ORIENTED_EDGE('',*,*,#6736,.F.);
#6823 = PLANE('',#6824);
#6824 = AXIS2_PLACEMENT_3D('',#6825,#6826,#6827);
#6825 = CARTESIAN_POINT('',(-3.285,-1.125,3.65));
#6826 = DIRECTION('',(-1.736977152557E-18,0.980580675691,0.196116135138)
  );
#6827 = DIRECTION('',(1.,1.703246229914E-18,3.406492459828E-19));
#6828 = ADVANCED_FACE('',(#6829),#6854,.F.);
#6829 = FACE_BOUND('',#6830,.T.);
#6830 = EDGE_LOOP('',(#6831,#6839,#6847,#6853));
#6831 = ORIENTED_EDGE('',*,*,#6832,.F.);
#6832 = EDGE_CURVE('',#6833,#5719,#6835,.T.);
#6833 = VERTEX_POINT('',#6834);
#6834 = CARTESIAN_POINT('',(-1.765,-1.175,3.9));
#6835 = LINE('',#6836,#6837);
#6836 = CARTESIAN_POINT('',(-1.741880952381,-1.128761904762,
    3.66880952381));
#6837 = VECTOR('',#6838,1.);
#6838 = DIRECTION('',(9.75900072948E-02,0.19518001459,-0.975900072948));
#6839 = ORIENTED_EDGE('',*,*,#6840,.T.);
#6840 = EDGE_CURVE('',#6833,#6841,#6843,.T.);
#6841 = VERTEX_POINT('',#6842);
#6842 = CARTESIAN_POINT('',(-1.765,-1.575,3.9));
#6843 = LINE('',#6844,#6845);
#6844 = CARTESIAN_POINT('',(-1.765,-1.175,3.9));
#6845 = VECTOR('',#6846,1.);
#6846 = DIRECTION('',(0.,-1.,0.));
#6847 = ORIENTED_EDGE('',*,*,#6848,.T.);
#6848 = EDGE_CURVE('',#6841,#5727,#6849,.T.);
#6849 = LINE('',#6850,#6851);
#6850 = CARTESIAN_POINT('',(-1.74569047619,-1.613619047619,
    3.706904761905));
#6851 = VECTOR('',#6852,1.);
#6852 = DIRECTION('',(9.75900072948E-02,-0.19518001459,-0.975900072948)
  );
#6853 = ORIENTED_EDGE('',*,*,#5726,.F.);
#6854 = PLANE('',#6855);
#6855 = AXIS2_PLACEMENT_3D('',#6856,#6857,#6858);
#6856 = CARTESIAN_POINT('',(-1.74,-1.175,3.65));
#6857 = DIRECTION('',(-0.99503719021,-8.684560918073E-19,
    -9.9503719021E-02));
#6858 = DIRECTION('',(-8.641461094127E-19,1.,-8.641461094127E-20));
#6859 = ADVANCED_FACE('',(#6860),#6878,.T.);
#6860 = FACE_BOUND('',#6861,.T.);
#6861 = EDGE_LOOP('',(#6862,#6870,#6871,#6872));
#6862 = ORIENTED_EDGE('',*,*,#6863,.T.);
#6863 = EDGE_CURVE('',#6864,#6833,#6866,.T.);
#6864 = VERTEX_POINT('',#6865);
#6865 = CARTESIAN_POINT('',(-1.985,-1.175,3.9));
#6866 = LINE('',#6867,#6868);
#6867 = CARTESIAN_POINT('',(-2.035,-1.175,3.9));
#6868 = VECTOR('',#6869,1.);
#6869 = DIRECTION('',(1.,0.,0.));
#6870 = ORIENTED_EDGE('',*,*,#6832,.T.);
#6871 = ORIENTED_EDGE('',*,*,#5759,.F.);
#6872 = ORIENTED_EDGE('',*,*,#6873,.F.);
#6873 = EDGE_CURVE('',#6864,#5750,#6874,.T.);
#6874 = LINE('',#6875,#6876);
#6875 = CARTESIAN_POINT('',(-2.009642857143,-1.125714285714,
    3.653571428571));
#6876 = VECTOR('',#6877,1.);
#6877 = DIRECTION('',(-9.75900072948E-02,0.19518001459,-0.975900072948)
  );
#6878 = PLANE('',#6879);
#6879 = AXIS2_PLACEMENT_3D('',#6880,#6881,#6882);
#6880 = CARTESIAN_POINT('',(-2.035,-1.125,3.65));
#6881 = DIRECTION('',(-1.736977152557E-18,0.980580675691,0.196116135138)
  );
#6882 = DIRECTION('',(1.,1.703246229914E-18,3.406492459828E-19));
#6883 = ADVANCED_FACE('',(#6884),#6902,.T.);
#6884 = FACE_BOUND('',#6885,.F.);
#6885 = EDGE_LOOP('',(#6886,#6887,#6895,#6901));
#6886 = ORIENTED_EDGE('',*,*,#6873,.F.);
#6887 = ORIENTED_EDGE('',*,*,#6888,.T.);
#6888 = EDGE_CURVE('',#6864,#6889,#6891,.T.);
#6889 = VERTEX_POINT('',#6890);
#6890 = CARTESIAN_POINT('',(-1.985,-1.575,3.9));
#6891 = LINE('',#6892,#6893);
#6892 = CARTESIAN_POINT('',(-1.985,-1.175,3.9));
#6893 = VECTOR('',#6894,1.);
#6894 = DIRECTION('',(0.,-1.,0.));
#6895 = ORIENTED_EDGE('',*,*,#6896,.T.);
#6896 = EDGE_CURVE('',#6889,#5775,#6897,.T.);
#6897 = LINE('',#6898,#6899);
#6898 = CARTESIAN_POINT('',(-2.005833333333,-1.616666666667,
    3.691666666667));
#6899 = VECTOR('',#6900,1.);
#6900 = DIRECTION('',(-9.75900072948E-02,-0.19518001459,-0.975900072948)
  );
#6901 = ORIENTED_EDGE('',*,*,#5774,.F.);
#6902 = PLANE('',#6903);
#6903 = AXIS2_PLACEMENT_3D('',#6904,#6905,#6906);
#6904 = CARTESIAN_POINT('',(-2.01,-1.175,3.65));
#6905 = DIRECTION('',(-0.99503719021,8.684560918073E-19,9.9503719021E-02
    ));
#6906 = DIRECTION('',(8.641461094127E-19,1.,-8.641461094127E-20));
#6907 = ADVANCED_FACE('',(#6908),#6919,.T.);
#6908 = FACE_BOUND('',#6909,.F.);
#6909 = EDGE_LOOP('',(#6910,#6916,#6917,#6918));
#6910 = ORIENTED_EDGE('',*,*,#6911,.T.);
#6911 = EDGE_CURVE('',#6889,#6841,#6912,.T.);
#6912 = LINE('',#6913,#6914);
#6913 = CARTESIAN_POINT('',(-2.035,-1.575,3.9));
#6914 = VECTOR('',#6915,1.);
#6915 = DIRECTION('',(1.,0.,0.));
#6916 = ORIENTED_EDGE('',*,*,#6848,.T.);
#6917 = ORIENTED_EDGE('',*,*,#5798,.F.);
#6918 = ORIENTED_EDGE('',*,*,#6896,.F.);
#6919 = PLANE('',#6920);
#6920 = AXIS2_PLACEMENT_3D('',#6921,#6922,#6923);
#6921 = CARTESIAN_POINT('',(-2.035,-1.625,3.65));
#6922 = DIRECTION('',(0.,-0.980580675691,0.196116135138));
#6923 = DIRECTION('',(-1.,0.,0.));
#6924 = ADVANCED_FACE('',(#6925),#6931,.F.);
#6925 = FACE_BOUND('',#6926,.F.);
#6926 = EDGE_LOOP('',(#6927,#6928,#6929,#6930));
#6927 = ORIENTED_EDGE('',*,*,#6431,.T.);
#6928 = ORIENTED_EDGE('',*,*,#6415,.T.);
#6929 = ORIENTED_EDGE('',*,*,#6383,.F.);
#6930 = ORIENTED_EDGE('',*,*,#6360,.F.);
#6931 = PLANE('',#6932);
#6932 = AXIS2_PLACEMENT_3D('',#6933,#6934,#6935);
#6933 = CARTESIAN_POINT('',(-0.785,-1.075,3.9));
#6934 = DIRECTION('',(0.,0.,-1.));
#6935 = DIRECTION('',(0.,-1.,0.));
#6936 = ADVANCED_FACE('',(#6937),#6943,.F.);
#6937 = FACE_BOUND('',#6938,.F.);
#6938 = EDGE_LOOP('',(#6939,#6940,#6941,#6942));
#6939 = ORIENTED_EDGE('',*,*,#6503,.T.);
#6940 = ORIENTED_EDGE('',*,*,#6487,.T.);
#6941 = ORIENTED_EDGE('',*,*,#6448,.F.);
#6942 = ORIENTED_EDGE('',*,*,#6528,.F.);
#6943 = PLANE('',#6944);
#6944 = AXIS2_PLACEMENT_3D('',#6945,#6946,#6947);
#6945 = CARTESIAN_POINT('',(0.465,-1.075,3.9));
#6946 = DIRECTION('',(0.,0.,-1.));
#6947 = DIRECTION('',(0.,-1.,0.));
#6948 = ADVANCED_FACE('',(#6949),#6955,.F.);
#6949 = FACE_BOUND('',#6950,.F.);
#6950 = EDGE_LOOP('',(#6951,#6952,#6953,#6954));
#6951 = ORIENTED_EDGE('',*,*,#6599,.T.);
#6952 = ORIENTED_EDGE('',*,*,#6583,.T.);
#6953 = ORIENTED_EDGE('',*,*,#6544,.F.);
#6954 = ORIENTED_EDGE('',*,*,#6624,.F.);
#6955 = PLANE('',#6956);
#6956 = AXIS2_PLACEMENT_3D('',#6957,#6958,#6959);
#6957 = CARTESIAN_POINT('',(2.965,-1.075,3.9));
#6958 = DIRECTION('',(0.,0.,-1.));
#6959 = DIRECTION('',(0.,-1.,0.));
#6960 = ADVANCED_FACE('',(#6961),#6967,.F.);
#6961 = FACE_BOUND('',#6962,.F.);
#6962 = EDGE_LOOP('',(#6963,#6964,#6965,#6966));
#6963 = ORIENTED_EDGE('',*,*,#6671,.T.);
#6964 = ORIENTED_EDGE('',*,*,#6648,.T.);
#6965 = ORIENTED_EDGE('',*,*,#6719,.F.);
#6966 = ORIENTED_EDGE('',*,*,#6696,.F.);
#6967 = PLANE('',#6968);
#6968 = AXIS2_PLACEMENT_3D('',#6969,#6970,#6971);
#6969 = CARTESIAN_POINT('',(1.715,-1.075,3.9));
#6970 = DIRECTION('',(0.,0.,-1.));
#6971 = DIRECTION('',(0.,-1.,0.));
#6972 = ADVANCED_FACE('',(#6973),#6979,.F.);
#6973 = FACE_BOUND('',#6974,.F.);
#6974 = EDGE_LOOP('',(#6975,#6976,#6977,#6978));
#6975 = ORIENTED_EDGE('',*,*,#6815,.T.);
#6976 = ORIENTED_EDGE('',*,*,#6799,.T.);
#6977 = ORIENTED_EDGE('',*,*,#6767,.F.);
#6978 = ORIENTED_EDGE('',*,*,#6744,.F.);
#6979 = PLANE('',#6980);
#6980 = AXIS2_PLACEMENT_3D('',#6981,#6982,#6983);
#6981 = CARTESIAN_POINT('',(-3.285,-1.075,3.9));
#6982 = DIRECTION('',(0.,0.,-1.));
#6983 = DIRECTION('',(0.,-1.,0.));
#6984 = ADVANCED_FACE('',(#6985),#6991,.F.);
#6985 = FACE_BOUND('',#6986,.F.);
#6986 = EDGE_LOOP('',(#6987,#6988,#6989,#6990));
#6987 = ORIENTED_EDGE('',*,*,#6863,.T.);
#6988 = ORIENTED_EDGE('',*,*,#6840,.T.);
#6989 = ORIENTED_EDGE('',*,*,#6911,.F.);
#6990 = ORIENTED_EDGE('',*,*,#6888,.F.);
#6991 = PLANE('',#6992);
#6992 = AXIS2_PLACEMENT_3D('',#6993,#6994,#6995);
#6993 = CARTESIAN_POINT('',(-2.035,-1.075,3.9));
#6994 = DIRECTION('',(0.,0.,-1.));
#6995 = DIRECTION('',(0.,-1.,0.));
#6996 = ( GEOMETRIC_REPRESENTATION_CONTEXT(3) 
GLOBAL_UNCERTAINTY_ASSIGNED_CONTEXT((#7000)) 
GLOBAL_UNIT_ASSIGNED_CONTEXT((#6997,#6998,#6999)) REPRESENTATION_CONTEXT
('Context #1','3D Context with UNIT and UNCERTAINTY') );
#6997 = ( LENGTH_UNIT() NAMED_UNIT(*) SI_UNIT(.MILLI.,.METRE.) );
#6998 = ( NAMED_UNIT(*) PLANE_ANGLE_UNIT() SI_UNIT($,.RADIAN.) );
#6999 = ( NAMED_UNIT(*) SI_UNIT($,.STERADIAN.) SOLID_ANGLE_UNIT() );
#7000 = UNCERTAINTY_MEASURE_WITH_UNIT(LENGTH_MEASURE(1.E-07),#6997,
  'distance_accuracy_value','confusion accuracy');
#7001 = CONTEXT_DEPENDENT_SHAPE_REPRESENTATION(#7002,#7004);
#7002 = ( REPRESENTATION_RELATIONSHIP('','',#48,#10) 
REPRESENTATION_RELATIONSHIP_WITH_TRANSFORMATION(#7003) 
SHAPE_REPRESENTATION_RELATIONSHIP() );
#7003 = ITEM_DEFINED_TRANSFORMATION('','',#11,#15);
#7004 = PRODUCT_DEFINITION_SHAPE('Placement','Placement of an item',
  #7005);
#7005 = NEXT_ASSEMBLY_USAGE_OCCURRENCE('1','J2','',#5,#43,$);
#7006 = PRODUCT_RELATED_PRODUCT_CATEGORY('part',$,(#45));
#7007 = SHAPE_DEFINITION_REPRESENTATION(#7008,#7014);
#7008 = PRODUCT_DEFINITION_SHAPE('','',#7009);
#7009 = PRODUCT_DEFINITION('design','',#7010,#7013);
#7010 = PRODUCT_DEFINITION_FORMATION('','',#7011);
#7011 = PRODUCT('RJ45_Amphenol_RJHSE538X','RJ45_Amphenol_RJHSE538X','',(
    #7012));
#7012 = PRODUCT_CONTEXT('',#2,'mechanical');
#7013 = PRODUCT_DEFINITION_CONTEXT('part definition',#2,'design');
#7014 = SHAPE_REPRESENTATION('',(#11,#7015,#11649,#11799),#11949);
#7015 = MANIFOLD_SOLID_BREP('',#7016);
#7016 = CLOSED_SHELL('',(#7017,#7057,#7088,#7285,#7796,#7817,#7829,#7860
    ,#7884,#7908,#7925,#7972,#7996,#8052,#8076,#8100,#8124,#8180,#8213,
    #8244,#8268,#8292,#8309,#8340,#8380,#8404,#8437,#8462,#8487,#8512,
    #8537,#8562,#8587,#8612,#8643,#8683,#8707,#8740,#8765,#8777,#8789,
    #8801,#8813,#8825,#8837,#8862,#8887,#8912,#8937,#8949,#9042,#9135,
    #9147,#9178,#9202,#9226,#9243,#9587,#9611,#9639,#9656,#9673,#9722,
    #9739,#9756,#9773,#9804,#9828,#9852,#9869,#9886,#9903,#9915,#9924,
    #9933,#9942,#9951,#9960,#9969,#9978,#9995,#10012,#10024,#10033,
    #10042,#10051,#10060,#10069,#10092,#10109,#10119,#10136,#10146,
    #10169,#10186,#10196,#10213,#10223,#10235,#10252,#10269,#10281,
    #10565,#10603,#10627,#10651,#10675,#10713,#10737,#10761,#10785,
    #10823,#10847,#10871,#10895,#10933,#10957,#10981,#11005,#11043,
    #11067,#11091,#11115,#11153,#11177,#11201,#11225,#11263,#11287,
    #11311,#11335,#11373,#11397,#11421,#11445,#11457,#11469,#11481,
    #11493,#11505,#11517,#11529,#11541,#11553,#11565,#11577,#11589,
    #11601,#11613,#11625,#11637));
#7017 = ADVANCED_FACE('',(#7018),#7052,.F.);
#7018 = FACE_BOUND('',#7019,.F.);
#7019 = EDGE_LOOP('',(#7020,#7030,#7038,#7046));
#7020 = ORIENTED_EDGE('',*,*,#7021,.T.);
#7021 = EDGE_CURVE('',#7022,#7024,#7026,.T.);
#7022 = VERTEX_POINT('',#7023);
#7023 = CARTESIAN_POINT('',(11.805,-7.75,0.));
#7024 = VERTEX_POINT('',#7025);
#7025 = CARTESIAN_POINT('',(11.805,-7.75,13.46));
#7026 = LINE('',#7027,#7028);
#7027 = CARTESIAN_POINT('',(11.805,-7.75,0.));
#7028 = VECTOR('',#7029,1.);
#7029 = DIRECTION('',(0.,0.,1.));
#7030 = ORIENTED_EDGE('',*,*,#7031,.T.);
#7031 = EDGE_CURVE('',#7024,#7032,#7034,.T.);
#7032 = VERTEX_POINT('',#7033);
#7033 = CARTESIAN_POINT('',(11.805,8.,13.46));
#7034 = LINE('',#7035,#7036);
#7035 = CARTESIAN_POINT('',(11.805,-7.75,13.46));
#7036 = VECTOR('',#7037,1.);
#7037 = DIRECTION('',(1.224646799147E-16,1.,0.));
#7038 = ORIENTED_EDGE('',*,*,#7039,.F.);
#7039 = EDGE_CURVE('',#7040,#7032,#7042,.T.);
#7040 = VERTEX_POINT('',#7041);
#7041 = CARTESIAN_POINT('',(11.805,8.,0.));
#7042 = LINE('',#7043,#7044);
#7043 = CARTESIAN_POINT('',(11.805,8.,0.));
#7044 = VECTOR('',#7045,1.);
#7045 = DIRECTION('',(0.,0.,1.));
#7046 = ORIENTED_EDGE('',*,*,#7047,.F.);
#7047 = EDGE_CURVE('',#7022,#7040,#7048,.T.);
#7048 = LINE('',#7049,#7050);
#7049 = CARTESIAN_POINT('',(11.805,-7.75,0.));
#7050 = VECTOR('',#7051,1.);
#7051 = DIRECTION('',(1.224646799147E-16,1.,0.));
#7052 = PLANE('',#7053);
#7053 = AXIS2_PLACEMENT_3D('',#7054,#7055,#7056);
#7054 = CARTESIAN_POINT('',(11.805,-7.75,0.));
#7055 = DIRECTION('',(-1.,1.224646799147E-16,0.));
#7056 = DIRECTION('',(1.224646799147E-16,1.,0.));
#7057 = ADVANCED_FACE('',(#7058),#7083,.F.);
#7058 = FACE_BOUND('',#7059,.F.);
#7059 = EDGE_LOOP('',(#7060,#7070,#7076,#7077));
#7060 = ORIENTED_EDGE('',*,*,#7061,.T.);
#7061 = EDGE_CURVE('',#7062,#7064,#7066,.T.);
#7062 = VERTEX_POINT('',#7063);
#7063 = CARTESIAN_POINT('',(-4.705,-7.75,0.));
#7064 = VERTEX_POINT('',#7065);
#7065 = CARTESIAN_POINT('',(-4.705,-7.75,13.46));
#7066 = LINE('',#7067,#7068);
#7067 = CARTESIAN_POINT('',(-4.705,-7.75,0.));
#7068 = VECTOR('',#7069,1.);
#7069 = DIRECTION('',(0.,0.,1.));
#7070 = ORIENTED_EDGE('',*,*,#7071,.T.);
#7071 = EDGE_CURVE('',#7064,#7024,#7072,.T.);
#7072 = LINE('',#7073,#7074);
#7073 = CARTESIAN_POINT('',(-4.705,-7.75,13.46));
#7074 = VECTOR('',#7075,1.);
#7075 = DIRECTION('',(1.,-1.224646799147E-16,0.));
#7076 = ORIENTED_EDGE('',*,*,#7021,.F.);
#7077 = ORIENTED_EDGE('',*,*,#7078,.F.);
#7078 = EDGE_CURVE('',#7062,#7022,#7079,.T.);
#7079 = LINE('',#7080,#7081);
#7080 = CARTESIAN_POINT('',(-4.705,-7.75,0.));
#7081 = VECTOR('',#7082,1.);
#7082 = DIRECTION('',(1.,-1.224646799147E-16,0.));
#7083 = PLANE('',#7084);
#7084 = AXIS2_PLACEMENT_3D('',#7085,#7086,#7087);
#7085 = CARTESIAN_POINT('',(-4.705,-7.75,0.));
#7086 = DIRECTION('',(1.224646799147E-16,1.,0.));
#7087 = DIRECTION('',(1.,-1.224646799147E-16,0.));
#7088 = ADVANCED_FACE('',(#7089,#7146,#7180,#7246),#7280,.F.);
#7089 = FACE_BOUND('',#7090,.F.);
#7090 = EDGE_LOOP('',(#7091,#7092,#7100,#7108,#7116,#7124,#7132,#7140));
#7091 = ORIENTED_EDGE('',*,*,#7039,.T.);
#7092 = ORIENTED_EDGE('',*,*,#7093,.T.);
#7093 = EDGE_CURVE('',#7032,#7094,#7096,.T.);
#7094 = VERTEX_POINT('',#7095);
#7095 = CARTESIAN_POINT('',(10.555,8.,13.46));
#7096 = LINE('',#7097,#7098);
#7097 = CARTESIAN_POINT('',(11.805,8.,13.46));
#7098 = VECTOR('',#7099,1.);
#7099 = DIRECTION('',(-1.,1.224646799147E-16,0.));
#7100 = ORIENTED_EDGE('',*,*,#7101,.T.);
#7101 = EDGE_CURVE('',#7094,#7102,#7104,.T.);
#7102 = VERTEX_POINT('',#7103);
#7103 = CARTESIAN_POINT('',(7.555,8.,13.46));
#7104 = LINE('',#7105,#7106);
#7105 = CARTESIAN_POINT('',(11.805,8.,13.46));
#7106 = VECTOR('',#7107,1.);
#7107 = DIRECTION('',(-1.,1.224646799147E-16,0.));
#7108 = ORIENTED_EDGE('',*,*,#7109,.T.);
#7109 = EDGE_CURVE('',#7102,#7110,#7112,.T.);
#7110 = VERTEX_POINT('',#7111);
#7111 = CARTESIAN_POINT('',(-0.455,8.,13.46));
#7112 = LINE('',#7113,#7114);
#7113 = CARTESIAN_POINT('',(11.805,8.,13.46));
#7114 = VECTOR('',#7115,1.);
#7115 = DIRECTION('',(-1.,1.224646799147E-16,0.));
#7116 = ORIENTED_EDGE('',*,*,#7117,.T.);
#7117 = EDGE_CURVE('',#7110,#7118,#7120,.T.);
#7118 = VERTEX_POINT('',#7119);
#7119 = CARTESIAN_POINT('',(-3.455,8.,13.46));
#7120 = LINE('',#7121,#7122);
#7121 = CARTESIAN_POINT('',(11.805,8.,13.46));
#7122 = VECTOR('',#7123,1.);
#7123 = DIRECTION('',(-1.,1.224646799147E-16,0.));
#7124 = ORIENTED_EDGE('',*,*,#7125,.T.);
#7125 = EDGE_CURVE('',#7118,#7126,#7128,.T.);
#7126 = VERTEX_POINT('',#7127);
#7127 = CARTESIAN_POINT('',(-4.705,8.,13.46));
#7128 = LINE('',#7129,#7130);
#7129 = CARTESIAN_POINT('',(11.805,8.,13.46));
#7130 = VECTOR('',#7131,1.);
#7131 = DIRECTION('',(-1.,1.224646799147E-16,0.));
#7132 = ORIENTED_EDGE('',*,*,#7133,.F.);
#7133 = EDGE_CURVE('',#7134,#7126,#7136,.T.);
#7134 = VERTEX_POINT('',#7135);
#7135 = CARTESIAN_POINT('',(-4.705,8.,0.));
#7136 = LINE('',#7137,#7138);
#7137 = CARTESIAN_POINT('',(-4.705,8.,0.));
#7138 = VECTOR('',#7139,1.);
#7139 = DIRECTION('',(0.,0.,1.));
#7140 = ORIENTED_EDGE('',*,*,#7141,.F.);
#7141 = EDGE_CURVE('',#7040,#7134,#7142,.T.);
#7142 = LINE('',#7143,#7144);
#7143 = CARTESIAN_POINT('',(11.805,8.,0.));
#7144 = VECTOR('',#7145,1.);
#7145 = DIRECTION('',(-1.,1.224646799147E-16,0.));
#7146 = FACE_BOUND('',#7147,.F.);
#7147 = EDGE_LOOP('',(#7148,#7158,#7166,#7174));
#7148 = ORIENTED_EDGE('',*,*,#7149,.F.);
#7149 = EDGE_CURVE('',#7150,#7152,#7154,.T.);
#7150 = VERTEX_POINT('',#7151);
#7151 = CARTESIAN_POINT('',(6.805,8.,10.5));
#7152 = VERTEX_POINT('',#7153);
#7153 = CARTESIAN_POINT('',(11.305,8.,10.5));
#7154 = LINE('',#7155,#7156);
#7155 = CARTESIAN_POINT('',(6.805,8.,10.5));
#7156 = VECTOR('',#7157,1.);
#7157 = DIRECTION('',(1.,-1.224646799147E-16,0.));
#7158 = ORIENTED_EDGE('',*,*,#7159,.F.);
#7159 = EDGE_CURVE('',#7160,#7150,#7162,.T.);
#7160 = VERTEX_POINT('',#7161);
#7161 = CARTESIAN_POINT('',(6.805,8.,12.9));
#7162 = LINE('',#7163,#7164);
#7163 = CARTESIAN_POINT('',(6.805,8.,12.9));
#7164 = VECTOR('',#7165,1.);
#7165 = DIRECTION('',(8.157786440681E-32,6.661338147751E-16,-1.));
#7166 = ORIENTED_EDGE('',*,*,#7167,.F.);
#7167 = EDGE_CURVE('',#7168,#7160,#7170,.T.);
#7168 = VERTEX_POINT('',#7169);
#7169 = CARTESIAN_POINT('',(11.305,8.,12.9));
#7170 = LINE('',#7171,#7172);
#7171 = CARTESIAN_POINT('',(11.305,8.,12.9));
#7172 = VECTOR('',#7173,1.);
#7173 = DIRECTION('',(-1.,1.224646799147E-16,0.));
#7174 = ORIENTED_EDGE('',*,*,#7175,.F.);
#7175 = EDGE_CURVE('',#7152,#7168,#7176,.T.);
#7176 = LINE('',#7177,#7178);
#7177 = CARTESIAN_POINT('',(11.305,8.,10.5));
#7178 = VECTOR('',#7179,1.);
#7179 = DIRECTION('',(-8.157786440681E-32,-6.661338147751E-16,1.));
#7180 = FACE_BOUND('',#7181,.F.);
#7181 = EDGE_LOOP('',(#7182,#7192,#7200,#7208,#7216,#7224,#7232,#7240));
#7182 = ORIENTED_EDGE('',*,*,#7183,.F.);
#7183 = EDGE_CURVE('',#7184,#7186,#7188,.T.);
#7184 = VERTEX_POINT('',#7185);
#7185 = CARTESIAN_POINT('',(9.405,8.,10.3));
#7186 = VERTEX_POINT('',#7187);
#7187 = CARTESIAN_POINT('',(6.6,8.,10.3));
#7188 = LINE('',#7189,#7190);
#7189 = CARTESIAN_POINT('',(9.405,8.,10.3));
#7190 = VECTOR('',#7191,1.);
#7191 = DIRECTION('',(-1.,1.224646799147E-16,0.));
#7192 = ORIENTED_EDGE('',*,*,#7193,.F.);
#7193 = EDGE_CURVE('',#7194,#7184,#7196,.T.);
#7194 = VERTEX_POINT('',#7195);
#7195 = CARTESIAN_POINT('',(9.405,8.,2.));
#7196 = LINE('',#7197,#7198);
#7197 = CARTESIAN_POINT('',(9.405,8.,2.));
#7198 = VECTOR('',#7199,1.);
#7199 = DIRECTION('',(-2.719262146894E-32,-2.22044604925E-16,1.));
#7200 = ORIENTED_EDGE('',*,*,#7201,.F.);
#7201 = EDGE_CURVE('',#7202,#7194,#7204,.T.);
#7202 = VERTEX_POINT('',#7203);
#7203 = CARTESIAN_POINT('',(-2.305,8.,2.));
#7204 = LINE('',#7205,#7206);
#7205 = CARTESIAN_POINT('',(-2.305,8.,2.));
#7206 = VECTOR('',#7207,1.);
#7207 = DIRECTION('',(1.,-1.224646799147E-16,0.));
#7208 = ORIENTED_EDGE('',*,*,#7209,.F.);
#7209 = EDGE_CURVE('',#7210,#7202,#7212,.T.);
#7210 = VERTEX_POINT('',#7211);
#7211 = CARTESIAN_POINT('',(-2.305,8.,10.3));
#7212 = LINE('',#7213,#7214);
#7213 = CARTESIAN_POINT('',(-2.305,8.,10.3));
#7214 = VECTOR('',#7215,1.);
#7215 = DIRECTION('',(2.719262146894E-32,2.22044604925E-16,-1.));
#7216 = ORIENTED_EDGE('',*,*,#7217,.F.);
#7217 = EDGE_CURVE('',#7218,#7210,#7220,.T.);
#7218 = VERTEX_POINT('',#7219);
#7219 = CARTESIAN_POINT('',(0.5,8.,10.3));
#7220 = LINE('',#7221,#7222);
#7221 = CARTESIAN_POINT('',(0.5,8.,10.3));
#7222 = VECTOR('',#7223,1.);
#7223 = DIRECTION('',(-1.,1.224646799147E-16,0.));
#7224 = ORIENTED_EDGE('',*,*,#7225,.F.);
#7225 = EDGE_CURVE('',#7226,#7218,#7228,.T.);
#7226 = VERTEX_POINT('',#7227);
#7227 = CARTESIAN_POINT('',(0.5,8.,13.06));
#7228 = LINE('',#7229,#7230);
#7229 = CARTESIAN_POINT('',(0.5,8.,13.06));
#7230 = VECTOR('',#7231,1.);
#7231 = DIRECTION('',(2.719262146894E-32,2.22044604925E-16,-1.));
#7232 = ORIENTED_EDGE('',*,*,#7233,.F.);
#7233 = EDGE_CURVE('',#7234,#7226,#7236,.T.);
#7234 = VERTEX_POINT('',#7235);
#7235 = CARTESIAN_POINT('',(6.6,8.,13.06));
#7236 = LINE('',#7237,#7238);
#7237 = CARTESIAN_POINT('',(6.6,8.,13.06));
#7238 = VECTOR('',#7239,1.);
#7239 = DIRECTION('',(-1.,1.224646799147E-16,0.));
#7240 = ORIENTED_EDGE('',*,*,#7241,.F.);
#7241 = EDGE_CURVE('',#7186,#7234,#7242,.T.);
#7242 = LINE('',#7243,#7244);
#7243 = CARTESIAN_POINT('',(6.6,8.,10.3));
#7244 = VECTOR('',#7245,1.);
#7245 = DIRECTION('',(-2.719262146894E-32,-2.22044604925E-16,1.));
#7246 = FACE_BOUND('',#7247,.F.);
#7247 = EDGE_LOOP('',(#7248,#7258,#7266,#7274));
#7248 = ORIENTED_EDGE('',*,*,#7249,.F.);
#7249 = EDGE_CURVE('',#7250,#7252,#7254,.T.);
#7250 = VERTEX_POINT('',#7251);
#7251 = CARTESIAN_POINT('',(-4.205,8.,10.5));
#7252 = VERTEX_POINT('',#7253);
#7253 = CARTESIAN_POINT('',(0.295,8.,10.5));
#7254 = LINE('',#7255,#7256);
#7255 = CARTESIAN_POINT('',(-4.205,8.,10.5));
#7256 = VECTOR('',#7257,1.);
#7257 = DIRECTION('',(1.,-1.224646799147E-16,0.));
#7258 = ORIENTED_EDGE('',*,*,#7259,.F.);
#7259 = EDGE_CURVE('',#7260,#7250,#7262,.T.);
#7260 = VERTEX_POINT('',#7261);
#7261 = CARTESIAN_POINT('',(-4.205,8.,12.9));
#7262 = LINE('',#7263,#7264);
#7263 = CARTESIAN_POINT('',(-4.205,8.,12.9));
#7264 = VECTOR('',#7265,1.);
#7265 = DIRECTION('',(8.157786440681E-32,6.661338147751E-16,-1.));
#7266 = ORIENTED_EDGE('',*,*,#7267,.F.);
#7267 = EDGE_CURVE('',#7268,#7260,#7270,.T.);
#7268 = VERTEX_POINT('',#7269);
#7269 = CARTESIAN_POINT('',(0.295,8.,12.9));
#7270 = LINE('',#7271,#7272);
#7271 = CARTESIAN_POINT('',(0.295,8.,12.9));
#7272 = VECTOR('',#7273,1.);
#7273 = DIRECTION('',(-1.,1.224646799147E-16,0.));
#7274 = ORIENTED_EDGE('',*,*,#7275,.F.);
#7275 = EDGE_CURVE('',#7252,#7268,#7276,.T.);
#7276 = LINE('',#7277,#7278);
#7277 = CARTESIAN_POINT('',(0.295,8.,10.5));
#7278 = VECTOR('',#7279,1.);
#7279 = DIRECTION('',(-8.157786440681E-32,-6.661338147751E-16,1.));
#7280 = PLANE('',#7281);
#7281 = AXIS2_PLACEMENT_3D('',#7282,#7283,#7284);
#7282 = CARTESIAN_POINT('',(11.805,8.,0.));
#7283 = DIRECTION('',(-1.224646799147E-16,-1.,0.));
#7284 = DIRECTION('',(-1.,1.224646799147E-16,0.));
#7285 = ADVANCED_FACE('',(#7286,#7297,#7331,#7342,#7353,#7364,#7375,
    #7386,#7397,#7408,#7442,#7453,#7487,#7521,#7555,#7589,#7623,#7657,
    #7668,#7679,#7690,#7701,#7735,#7746,#7757),#7791,.T.);
#7286 = FACE_BOUND('',#7287,.T.);
#7287 = EDGE_LOOP('',(#7288,#7289,#7290,#7291));
#7288 = ORIENTED_EDGE('',*,*,#7141,.F.);
#7289 = ORIENTED_EDGE('',*,*,#7047,.F.);
#7290 = ORIENTED_EDGE('',*,*,#7078,.F.);
#7291 = ORIENTED_EDGE('',*,*,#7292,.F.);
#7292 = EDGE_CURVE('',#7134,#7062,#7293,.T.);
#7293 = LINE('',#7294,#7295);
#7294 = CARTESIAN_POINT('',(-4.705,8.,0.));
#7295 = VECTOR('',#7296,1.);
#7296 = DIRECTION('',(-1.224646799147E-16,-1.,0.));
#7297 = FACE_BOUND('',#7298,.T.);
#7298 = EDGE_LOOP('',(#7299,#7309,#7317,#7325));
#7299 = ORIENTED_EDGE('',*,*,#7300,.F.);
#7300 = EDGE_CURVE('',#7301,#7303,#7305,.T.);
#7301 = VERTEX_POINT('',#7302);
#7302 = CARTESIAN_POINT('',(-4.53,-1.39,-8.326672684689E-18));
#7303 = VERTEX_POINT('',#7304);
#7304 = CARTESIAN_POINT('',(-4.63,-1.39,8.326672684688E-18));
#7305 = LINE('',#7306,#7307);
#7306 = CARTESIAN_POINT('',(-4.53,-1.39,-8.326672684692E-18));
#7307 = VECTOR('',#7308,1.);
#7308 = DIRECTION('',(-1.,2.334869823773E-16,1.665334536938E-16));
#7309 = ORIENTED_EDGE('',*,*,#7310,.T.);
#7310 = EDGE_CURVE('',#7301,#7311,#7313,.T.);
#7311 = VERTEX_POINT('',#7312);
#7312 = CARTESIAN_POINT('',(-4.53,-0.39,-8.326672684689E-18));
#7313 = LINE('',#7314,#7315);
#7314 = CARTESIAN_POINT('',(-4.53,-1.39,-1.050826092808E-15));
#7315 = VECTOR('',#7316,1.);
#7316 = DIRECTION('',(3.445092848398E-16,1.,1.110223024625E-16));
#7317 = ORIENTED_EDGE('',*,*,#7318,.T.);
#7318 = EDGE_CURVE('',#7311,#7319,#7321,.T.);
#7319 = VERTEX_POINT('',#7320);
#7320 = CARTESIAN_POINT('',(-4.63,-0.39,8.326672684688E-18));
#7321 = LINE('',#7322,#7323);
#7322 = CARTESIAN_POINT('',(-4.53,-0.39,-8.326672684692E-18));
#7323 = VECTOR('',#7324,1.);
#7324 = DIRECTION('',(-1.,2.334869823773E-16,1.665334536938E-16));
#7325 = ORIENTED_EDGE('',*,*,#7326,.F.);
#7326 = EDGE_CURVE('',#7303,#7319,#7327,.T.);
#7327 = LINE('',#7328,#7329);
#7328 = CARTESIAN_POINT('',(-4.63,-1.39,-1.034172747438E-15));
#7329 = VECTOR('',#7330,1.);
#7330 = DIRECTION('',(3.445092848398E-16,1.,1.110223024625E-16));
#7331 = FACE_BOUND('',#7332,.T.);
#7332 = EDGE_LOOP('',(#7333));
#7333 = ORIENTED_EDGE('',*,*,#7334,.T.);
#7334 = EDGE_CURVE('',#7335,#7335,#7337,.T.);
#7335 = VERTEX_POINT('',#7336);
#7336 = CARTESIAN_POINT('',(0.76,-1.78,0.));
#7337 = CIRCLE('',#7338,0.25);
#7338 = AXIS2_PLACEMENT_3D('',#7339,#7340,#7341);
#7339 = CARTESIAN_POINT('',(1.01,-1.78,0.));
#7340 = DIRECTION('',(0.,0.,1.));
#7341 = DIRECTION('',(-1.,1.224646799147E-16,0.));
#7342 = FACE_BOUND('',#7343,.T.);
#7343 = EDGE_LOOP('',(#7344));
#7344 = ORIENTED_EDGE('',*,*,#7345,.T.);
#7345 = EDGE_CURVE('',#7346,#7346,#7348,.T.);
#7346 = VERTEX_POINT('',#7347);
#7347 = CARTESIAN_POINT('',(-3.56,-6.609971592812,0.));
#7348 = CIRCLE('',#7349,0.25);
#7349 = AXIS2_PLACEMENT_3D('',#7350,#7351,#7352);
#7350 = CARTESIAN_POINT('',(-3.31,-6.609971592812,0.));
#7351 = DIRECTION('',(0.,0.,1.));
#7352 = DIRECTION('',(-1.,1.224646799147E-16,0.));
#7353 = FACE_BOUND('',#7354,.T.);
#7354 = EDGE_LOOP('',(#7355));
#7355 = ORIENTED_EDGE('',*,*,#7356,.T.);
#7356 = EDGE_CURVE('',#7357,#7357,#7359,.T.);
#7357 = VERTEX_POINT('',#7358);
#7358 = CARTESIAN_POINT('',(-1.27,-6.609971592812,0.));
#7359 = CIRCLE('',#7360,0.25);
#7360 = AXIS2_PLACEMENT_3D('',#7361,#7362,#7363);
#7361 = CARTESIAN_POINT('',(-1.02,-6.609971592812,0.));
#7362 = DIRECTION('',(0.,0.,1.));
#7363 = DIRECTION('',(-1.,1.224646799147E-16,0.));
#7364 = FACE_BOUND('',#7365,.T.);
#7365 = EDGE_LOOP('',(#7366));
#7366 = ORIENTED_EDGE('',*,*,#7367,.T.);
#7367 = EDGE_CURVE('',#7368,#7368,#7370,.T.);
#7368 = VERTEX_POINT('',#7369);
#7369 = CARTESIAN_POINT('',(7.87,-6.609971592812,0.));
#7370 = CIRCLE('',#7371,0.25);
#7371 = AXIS2_PLACEMENT_3D('',#7372,#7373,#7374);
#7372 = CARTESIAN_POINT('',(8.12,-6.609971592812,0.));
#7373 = DIRECTION('',(0.,0.,1.));
#7374 = DIRECTION('',(-1.,1.224646799147E-16,0.));
#7375 = FACE_BOUND('',#7376,.T.);
#7376 = EDGE_LOOP('',(#7377));
#7377 = ORIENTED_EDGE('',*,*,#7378,.T.);
#7378 = EDGE_CURVE('',#7379,#7379,#7381,.T.);
#7379 = VERTEX_POINT('',#7380);
#7380 = CARTESIAN_POINT('',(6.85,-1.78,0.));
#7381 = CIRCLE('',#7382,0.25);
#7382 = AXIS2_PLACEMENT_3D('',#7383,#7384,#7385);
#7383 = CARTESIAN_POINT('',(7.1,-1.78,0.));
#7384 = DIRECTION('',(0.,0.,1.));
#7385 = DIRECTION('',(-1.,1.224646799147E-16,0.));
#7386 = FACE_BOUND('',#7387,.T.);
#7387 = EDGE_LOOP('',(#7388));
#7388 = ORIENTED_EDGE('',*,*,#7389,.T.);
#7389 = EDGE_CURVE('',#7390,#7390,#7392,.T.);
#7390 = VERTEX_POINT('',#7391);
#7391 = CARTESIAN_POINT('',(2.79,-1.78,0.));
#7392 = CIRCLE('',#7393,0.25);
#7393 = AXIS2_PLACEMENT_3D('',#7394,#7395,#7396);
#7394 = CARTESIAN_POINT('',(3.04,-1.78,0.));
#7395 = DIRECTION('',(0.,0.,1.));
#7396 = DIRECTION('',(-1.,1.224646799147E-16,0.));
#7397 = FACE_BOUND('',#7398,.T.);
#7398 = EDGE_LOOP('',(#7399));
#7399 = ORIENTED_EDGE('',*,*,#7400,.T.);
#7400 = EDGE_CURVE('',#7401,#7401,#7403,.T.);
#7401 = VERTEX_POINT('',#7402);
#7402 = CARTESIAN_POINT('',(4.82,-1.78,0.));
#7403 = CIRCLE('',#7404,0.25);
#7404 = AXIS2_PLACEMENT_3D('',#7405,#7406,#7407);
#7405 = CARTESIAN_POINT('',(5.07,-1.78,0.));
#7406 = DIRECTION('',(0.,0.,1.));
#7407 = DIRECTION('',(-1.,1.224646799147E-16,0.));
#7408 = FACE_BOUND('',#7409,.T.);
#7409 = EDGE_LOOP('',(#7410,#7420,#7428,#7436));
#7410 = ORIENTED_EDGE('',*,*,#7411,.F.);
#7411 = EDGE_CURVE('',#7412,#7414,#7416,.T.);
#7412 = VERTEX_POINT('',#7413);
#7413 = CARTESIAN_POINT('',(11.73,-1.39,-8.326672684689E-18));
#7414 = VERTEX_POINT('',#7415);
#7415 = CARTESIAN_POINT('',(11.63,-1.39,8.326672684688E-18));
#7416 = LINE('',#7417,#7418);
#7417 = CARTESIAN_POINT('',(11.73,-1.39,-8.326672684692E-18));
#7418 = VECTOR('',#7419,1.);
#7419 = DIRECTION('',(-1.,2.334869823773E-16,1.665334536938E-16));
#7420 = ORIENTED_EDGE('',*,*,#7421,.T.);
#7421 = EDGE_CURVE('',#7412,#7422,#7424,.T.);
#7422 = VERTEX_POINT('',#7423);
#7423 = CARTESIAN_POINT('',(11.73,-0.39,-8.326672684689E-18));
#7424 = LINE('',#7425,#7426);
#7425 = CARTESIAN_POINT('',(11.73,-1.39,-1.050826092808E-15));
#7426 = VECTOR('',#7427,1.);
#7427 = DIRECTION('',(3.445092848398E-16,1.,1.110223024625E-16));
#7428 = ORIENTED_EDGE('',*,*,#7429,.T.);
#7429 = EDGE_CURVE('',#7422,#7430,#7432,.T.);
#7430 = VERTEX_POINT('',#7431);
#7431 = CARTESIAN_POINT('',(11.63,-0.39,8.326672684688E-18));
#7432 = LINE('',#7433,#7434);
#7433 = CARTESIAN_POINT('',(11.73,-0.39,-8.326672684692E-18));
#7434 = VECTOR('',#7435,1.);
#7435 = DIRECTION('',(-1.,2.334869823773E-16,1.665334536938E-16));
#7436 = ORIENTED_EDGE('',*,*,#7437,.F.);
#7437 = EDGE_CURVE('',#7414,#7430,#7438,.T.);
#7438 = LINE('',#7439,#7440);
#7439 = CARTESIAN_POINT('',(11.63,-1.39,-1.034172747438E-15));
#7440 = VECTOR('',#7441,1.);
#7441 = DIRECTION('',(3.445092848398E-16,1.,1.110223024625E-16));
#7442 = FACE_BOUND('',#7443,.T.);
#7443 = EDGE_LOOP('',(#7444));
#7444 = ORIENTED_EDGE('',*,*,#7445,.T.);
#7445 = EDGE_CURVE('',#7446,#7446,#7448,.T.);
#7446 = VERTEX_POINT('',#7447);
#7447 = CARTESIAN_POINT('',(10.16,-6.609971592812,0.));
#7448 = CIRCLE('',#7449,0.25);
#7449 = AXIS2_PLACEMENT_3D('',#7450,#7451,#7452);
#7450 = CARTESIAN_POINT('',(10.41,-6.609971592812,0.));
#7451 = DIRECTION('',(0.,0.,1.));
#7452 = DIRECTION('',(-1.,1.224646799147E-16,0.));
#7453 = FACE_BOUND('',#7454,.T.);
#7454 = EDGE_LOOP('',(#7455,#7465,#7473,#7481));
#7455 = ORIENTED_EDGE('',*,*,#7456,.T.);
#7456 = EDGE_CURVE('',#7457,#7459,#7461,.T.);
#7457 = VERTEX_POINT('',#7458);
#7458 = CARTESIAN_POINT('',(6.925,5.,-3.330669073875E-17));
#7459 = VERTEX_POINT('',#7460);
#7460 = CARTESIAN_POINT('',(6.525,5.,3.330669073875E-17));
#7461 = LINE('',#7462,#7463);
#7462 = CARTESIAN_POINT('',(6.925,5.,-3.330669073876E-17));
#7463 = VECTOR('',#7464,1.);
#7464 = DIRECTION('',(-1.,2.334869823773E-16,1.665334536938E-16));
#7465 = ORIENTED_EDGE('',*,*,#7466,.T.);
#7466 = EDGE_CURVE('',#7459,#7467,#7469,.T.);
#7467 = VERTEX_POINT('',#7468);
#7468 = CARTESIAN_POINT('',(6.525,4.5,3.330669073875E-17));
#7469 = LINE('',#7470,#7471);
#7470 = CARTESIAN_POINT('',(6.525,5.,-2.997602166488E-16));
#7471 = VECTOR('',#7472,1.);
#7472 = DIRECTION('',(-3.445092848398E-16,-1.,-1.110223024625E-16));
#7473 = ORIENTED_EDGE('',*,*,#7474,.F.);
#7474 = EDGE_CURVE('',#7475,#7467,#7477,.T.);
#7475 = VERTEX_POINT('',#7476);
#7476 = CARTESIAN_POINT('',(6.925,4.5,-3.330669073875E-17));
#7477 = LINE('',#7478,#7479);
#7478 = CARTESIAN_POINT('',(6.925,4.5,-3.330669073876E-17));
#7479 = VECTOR('',#7480,1.);
#7480 = DIRECTION('',(-1.,2.334869823773E-16,1.665334536938E-16));
#7481 = ORIENTED_EDGE('',*,*,#7482,.F.);
#7482 = EDGE_CURVE('',#7457,#7475,#7483,.T.);
#7483 = LINE('',#7484,#7485);
#7484 = CARTESIAN_POINT('',(6.925,5.,-3.663735981263E-16));
#7485 = VECTOR('',#7486,1.);
#7486 = DIRECTION('',(-3.445092848398E-16,-1.,-1.110223024625E-16));
#7487 = FACE_BOUND('',#7488,.T.);
#7488 = EDGE_LOOP('',(#7489,#7499,#7507,#7515));
#7489 = ORIENTED_EDGE('',*,*,#7490,.T.);
#7490 = EDGE_CURVE('',#7491,#7493,#7495,.T.);
#7491 = VERTEX_POINT('',#7492);
#7492 = CARTESIAN_POINT('',(5.655,5.,-3.330669073875E-17));
#7493 = VERTEX_POINT('',#7494);
#7494 = CARTESIAN_POINT('',(5.255,5.,3.330669073875E-17));
#7495 = LINE('',#7496,#7497);
#7496 = CARTESIAN_POINT('',(5.655,5.,-3.330669073876E-17));
#7497 = VECTOR('',#7498,1.);
#7498 = DIRECTION('',(-1.,2.334869823773E-16,1.665334536938E-16));
#7499 = ORIENTED_EDGE('',*,*,#7500,.T.);
#7500 = EDGE_CURVE('',#7493,#7501,#7503,.T.);
#7501 = VERTEX_POINT('',#7502);
#7502 = CARTESIAN_POINT('',(5.255,4.5,3.330669073875E-17));
#7503 = LINE('',#7504,#7505);
#7504 = CARTESIAN_POINT('',(5.255,5.,-2.997602166488E-16));
#7505 = VECTOR('',#7506,1.);
#7506 = DIRECTION('',(-3.445092848398E-16,-1.,-1.110223024625E-16));
#7507 = ORIENTED_EDGE('',*,*,#7508,.F.);
#7508 = EDGE_CURVE('',#7509,#7501,#7511,.T.);
#7509 = VERTEX_POINT('',#7510);
#7510 = CARTESIAN_POINT('',(5.655,4.5,-3.330669073875E-17));
#7511 = LINE('',#7512,#7513);
#7512 = CARTESIAN_POINT('',(5.655,4.5,-3.330669073876E-17));
#7513 = VECTOR('',#7514,1.);
#7514 = DIRECTION('',(-1.,2.334869823773E-16,1.665334536938E-16));
#7515 = ORIENTED_EDGE('',*,*,#7516,.F.);
#7516 = EDGE_CURVE('',#7491,#7509,#7517,.T.);
#7517 = LINE('',#7518,#7519);
#7518 = CARTESIAN_POINT('',(5.655,5.,-3.663735981263E-16));
#7519 = VECTOR('',#7520,1.);
#7520 = DIRECTION('',(-3.445092848398E-16,-1.,-1.110223024625E-16));
#7521 = FACE_BOUND('',#7522,.T.);
#7522 = EDGE_LOOP('',(#7523,#7533,#7541,#7549));
#7523 = ORIENTED_EDGE('',*,*,#7524,.T.);
#7524 = EDGE_CURVE('',#7525,#7527,#7529,.T.);
#7525 = VERTEX_POINT('',#7526);
#7526 = CARTESIAN_POINT('',(4.385,5.,-3.330669073875E-17));
#7527 = VERTEX_POINT('',#7528);
#7528 = CARTESIAN_POINT('',(3.985,5.,3.330669073875E-17));
#7529 = LINE('',#7530,#7531);
#7530 = CARTESIAN_POINT('',(4.385,5.,-3.330669073876E-17));
#7531 = VECTOR('',#7532,1.);
#7532 = DIRECTION('',(-1.,2.334869823773E-16,1.665334536938E-16));
#7533 = ORIENTED_EDGE('',*,*,#7534,.T.);
#7534 = EDGE_CURVE('',#7527,#7535,#7537,.T.);
#7535 = VERTEX_POINT('',#7536);
#7536 = CARTESIAN_POINT('',(3.985,4.5,3.330669073875E-17));
#7537 = LINE('',#7538,#7539);
#7538 = CARTESIAN_POINT('',(3.985,5.,-2.997602166488E-16));
#7539 = VECTOR('',#7540,1.);
#7540 = DIRECTION('',(-3.445092848398E-16,-1.,-1.110223024625E-16));
#7541 = ORIENTED_EDGE('',*,*,#7542,.F.);
#7542 = EDGE_CURVE('',#7543,#7535,#7545,.T.);
#7543 = VERTEX_POINT('',#7544);
#7544 = CARTESIAN_POINT('',(4.385,4.5,-3.330669073875E-17));
#7545 = LINE('',#7546,#7547);
#7546 = CARTESIAN_POINT('',(4.385,4.5,-3.330669073876E-17));
#7547 = VECTOR('',#7548,1.);
#7548 = DIRECTION('',(-1.,2.334869823773E-16,1.665334536938E-16));
#7549 = ORIENTED_EDGE('',*,*,#7550,.F.);
#7550 = EDGE_CURVE('',#7525,#7543,#7551,.T.);
#7551 = LINE('',#7552,#7553);
#7552 = CARTESIAN_POINT('',(4.385,5.,-3.663735981263E-16));
#7553 = VECTOR('',#7554,1.);
#7554 = DIRECTION('',(-3.445092848398E-16,-1.,-1.110223024625E-16));
#7555 = FACE_BOUND('',#7556,.T.);
#7556 = EDGE_LOOP('',(#7557,#7567,#7575,#7583));
#7557 = ORIENTED_EDGE('',*,*,#7558,.F.);
#7558 = EDGE_CURVE('',#7559,#7561,#7563,.T.);
#7559 = VERTEX_POINT('',#7560);
#7560 = CARTESIAN_POINT('',(0.575,4.5,-3.330669073875E-17));
#7561 = VERTEX_POINT('',#7562);
#7562 = CARTESIAN_POINT('',(0.175,4.5,3.330669073875E-17));
#7563 = LINE('',#7564,#7565);
#7564 = CARTESIAN_POINT('',(0.575,4.5,-3.330669073876E-17));
#7565 = VECTOR('',#7566,1.);
#7566 = DIRECTION('',(-1.,2.334869823773E-16,1.665334536938E-16));
#7567 = ORIENTED_EDGE('',*,*,#7568,.F.);
#7568 = EDGE_CURVE('',#7569,#7559,#7571,.T.);
#7569 = VERTEX_POINT('',#7570);
#7570 = CARTESIAN_POINT('',(0.575,5.,-3.330669073875E-17));
#7571 = LINE('',#7572,#7573);
#7572 = CARTESIAN_POINT('',(0.575,5.,-3.663735981263E-16));
#7573 = VECTOR('',#7574,1.);
#7574 = DIRECTION('',(-3.445092848398E-16,-1.,-1.110223024625E-16));
#7575 = ORIENTED_EDGE('',*,*,#7576,.T.);
#7576 = EDGE_CURVE('',#7569,#7577,#7579,.T.);
#7577 = VERTEX_POINT('',#7578);
#7578 = CARTESIAN_POINT('',(0.175,5.,3.330669073875E-17));
#7579 = LINE('',#7580,#7581);
#7580 = CARTESIAN_POINT('',(0.575,5.,-3.330669073876E-17));
#7581 = VECTOR('',#7582,1.);
#7582 = DIRECTION('',(-1.,2.334869823773E-16,1.665334536938E-16));
#7583 = ORIENTED_EDGE('',*,*,#7584,.T.);
#7584 = EDGE_CURVE('',#7577,#7561,#7585,.T.);
#7585 = LINE('',#7586,#7587);
#7586 = CARTESIAN_POINT('',(0.175,5.,-2.997602166488E-16));
#7587 = VECTOR('',#7588,1.);
#7588 = DIRECTION('',(-3.445092848398E-16,-1.,-1.110223024625E-16));
#7589 = FACE_BOUND('',#7590,.T.);
#7590 = EDGE_LOOP('',(#7591,#7601,#7609,#7617));
#7591 = ORIENTED_EDGE('',*,*,#7592,.T.);
#7592 = EDGE_CURVE('',#7593,#7595,#7597,.T.);
#7593 = VERTEX_POINT('',#7594);
#7594 = CARTESIAN_POINT('',(1.845,5.,-3.330669073875E-17));
#7595 = VERTEX_POINT('',#7596);
#7596 = CARTESIAN_POINT('',(1.445,5.,3.330669073875E-17));
#7597 = LINE('',#7598,#7599);
#7598 = CARTESIAN_POINT('',(1.845,5.,-3.330669073876E-17));
#7599 = VECTOR('',#7600,1.);
#7600 = DIRECTION('',(-1.,2.334869823773E-16,1.665334536938E-16));
#7601 = ORIENTED_EDGE('',*,*,#7602,.T.);
#7602 = EDGE_CURVE('',#7595,#7603,#7605,.T.);
#7603 = VERTEX_POINT('',#7604);
#7604 = CARTESIAN_POINT('',(1.445,4.5,3.330669073875E-17));
#7605 = LINE('',#7606,#7607);
#7606 = CARTESIAN_POINT('',(1.445,5.,-2.997602166488E-16));
#7607 = VECTOR('',#7608,1.);
#7608 = DIRECTION('',(-3.445092848398E-16,-1.,-1.110223024625E-16));
#7609 = ORIENTED_EDGE('',*,*,#7610,.F.);
#7610 = EDGE_CURVE('',#7611,#7603,#7613,.T.);
#7611 = VERTEX_POINT('',#7612);
#7612 = CARTESIAN_POINT('',(1.845,4.5,-3.330669073875E-17));
#7613 = LINE('',#7614,#7615);
#7614 = CARTESIAN_POINT('',(1.845,4.5,-3.330669073876E-17));
#7615 = VECTOR('',#7616,1.);
#7616 = DIRECTION('',(-1.,2.334869823773E-16,1.665334536938E-16));
#7617 = ORIENTED_EDGE('',*,*,#7618,.F.);
#7618 = EDGE_CURVE('',#7593,#7611,#7619,.T.);
#7619 = LINE('',#7620,#7621);
#7620 = CARTESIAN_POINT('',(1.845,5.,-3.663735981263E-16));
#7621 = VECTOR('',#7622,1.);
#7622 = DIRECTION('',(-3.445092848398E-16,-1.,-1.110223024625E-16));
#7623 = FACE_BOUND('',#7624,.T.);
#7624 = EDGE_LOOP('',(#7625,#7635,#7643,#7651));
#7625 = ORIENTED_EDGE('',*,*,#7626,.F.);
#7626 = EDGE_CURVE('',#7627,#7629,#7631,.T.);
#7627 = VERTEX_POINT('',#7628);
#7628 = CARTESIAN_POINT('',(3.115,5.,-3.330669073875E-17));
#7629 = VERTEX_POINT('',#7630);
#7630 = CARTESIAN_POINT('',(3.115,4.5,-3.330669073875E-17));
#7631 = LINE('',#7632,#7633);
#7632 = CARTESIAN_POINT('',(3.115,5.,-3.663735981263E-16));
#7633 = VECTOR('',#7634,1.);
#7634 = DIRECTION('',(-3.445092848398E-16,-1.,-1.110223024625E-16));
#7635 = ORIENTED_EDGE('',*,*,#7636,.T.);
#7636 = EDGE_CURVE('',#7627,#7637,#7639,.T.);
#7637 = VERTEX_POINT('',#7638);
#7638 = CARTESIAN_POINT('',(2.715,5.,3.330669073875E-17));
#7639 = LINE('',#7640,#7641);
#7640 = CARTESIAN_POINT('',(3.115,5.,-3.330669073876E-17));
#7641 = VECTOR('',#7642,1.);
#7642 = DIRECTION('',(-1.,2.334869823773E-16,1.665334536938E-16));
#7643 = ORIENTED_EDGE('',*,*,#7644,.T.);
#7644 = EDGE_CURVE('',#7637,#7645,#7647,.T.);
#7645 = VERTEX_POINT('',#7646);
#7646 = CARTESIAN_POINT('',(2.715,4.5,3.330669073875E-17));
#7647 = LINE('',#7648,#7649);
#7648 = CARTESIAN_POINT('',(2.715,5.,-2.997602166488E-16));
#7649 = VECTOR('',#7650,1.);
#7650 = DIRECTION('',(-3.445092848398E-16,-1.,-1.110223024625E-16));
#7651 = ORIENTED_EDGE('',*,*,#7652,.F.);
#7652 = EDGE_CURVE('',#7629,#7645,#7653,.T.);
#7653 = LINE('',#7654,#7655);
#7654 = CARTESIAN_POINT('',(3.115,4.5,-3.330669073876E-17));
#7655 = VECTOR('',#7656,1.);
#7656 = DIRECTION('',(-1.,2.334869823773E-16,1.665334536938E-16));
#7657 = FACE_BOUND('',#7658,.T.);
#7658 = EDGE_LOOP('',(#7659));
#7659 = ORIENTED_EDGE('',*,*,#7660,.T.);
#7660 = EDGE_CURVE('',#7661,#7661,#7663,.T.);
#7661 = VERTEX_POINT('',#7662);
#7662 = CARTESIAN_POINT('',(5.83,8.881784197001E-16,0.));
#7663 = CIRCLE('',#7664,0.25);
#7664 = AXIS2_PLACEMENT_3D('',#7665,#7666,#7667);
#7665 = CARTESIAN_POINT('',(6.08,8.881784197001E-16,0.));
#7666 = DIRECTION('',(0.,0.,1.));
#7667 = DIRECTION('',(-1.,1.224646799147E-16,0.));
#7668 = FACE_BOUND('',#7669,.T.);
#7669 = EDGE_LOOP('',(#7670));
#7670 = ORIENTED_EDGE('',*,*,#7671,.T.);
#7671 = EDGE_CURVE('',#7672,#7672,#7674,.T.);
#7672 = VERTEX_POINT('',#7673);
#7673 = CARTESIAN_POINT('',(3.8,8.881784197001E-16,0.));
#7674 = CIRCLE('',#7675,0.25);
#7675 = AXIS2_PLACEMENT_3D('',#7676,#7677,#7678);
#7676 = CARTESIAN_POINT('',(4.05,8.881784197001E-16,0.));
#7677 = DIRECTION('',(0.,0.,1.));
#7678 = DIRECTION('',(-1.,1.224646799147E-16,0.));
#7679 = FACE_BOUND('',#7680,.T.);
#7680 = EDGE_LOOP('',(#7681));
#7681 = ORIENTED_EDGE('',*,*,#7682,.T.);
#7682 = EDGE_CURVE('',#7683,#7683,#7685,.T.);
#7683 = VERTEX_POINT('',#7684);
#7684 = CARTESIAN_POINT('',(-0.26,1.7763568394E-15,0.));
#7685 = CIRCLE('',#7686,0.25);
#7686 = AXIS2_PLACEMENT_3D('',#7687,#7688,#7689);
#7687 = CARTESIAN_POINT('',(-1.E-02,1.7763568394E-15,0.));
#7688 = DIRECTION('',(0.,0.,1.));
#7689 = DIRECTION('',(-1.,1.224646799147E-16,0.));
#7690 = FACE_BOUND('',#7691,.T.);
#7691 = EDGE_LOOP('',(#7692));
#7692 = ORIENTED_EDGE('',*,*,#7693,.T.);
#7693 = EDGE_CURVE('',#7694,#7694,#7696,.T.);
#7694 = VERTEX_POINT('',#7695);
#7695 = CARTESIAN_POINT('',(1.77,8.881784197001E-16,0.));
#7696 = CIRCLE('',#7697,0.25);
#7697 = AXIS2_PLACEMENT_3D('',#7698,#7699,#7700);
#7698 = CARTESIAN_POINT('',(2.02,8.881784197001E-16,0.));
#7699 = DIRECTION('',(0.,0.,1.));
#7700 = DIRECTION('',(-1.,1.224646799147E-16,0.));
#7701 = FACE_BOUND('',#7702,.T.);
#7702 = EDGE_LOOP('',(#7703,#7713,#7721,#7729));
#7703 = ORIENTED_EDGE('',*,*,#7704,.T.);
#7704 = EDGE_CURVE('',#7705,#7707,#7709,.T.);
#7705 = VERTEX_POINT('',#7706);
#7706 = CARTESIAN_POINT('',(8.195,5.,-3.330669073875E-17));
#7707 = VERTEX_POINT('',#7708);
#7708 = CARTESIAN_POINT('',(7.795,5.,3.330669073875E-17));
#7709 = LINE('',#7710,#7711);
#7710 = CARTESIAN_POINT('',(8.195,5.,-3.330669073876E-17));
#7711 = VECTOR('',#7712,1.);
#7712 = DIRECTION('',(-1.,2.334869823773E-16,1.665334536938E-16));
#7713 = ORIENTED_EDGE('',*,*,#7714,.T.);
#7714 = EDGE_CURVE('',#7707,#7715,#7717,.T.);
#7715 = VERTEX_POINT('',#7716);
#7716 = CARTESIAN_POINT('',(7.795,4.5,3.330669073875E-17));
#7717 = LINE('',#7718,#7719);
#7718 = CARTESIAN_POINT('',(7.795,5.,-2.997602166488E-16));
#7719 = VECTOR('',#7720,1.);
#7720 = DIRECTION('',(-3.445092848398E-16,-1.,-1.110223024625E-16));
#7721 = ORIENTED_EDGE('',*,*,#7722,.F.);
#7722 = EDGE_CURVE('',#7723,#7715,#7725,.T.);
#7723 = VERTEX_POINT('',#7724);
#7724 = CARTESIAN_POINT('',(8.195,4.5,-3.330669073875E-17));
#7725 = LINE('',#7726,#7727);
#7726 = CARTESIAN_POINT('',(8.195,4.5,-3.330669073876E-17));
#7727 = VECTOR('',#7728,1.);
#7728 = DIRECTION('',(-1.,2.334869823773E-16,1.665334536938E-16));
#7729 = ORIENTED_EDGE('',*,*,#7730,.F.);
#7730 = EDGE_CURVE('',#7705,#7723,#7731,.T.);
#7731 = LINE('',#7732,#7733);
#7732 = CARTESIAN_POINT('',(8.195,5.,-3.663735981263E-16));
#7733 = VECTOR('',#7734,1.);
#7734 = DIRECTION('',(-3.445092848398E-16,-1.,-1.110223024625E-16));
#7735 = FACE_BOUND('',#7736,.T.);
#7736 = EDGE_LOOP('',(#7737));
#7737 = ORIENTED_EDGE('',*,*,#7738,.T.);
#7738 = EDGE_CURVE('',#7739,#7739,#7741,.T.);
#7739 = VERTEX_POINT('',#7740);
#7740 = CARTESIAN_POINT('',(8.275,2.54,0.));
#7741 = CIRCLE('',#7742,1.625);
#7742 = AXIS2_PLACEMENT_3D('',#7743,#7744,#7745);
#7743 = CARTESIAN_POINT('',(9.9,2.54,0.));
#7744 = DIRECTION('',(0.,0.,1.));
#7745 = DIRECTION('',(-1.,1.224646799147E-16,0.));
#7746 = FACE_BOUND('',#7747,.T.);
#7747 = EDGE_LOOP('',(#7748));
#7748 = ORIENTED_EDGE('',*,*,#7749,.T.);
#7749 = EDGE_CURVE('',#7750,#7750,#7752,.T.);
#7750 = VERTEX_POINT('',#7751);
#7751 = CARTESIAN_POINT('',(-4.425,2.54,0.));
#7752 = CIRCLE('',#7753,1.625);
#7753 = AXIS2_PLACEMENT_3D('',#7754,#7755,#7756);
#7754 = CARTESIAN_POINT('',(-2.8,2.54,0.));
#7755 = DIRECTION('',(0.,0.,1.));
#7756 = DIRECTION('',(-1.,1.224646799147E-16,0.));
#7757 = FACE_BOUND('',#7758,.T.);
#7758 = EDGE_LOOP('',(#7759,#7769,#7777,#7785));
#7759 = ORIENTED_EDGE('',*,*,#7760,.F.);
#7760 = EDGE_CURVE('',#7761,#7763,#7765,.T.);
#7761 = VERTEX_POINT('',#7762);
#7762 = CARTESIAN_POINT('',(-0.695,5.,-3.330669073875E-17));
#7763 = VERTEX_POINT('',#7764);
#7764 = CARTESIAN_POINT('',(-0.695,4.5,-3.330669073875E-17));
#7765 = LINE('',#7766,#7767);
#7766 = CARTESIAN_POINT('',(-0.695,5.,-3.663735981263E-16));
#7767 = VECTOR('',#7768,1.);
#7768 = DIRECTION('',(-3.445092848398E-16,-1.,-1.110223024625E-16));
#7769 = ORIENTED_EDGE('',*,*,#7770,.T.);
#7770 = EDGE_CURVE('',#7761,#7771,#7773,.T.);
#7771 = VERTEX_POINT('',#7772);
#7772 = CARTESIAN_POINT('',(-1.095,5.,3.330669073875E-17));
#7773 = LINE('',#7774,#7775);
#7774 = CARTESIAN_POINT('',(-0.695,5.,-3.330669073876E-17));
#7775 = VECTOR('',#7776,1.);
#7776 = DIRECTION('',(-1.,2.334869823773E-16,1.665334536938E-16));
#7777 = ORIENTED_EDGE('',*,*,#7778,.T.);
#7778 = EDGE_CURVE('',#7771,#7779,#7781,.T.);
#7779 = VERTEX_POINT('',#7780);
#7780 = CARTESIAN_POINT('',(-1.095,4.5,3.330669073875E-17));
#7781 = LINE('',#7782,#7783);
#7782 = CARTESIAN_POINT('',(-1.095,5.,-2.997602166488E-16));
#7783 = VECTOR('',#7784,1.);
#7784 = DIRECTION('',(-3.445092848398E-16,-1.,-1.110223024625E-16));
#7785 = ORIENTED_EDGE('',*,*,#7786,.F.);
#7786 = EDGE_CURVE('',#7763,#7779,#7787,.T.);
#7787 = LINE('',#7788,#7789);
#7788 = CARTESIAN_POINT('',(-0.695,4.5,-3.330669073876E-17));
#7789 = VECTOR('',#7790,1.);
#7790 = DIRECTION('',(-1.,2.334869823773E-16,1.665334536938E-16));
#7791 = PLANE('',#7792);
#7792 = AXIS2_PLACEMENT_3D('',#7793,#7794,#7795);
#7793 = CARTESIAN_POINT('',(11.805,8.,0.));
#7794 = DIRECTION('',(-0.,0.,-1.));
#7795 = DIRECTION('',(1.,-1.224646799147E-16,-0.));
#7796 = ADVANCED_FACE('',(#7797),#7812,.F.);
#7797 = FACE_BOUND('',#7798,.F.);
#7798 = EDGE_LOOP('',(#7799,#7800,#7801,#7802,#7808,#7809,#7810,#7811));
#7799 = ORIENTED_EDGE('',*,*,#7093,.F.);
#7800 = ORIENTED_EDGE('',*,*,#7031,.F.);
#7801 = ORIENTED_EDGE('',*,*,#7071,.F.);
#7802 = ORIENTED_EDGE('',*,*,#7803,.F.);
#7803 = EDGE_CURVE('',#7126,#7064,#7804,.T.);
#7804 = LINE('',#7805,#7806);
#7805 = CARTESIAN_POINT('',(-4.705,8.,13.46));
#7806 = VECTOR('',#7807,1.);
#7807 = DIRECTION('',(-1.224646799147E-16,-1.,0.));
#7808 = ORIENTED_EDGE('',*,*,#7125,.F.);
#7809 = ORIENTED_EDGE('',*,*,#7117,.F.);
#7810 = ORIENTED_EDGE('',*,*,#7109,.F.);
#7811 = ORIENTED_EDGE('',*,*,#7101,.F.);
#7812 = PLANE('',#7813);
#7813 = AXIS2_PLACEMENT_3D('',#7814,#7815,#7816);
#7814 = CARTESIAN_POINT('',(11.805,8.,13.46));
#7815 = DIRECTION('',(-0.,0.,-1.));
#7816 = DIRECTION('',(1.,-1.224646799147E-16,-0.));
#7817 = ADVANCED_FACE('',(#7818),#7824,.F.);
#7818 = FACE_BOUND('',#7819,.F.);
#7819 = EDGE_LOOP('',(#7820,#7821,#7822,#7823));
#7820 = ORIENTED_EDGE('',*,*,#7133,.T.);
#7821 = ORIENTED_EDGE('',*,*,#7803,.T.);
#7822 = ORIENTED_EDGE('',*,*,#7061,.F.);
#7823 = ORIENTED_EDGE('',*,*,#7292,.F.);
#7824 = PLANE('',#7825);
#7825 = AXIS2_PLACEMENT_3D('',#7826,#7827,#7828);
#7826 = CARTESIAN_POINT('',(-4.705,8.,0.));
#7827 = DIRECTION('',(1.,-1.224646799147E-16,0.));
#7828 = DIRECTION('',(-1.224646799147E-16,-1.,0.));
#7829 = ADVANCED_FACE('',(#7830),#7855,.T.);
#7830 = FACE_BOUND('',#7831,.T.);
#7831 = EDGE_LOOP('',(#7832,#7840,#7848,#7854));
#7832 = ORIENTED_EDGE('',*,*,#7833,.T.);
#7833 = EDGE_CURVE('',#7150,#7834,#7836,.T.);
#7834 = VERTEX_POINT('',#7835);
#7835 = CARTESIAN_POINT('',(6.805,8.1,10.5));
#7836 = LINE('',#7837,#7838);
#7837 = CARTESIAN_POINT('',(6.805,8.,10.5));
#7838 = VECTOR('',#7839,1.);
#7839 = DIRECTION('',(1.224646799147E-16,1.,4.440892098501E-16));
#7840 = ORIENTED_EDGE('',*,*,#7841,.T.);
#7841 = EDGE_CURVE('',#7834,#7842,#7844,.T.);
#7842 = VERTEX_POINT('',#7843);
#7843 = CARTESIAN_POINT('',(11.305,8.1,10.5));
#7844 = LINE('',#7845,#7846);
#7845 = CARTESIAN_POINT('',(6.805,8.1,10.5));
#7846 = VECTOR('',#7847,1.);
#7847 = DIRECTION('',(1.,-1.224646799147E-16,0.));
#7848 = ORIENTED_EDGE('',*,*,#7849,.F.);
#7849 = EDGE_CURVE('',#7152,#7842,#7850,.T.);
#7850 = LINE('',#7851,#7852);
#7851 = CARTESIAN_POINT('',(11.305,8.,10.5));
#7852 = VECTOR('',#7853,1.);
#7853 = DIRECTION('',(1.224646799147E-16,1.,4.440892098501E-16));
#7854 = ORIENTED_EDGE('',*,*,#7149,.F.);
#7855 = PLANE('',#7856);
#7856 = AXIS2_PLACEMENT_3D('',#7857,#7858,#7859);
#7857 = CARTESIAN_POINT('',(6.805,8.,10.5));
#7858 = DIRECTION('',(5.438524293788E-32,4.440892098501E-16,-1.));
#7859 = DIRECTION('',(1.,-1.224646799147E-16,1.546902132884E-44));
#7860 = ADVANCED_FACE('',(#7861),#7879,.T.);
#7861 = FACE_BOUND('',#7862,.T.);
#7862 = EDGE_LOOP('',(#7863,#7871,#7877,#7878));
#7863 = ORIENTED_EDGE('',*,*,#7864,.T.);
#7864 = EDGE_CURVE('',#7842,#7865,#7867,.T.);
#7865 = VERTEX_POINT('',#7866);
#7866 = CARTESIAN_POINT('',(11.305,8.1,12.9));
#7867 = LINE('',#7868,#7869);
#7868 = CARTESIAN_POINT('',(11.305,8.1,10.7));
#7869 = VECTOR('',#7870,1.);
#7870 = DIRECTION('',(-8.157786440681E-32,-6.661338147751E-16,1.));
#7871 = ORIENTED_EDGE('',*,*,#7872,.F.);
#7872 = EDGE_CURVE('',#7168,#7865,#7873,.T.);
#7873 = LINE('',#7874,#7875);
#7874 = CARTESIAN_POINT('',(11.305,8.,12.9));
#7875 = VECTOR('',#7876,1.);
#7876 = DIRECTION('',(1.224646799147E-16,1.,4.440892098501E-16));
#7877 = ORIENTED_EDGE('',*,*,#7175,.F.);
#7878 = ORIENTED_EDGE('',*,*,#7849,.T.);
#7879 = PLANE('',#7880);
#7880 = AXIS2_PLACEMENT_3D('',#7881,#7882,#7883);
#7881 = CARTESIAN_POINT('',(11.305,8.,10.5));
#7882 = DIRECTION('',(1.,-1.224646799147E-16,0.));
#7883 = DIRECTION('',(-8.157786440679E-32,-6.661338147751E-16,1.));
#7884 = ADVANCED_FACE('',(#7885),#7903,.T.);
#7885 = FACE_BOUND('',#7886,.T.);
#7886 = EDGE_LOOP('',(#7887,#7888,#7896,#7902));
#7887 = ORIENTED_EDGE('',*,*,#7872,.T.);
#7888 = ORIENTED_EDGE('',*,*,#7889,.T.);
#7889 = EDGE_CURVE('',#7865,#7890,#7892,.T.);
#7890 = VERTEX_POINT('',#7891);
#7891 = CARTESIAN_POINT('',(6.805,8.1,12.9));
#7892 = LINE('',#7893,#7894);
#7893 = CARTESIAN_POINT('',(11.305,8.1,12.9));
#7894 = VECTOR('',#7895,1.);
#7895 = DIRECTION('',(-1.,1.224646799147E-16,0.));
#7896 = ORIENTED_EDGE('',*,*,#7897,.F.);
#7897 = EDGE_CURVE('',#7160,#7890,#7898,.T.);
#7898 = LINE('',#7899,#7900);
#7899 = CARTESIAN_POINT('',(6.805,8.,12.9));
#7900 = VECTOR('',#7901,1.);
#7901 = DIRECTION('',(1.224646799147E-16,1.,4.440892098501E-16));
#7902 = ORIENTED_EDGE('',*,*,#7167,.F.);
#7903 = PLANE('',#7904);
#7904 = AXIS2_PLACEMENT_3D('',#7905,#7906,#7907);
#7905 = CARTESIAN_POINT('',(11.305,8.,12.9));
#7906 = DIRECTION('',(-5.438524293788E-32,-4.440892098501E-16,1.));
#7907 = DIRECTION('',(-1.,1.224646799147E-16,-1.546902132884E-44));
#7908 = ADVANCED_FACE('',(#7909),#7920,.T.);
#7909 = FACE_BOUND('',#7910,.T.);
#7910 = EDGE_LOOP('',(#7911,#7917,#7918,#7919));
#7911 = ORIENTED_EDGE('',*,*,#7912,.T.);
#7912 = EDGE_CURVE('',#7890,#7834,#7913,.T.);
#7913 = LINE('',#7914,#7915);
#7914 = CARTESIAN_POINT('',(6.805,8.1,12.7));
#7915 = VECTOR('',#7916,1.);
#7916 = DIRECTION('',(8.157786440681E-32,6.661338147751E-16,-1.));
#7917 = ORIENTED_EDGE('',*,*,#7833,.F.);
#7918 = ORIENTED_EDGE('',*,*,#7159,.F.);
#7919 = ORIENTED_EDGE('',*,*,#7897,.T.);
#7920 = PLANE('',#7921);
#7921 = AXIS2_PLACEMENT_3D('',#7922,#7923,#7924);
#7922 = CARTESIAN_POINT('',(6.805,8.,12.9));
#7923 = DIRECTION('',(-1.,1.224646799147E-16,0.));
#7924 = DIRECTION('',(8.157786440679E-32,6.661338147751E-16,-1.));
#7925 = ADVANCED_FACE('',(#7926),#7967,.T.);
#7926 = FACE_BOUND('',#7927,.T.);
#7927 = EDGE_LOOP('',(#7928,#7929,#7937,#7945,#7953,#7961));
#7928 = ORIENTED_EDGE('',*,*,#7183,.F.);
#7929 = ORIENTED_EDGE('',*,*,#7930,.T.);
#7930 = EDGE_CURVE('',#7184,#7931,#7933,.T.);
#7931 = VERTEX_POINT('',#7932);
#7932 = CARTESIAN_POINT('',(9.405,7.5,10.3));
#7933 = LINE('',#7934,#7935);
#7934 = CARTESIAN_POINT('',(9.405,8.,10.3));
#7935 = VECTOR('',#7936,1.);
#7936 = DIRECTION('',(-1.224646799147E-16,-1.,-2.22044604925E-16));
#7937 = ORIENTED_EDGE('',*,*,#7938,.F.);
#7938 = EDGE_CURVE('',#7939,#7931,#7941,.T.);
#7939 = VERTEX_POINT('',#7940);
#7940 = CARTESIAN_POINT('',(9.355,7.5,10.3));
#7941 = LINE('',#7942,#7943);
#7942 = CARTESIAN_POINT('',(10.355,7.5,10.3));
#7943 = VECTOR('',#7944,1.);
#7944 = DIRECTION('',(1.,-1.224646799147E-16,0.));
#7945 = ORIENTED_EDGE('',*,*,#7946,.T.);
#7946 = EDGE_CURVE('',#7939,#7947,#7949,.T.);
#7947 = VERTEX_POINT('',#7948);
#7948 = CARTESIAN_POINT('',(9.355,-2.5,10.3));
#7949 = LINE('',#7950,#7951);
#7950 = CARTESIAN_POINT('',(9.355,7.75,10.3));
#7951 = VECTOR('',#7952,1.);
#7952 = DIRECTION('',(-1.224646799147E-16,-1.,-2.22044604925E-16));
#7953 = ORIENTED_EDGE('',*,*,#7954,.T.);
#7954 = EDGE_CURVE('',#7947,#7955,#7957,.T.);
#7955 = VERTEX_POINT('',#7956);
#7956 = CARTESIAN_POINT('',(6.6,-2.5,10.3));
#7957 = LINE('',#7958,#7959);
#7958 = CARTESIAN_POINT('',(9.38,-2.5,10.3));
#7959 = VECTOR('',#7960,1.);
#7960 = DIRECTION('',(-1.,1.224646799147E-16,0.));
#7961 = ORIENTED_EDGE('',*,*,#7962,.F.);
#7962 = EDGE_CURVE('',#7186,#7955,#7963,.T.);
#7963 = LINE('',#7964,#7965);
#7964 = CARTESIAN_POINT('',(6.6,8.,10.3));
#7965 = VECTOR('',#7966,1.);
#7966 = DIRECTION('',(-1.224646799147E-16,-1.,-2.22044604925E-16));
#7967 = PLANE('',#7968);
#7968 = AXIS2_PLACEMENT_3D('',#7969,#7970,#7971);
#7969 = CARTESIAN_POINT('',(9.405,8.,10.3));
#7970 = DIRECTION('',(2.719262146894E-32,2.22044604925E-16,-1.));
#7971 = DIRECTION('',(-1.,1.224646799147E-16,-1.385424380159E-44));
#7972 = ADVANCED_FACE('',(#7973),#7991,.T.);
#7973 = FACE_BOUND('',#7974,.T.);
#7974 = EDGE_LOOP('',(#7975,#7976,#7984,#7990));
#7975 = ORIENTED_EDGE('',*,*,#7193,.F.);
#7976 = ORIENTED_EDGE('',*,*,#7977,.T.);
#7977 = EDGE_CURVE('',#7194,#7978,#7980,.T.);
#7978 = VERTEX_POINT('',#7979);
#7979 = CARTESIAN_POINT('',(9.405,7.5,2.));
#7980 = LINE('',#7981,#7982);
#7981 = CARTESIAN_POINT('',(9.405,8.,2.));
#7982 = VECTOR('',#7983,1.);
#7983 = DIRECTION('',(-1.224646799147E-16,-1.,-2.22044604925E-16));
#7984 = ORIENTED_EDGE('',*,*,#7985,.F.);
#7985 = EDGE_CURVE('',#7931,#7978,#7986,.T.);
#7986 = LINE('',#7987,#7988);
#7987 = CARTESIAN_POINT('',(9.405,7.5,1.25));
#7988 = VECTOR('',#7989,1.);
#7989 = DIRECTION('',(-0.,0.,-1.));
#7990 = ORIENTED_EDGE('',*,*,#7930,.F.);
#7991 = PLANE('',#7992);
#7992 = AXIS2_PLACEMENT_3D('',#7993,#7994,#7995);
#7993 = CARTESIAN_POINT('',(9.405,8.,2.));
#7994 = DIRECTION('',(-1.,1.224646799147E-16,0.));
#7995 = DIRECTION('',(-2.719262146893E-32,-2.22044604925E-16,1.));
#7996 = ADVANCED_FACE('',(#7997),#8047,.T.);
#7997 = FACE_BOUND('',#7998,.T.);
#7998 = EDGE_LOOP('',(#7999,#8000,#8001,#8009,#8017,#8025,#8033,#8041));
#7999 = ORIENTED_EDGE('',*,*,#7241,.F.);
#8000 = ORIENTED_EDGE('',*,*,#7962,.T.);
#8001 = ORIENTED_EDGE('',*,*,#8002,.T.);
#8002 = EDGE_CURVE('',#7955,#8003,#8005,.T.);
#8003 = VERTEX_POINT('',#8004);
#8004 = CARTESIAN_POINT('',(6.6,-2.5,10.75));
#8005 = LINE('',#8006,#8007);
#8006 = CARTESIAN_POINT('',(6.6,-2.5,6.425));
#8007 = VECTOR('',#8008,1.);
#8008 = DIRECTION('',(-2.652938679896E-32,-2.166288828537E-16,1.));
#8009 = ORIENTED_EDGE('',*,*,#8010,.T.);
#8010 = EDGE_CURVE('',#8003,#8011,#8013,.T.);
#8011 = VERTEX_POINT('',#8012);
#8012 = CARTESIAN_POINT('',(6.6,7.5,10.75));
#8013 = LINE('',#8014,#8015);
#8014 = CARTESIAN_POINT('',(6.6,7.75,10.75));
#8015 = VECTOR('',#8016,1.);
#8016 = DIRECTION('',(1.224646799147E-16,1.,2.22044604925E-16));
#8017 = ORIENTED_EDGE('',*,*,#8018,.F.);
#8018 = EDGE_CURVE('',#8019,#8011,#8021,.T.);
#8019 = VERTEX_POINT('',#8020);
#8020 = CARTESIAN_POINT('',(6.6,7.5,12.96));
#8021 = LINE('',#8022,#8023);
#8022 = CARTESIAN_POINT('',(6.6,7.5,5.4));
#8023 = VECTOR('',#8024,1.);
#8024 = DIRECTION('',(-0.,0.,-1.));
#8025 = ORIENTED_EDGE('',*,*,#8026,.F.);
#8026 = EDGE_CURVE('',#8027,#8019,#8029,.T.);
#8027 = VERTEX_POINT('',#8028);
#8028 = CARTESIAN_POINT('',(6.6,-5.,12.96));
#8029 = LINE('',#8030,#8031);
#8030 = CARTESIAN_POINT('',(6.6,7.75,12.96));
#8031 = VECTOR('',#8032,1.);
#8032 = DIRECTION('',(1.224646799147E-16,1.,0.));
#8033 = ORIENTED_EDGE('',*,*,#8034,.T.);
#8034 = EDGE_CURVE('',#8027,#8035,#8037,.T.);
#8035 = VERTEX_POINT('',#8036);
#8036 = CARTESIAN_POINT('',(6.6,-5.,13.06));
#8037 = LINE('',#8038,#8039);
#8038 = CARTESIAN_POINT('',(6.6,-5.,10.3));
#8039 = VECTOR('',#8040,1.);
#8040 = DIRECTION('',(-2.719262146894E-32,-2.22044604925E-16,1.));
#8041 = ORIENTED_EDGE('',*,*,#8042,.F.);
#8042 = EDGE_CURVE('',#7234,#8035,#8043,.T.);
#8043 = LINE('',#8044,#8045);
#8044 = CARTESIAN_POINT('',(6.6,8.,13.06));
#8045 = VECTOR('',#8046,1.);
#8046 = DIRECTION('',(-1.224646799147E-16,-1.,-2.22044604925E-16));
#8047 = PLANE('',#8048);
#8048 = AXIS2_PLACEMENT_3D('',#8049,#8050,#8051);
#8049 = CARTESIAN_POINT('',(6.6,8.,10.3));
#8050 = DIRECTION('',(-1.,1.224646799147E-16,0.));
#8051 = DIRECTION('',(-2.719262146893E-32,-2.22044604925E-16,1.));
#8052 = ADVANCED_FACE('',(#8053),#8071,.T.);
#8053 = FACE_BOUND('',#8054,.T.);
#8054 = EDGE_LOOP('',(#8055,#8056,#8064,#8070));
#8055 = ORIENTED_EDGE('',*,*,#7201,.F.);
#8056 = ORIENTED_EDGE('',*,*,#8057,.T.);
#8057 = EDGE_CURVE('',#7202,#8058,#8060,.T.);
#8058 = VERTEX_POINT('',#8059);
#8059 = CARTESIAN_POINT('',(-2.305,7.5,2.));
#8060 = LINE('',#8061,#8062);
#8061 = CARTESIAN_POINT('',(-2.305,8.,2.));
#8062 = VECTOR('',#8063,1.);
#8063 = DIRECTION('',(-1.224646799147E-16,-1.,-2.22044604925E-16));
#8064 = ORIENTED_EDGE('',*,*,#8065,.F.);
#8065 = EDGE_CURVE('',#7978,#8058,#8066,.T.);
#8066 = LINE('',#8067,#8068);
#8067 = CARTESIAN_POINT('',(4.5,7.5,2.));
#8068 = VECTOR('',#8069,1.);
#8069 = DIRECTION('',(-1.,1.224646799147E-16,0.));
#8070 = ORIENTED_EDGE('',*,*,#7977,.F.);
#8071 = PLANE('',#8072);
#8072 = AXIS2_PLACEMENT_3D('',#8073,#8074,#8075);
#8073 = CARTESIAN_POINT('',(-2.305,8.,2.));
#8074 = DIRECTION('',(-2.719262146894E-32,-2.22044604925E-16,1.));
#8075 = DIRECTION('',(1.,-1.224646799147E-16,1.385424380159E-44));
#8076 = ADVANCED_FACE('',(#8077),#8095,.T.);
#8077 = FACE_BOUND('',#8078,.T.);
#8078 = EDGE_LOOP('',(#8079,#8080,#8088,#8094));
#8079 = ORIENTED_EDGE('',*,*,#8042,.T.);
#8080 = ORIENTED_EDGE('',*,*,#8081,.T.);
#8081 = EDGE_CURVE('',#8035,#8082,#8084,.T.);
#8082 = VERTEX_POINT('',#8083);
#8083 = CARTESIAN_POINT('',(0.5,-5.,13.06));
#8084 = LINE('',#8085,#8086);
#8085 = CARTESIAN_POINT('',(6.6,-5.,13.06));
#8086 = VECTOR('',#8087,1.);
#8087 = DIRECTION('',(-1.,1.224646799147E-16,0.));
#8088 = ORIENTED_EDGE('',*,*,#8089,.F.);
#8089 = EDGE_CURVE('',#7226,#8082,#8090,.T.);
#8090 = LINE('',#8091,#8092);
#8091 = CARTESIAN_POINT('',(0.5,8.,13.06));
#8092 = VECTOR('',#8093,1.);
#8093 = DIRECTION('',(-1.224646799147E-16,-1.,-2.22044604925E-16));
#8094 = ORIENTED_EDGE('',*,*,#7233,.F.);
#8095 = PLANE('',#8096);
#8096 = AXIS2_PLACEMENT_3D('',#8097,#8098,#8099);
#8097 = CARTESIAN_POINT('',(6.6,8.,13.06));
#8098 = DIRECTION('',(2.719262146894E-32,2.22044604925E-16,-1.));
#8099 = DIRECTION('',(-1.,1.224646799147E-16,-1.385424380159E-44));
#8100 = ADVANCED_FACE('',(#8101),#8119,.T.);
#8101 = FACE_BOUND('',#8102,.T.);
#8102 = EDGE_LOOP('',(#8103,#8104,#8112,#8118));
#8103 = ORIENTED_EDGE('',*,*,#7209,.F.);
#8104 = ORIENTED_EDGE('',*,*,#8105,.T.);
#8105 = EDGE_CURVE('',#7210,#8106,#8108,.T.);
#8106 = VERTEX_POINT('',#8107);
#8107 = CARTESIAN_POINT('',(-2.305,7.5,10.3));
#8108 = LINE('',#8109,#8110);
#8109 = CARTESIAN_POINT('',(-2.305,8.,10.3));
#8110 = VECTOR('',#8111,1.);
#8111 = DIRECTION('',(-1.224646799147E-16,-1.,-2.22044604925E-16));
#8112 = ORIENTED_EDGE('',*,*,#8113,.F.);
#8113 = EDGE_CURVE('',#8058,#8106,#8114,.T.);
#8114 = LINE('',#8115,#8116);
#8115 = CARTESIAN_POINT('',(-2.305,7.5,5.4));
#8116 = VECTOR('',#8117,1.);
#8117 = DIRECTION('',(0.,0.,1.));
#8118 = ORIENTED_EDGE('',*,*,#8057,.F.);
#8119 = PLANE('',#8120);
#8120 = AXIS2_PLACEMENT_3D('',#8121,#8122,#8123);
#8121 = CARTESIAN_POINT('',(-2.305,8.,10.3));
#8122 = DIRECTION('',(1.,-1.224646799147E-16,0.));
#8123 = DIRECTION('',(2.719262146893E-32,2.22044604925E-16,-1.));
#8124 = ADVANCED_FACE('',(#8125),#8175,.T.);
#8125 = FACE_BOUND('',#8126,.T.);
#8126 = EDGE_LOOP('',(#8127,#8128,#8129,#8137,#8145,#8153,#8161,#8169));
#8127 = ORIENTED_EDGE('',*,*,#7225,.F.);
#8128 = ORIENTED_EDGE('',*,*,#8089,.T.);
#8129 = ORIENTED_EDGE('',*,*,#8130,.T.);
#8130 = EDGE_CURVE('',#8082,#8131,#8133,.T.);
#8131 = VERTEX_POINT('',#8132);
#8132 = CARTESIAN_POINT('',(0.5,-5.,12.96));
#8133 = LINE('',#8134,#8135);
#8134 = CARTESIAN_POINT('',(0.5,-5.,13.06));
#8135 = VECTOR('',#8136,1.);
#8136 = DIRECTION('',(2.719262146894E-32,2.22044604925E-16,-1.));
#8137 = ORIENTED_EDGE('',*,*,#8138,.F.);
#8138 = EDGE_CURVE('',#8139,#8131,#8141,.T.);
#8139 = VERTEX_POINT('',#8140);
#8140 = CARTESIAN_POINT('',(0.5,7.5,12.96));
#8141 = LINE('',#8142,#8143);
#8142 = CARTESIAN_POINT('',(0.5,7.75,12.96));
#8143 = VECTOR('',#8144,1.);
#8144 = DIRECTION('',(-1.224646799147E-16,-1.,0.));
#8145 = ORIENTED_EDGE('',*,*,#8146,.F.);
#8146 = EDGE_CURVE('',#8147,#8139,#8149,.T.);
#8147 = VERTEX_POINT('',#8148);
#8148 = CARTESIAN_POINT('',(0.5,7.5,10.75));
#8149 = LINE('',#8150,#8151);
#8150 = CARTESIAN_POINT('',(0.5,7.5,6.78));
#8151 = VECTOR('',#8152,1.);
#8152 = DIRECTION('',(0.,0.,1.));
#8153 = ORIENTED_EDGE('',*,*,#8154,.T.);
#8154 = EDGE_CURVE('',#8147,#8155,#8157,.T.);
#8155 = VERTEX_POINT('',#8156);
#8156 = CARTESIAN_POINT('',(0.5,-2.5,10.75));
#8157 = LINE('',#8158,#8159);
#8158 = CARTESIAN_POINT('',(0.5,7.75,10.75));
#8159 = VECTOR('',#8160,1.);
#8160 = DIRECTION('',(-1.224646799147E-16,-1.,-2.22044604925E-16));
#8161 = ORIENTED_EDGE('',*,*,#8162,.T.);
#8162 = EDGE_CURVE('',#8155,#8163,#8165,.T.);
#8163 = VERTEX_POINT('',#8164);
#8164 = CARTESIAN_POINT('',(0.5,-2.5,10.3));
#8165 = LINE('',#8166,#8167);
#8166 = CARTESIAN_POINT('',(0.5,-2.5,7.805));
#8167 = VECTOR('',#8168,1.);
#8168 = DIRECTION('',(2.652938679896E-32,2.166288828537E-16,-1.));
#8169 = ORIENTED_EDGE('',*,*,#8170,.F.);
#8170 = EDGE_CURVE('',#7218,#8163,#8171,.T.);
#8171 = LINE('',#8172,#8173);
#8172 = CARTESIAN_POINT('',(0.5,8.,10.3));
#8173 = VECTOR('',#8174,1.);
#8174 = DIRECTION('',(-1.224646799147E-16,-1.,-2.22044604925E-16));
#8175 = PLANE('',#8176);
#8176 = AXIS2_PLACEMENT_3D('',#8177,#8178,#8179);
#8177 = CARTESIAN_POINT('',(0.5,8.,13.06));
#8178 = DIRECTION('',(1.,-1.224646799147E-16,0.));
#8179 = DIRECTION('',(2.719262146893E-32,2.22044604925E-16,-1.));
#8180 = ADVANCED_FACE('',(#8181),#8208,.T.);
#8181 = FACE_BOUND('',#8182,.T.);
#8182 = EDGE_LOOP('',(#8183,#8184,#8185,#8193,#8201,#8207));
#8183 = ORIENTED_EDGE('',*,*,#7217,.F.);
#8184 = ORIENTED_EDGE('',*,*,#8170,.T.);
#8185 = ORIENTED_EDGE('',*,*,#8186,.T.);
#8186 = EDGE_CURVE('',#8163,#8187,#8189,.T.);
#8187 = VERTEX_POINT('',#8188);
#8188 = CARTESIAN_POINT('',(-2.255,-2.5,10.3));
#8189 = LINE('',#8190,#8191);
#8190 = CARTESIAN_POINT('',(4.9275,-2.5,10.3));
#8191 = VECTOR('',#8192,1.);
#8192 = DIRECTION('',(-1.,1.224646799147E-16,0.));
#8193 = ORIENTED_EDGE('',*,*,#8194,.T.);
#8194 = EDGE_CURVE('',#8187,#8195,#8197,.T.);
#8195 = VERTEX_POINT('',#8196);
#8196 = CARTESIAN_POINT('',(-2.255,7.5,10.3));
#8197 = LINE('',#8198,#8199);
#8198 = CARTESIAN_POINT('',(-2.255,7.75,10.3));
#8199 = VECTOR('',#8200,1.);
#8200 = DIRECTION('',(1.224646799147E-16,1.,2.22044604925E-16));
#8201 = ORIENTED_EDGE('',*,*,#8202,.F.);
#8202 = EDGE_CURVE('',#8106,#8195,#8203,.T.);
#8203 = LINE('',#8204,#8205);
#8204 = CARTESIAN_POINT('',(5.9025,7.5,10.3));
#8205 = VECTOR('',#8206,1.);
#8206 = DIRECTION('',(1.,-1.224646799147E-16,0.));
#8207 = ORIENTED_EDGE('',*,*,#8105,.F.);
#8208 = PLANE('',#8209);
#8209 = AXIS2_PLACEMENT_3D('',#8210,#8211,#8212);
#8210 = CARTESIAN_POINT('',(0.5,8.,10.3));
#8211 = DIRECTION('',(2.719262146894E-32,2.22044604925E-16,-1.));
#8212 = DIRECTION('',(-1.,1.224646799147E-16,-1.385424380159E-44));
#8213 = ADVANCED_FACE('',(#8214),#8239,.T.);
#8214 = FACE_BOUND('',#8215,.T.);
#8215 = EDGE_LOOP('',(#8216,#8224,#8232,#8238));
#8216 = ORIENTED_EDGE('',*,*,#8217,.T.);
#8217 = EDGE_CURVE('',#7250,#8218,#8220,.T.);
#8218 = VERTEX_POINT('',#8219);
#8219 = CARTESIAN_POINT('',(-4.205,8.1,10.5));
#8220 = LINE('',#8221,#8222);
#8221 = CARTESIAN_POINT('',(-4.205,8.,10.5));
#8222 = VECTOR('',#8223,1.);
#8223 = DIRECTION('',(1.224646799147E-16,1.,4.440892098501E-16));
#8224 = ORIENTED_EDGE('',*,*,#8225,.T.);
#8225 = EDGE_CURVE('',#8218,#8226,#8228,.T.);
#8226 = VERTEX_POINT('',#8227);
#8227 = CARTESIAN_POINT('',(0.295,8.1,10.5));
#8228 = LINE('',#8229,#8230);
#8229 = CARTESIAN_POINT('',(-4.205,8.1,10.5));
#8230 = VECTOR('',#8231,1.);
#8231 = DIRECTION('',(1.,-1.224646799147E-16,0.));
#8232 = ORIENTED_EDGE('',*,*,#8233,.F.);
#8233 = EDGE_CURVE('',#7252,#8226,#8234,.T.);
#8234 = LINE('',#8235,#8236);
#8235 = CARTESIAN_POINT('',(0.295,8.,10.5));
#8236 = VECTOR('',#8237,1.);
#8237 = DIRECTION('',(1.224646799147E-16,1.,4.440892098501E-16));
#8238 = ORIENTED_EDGE('',*,*,#7249,.F.);
#8239 = PLANE('',#8240);
#8240 = AXIS2_PLACEMENT_3D('',#8241,#8242,#8243);
#8241 = CARTESIAN_POINT('',(-4.205,8.,10.5));
#8242 = DIRECTION('',(5.438524293788E-32,4.440892098501E-16,-1.));
#8243 = DIRECTION('',(1.,-1.224646799147E-16,1.546902132884E-44));
#8244 = ADVANCED_FACE('',(#8245),#8263,.T.);
#8245 = FACE_BOUND('',#8246,.T.);
#8246 = EDGE_LOOP('',(#8247,#8255,#8261,#8262));
#8247 = ORIENTED_EDGE('',*,*,#8248,.T.);
#8248 = EDGE_CURVE('',#8226,#8249,#8251,.T.);
#8249 = VERTEX_POINT('',#8250);
#8250 = CARTESIAN_POINT('',(0.295,8.1,12.9));
#8251 = LINE('',#8252,#8253);
#8252 = CARTESIAN_POINT('',(0.295,8.1,10.7));
#8253 = VECTOR('',#8254,1.);
#8254 = DIRECTION('',(-8.157786440681E-32,-6.661338147751E-16,1.));
#8255 = ORIENTED_EDGE('',*,*,#8256,.F.);
#8256 = EDGE_CURVE('',#7268,#8249,#8257,.T.);
#8257 = LINE('',#8258,#8259);
#8258 = CARTESIAN_POINT('',(0.295,8.,12.9));
#8259 = VECTOR('',#8260,1.);
#8260 = DIRECTION('',(1.224646799147E-16,1.,4.440892098501E-16));
#8261 = ORIENTED_EDGE('',*,*,#7275,.F.);
#8262 = ORIENTED_EDGE('',*,*,#8233,.T.);
#8263 = PLANE('',#8264);
#8264 = AXIS2_PLACEMENT_3D('',#8265,#8266,#8267);
#8265 = CARTESIAN_POINT('',(0.295,8.,10.5));
#8266 = DIRECTION('',(1.,-1.224646799147E-16,0.));
#8267 = DIRECTION('',(-8.157786440679E-32,-6.661338147751E-16,1.));
#8268 = ADVANCED_FACE('',(#8269),#8287,.T.);
#8269 = FACE_BOUND('',#8270,.T.);
#8270 = EDGE_LOOP('',(#8271,#8272,#8280,#8286));
#8271 = ORIENTED_EDGE('',*,*,#8256,.T.);
#8272 = ORIENTED_EDGE('',*,*,#8273,.T.);
#8273 = EDGE_CURVE('',#8249,#8274,#8276,.T.);
#8274 = VERTEX_POINT('',#8275);
#8275 = CARTESIAN_POINT('',(-4.205,8.1,12.9));
#8276 = LINE('',#8277,#8278);
#8277 = CARTESIAN_POINT('',(0.295,8.1,12.9));
#8278 = VECTOR('',#8279,1.);
#8279 = DIRECTION('',(-1.,1.224646799147E-16,0.));
#8280 = ORIENTED_EDGE('',*,*,#8281,.F.);
#8281 = EDGE_CURVE('',#7260,#8274,#8282,.T.);
#8282 = LINE('',#8283,#8284);
#8283 = CARTESIAN_POINT('',(-4.205,8.,12.9));
#8284 = VECTOR('',#8285,1.);
#8285 = DIRECTION('',(1.224646799147E-16,1.,4.440892098501E-16));
#8286 = ORIENTED_EDGE('',*,*,#7267,.F.);
#8287 = PLANE('',#8288);
#8288 = AXIS2_PLACEMENT_3D('',#8289,#8290,#8291);
#8289 = CARTESIAN_POINT('',(0.295,8.,12.9));
#8290 = DIRECTION('',(-5.438524293788E-32,-4.440892098501E-16,1.));
#8291 = DIRECTION('',(-1.,1.224646799147E-16,-1.546902132884E-44));
#8292 = ADVANCED_FACE('',(#8293),#8304,.T.);
#8293 = FACE_BOUND('',#8294,.T.);
#8294 = EDGE_LOOP('',(#8295,#8301,#8302,#8303));
#8295 = ORIENTED_EDGE('',*,*,#8296,.T.);
#8296 = EDGE_CURVE('',#8274,#8218,#8297,.T.);
#8297 = LINE('',#8298,#8299);
#8298 = CARTESIAN_POINT('',(-4.205,8.1,12.7));
#8299 = VECTOR('',#8300,1.);
#8300 = DIRECTION('',(8.157786440681E-32,6.661338147751E-16,-1.));
#8301 = ORIENTED_EDGE('',*,*,#8217,.F.);
#8302 = ORIENTED_EDGE('',*,*,#7259,.F.);
#8303 = ORIENTED_EDGE('',*,*,#8281,.T.);
#8304 = PLANE('',#8305);
#8305 = AXIS2_PLACEMENT_3D('',#8306,#8307,#8308);
#8306 = CARTESIAN_POINT('',(-4.205,8.,12.9));
#8307 = DIRECTION('',(-1.,1.224646799147E-16,0.));
#8308 = DIRECTION('',(8.157786440679E-32,6.661338147751E-16,-1.));
#8309 = ADVANCED_FACE('',(#8310),#8335,.F.);
#8310 = FACE_BOUND('',#8311,.F.);
#8311 = EDGE_LOOP('',(#8312,#8322,#8328,#8329));
#8312 = ORIENTED_EDGE('',*,*,#8313,.T.);
#8313 = EDGE_CURVE('',#8314,#8316,#8318,.T.);
#8314 = VERTEX_POINT('',#8315);
#8315 = CARTESIAN_POINT('',(-4.53,-1.39,-2.));
#8316 = VERTEX_POINT('',#8317);
#8317 = CARTESIAN_POINT('',(-4.63,-1.39,-2.));
#8318 = LINE('',#8319,#8320);
#8319 = CARTESIAN_POINT('',(-4.53,-1.39,-2.));
#8320 = VECTOR('',#8321,1.);
#8321 = DIRECTION('',(-1.,2.334869823773E-16,1.665334536938E-16));
#8322 = ORIENTED_EDGE('',*,*,#8323,.T.);
#8323 = EDGE_CURVE('',#8316,#7303,#8324,.T.);
#8324 = LINE('',#8325,#8326);
#8325 = CARTESIAN_POINT('',(-4.63,-1.39,-2.));
#8326 = VECTOR('',#8327,1.);
#8327 = DIRECTION('',(1.110223024625E-16,-1.110223024625E-16,1.));
#8328 = ORIENTED_EDGE('',*,*,#7300,.F.);
#8329 = ORIENTED_EDGE('',*,*,#8330,.F.);
#8330 = EDGE_CURVE('',#8314,#7301,#8331,.T.);
#8331 = LINE('',#8332,#8333);
#8332 = CARTESIAN_POINT('',(-4.53,-1.39,-2.));
#8333 = VECTOR('',#8334,1.);
#8334 = DIRECTION('',(1.110223024625E-16,-1.110223024625E-16,1.));
#8335 = PLANE('',#8336);
#8336 = AXIS2_PLACEMENT_3D('',#8337,#8338,#8339);
#8337 = CARTESIAN_POINT('',(-4.53,-1.39,-2.));
#8338 = DIRECTION('',(2.334869823773E-16,1.,1.110223024625E-16));
#8339 = DIRECTION('',(3.574525976783E-31,-1.110223024625E-16,1.));
#8340 = ADVANCED_FACE('',(#8341),#8375,.F.);
#8341 = FACE_BOUND('',#8342,.F.);
#8342 = EDGE_LOOP('',(#8343,#8353,#8359,#8360,#8361,#8369));
#8343 = ORIENTED_EDGE('',*,*,#8344,.F.);
#8344 = EDGE_CURVE('',#8345,#8347,#8349,.T.);
#8345 = VERTEX_POINT('',#8346);
#8346 = CARTESIAN_POINT('',(-4.63,-0.39,-2.));
#8347 = VERTEX_POINT('',#8348);
#8348 = CARTESIAN_POINT('',(-4.63,-0.64,-3.1));
#8349 = LINE('',#8350,#8351);
#8350 = CARTESIAN_POINT('',(-4.63,-0.39,-2.));
#8351 = VECTOR('',#8352,1.);
#8352 = DIRECTION('',(-1.846120227598E-16,-0.221621103589,
    -0.975132855791));
#8353 = ORIENTED_EDGE('',*,*,#8354,.T.);
#8354 = EDGE_CURVE('',#8345,#7319,#8355,.T.);
#8355 = LINE('',#8356,#8357);
#8356 = CARTESIAN_POINT('',(-4.63,-0.39,-2.));
#8357 = VECTOR('',#8358,1.);
#8358 = DIRECTION('',(1.110223024625E-16,-1.110223024625E-16,1.));
#8359 = ORIENTED_EDGE('',*,*,#7326,.F.);
#8360 = ORIENTED_EDGE('',*,*,#8323,.F.);
#8361 = ORIENTED_EDGE('',*,*,#8362,.F.);
#8362 = EDGE_CURVE('',#8363,#8316,#8365,.T.);
#8363 = VERTEX_POINT('',#8364);
#8364 = CARTESIAN_POINT('',(-4.63,-1.14,-3.1));
#8365 = LINE('',#8366,#8367);
#8366 = CARTESIAN_POINT('',(-4.63,-1.14,-3.1));
#8367 = VECTOR('',#8368,1.);
#8368 = DIRECTION('',(3.191096695399E-17,-0.221621103589,0.975132855791)
  );
#8369 = ORIENTED_EDGE('',*,*,#8370,.F.);
#8370 = EDGE_CURVE('',#8347,#8363,#8371,.T.);
#8371 = LINE('',#8372,#8373);
#8372 = CARTESIAN_POINT('',(-4.63,-0.64,-3.1));
#8373 = VECTOR('',#8374,1.);
#8374 = DIRECTION('',(-3.445092848398E-16,-1.,-1.110223024625E-16));
#8375 = PLANE('',#8376);
#8376 = AXIS2_PLACEMENT_3D('',#8377,#8378,#8379);
#8377 = CARTESIAN_POINT('',(-4.63,-0.89,-1.4573120637));
#8378 = DIRECTION('',(1.,-3.445092848398E-16,-1.148335774151E-16));
#8379 = DIRECTION('',(3.445092848398E-16,1.,4.379057701015E-47));
#8380 = ADVANCED_FACE('',(#8381),#8399,.T.);
#8381 = FACE_BOUND('',#8382,.T.);
#8382 = EDGE_LOOP('',(#8383,#8391,#8392,#8393));
#8383 = ORIENTED_EDGE('',*,*,#8384,.T.);
#8384 = EDGE_CURVE('',#8385,#8345,#8387,.T.);
#8385 = VERTEX_POINT('',#8386);
#8386 = CARTESIAN_POINT('',(-4.53,-0.39,-2.));
#8387 = LINE('',#8388,#8389);
#8388 = CARTESIAN_POINT('',(-4.53,-0.39,-2.));
#8389 = VECTOR('',#8390,1.);
#8390 = DIRECTION('',(-1.,2.334869823773E-16,1.665334536938E-16));
#8391 = ORIENTED_EDGE('',*,*,#8354,.T.);
#8392 = ORIENTED_EDGE('',*,*,#7318,.F.);
#8393 = ORIENTED_EDGE('',*,*,#8394,.F.);
#8394 = EDGE_CURVE('',#8385,#7311,#8395,.T.);
#8395 = LINE('',#8396,#8397);
#8396 = CARTESIAN_POINT('',(-4.53,-0.39,-2.));
#8397 = VECTOR('',#8398,1.);
#8398 = DIRECTION('',(1.110223024625E-16,-1.110223024625E-16,1.));
#8399 = PLANE('',#8400);
#8400 = AXIS2_PLACEMENT_3D('',#8401,#8402,#8403);
#8401 = CARTESIAN_POINT('',(-4.53,-0.39,-2.));
#8402 = DIRECTION('',(2.334869823773E-16,1.,1.110223024625E-16));
#8403 = DIRECTION('',(3.574525976783E-31,-1.110223024625E-16,1.));
#8404 = ADVANCED_FACE('',(#8405),#8432,.T.);
#8405 = FACE_BOUND('',#8406,.T.);
#8406 = EDGE_LOOP('',(#8407,#8415,#8416,#8417,#8418,#8426));
#8407 = ORIENTED_EDGE('',*,*,#8408,.F.);
#8408 = EDGE_CURVE('',#8385,#8409,#8411,.T.);
#8409 = VERTEX_POINT('',#8410);
#8410 = CARTESIAN_POINT('',(-4.53,-0.64,-3.1));
#8411 = LINE('',#8412,#8413);
#8412 = CARTESIAN_POINT('',(-4.53,-0.39,-2.));
#8413 = VECTOR('',#8414,1.);
#8414 = DIRECTION('',(-1.846120227598E-16,-0.221621103589,
    -0.975132855791));
#8415 = ORIENTED_EDGE('',*,*,#8394,.T.);
#8416 = ORIENTED_EDGE('',*,*,#7310,.F.);
#8417 = ORIENTED_EDGE('',*,*,#8330,.F.);
#8418 = ORIENTED_EDGE('',*,*,#8419,.F.);
#8419 = EDGE_CURVE('',#8420,#8314,#8422,.T.);
#8420 = VERTEX_POINT('',#8421);
#8421 = CARTESIAN_POINT('',(-4.53,-1.14,-3.1));
#8422 = LINE('',#8423,#8424);
#8423 = CARTESIAN_POINT('',(-4.53,-1.14,-3.1));
#8424 = VECTOR('',#8425,1.);
#8425 = DIRECTION('',(3.191096695399E-17,-0.221621103589,0.975132855791)
  );
#8426 = ORIENTED_EDGE('',*,*,#8427,.F.);
#8427 = EDGE_CURVE('',#8409,#8420,#8428,.T.);
#8428 = LINE('',#8429,#8430);
#8429 = CARTESIAN_POINT('',(-4.53,-0.64,-3.1));
#8430 = VECTOR('',#8431,1.);
#8431 = DIRECTION('',(-3.445092848398E-16,-1.,-1.110223024625E-16));
#8432 = PLANE('',#8433);
#8433 = AXIS2_PLACEMENT_3D('',#8434,#8435,#8436);
#8434 = CARTESIAN_POINT('',(-4.53,-0.89,-1.4573120637));
#8435 = DIRECTION('',(1.,-3.445092848398E-16,-1.148335774151E-16));
#8436 = DIRECTION('',(3.445092848398E-16,1.,4.379057701015E-47));
#8437 = ADVANCED_FACE('',(#8438),#8457,.T.);
#8438 = FACE_BOUND('',#8439,.T.);
#8439 = EDGE_LOOP('',(#8440,#8441,#8449,#8456));
#8440 = ORIENTED_EDGE('',*,*,#7334,.F.);
#8441 = ORIENTED_EDGE('',*,*,#8442,.T.);
#8442 = EDGE_CURVE('',#7335,#8443,#8445,.T.);
#8443 = VERTEX_POINT('',#8444);
#8444 = CARTESIAN_POINT('',(0.76,-1.78,-2.54));
#8445 = LINE('',#8446,#8447);
#8446 = CARTESIAN_POINT('',(0.76,-1.78,0.));
#8447 = VECTOR('',#8448,1.);
#8448 = DIRECTION('',(0.,0.,-1.));
#8449 = ORIENTED_EDGE('',*,*,#8450,.T.);
#8450 = EDGE_CURVE('',#8443,#8443,#8451,.T.);
#8451 = CIRCLE('',#8452,0.25);
#8452 = AXIS2_PLACEMENT_3D('',#8453,#8454,#8455);
#8453 = CARTESIAN_POINT('',(1.01,-1.78,-2.54));
#8454 = DIRECTION('',(0.,0.,1.));
#8455 = DIRECTION('',(-1.,1.224646799147E-16,0.));
#8456 = ORIENTED_EDGE('',*,*,#8442,.F.);
#8457 = CYLINDRICAL_SURFACE('',#8458,0.25);
#8458 = AXIS2_PLACEMENT_3D('',#8459,#8460,#8461);
#8459 = CARTESIAN_POINT('',(1.01,-1.78,0.));
#8460 = DIRECTION('',(0.,0.,1.));
#8461 = DIRECTION('',(-1.,1.224646799147E-16,0.));
#8462 = ADVANCED_FACE('',(#8463),#8482,.T.);
#8463 = FACE_BOUND('',#8464,.T.);
#8464 = EDGE_LOOP('',(#8465,#8466,#8474,#8481));
#8465 = ORIENTED_EDGE('',*,*,#7345,.F.);
#8466 = ORIENTED_EDGE('',*,*,#8467,.T.);
#8467 = EDGE_CURVE('',#7346,#8468,#8470,.T.);
#8468 = VERTEX_POINT('',#8469);
#8469 = CARTESIAN_POINT('',(-3.56,-6.609971592812,-3.18));
#8470 = LINE('',#8471,#8472);
#8471 = CARTESIAN_POINT('',(-3.56,-6.609971592812,0.));
#8472 = VECTOR('',#8473,1.);
#8473 = DIRECTION('',(0.,0.,-1.));
#8474 = ORIENTED_EDGE('',*,*,#8475,.T.);
#8475 = EDGE_CURVE('',#8468,#8468,#8476,.T.);
#8476 = CIRCLE('',#8477,0.25);
#8477 = AXIS2_PLACEMENT_3D('',#8478,#8479,#8480);
#8478 = CARTESIAN_POINT('',(-3.31,-6.609971592812,-3.18));
#8479 = DIRECTION('',(0.,0.,1.));
#8480 = DIRECTION('',(-1.,1.224646799147E-16,0.));
#8481 = ORIENTED_EDGE('',*,*,#8467,.F.);
#8482 = CYLINDRICAL_SURFACE('',#8483,0.25);
#8483 = AXIS2_PLACEMENT_3D('',#8484,#8485,#8486);
#8484 = CARTESIAN_POINT('',(-3.31,-6.609971592812,0.));
#8485 = DIRECTION('',(0.,0.,1.));
#8486 = DIRECTION('',(-1.,1.224646799147E-16,0.));
#8487 = ADVANCED_FACE('',(#8488),#8507,.T.);
#8488 = FACE_BOUND('',#8489,.T.);
#8489 = EDGE_LOOP('',(#8490,#8491,#8499,#8506));
#8490 = ORIENTED_EDGE('',*,*,#7356,.F.);
#8491 = ORIENTED_EDGE('',*,*,#8492,.T.);
#8492 = EDGE_CURVE('',#7357,#8493,#8495,.T.);
#8493 = VERTEX_POINT('',#8494);
#8494 = CARTESIAN_POINT('',(-1.27,-6.609971592812,-3.18));
#8495 = LINE('',#8496,#8497);
#8496 = CARTESIAN_POINT('',(-1.27,-6.609971592812,0.));
#8497 = VECTOR('',#8498,1.);
#8498 = DIRECTION('',(0.,0.,-1.));
#8499 = ORIENTED_EDGE('',*,*,#8500,.T.);
#8500 = EDGE_CURVE('',#8493,#8493,#8501,.T.);
#8501 = CIRCLE('',#8502,0.25);
#8502 = AXIS2_PLACEMENT_3D('',#8503,#8504,#8505);
#8503 = CARTESIAN_POINT('',(-1.02,-6.609971592812,-3.18));
#8504 = DIRECTION('',(0.,0.,1.));
#8505 = DIRECTION('',(-1.,1.224646799147E-16,0.));
#8506 = ORIENTED_EDGE('',*,*,#8492,.F.);
#8507 = CYLINDRICAL_SURFACE('',#8508,0.25);
#8508 = AXIS2_PLACEMENT_3D('',#8509,#8510,#8511);
#8509 = CARTESIAN_POINT('',(-1.02,-6.609971592812,0.));
#8510 = DIRECTION('',(0.,0.,1.));
#8511 = DIRECTION('',(-1.,1.224646799147E-16,0.));
#8512 = ADVANCED_FACE('',(#8513),#8532,.T.);
#8513 = FACE_BOUND('',#8514,.T.);
#8514 = EDGE_LOOP('',(#8515,#8516,#8524,#8531));
#8515 = ORIENTED_EDGE('',*,*,#7367,.F.);
#8516 = ORIENTED_EDGE('',*,*,#8517,.T.);
#8517 = EDGE_CURVE('',#7368,#8518,#8520,.T.);
#8518 = VERTEX_POINT('',#8519);
#8519 = CARTESIAN_POINT('',(7.87,-6.609971592812,-3.18));
#8520 = LINE('',#8521,#8522);
#8521 = CARTESIAN_POINT('',(7.87,-6.609971592812,0.));
#8522 = VECTOR('',#8523,1.);
#8523 = DIRECTION('',(0.,0.,-1.));
#8524 = ORIENTED_EDGE('',*,*,#8525,.T.);
#8525 = EDGE_CURVE('',#8518,#8518,#8526,.T.);
#8526 = CIRCLE('',#8527,0.25);
#8527 = AXIS2_PLACEMENT_3D('',#8528,#8529,#8530);
#8528 = CARTESIAN_POINT('',(8.12,-6.609971592812,-3.18));
#8529 = DIRECTION('',(0.,0.,1.));
#8530 = DIRECTION('',(-1.,1.224646799147E-16,0.));
#8531 = ORIENTED_EDGE('',*,*,#8517,.F.);
#8532 = CYLINDRICAL_SURFACE('',#8533,0.25);
#8533 = AXIS2_PLACEMENT_3D('',#8534,#8535,#8536);
#8534 = CARTESIAN_POINT('',(8.12,-6.609971592812,0.));
#8535 = DIRECTION('',(0.,0.,1.));
#8536 = DIRECTION('',(-1.,1.224646799147E-16,0.));
#8537 = ADVANCED_FACE('',(#8538),#8557,.T.);
#8538 = FACE_BOUND('',#8539,.T.);
#8539 = EDGE_LOOP('',(#8540,#8541,#8549,#8556));
#8540 = ORIENTED_EDGE('',*,*,#7378,.F.);
#8541 = ORIENTED_EDGE('',*,*,#8542,.T.);
#8542 = EDGE_CURVE('',#7379,#8543,#8545,.T.);
#8543 = VERTEX_POINT('',#8544);
#8544 = CARTESIAN_POINT('',(6.85,-1.78,-2.54));
#8545 = LINE('',#8546,#8547);
#8546 = CARTESIAN_POINT('',(6.85,-1.78,0.));
#8547 = VECTOR('',#8548,1.);
#8548 = DIRECTION('',(0.,0.,-1.));
#8549 = ORIENTED_EDGE('',*,*,#8550,.T.);
#8550 = EDGE_CURVE('',#8543,#8543,#8551,.T.);
#8551 = CIRCLE('',#8552,0.25);
#8552 = AXIS2_PLACEMENT_3D('',#8553,#8554,#8555);
#8553 = CARTESIAN_POINT('',(7.1,-1.78,-2.54));
#8554 = DIRECTION('',(0.,0.,1.));
#8555 = DIRECTION('',(-1.,1.224646799147E-16,0.));
#8556 = ORIENTED_EDGE('',*,*,#8542,.F.);
#8557 = CYLINDRICAL_SURFACE('',#8558,0.25);
#8558 = AXIS2_PLACEMENT_3D('',#8559,#8560,#8561);
#8559 = CARTESIAN_POINT('',(7.1,-1.78,0.));
#8560 = DIRECTION('',(0.,0.,1.));
#8561 = DIRECTION('',(-1.,1.224646799147E-16,0.));
#8562 = ADVANCED_FACE('',(#8563),#8582,.T.);
#8563 = FACE_BOUND('',#8564,.T.);
#8564 = EDGE_LOOP('',(#8565,#8566,#8574,#8581));
#8565 = ORIENTED_EDGE('',*,*,#7389,.F.);
#8566 = ORIENTED_EDGE('',*,*,#8567,.T.);
#8567 = EDGE_CURVE('',#7390,#8568,#8570,.T.);
#8568 = VERTEX_POINT('',#8569);
#8569 = CARTESIAN_POINT('',(2.79,-1.78,-2.54));
#8570 = LINE('',#8571,#8572);
#8571 = CARTESIAN_POINT('',(2.79,-1.78,0.));
#8572 = VECTOR('',#8573,1.);
#8573 = DIRECTION('',(0.,0.,-1.));
#8574 = ORIENTED_EDGE('',*,*,#8575,.T.);
#8575 = EDGE_CURVE('',#8568,#8568,#8576,.T.);
#8576 = CIRCLE('',#8577,0.25);
#8577 = AXIS2_PLACEMENT_3D('',#8578,#8579,#8580);
#8578 = CARTESIAN_POINT('',(3.04,-1.78,-2.54));
#8579 = DIRECTION('',(0.,0.,1.));
#8580 = DIRECTION('',(-1.,1.224646799147E-16,0.));
#8581 = ORIENTED_EDGE('',*,*,#8567,.F.);
#8582 = CYLINDRICAL_SURFACE('',#8583,0.25);
#8583 = AXIS2_PLACEMENT_3D('',#8584,#8585,#8586);
#8584 = CARTESIAN_POINT('',(3.04,-1.78,0.));
#8585 = DIRECTION('',(0.,0.,1.));
#8586 = DIRECTION('',(-1.,1.224646799147E-16,0.));
#8587 = ADVANCED_FACE('',(#8588),#8607,.T.);
#8588 = FACE_BOUND('',#8589,.T.);
#8589 = EDGE_LOOP('',(#8590,#8591,#8599,#8606));
#8590 = ORIENTED_EDGE('',*,*,#7400,.F.);
#8591 = ORIENTED_EDGE('',*,*,#8592,.T.);
#8592 = EDGE_CURVE('',#7401,#8593,#8595,.T.);
#8593 = VERTEX_POINT('',#8594);
#8594 = CARTESIAN_POINT('',(4.82,-1.78,-2.54));
#8595 = LINE('',#8596,#8597);
#8596 = CARTESIAN_POINT('',(4.82,-1.78,0.));
#8597 = VECTOR('',#8598,1.);
#8598 = DIRECTION('',(0.,0.,-1.));
#8599 = ORIENTED_EDGE('',*,*,#8600,.T.);
#8600 = EDGE_CURVE('',#8593,#8593,#8601,.T.);
#8601 = CIRCLE('',#8602,0.25);
#8602 = AXIS2_PLACEMENT_3D('',#8603,#8604,#8605);
#8603 = CARTESIAN_POINT('',(5.07,-1.78,-2.54));
#8604 = DIRECTION('',(0.,0.,1.));
#8605 = DIRECTION('',(-1.,1.224646799147E-16,0.));
#8606 = ORIENTED_EDGE('',*,*,#8592,.F.);
#8607 = CYLINDRICAL_SURFACE('',#8608,0.25);
#8608 = AXIS2_PLACEMENT_3D('',#8609,#8610,#8611);
#8609 = CARTESIAN_POINT('',(5.07,-1.78,0.));
#8610 = DIRECTION('',(0.,0.,1.));
#8611 = DIRECTION('',(-1.,1.224646799147E-16,0.));
#8612 = ADVANCED_FACE('',(#8613),#8638,.F.);
#8613 = FACE_BOUND('',#8614,.F.);
#8614 = EDGE_LOOP('',(#8615,#8625,#8631,#8632));
#8615 = ORIENTED_EDGE('',*,*,#8616,.T.);
#8616 = EDGE_CURVE('',#8617,#8619,#8621,.T.);
#8617 = VERTEX_POINT('',#8618);
#8618 = CARTESIAN_POINT('',(11.73,-1.39,-2.));
#8619 = VERTEX_POINT('',#8620);
#8620 = CARTESIAN_POINT('',(11.63,-1.39,-2.));
#8621 = LINE('',#8622,#8623);
#8622 = CARTESIAN_POINT('',(11.73,-1.39,-2.));
#8623 = VECTOR('',#8624,1.);
#8624 = DIRECTION('',(-1.,2.334869823773E-16,1.665334536938E-16));
#8625 = ORIENTED_EDGE('',*,*,#8626,.T.);
#8626 = EDGE_CURVE('',#8619,#7414,#8627,.T.);
#8627 = LINE('',#8628,#8629);
#8628 = CARTESIAN_POINT('',(11.63,-1.39,-2.));
#8629 = VECTOR('',#8630,1.);
#8630 = DIRECTION('',(1.110223024625E-16,-1.110223024625E-16,1.));
#8631 = ORIENTED_EDGE('',*,*,#7411,.F.);
#8632 = ORIENTED_EDGE('',*,*,#8633,.F.);
#8633 = EDGE_CURVE('',#8617,#7412,#8634,.T.);
#8634 = LINE('',#8635,#8636);
#8635 = CARTESIAN_POINT('',(11.73,-1.39,-2.));
#8636 = VECTOR('',#8637,1.);
#8637 = DIRECTION('',(1.110223024625E-16,-1.110223024625E-16,1.));
#8638 = PLANE('',#8639);
#8639 = AXIS2_PLACEMENT_3D('',#8640,#8641,#8642);
#8640 = CARTESIAN_POINT('',(11.73,-1.39,-2.));
#8641 = DIRECTION('',(2.334869823773E-16,1.,1.110223024625E-16));
#8642 = DIRECTION('',(3.574525976783E-31,-1.110223024625E-16,1.));
#8643 = ADVANCED_FACE('',(#8644),#8678,.F.);
#8644 = FACE_BOUND('',#8645,.F.);
#8645 = EDGE_LOOP('',(#8646,#8656,#8662,#8663,#8664,#8672));
#8646 = ORIENTED_EDGE('',*,*,#8647,.F.);
#8647 = EDGE_CURVE('',#8648,#8650,#8652,.T.);
#8648 = VERTEX_POINT('',#8649);
#8649 = CARTESIAN_POINT('',(11.63,-0.39,-2.));
#8650 = VERTEX_POINT('',#8651);
#8651 = CARTESIAN_POINT('',(11.63,-0.64,-3.1));
#8652 = LINE('',#8653,#8654);
#8653 = CARTESIAN_POINT('',(11.63,-0.39,-2.));
#8654 = VECTOR('',#8655,1.);
#8655 = DIRECTION('',(-1.846120227598E-16,-0.221621103589,
    -0.975132855791));
#8656 = ORIENTED_EDGE('',*,*,#8657,.T.);
#8657 = EDGE_CURVE('',#8648,#7430,#8658,.T.);
#8658 = LINE('',#8659,#8660);
#8659 = CARTESIAN_POINT('',(11.63,-0.39,-2.));
#8660 = VECTOR('',#8661,1.);
#8661 = DIRECTION('',(1.110223024625E-16,-1.110223024625E-16,1.));
#8662 = ORIENTED_EDGE('',*,*,#7437,.F.);
#8663 = ORIENTED_EDGE('',*,*,#8626,.F.);
#8664 = ORIENTED_EDGE('',*,*,#8665,.F.);
#8665 = EDGE_CURVE('',#8666,#8619,#8668,.T.);
#8666 = VERTEX_POINT('',#8667);
#8667 = CARTESIAN_POINT('',(11.63,-1.14,-3.1));
#8668 = LINE('',#8669,#8670);
#8669 = CARTESIAN_POINT('',(11.63,-1.14,-3.1));
#8670 = VECTOR('',#8671,1.);
#8671 = DIRECTION('',(3.191096695399E-17,-0.221621103589,0.975132855791)
  );
#8672 = ORIENTED_EDGE('',*,*,#8673,.F.);
#8673 = EDGE_CURVE('',#8650,#8666,#8674,.T.);
#8674 = LINE('',#8675,#8676);
#8675 = CARTESIAN_POINT('',(11.63,-0.64,-3.1));
#8676 = VECTOR('',#8677,1.);
#8677 = DIRECTION('',(-3.445092848398E-16,-1.,-1.110223024625E-16));
#8678 = PLANE('',#8679);
#8679 = AXIS2_PLACEMENT_3D('',#8680,#8681,#8682);
#8680 = CARTESIAN_POINT('',(11.63,-0.89,-1.4573120637));
#8681 = DIRECTION('',(1.,-3.445092848398E-16,-1.148335774151E-16));
#8682 = DIRECTION('',(3.445092848398E-16,1.,4.379057701015E-47));
#8683 = ADVANCED_FACE('',(#8684),#8702,.T.);
#8684 = FACE_BOUND('',#8685,.T.);
#8685 = EDGE_LOOP('',(#8686,#8694,#8695,#8696));
#8686 = ORIENTED_EDGE('',*,*,#8687,.T.);
#8687 = EDGE_CURVE('',#8688,#8648,#8690,.T.);
#8688 = VERTEX_POINT('',#8689);
#8689 = CARTESIAN_POINT('',(11.73,-0.39,-2.));
#8690 = LINE('',#8691,#8692);
#8691 = CARTESIAN_POINT('',(11.73,-0.39,-2.));
#8692 = VECTOR('',#8693,1.);
#8693 = DIRECTION('',(-1.,2.334869823773E-16,1.665334536938E-16));
#8694 = ORIENTED_EDGE('',*,*,#8657,.T.);
#8695 = ORIENTED_EDGE('',*,*,#7429,.F.);
#8696 = ORIENTED_EDGE('',*,*,#8697,.F.);
#8697 = EDGE_CURVE('',#8688,#7422,#8698,.T.);
#8698 = LINE('',#8699,#8700);
#8699 = CARTESIAN_POINT('',(11.73,-0.39,-2.));
#8700 = VECTOR('',#8701,1.);
#8701 = DIRECTION('',(1.110223024625E-16,-1.110223024625E-16,1.));
#8702 = PLANE('',#8703);
#8703 = AXIS2_PLACEMENT_3D('',#8704,#8705,#8706);
#8704 = CARTESIAN_POINT('',(11.73,-0.39,-2.));
#8705 = DIRECTION('',(2.334869823773E-16,1.,1.110223024625E-16));
#8706 = DIRECTION('',(3.574525976783E-31,-1.110223024625E-16,1.));
#8707 = ADVANCED_FACE('',(#8708),#8735,.T.);
#8708 = FACE_BOUND('',#8709,.T.);
#8709 = EDGE_LOOP('',(#8710,#8718,#8719,#8720,#8721,#8729));
#8710 = ORIENTED_EDGE('',*,*,#8711,.F.);
#8711 = EDGE_CURVE('',#8688,#8712,#8714,.T.);
#8712 = VERTEX_POINT('',#8713);
#8713 = CARTESIAN_POINT('',(11.73,-0.64,-3.1));
#8714 = LINE('',#8715,#8716);
#8715 = CARTESIAN_POINT('',(11.73,-0.39,-2.));
#8716 = VECTOR('',#8717,1.);
#8717 = DIRECTION('',(-1.846120227598E-16,-0.221621103589,
    -0.975132855791));
#8718 = ORIENTED_EDGE('',*,*,#8697,.T.);
#8719 = ORIENTED_EDGE('',*,*,#7421,.F.);
#8720 = ORIENTED_EDGE('',*,*,#8633,.F.);
#8721 = ORIENTED_EDGE('',*,*,#8722,.F.);
#8722 = EDGE_CURVE('',#8723,#8617,#8725,.T.);
#8723 = VERTEX_POINT('',#8724);
#8724 = CARTESIAN_POINT('',(11.73,-1.14,-3.1));
#8725 = LINE('',#8726,#8727);
#8726 = CARTESIAN_POINT('',(11.73,-1.14,-3.1));
#8727 = VECTOR('',#8728,1.);
#8728 = DIRECTION('',(3.191096695399E-17,-0.221621103589,0.975132855791)
  );
#8729 = ORIENTED_EDGE('',*,*,#8730,.F.);
#8730 = EDGE_CURVE('',#8712,#8723,#8731,.T.);
#8731 = LINE('',#8732,#8733);
#8732 = CARTESIAN_POINT('',(11.73,-0.64,-3.1));
#8733 = VECTOR('',#8734,1.);
#8734 = DIRECTION('',(-3.445092848398E-16,-1.,-1.110223024625E-16));
#8735 = PLANE('',#8736);
#8736 = AXIS2_PLACEMENT_3D('',#8737,#8738,#8739);
#8737 = CARTESIAN_POINT('',(11.73,-0.89,-1.4573120637));
#8738 = DIRECTION('',(1.,-3.445092848398E-16,-1.148335774151E-16));
#8739 = DIRECTION('',(3.445092848398E-16,1.,4.379057701015E-47));
#8740 = ADVANCED_FACE('',(#8741),#8760,.T.);
#8741 = FACE_BOUND('',#8742,.T.);
#8742 = EDGE_LOOP('',(#8743,#8744,#8752,#8759));
#8743 = ORIENTED_EDGE('',*,*,#7445,.F.);
#8744 = ORIENTED_EDGE('',*,*,#8745,.T.);
#8745 = EDGE_CURVE('',#7446,#8746,#8748,.T.);
#8746 = VERTEX_POINT('',#8747);
#8747 = CARTESIAN_POINT('',(10.16,-6.609971592812,-3.18));
#8748 = LINE('',#8749,#8750);
#8749 = CARTESIAN_POINT('',(10.16,-6.609971592812,0.));
#8750 = VECTOR('',#8751,1.);
#8751 = DIRECTION('',(0.,0.,-1.));
#8752 = ORIENTED_EDGE('',*,*,#8753,.T.);
#8753 = EDGE_CURVE('',#8746,#8746,#8754,.T.);
#8754 = CIRCLE('',#8755,0.25);
#8755 = AXIS2_PLACEMENT_3D('',#8756,#8757,#8758);
#8756 = CARTESIAN_POINT('',(10.41,-6.609971592812,-3.18));
#8757 = DIRECTION('',(0.,0.,1.));
#8758 = DIRECTION('',(-1.,1.224646799147E-16,0.));
#8759 = ORIENTED_EDGE('',*,*,#8745,.F.);
#8760 = CYLINDRICAL_SURFACE('',#8761,0.25);
#8761 = AXIS2_PLACEMENT_3D('',#8762,#8763,#8764);
#8762 = CARTESIAN_POINT('',(10.41,-6.609971592812,0.));
#8763 = DIRECTION('',(0.,0.,1.));
#8764 = DIRECTION('',(-1.,1.224646799147E-16,0.));
#8765 = ADVANCED_FACE('',(#8766),#8772,.F.);
#8766 = FACE_BOUND('',#8767,.F.);
#8767 = EDGE_LOOP('',(#8768,#8769,#8770,#8771));
#8768 = ORIENTED_EDGE('',*,*,#7456,.T.);
#8769 = ORIENTED_EDGE('',*,*,#7466,.T.);
#8770 = ORIENTED_EDGE('',*,*,#7474,.F.);
#8771 = ORIENTED_EDGE('',*,*,#7482,.F.);
#8772 = PLANE('',#8773);
#8773 = AXIS2_PLACEMENT_3D('',#8774,#8775,#8776);
#8774 = CARTESIAN_POINT('',(6.925,5.,-3.330669073876E-17));
#8775 = DIRECTION('',(1.665334536938E-16,-4.505324145541E-31,1.));
#8776 = DIRECTION('',(-4.555315873023E-16,-1.,-3.74671166054E-31));
#8777 = ADVANCED_FACE('',(#8778),#8784,.F.);
#8778 = FACE_BOUND('',#8779,.F.);
#8779 = EDGE_LOOP('',(#8780,#8781,#8782,#8783));
#8780 = ORIENTED_EDGE('',*,*,#7490,.T.);
#8781 = ORIENTED_EDGE('',*,*,#7500,.T.);
#8782 = ORIENTED_EDGE('',*,*,#7508,.F.);
#8783 = ORIENTED_EDGE('',*,*,#7516,.F.);
#8784 = PLANE('',#8785);
#8785 = AXIS2_PLACEMENT_3D('',#8786,#8787,#8788);
#8786 = CARTESIAN_POINT('',(5.655,5.,-3.330669073876E-17));
#8787 = DIRECTION('',(1.665334536938E-16,-4.505324145541E-31,1.));
#8788 = DIRECTION('',(-4.555315873023E-16,-1.,-3.74671166054E-31));
#8789 = ADVANCED_FACE('',(#8790),#8796,.F.);
#8790 = FACE_BOUND('',#8791,.F.);
#8791 = EDGE_LOOP('',(#8792,#8793,#8794,#8795));
#8792 = ORIENTED_EDGE('',*,*,#7524,.T.);
#8793 = ORIENTED_EDGE('',*,*,#7534,.T.);
#8794 = ORIENTED_EDGE('',*,*,#7542,.F.);
#8795 = ORIENTED_EDGE('',*,*,#7550,.F.);
#8796 = PLANE('',#8797);
#8797 = AXIS2_PLACEMENT_3D('',#8798,#8799,#8800);
#8798 = CARTESIAN_POINT('',(4.385,5.,-3.330669073876E-17));
#8799 = DIRECTION('',(1.665334536938E-16,-4.505324145541E-31,1.));
#8800 = DIRECTION('',(-4.555315873023E-16,-1.,-3.74671166054E-31));
#8801 = ADVANCED_FACE('',(#8802),#8808,.F.);
#8802 = FACE_BOUND('',#8803,.F.);
#8803 = EDGE_LOOP('',(#8804,#8805,#8806,#8807));
#8804 = ORIENTED_EDGE('',*,*,#7576,.T.);
#8805 = ORIENTED_EDGE('',*,*,#7584,.T.);
#8806 = ORIENTED_EDGE('',*,*,#7558,.F.);
#8807 = ORIENTED_EDGE('',*,*,#7568,.F.);
#8808 = PLANE('',#8809);
#8809 = AXIS2_PLACEMENT_3D('',#8810,#8811,#8812);
#8810 = CARTESIAN_POINT('',(0.575,5.,-3.330669073876E-17));
#8811 = DIRECTION('',(1.665334536938E-16,-4.505324145541E-31,1.));
#8812 = DIRECTION('',(-4.555315873023E-16,-1.,-3.74671166054E-31));
#8813 = ADVANCED_FACE('',(#8814),#8820,.F.);
#8814 = FACE_BOUND('',#8815,.F.);
#8815 = EDGE_LOOP('',(#8816,#8817,#8818,#8819));
#8816 = ORIENTED_EDGE('',*,*,#7592,.T.);
#8817 = ORIENTED_EDGE('',*,*,#7602,.T.);
#8818 = ORIENTED_EDGE('',*,*,#7610,.F.);
#8819 = ORIENTED_EDGE('',*,*,#7618,.F.);
#8820 = PLANE('',#8821);
#8821 = AXIS2_PLACEMENT_3D('',#8822,#8823,#8824);
#8822 = CARTESIAN_POINT('',(1.845,5.,-3.330669073876E-17));
#8823 = DIRECTION('',(1.665334536938E-16,-4.505324145541E-31,1.));
#8824 = DIRECTION('',(-4.555315873023E-16,-1.,-3.74671166054E-31));
#8825 = ADVANCED_FACE('',(#8826),#8832,.F.);
#8826 = FACE_BOUND('',#8827,.F.);
#8827 = EDGE_LOOP('',(#8828,#8829,#8830,#8831));
#8828 = ORIENTED_EDGE('',*,*,#7636,.T.);
#8829 = ORIENTED_EDGE('',*,*,#7644,.T.);
#8830 = ORIENTED_EDGE('',*,*,#7652,.F.);
#8831 = ORIENTED_EDGE('',*,*,#7626,.F.);
#8832 = PLANE('',#8833);
#8833 = AXIS2_PLACEMENT_3D('',#8834,#8835,#8836);
#8834 = CARTESIAN_POINT('',(3.115,5.,-3.330669073876E-17));
#8835 = DIRECTION('',(1.665334536938E-16,-4.505324145541E-31,1.));
#8836 = DIRECTION('',(-4.555315873023E-16,-1.,-3.74671166054E-31));
#8837 = ADVANCED_FACE('',(#8838),#8857,.T.);
#8838 = FACE_BOUND('',#8839,.T.);
#8839 = EDGE_LOOP('',(#8840,#8841,#8849,#8856));
#8840 = ORIENTED_EDGE('',*,*,#7660,.F.);
#8841 = ORIENTED_EDGE('',*,*,#8842,.T.);
#8842 = EDGE_CURVE('',#7661,#8843,#8845,.T.);
#8843 = VERTEX_POINT('',#8844);
#8844 = CARTESIAN_POINT('',(5.83,8.881784197001E-16,-2.54));
#8845 = LINE('',#8846,#8847);
#8846 = CARTESIAN_POINT('',(5.83,8.881784197001E-16,0.));
#8847 = VECTOR('',#8848,1.);
#8848 = DIRECTION('',(0.,0.,-1.));
#8849 = ORIENTED_EDGE('',*,*,#8850,.T.);
#8850 = EDGE_CURVE('',#8843,#8843,#8851,.T.);
#8851 = CIRCLE('',#8852,0.25);
#8852 = AXIS2_PLACEMENT_3D('',#8853,#8854,#8855);
#8853 = CARTESIAN_POINT('',(6.08,8.881784197001E-16,-2.54));
#8854 = DIRECTION('',(0.,0.,1.));
#8855 = DIRECTION('',(-1.,1.224646799147E-16,0.));
#8856 = ORIENTED_EDGE('',*,*,#8842,.F.);
#8857 = CYLINDRICAL_SURFACE('',#8858,0.25);
#8858 = AXIS2_PLACEMENT_3D('',#8859,#8860,#8861);
#8859 = CARTESIAN_POINT('',(6.08,8.881784197001E-16,0.));
#8860 = DIRECTION('',(0.,0.,1.));
#8861 = DIRECTION('',(-1.,1.224646799147E-16,0.));
#8862 = ADVANCED_FACE('',(#8863),#8882,.T.);
#8863 = FACE_BOUND('',#8864,.T.);
#8864 = EDGE_LOOP('',(#8865,#8866,#8874,#8881));
#8865 = ORIENTED_EDGE('',*,*,#7671,.F.);
#8866 = ORIENTED_EDGE('',*,*,#8867,.T.);
#8867 = EDGE_CURVE('',#7672,#8868,#8870,.T.);
#8868 = VERTEX_POINT('',#8869);
#8869 = CARTESIAN_POINT('',(3.8,8.881784197001E-16,-2.54));
#8870 = LINE('',#8871,#8872);
#8871 = CARTESIAN_POINT('',(3.8,8.881784197001E-16,0.));
#8872 = VECTOR('',#8873,1.);
#8873 = DIRECTION('',(0.,0.,-1.));
#8874 = ORIENTED_EDGE('',*,*,#8875,.T.);
#8875 = EDGE_CURVE('',#8868,#8868,#8876,.T.);
#8876 = CIRCLE('',#8877,0.25);
#8877 = AXIS2_PLACEMENT_3D('',#8878,#8879,#8880);
#8878 = CARTESIAN_POINT('',(4.05,8.881784197001E-16,-2.54));
#8879 = DIRECTION('',(0.,0.,1.));
#8880 = DIRECTION('',(-1.,1.224646799147E-16,0.));
#8881 = ORIENTED_EDGE('',*,*,#8867,.F.);
#8882 = CYLINDRICAL_SURFACE('',#8883,0.25);
#8883 = AXIS2_PLACEMENT_3D('',#8884,#8885,#8886);
#8884 = CARTESIAN_POINT('',(4.05,8.881784197001E-16,0.));
#8885 = DIRECTION('',(0.,0.,1.));
#8886 = DIRECTION('',(-1.,1.224646799147E-16,0.));
#8887 = ADVANCED_FACE('',(#8888),#8907,.T.);
#8888 = FACE_BOUND('',#8889,.T.);
#8889 = EDGE_LOOP('',(#8890,#8891,#8899,#8906));
#8890 = ORIENTED_EDGE('',*,*,#7682,.F.);
#8891 = ORIENTED_EDGE('',*,*,#8892,.T.);
#8892 = EDGE_CURVE('',#7683,#8893,#8895,.T.);
#8893 = VERTEX_POINT('',#8894);
#8894 = CARTESIAN_POINT('',(-0.26,1.7763568394E-15,-2.54));
#8895 = LINE('',#8896,#8897);
#8896 = CARTESIAN_POINT('',(-0.26,1.7763568394E-15,0.));
#8897 = VECTOR('',#8898,1.);
#8898 = DIRECTION('',(0.,0.,-1.));
#8899 = ORIENTED_EDGE('',*,*,#8900,.T.);
#8900 = EDGE_CURVE('',#8893,#8893,#8901,.T.);
#8901 = CIRCLE('',#8902,0.25);
#8902 = AXIS2_PLACEMENT_3D('',#8903,#8904,#8905);
#8903 = CARTESIAN_POINT('',(-1.E-02,1.7763568394E-15,-2.54));
#8904 = DIRECTION('',(0.,0.,1.));
#8905 = DIRECTION('',(-1.,1.224646799147E-16,0.));
#8906 = ORIENTED_EDGE('',*,*,#8892,.F.);
#8907 = CYLINDRICAL_SURFACE('',#8908,0.25);
#8908 = AXIS2_PLACEMENT_3D('',#8909,#8910,#8911);
#8909 = CARTESIAN_POINT('',(-1.E-02,1.7763568394E-15,0.));
#8910 = DIRECTION('',(0.,0.,1.));
#8911 = DIRECTION('',(-1.,1.224646799147E-16,0.));
#8912 = ADVANCED_FACE('',(#8913),#8932,.T.);
#8913 = FACE_BOUND('',#8914,.T.);
#8914 = EDGE_LOOP('',(#8915,#8916,#8924,#8931));
#8915 = ORIENTED_EDGE('',*,*,#7693,.F.);
#8916 = ORIENTED_EDGE('',*,*,#8917,.T.);
#8917 = EDGE_CURVE('',#7694,#8918,#8920,.T.);
#8918 = VERTEX_POINT('',#8919);
#8919 = CARTESIAN_POINT('',(1.77,8.881784197001E-16,-2.54));
#8920 = LINE('',#8921,#8922);
#8921 = CARTESIAN_POINT('',(1.77,8.881784197001E-16,0.));
#8922 = VECTOR('',#8923,1.);
#8923 = DIRECTION('',(0.,0.,-1.));
#8924 = ORIENTED_EDGE('',*,*,#8925,.T.);
#8925 = EDGE_CURVE('',#8918,#8918,#8926,.T.);
#8926 = CIRCLE('',#8927,0.25);
#8927 = AXIS2_PLACEMENT_3D('',#8928,#8929,#8930);
#8928 = CARTESIAN_POINT('',(2.02,8.881784197001E-16,-2.54));
#8929 = DIRECTION('',(0.,0.,1.));
#8930 = DIRECTION('',(-1.,1.224646799147E-16,0.));
#8931 = ORIENTED_EDGE('',*,*,#8917,.F.);
#8932 = CYLINDRICAL_SURFACE('',#8933,0.25);
#8933 = AXIS2_PLACEMENT_3D('',#8934,#8935,#8936);
#8934 = CARTESIAN_POINT('',(2.02,8.881784197001E-16,0.));
#8935 = DIRECTION('',(0.,0.,1.));
#8936 = DIRECTION('',(-1.,1.224646799147E-16,0.));
#8937 = ADVANCED_FACE('',(#8938),#8944,.F.);
#8938 = FACE_BOUND('',#8939,.F.);
#8939 = EDGE_LOOP('',(#8940,#8941,#8942,#8943));
#8940 = ORIENTED_EDGE('',*,*,#7704,.T.);
#8941 = ORIENTED_EDGE('',*,*,#7714,.T.);
#8942 = ORIENTED_EDGE('',*,*,#7722,.F.);
#8943 = ORIENTED_EDGE('',*,*,#7730,.F.);
#8944 = PLANE('',#8945);
#8945 = AXIS2_PLACEMENT_3D('',#8946,#8947,#8948);
#8946 = CARTESIAN_POINT('',(8.195,5.,-3.330669073876E-17));
#8947 = DIRECTION('',(1.665334536938E-16,-4.505324145541E-31,1.));
#8948 = DIRECTION('',(-4.555315873023E-16,-1.,-3.74671166054E-31));
#8949 = ADVANCED_FACE('',(#8950),#9037,.T.);
#8950 = FACE_BOUND('',#8951,.T.);
#8951 = EDGE_LOOP('',(#8952,#8960,#8961,#8962,#8971,#8979,#8988,#8996,
    #9005,#9013,#9022,#9030));
#8952 = ORIENTED_EDGE('',*,*,#8953,.F.);
#8953 = EDGE_CURVE('',#7739,#8954,#8956,.T.);
#8954 = VERTEX_POINT('',#8955);
#8955 = CARTESIAN_POINT('',(8.275,2.54,-0.1));
#8956 = LINE('',#8957,#8958);
#8957 = CARTESIAN_POINT('',(8.275,2.54,0.));
#8958 = VECTOR('',#8959,1.);
#8959 = DIRECTION('',(0.,0.,-1.));
#8960 = ORIENTED_EDGE('',*,*,#7738,.F.);
#8961 = ORIENTED_EDGE('',*,*,#8953,.T.);
#8962 = ORIENTED_EDGE('',*,*,#8963,.T.);
#8963 = EDGE_CURVE('',#8954,#8964,#8966,.T.);
#8964 = VERTEX_POINT('',#8965);
#8965 = CARTESIAN_POINT('',(8.313139892744,2.19,-0.1));
#8966 = CIRCLE('',#8967,1.625);
#8967 = AXIS2_PLACEMENT_3D('',#8968,#8969,#8970);
#8968 = CARTESIAN_POINT('',(9.9,2.54,-0.1));
#8969 = DIRECTION('',(0.,0.,1.));
#8970 = DIRECTION('',(-1.,1.224646799147E-16,0.));
#8971 = ORIENTED_EDGE('',*,*,#8972,.F.);
#8972 = EDGE_CURVE('',#8973,#8964,#8975,.T.);
#8973 = VERTEX_POINT('',#8974);
#8974 = CARTESIAN_POINT('',(8.313139892744,2.19,-3.1));
#8975 = LINE('',#8976,#8977);
#8976 = CARTESIAN_POINT('',(8.313139892744,2.19,0.));
#8977 = VECTOR('',#8978,1.);
#8978 = DIRECTION('',(0.,0.,1.));
#8979 = ORIENTED_EDGE('',*,*,#8980,.T.);
#8980 = EDGE_CURVE('',#8973,#8981,#8983,.T.);
#8981 = VERTEX_POINT('',#8982);
#8982 = CARTESIAN_POINT('',(11.486860107256,2.19,-3.1));
#8983 = CIRCLE('',#8984,1.625);
#8984 = AXIS2_PLACEMENT_3D('',#8985,#8986,#8987);
#8985 = CARTESIAN_POINT('',(9.9,2.54,-3.1));
#8986 = DIRECTION('',(0.,0.,1.));
#8987 = DIRECTION('',(-1.,1.224646799147E-16,0.));
#8988 = ORIENTED_EDGE('',*,*,#8989,.T.);
#8989 = EDGE_CURVE('',#8981,#8990,#8992,.T.);
#8990 = VERTEX_POINT('',#8991);
#8991 = CARTESIAN_POINT('',(11.486860107256,2.19,-0.1));
#8992 = LINE('',#8993,#8994);
#8993 = CARTESIAN_POINT('',(11.486860107256,2.19,0.));
#8994 = VECTOR('',#8995,1.);
#8995 = DIRECTION('',(0.,0.,1.));
#8996 = ORIENTED_EDGE('',*,*,#8997,.T.);
#8997 = EDGE_CURVE('',#8990,#8998,#9000,.T.);
#8998 = VERTEX_POINT('',#8999);
#8999 = CARTESIAN_POINT('',(11.518062112528,2.69,-0.1));
#9000 = CIRCLE('',#9001,1.625);
#9001 = AXIS2_PLACEMENT_3D('',#9002,#9003,#9004);
#9002 = CARTESIAN_POINT('',(9.9,2.54,-0.1));
#9003 = DIRECTION('',(0.,0.,1.));
#9004 = DIRECTION('',(-1.,1.224646799147E-16,0.));
#9005 = ORIENTED_EDGE('',*,*,#9006,.F.);
#9006 = EDGE_CURVE('',#9007,#8998,#9009,.T.);
#9007 = VERTEX_POINT('',#9008);
#9008 = CARTESIAN_POINT('',(11.518062112528,2.69,-3.1));
#9009 = LINE('',#9010,#9011);
#9010 = CARTESIAN_POINT('',(11.518062112528,2.69,0.));
#9011 = VECTOR('',#9012,1.);
#9012 = DIRECTION('',(0.,0.,1.));
#9013 = ORIENTED_EDGE('',*,*,#9014,.T.);
#9014 = EDGE_CURVE('',#9007,#9015,#9017,.T.);
#9015 = VERTEX_POINT('',#9016);
#9016 = CARTESIAN_POINT('',(8.281937887472,2.69,-3.1));
#9017 = CIRCLE('',#9018,1.625);
#9018 = AXIS2_PLACEMENT_3D('',#9019,#9020,#9021);
#9019 = CARTESIAN_POINT('',(9.9,2.54,-3.1));
#9020 = DIRECTION('',(0.,0.,1.));
#9021 = DIRECTION('',(-1.,1.224646799147E-16,0.));
#9022 = ORIENTED_EDGE('',*,*,#9023,.T.);
#9023 = EDGE_CURVE('',#9015,#9024,#9026,.T.);
#9024 = VERTEX_POINT('',#9025);
#9025 = CARTESIAN_POINT('',(8.281937887472,2.69,-0.1));
#9026 = LINE('',#9027,#9028);
#9027 = CARTESIAN_POINT('',(8.281937887472,2.69,0.));
#9028 = VECTOR('',#9029,1.);
#9029 = DIRECTION('',(0.,0.,1.));
#9030 = ORIENTED_EDGE('',*,*,#9031,.T.);
#9031 = EDGE_CURVE('',#9024,#8954,#9032,.T.);
#9032 = CIRCLE('',#9033,1.625);
#9033 = AXIS2_PLACEMENT_3D('',#9034,#9035,#9036);
#9034 = CARTESIAN_POINT('',(9.9,2.54,-0.1));
#9035 = DIRECTION('',(0.,0.,1.));
#9036 = DIRECTION('',(-1.,1.224646799147E-16,0.));
#9037 = CYLINDRICAL_SURFACE('',#9038,1.625);
#9038 = AXIS2_PLACEMENT_3D('',#9039,#9040,#9041);
#9039 = CARTESIAN_POINT('',(9.9,2.54,0.));
#9040 = DIRECTION('',(0.,0.,1.));
#9041 = DIRECTION('',(-1.,1.224646799147E-16,0.));
#9042 = ADVANCED_FACE('',(#9043),#9130,.T.);
#9043 = FACE_BOUND('',#9044,.T.);
#9044 = EDGE_LOOP('',(#9045,#9053,#9054,#9055,#9064,#9072,#9081,#9089,
    #9098,#9106,#9115,#9123));
#9045 = ORIENTED_EDGE('',*,*,#9046,.F.);
#9046 = EDGE_CURVE('',#7750,#9047,#9049,.T.);
#9047 = VERTEX_POINT('',#9048);
#9048 = CARTESIAN_POINT('',(-4.425,2.54,-0.1));
#9049 = LINE('',#9050,#9051);
#9050 = CARTESIAN_POINT('',(-4.425,2.54,0.));
#9051 = VECTOR('',#9052,1.);
#9052 = DIRECTION('',(0.,0.,-1.));
#9053 = ORIENTED_EDGE('',*,*,#7749,.F.);
#9054 = ORIENTED_EDGE('',*,*,#9046,.T.);
#9055 = ORIENTED_EDGE('',*,*,#9056,.T.);
#9056 = EDGE_CURVE('',#9047,#9057,#9059,.T.);
#9057 = VERTEX_POINT('',#9058);
#9058 = CARTESIAN_POINT('',(-4.386860107256,2.19,-0.1));
#9059 = CIRCLE('',#9060,1.625);
#9060 = AXIS2_PLACEMENT_3D('',#9061,#9062,#9063);
#9061 = CARTESIAN_POINT('',(-2.8,2.54,-0.1));
#9062 = DIRECTION('',(0.,0.,1.));
#9063 = DIRECTION('',(-1.,1.224646799147E-16,0.));
#9064 = ORIENTED_EDGE('',*,*,#9065,.F.);
#9065 = EDGE_CURVE('',#9066,#9057,#9068,.T.);
#9066 = VERTEX_POINT('',#9067);
#9067 = CARTESIAN_POINT('',(-4.386860107256,2.19,-3.1));
#9068 = LINE('',#9069,#9070);
#9069 = CARTESIAN_POINT('',(-4.386860107256,2.19,0.));
#9070 = VECTOR('',#9071,1.);
#9071 = DIRECTION('',(0.,0.,1.));
#9072 = ORIENTED_EDGE('',*,*,#9073,.T.);
#9073 = EDGE_CURVE('',#9066,#9074,#9076,.T.);
#9074 = VERTEX_POINT('',#9075);
#9075 = CARTESIAN_POINT('',(-1.213139892744,2.19,-3.1));
#9076 = CIRCLE('',#9077,1.625);
#9077 = AXIS2_PLACEMENT_3D('',#9078,#9079,#9080);
#9078 = CARTESIAN_POINT('',(-2.8,2.54,-3.1));
#9079 = DIRECTION('',(0.,0.,1.));
#9080 = DIRECTION('',(-1.,1.224646799147E-16,0.));
#9081 = ORIENTED_EDGE('',*,*,#9082,.T.);
#9082 = EDGE_CURVE('',#9074,#9083,#9085,.T.);
#9083 = VERTEX_POINT('',#9084);
#9084 = CARTESIAN_POINT('',(-1.213139892744,2.19,-0.1));
#9085 = LINE('',#9086,#9087);
#9086 = CARTESIAN_POINT('',(-1.213139892744,2.19,0.));
#9087 = VECTOR('',#9088,1.);
#9088 = DIRECTION('',(0.,0.,1.));
#9089 = ORIENTED_EDGE('',*,*,#9090,.T.);
#9090 = EDGE_CURVE('',#9083,#9091,#9093,.T.);
#9091 = VERTEX_POINT('',#9092);
#9092 = CARTESIAN_POINT('',(-1.181937887472,2.69,-0.1));
#9093 = CIRCLE('',#9094,1.625);
#9094 = AXIS2_PLACEMENT_3D('',#9095,#9096,#9097);
#9095 = CARTESIAN_POINT('',(-2.8,2.54,-0.1));
#9096 = DIRECTION('',(0.,0.,1.));
#9097 = DIRECTION('',(-1.,1.224646799147E-16,0.));
#9098 = ORIENTED_EDGE('',*,*,#9099,.F.);
#9099 = EDGE_CURVE('',#9100,#9091,#9102,.T.);
#9100 = VERTEX_POINT('',#9101);
#9101 = CARTESIAN_POINT('',(-1.181937887472,2.69,-3.1));
#9102 = LINE('',#9103,#9104);
#9103 = CARTESIAN_POINT('',(-1.181937887472,2.69,0.));
#9104 = VECTOR('',#9105,1.);
#9105 = DIRECTION('',(0.,0.,1.));
#9106 = ORIENTED_EDGE('',*,*,#9107,.T.);
#9107 = EDGE_CURVE('',#9100,#9108,#9110,.T.);
#9108 = VERTEX_POINT('',#9109);
#9109 = CARTESIAN_POINT('',(-4.418062112528,2.69,-3.1));
#9110 = CIRCLE('',#9111,1.625);
#9111 = AXIS2_PLACEMENT_3D('',#9112,#9113,#9114);
#9112 = CARTESIAN_POINT('',(-2.8,2.54,-3.1));
#9113 = DIRECTION('',(0.,0.,1.));
#9114 = DIRECTION('',(-1.,1.224646799147E-16,0.));
#9115 = ORIENTED_EDGE('',*,*,#9116,.T.);
#9116 = EDGE_CURVE('',#9108,#9117,#9119,.T.);
#9117 = VERTEX_POINT('',#9118);
#9118 = CARTESIAN_POINT('',(-4.418062112528,2.69,-0.1));
#9119 = LINE('',#9120,#9121);
#9120 = CARTESIAN_POINT('',(-4.418062112528,2.69,0.));
#9121 = VECTOR('',#9122,1.);
#9122 = DIRECTION('',(0.,0.,1.));
#9123 = ORIENTED_EDGE('',*,*,#9124,.T.);
#9124 = EDGE_CURVE('',#9117,#9047,#9125,.T.);
#9125 = CIRCLE('',#9126,1.625);
#9126 = AXIS2_PLACEMENT_3D('',#9127,#9128,#9129);
#9127 = CARTESIAN_POINT('',(-2.8,2.54,-0.1));
#9128 = DIRECTION('',(0.,0.,1.));
#9129 = DIRECTION('',(-1.,1.224646799147E-16,0.));
#9130 = CYLINDRICAL_SURFACE('',#9131,1.625);
#9131 = AXIS2_PLACEMENT_3D('',#9132,#9133,#9134);
#9132 = CARTESIAN_POINT('',(-2.8,2.54,0.));
#9133 = DIRECTION('',(0.,0.,1.));
#9134 = DIRECTION('',(-1.,1.224646799147E-16,0.));
#9135 = ADVANCED_FACE('',(#9136),#9142,.F.);
#9136 = FACE_BOUND('',#9137,.F.);
#9137 = EDGE_LOOP('',(#9138,#9139,#9140,#9141));
#9138 = ORIENTED_EDGE('',*,*,#7770,.T.);
#9139 = ORIENTED_EDGE('',*,*,#7778,.T.);
#9140 = ORIENTED_EDGE('',*,*,#7786,.F.);
#9141 = ORIENTED_EDGE('',*,*,#7760,.F.);
#9142 = PLANE('',#9143);
#9143 = AXIS2_PLACEMENT_3D('',#9144,#9145,#9146);
#9144 = CARTESIAN_POINT('',(-0.695,5.,-3.330669073876E-17));
#9145 = DIRECTION('',(1.665334536938E-16,-4.505324145541E-31,1.));
#9146 = DIRECTION('',(-4.555315873023E-16,-1.,-3.74671166054E-31));
#9147 = ADVANCED_FACE('',(#9148),#9173,.T.);
#9148 = FACE_BOUND('',#9149,.T.);
#9149 = EDGE_LOOP('',(#9150,#9160,#9166,#9167));
#9150 = ORIENTED_EDGE('',*,*,#9151,.T.);
#9151 = EDGE_CURVE('',#9152,#9154,#9156,.T.);
#9152 = VERTEX_POINT('',#9153);
#9153 = CARTESIAN_POINT('',(7.005,8.3,10.7));
#9154 = VERTEX_POINT('',#9155);
#9155 = CARTESIAN_POINT('',(11.105,8.3,10.7));
#9156 = LINE('',#9157,#9158);
#9157 = CARTESIAN_POINT('',(6.805,8.3,10.7));
#9158 = VECTOR('',#9159,1.);
#9159 = DIRECTION('',(1.,-1.224646799147E-16,0.));
#9160 = ORIENTED_EDGE('',*,*,#9161,.T.);
#9161 = EDGE_CURVE('',#9154,#7842,#9162,.T.);
#9162 = LINE('',#9163,#9164);
#9163 = CARTESIAN_POINT('',(10.455,8.95,11.35));
#9164 = VECTOR('',#9165,1.);
#9165 = DIRECTION('',(0.57735026919,-0.57735026919,-0.57735026919));
#9166 = ORIENTED_EDGE('',*,*,#7841,.F.);
#9167 = ORIENTED_EDGE('',*,*,#9168,.F.);
#9168 = EDGE_CURVE('',#9152,#7834,#9169,.T.);
#9169 = LINE('',#9170,#9171);
#9170 = CARTESIAN_POINT('',(7.238333333333,8.533333333333,
    10.933333333333));
#9171 = VECTOR('',#9172,1.);
#9172 = DIRECTION('',(-0.57735026919,-0.57735026919,-0.57735026919));
#9173 = PLANE('',#9174);
#9174 = AXIS2_PLACEMENT_3D('',#9175,#9176,#9177);
#9175 = CARTESIAN_POINT('',(6.805,8.2,10.6));
#9176 = DIRECTION('',(8.659560562349E-17,0.707106781187,-0.707106781187)
  );
#9177 = DIRECTION('',(1.,-1.224646799147E-16,-2.105273685727E-29));
#9178 = ADVANCED_FACE('',(#9179),#9197,.T.);
#9179 = FACE_BOUND('',#9180,.T.);
#9180 = EDGE_LOOP('',(#9181,#9182,#9190,#9196));
#9181 = ORIENTED_EDGE('',*,*,#9161,.F.);
#9182 = ORIENTED_EDGE('',*,*,#9183,.T.);
#9183 = EDGE_CURVE('',#9154,#9184,#9186,.T.);
#9184 = VERTEX_POINT('',#9185);
#9185 = CARTESIAN_POINT('',(11.105,8.3,12.7));
#9186 = LINE('',#9187,#9188);
#9187 = CARTESIAN_POINT('',(11.105,8.3,10.7));
#9188 = VECTOR('',#9189,1.);
#9189 = DIRECTION('',(-8.157786440681E-32,-6.661338147751E-16,1.));
#9190 = ORIENTED_EDGE('',*,*,#9191,.T.);
#9191 = EDGE_CURVE('',#9184,#7865,#9192,.T.);
#9192 = LINE('',#9193,#9194);
#9193 = CARTESIAN_POINT('',(10.871666666667,8.533333333333,
    12.466666666667));
#9194 = VECTOR('',#9195,1.);
#9195 = DIRECTION('',(0.57735026919,-0.57735026919,0.57735026919));
#9196 = ORIENTED_EDGE('',*,*,#7864,.F.);
#9197 = PLANE('',#9198);
#9198 = AXIS2_PLACEMENT_3D('',#9199,#9200,#9201);
#9199 = CARTESIAN_POINT('',(11.205,8.2,10.7));
#9200 = DIRECTION('',(0.707106781187,0.707106781187,4.693843466641E-16)
  );
#9201 = DIRECTION('',(1.162052878549E-18,-6.649717618966E-16,1.));
#9202 = ADVANCED_FACE('',(#9203),#9221,.T.);
#9203 = FACE_BOUND('',#9204,.F.);
#9204 = EDGE_LOOP('',(#9205,#9213,#9214,#9215));
#9205 = ORIENTED_EDGE('',*,*,#9206,.F.);
#9206 = EDGE_CURVE('',#9184,#9207,#9209,.T.);
#9207 = VERTEX_POINT('',#9208);
#9208 = CARTESIAN_POINT('',(7.005,8.3,12.7));
#9209 = LINE('',#9210,#9211);
#9210 = CARTESIAN_POINT('',(11.305,8.3,12.7));
#9211 = VECTOR('',#9212,1.);
#9212 = DIRECTION('',(-1.,1.224646799147E-16,0.));
#9213 = ORIENTED_EDGE('',*,*,#9191,.T.);
#9214 = ORIENTED_EDGE('',*,*,#7889,.T.);
#9215 = ORIENTED_EDGE('',*,*,#9216,.F.);
#9216 = EDGE_CURVE('',#9207,#7890,#9217,.T.);
#9217 = LINE('',#9218,#9219);
#9218 = CARTESIAN_POINT('',(7.655,8.95,12.05));
#9219 = VECTOR('',#9220,1.);
#9220 = DIRECTION('',(-0.57735026919,-0.57735026919,0.57735026919));
#9221 = PLANE('',#9222);
#9222 = AXIS2_PLACEMENT_3D('',#9223,#9224,#9225);
#9223 = CARTESIAN_POINT('',(11.305,8.2,12.8));
#9224 = DIRECTION('',(8.659560562349E-17,0.707106781187,0.707106781187)
  );
#9225 = DIRECTION('',(1.,-1.224646799147E-16,2.105273685727E-29));
#9226 = ADVANCED_FACE('',(#9227),#9238,.T.);
#9227 = FACE_BOUND('',#9228,.T.);
#9228 = EDGE_LOOP('',(#9229,#9230,#9236,#9237));
#9229 = ORIENTED_EDGE('',*,*,#9216,.F.);
#9230 = ORIENTED_EDGE('',*,*,#9231,.T.);
#9231 = EDGE_CURVE('',#9207,#9152,#9232,.T.);
#9232 = LINE('',#9233,#9234);
#9233 = CARTESIAN_POINT('',(7.005,8.3,12.7));
#9234 = VECTOR('',#9235,1.);
#9235 = DIRECTION('',(8.157786440681E-32,6.661338147751E-16,-1.));
#9236 = ORIENTED_EDGE('',*,*,#9168,.T.);
#9237 = ORIENTED_EDGE('',*,*,#7912,.F.);
#9238 = PLANE('',#9239);
#9239 = AXIS2_PLACEMENT_3D('',#9240,#9241,#9242);
#9240 = CARTESIAN_POINT('',(6.905,8.2,12.7));
#9241 = DIRECTION('',(-0.707106781187,0.707106781187,4.711197638908E-16)
  );
#9242 = DIRECTION('',(-6.507241066169E-20,6.661988871857E-16,-1.));
#9243 = ADVANCED_FACE('',(#9244,#9310,#9344,#9378,#9412,#9446,#9480,
    #9514,#9548),#9582,.T.);
#9244 = FACE_BOUND('',#9245,.T.);
#9245 = EDGE_LOOP('',(#9246,#9254,#9262,#9268,#9269,#9270,#9278,#9286,
    #9294,#9302,#9308,#9309));
#9246 = ORIENTED_EDGE('',*,*,#9247,.F.);
#9247 = EDGE_CURVE('',#9248,#7947,#9250,.T.);
#9248 = VERTEX_POINT('',#9249);
#9249 = CARTESIAN_POINT('',(9.355,-2.5,2.55));
#9250 = LINE('',#9251,#9252);
#9251 = CARTESIAN_POINT('',(9.355,-2.5,2.55));
#9252 = VECTOR('',#9253,1.);
#9253 = DIRECTION('',(-2.719262146894E-32,-2.22044604925E-16,1.));
#9254 = ORIENTED_EDGE('',*,*,#9255,.F.);
#9255 = EDGE_CURVE('',#9256,#9248,#9258,.T.);
#9256 = VERTEX_POINT('',#9257);
#9257 = CARTESIAN_POINT('',(-2.255,-2.5,2.55));
#9258 = LINE('',#9259,#9260);
#9259 = CARTESIAN_POINT('',(-2.255,-2.5,2.55));
#9260 = VECTOR('',#9261,1.);
#9261 = DIRECTION('',(1.,-1.224646799147E-16,0.));
#9262 = ORIENTED_EDGE('',*,*,#9263,.F.);
#9263 = EDGE_CURVE('',#8187,#9256,#9264,.T.);
#9264 = LINE('',#9265,#9266);
#9265 = CARTESIAN_POINT('',(-2.255,-2.5,10.75));
#9266 = VECTOR('',#9267,1.);
#9267 = DIRECTION('',(2.719262146894E-32,2.22044604925E-16,-1.));
#9268 = ORIENTED_EDGE('',*,*,#8186,.F.);
#9269 = ORIENTED_EDGE('',*,*,#8162,.F.);
#9270 = ORIENTED_EDGE('',*,*,#9271,.F.);
#9271 = EDGE_CURVE('',#9272,#8155,#9274,.T.);
#9272 = VERTEX_POINT('',#9273);
#9273 = CARTESIAN_POINT('',(0.55,-2.5,10.75));
#9274 = LINE('',#9275,#9276);
#9275 = CARTESIAN_POINT('',(0.55,-2.5,10.75));
#9276 = VECTOR('',#9277,1.);
#9277 = DIRECTION('',(-1.,1.224646799147E-16,0.));
#9278 = ORIENTED_EDGE('',*,*,#9279,.F.);
#9279 = EDGE_CURVE('',#9280,#9272,#9282,.T.);
#9280 = VERTEX_POINT('',#9281);
#9281 = CARTESIAN_POINT('',(0.55,-2.5,12.91));
#9282 = LINE('',#9283,#9284);
#9283 = CARTESIAN_POINT('',(0.55,-2.5,12.91));
#9284 = VECTOR('',#9285,1.);
#9285 = DIRECTION('',(2.719262146894E-32,2.22044604925E-16,-1.));
#9286 = ORIENTED_EDGE('',*,*,#9287,.F.);
#9287 = EDGE_CURVE('',#9288,#9280,#9290,.T.);
#9288 = VERTEX_POINT('',#9289);
#9289 = CARTESIAN_POINT('',(6.55,-2.5,12.91));
#9290 = LINE('',#9291,#9292);
#9291 = CARTESIAN_POINT('',(6.55,-2.5,12.91));
#9292 = VECTOR('',#9293,1.);
#9293 = DIRECTION('',(-1.,1.224646799147E-16,0.));
#9294 = ORIENTED_EDGE('',*,*,#9295,.F.);
#9295 = EDGE_CURVE('',#9296,#9288,#9298,.T.);
#9296 = VERTEX_POINT('',#9297);
#9297 = CARTESIAN_POINT('',(6.55,-2.5,10.75));
#9298 = LINE('',#9299,#9300);
#9299 = CARTESIAN_POINT('',(6.55,-2.5,10.75));
#9300 = VECTOR('',#9301,1.);
#9301 = DIRECTION('',(-2.719262146894E-32,-2.22044604925E-16,1.));
#9302 = ORIENTED_EDGE('',*,*,#9303,.F.);
#9303 = EDGE_CURVE('',#8003,#9296,#9304,.T.);
#9304 = LINE('',#9305,#9306);
#9305 = CARTESIAN_POINT('',(9.355,-2.5,10.75));
#9306 = VECTOR('',#9307,1.);
#9307 = DIRECTION('',(-1.,1.224646799147E-16,0.));
#9308 = ORIENTED_EDGE('',*,*,#8002,.F.);
#9309 = ORIENTED_EDGE('',*,*,#7954,.F.);
#9310 = FACE_BOUND('',#9311,.T.);
#9311 = EDGE_LOOP('',(#9312,#9322,#9330,#9338));
#9312 = ORIENTED_EDGE('',*,*,#9313,.F.);
#9313 = EDGE_CURVE('',#9314,#9316,#9318,.T.);
#9314 = VERTEX_POINT('',#9315);
#9315 = CARTESIAN_POINT('',(-1.095,-2.5,8.167047035301));
#9316 = VERTEX_POINT('',#9317);
#9317 = CARTESIAN_POINT('',(-1.095,-2.5,8.464687332487));
#9318 = LINE('',#9319,#9320);
#9319 = CARTESIAN_POINT('',(-1.095,-2.5,1.275));
#9320 = VECTOR('',#9321,1.);
#9321 = DIRECTION('',(1.110221491137E-16,-2.166288828537E-16,1.));
#9322 = ORIENTED_EDGE('',*,*,#9323,.T.);
#9323 = EDGE_CURVE('',#9314,#9324,#9326,.T.);
#9324 = VERTEX_POINT('',#9325);
#9325 = CARTESIAN_POINT('',(-0.695,-2.5,8.167047035301));
#9326 = LINE('',#9327,#9328);
#9327 = CARTESIAN_POINT('',(4.33,-2.5,8.167047035301));
#9328 = VECTOR('',#9329,1.);
#9329 = DIRECTION('',(1.,-1.224646799147E-16,-2.326241026842E-16));
#9330 = ORIENTED_EDGE('',*,*,#9331,.T.);
#9331 = EDGE_CURVE('',#9324,#9332,#9334,.T.);
#9332 = VERTEX_POINT('',#9333);
#9333 = CARTESIAN_POINT('',(-0.695,-2.5,8.464687332487));
#9334 = LINE('',#9335,#9336);
#9335 = CARTESIAN_POINT('',(-0.695,-2.5,1.275));
#9336 = VECTOR('',#9337,1.);
#9337 = DIRECTION('',(1.110221491137E-16,-2.166288828537E-16,1.));
#9338 = ORIENTED_EDGE('',*,*,#9339,.T.);
#9339 = EDGE_CURVE('',#9332,#9316,#9340,.T.);
#9340 = LINE('',#9341,#9342);
#9341 = CARTESIAN_POINT('',(4.33,-2.5,8.464687332487));
#9342 = VECTOR('',#9343,1.);
#9343 = DIRECTION('',(-1.,1.224646799147E-16,2.326241026842E-16));
#9344 = FACE_BOUND('',#9345,.T.);
#9345 = EDGE_LOOP('',(#9346,#9356,#9364,#9372));
#9346 = ORIENTED_EDGE('',*,*,#9347,.F.);
#9347 = EDGE_CURVE('',#9348,#9350,#9352,.T.);
#9348 = VERTEX_POINT('',#9349);
#9349 = CARTESIAN_POINT('',(0.175,-2.5,8.167047035301));
#9350 = VERTEX_POINT('',#9351);
#9351 = CARTESIAN_POINT('',(0.175,-2.5,8.464687332487));
#9352 = LINE('',#9353,#9354);
#9353 = CARTESIAN_POINT('',(0.175,-2.5,1.275));
#9354 = VECTOR('',#9355,1.);
#9355 = DIRECTION('',(1.110221491137E-16,-2.166288828537E-16,1.));
#9356 = ORIENTED_EDGE('',*,*,#9357,.T.);
#9357 = EDGE_CURVE('',#9348,#9358,#9360,.T.);
#9358 = VERTEX_POINT('',#9359);
#9359 = CARTESIAN_POINT('',(0.575,-2.5,8.167047035301));
#9360 = LINE('',#9361,#9362);
#9361 = CARTESIAN_POINT('',(4.965,-2.5,8.167047035301));
#9362 = VECTOR('',#9363,1.);
#9363 = DIRECTION('',(1.,-1.224646799147E-16,-2.326241026842E-16));
#9364 = ORIENTED_EDGE('',*,*,#9365,.T.);
#9365 = EDGE_CURVE('',#9358,#9366,#9368,.T.);
#9366 = VERTEX_POINT('',#9367);
#9367 = CARTESIAN_POINT('',(0.575,-2.5,8.464687332487));
#9368 = LINE('',#9369,#9370);
#9369 = CARTESIAN_POINT('',(0.575,-2.5,1.275));
#9370 = VECTOR('',#9371,1.);
#9371 = DIRECTION('',(1.110221491137E-16,-2.166288828537E-16,1.));
#9372 = ORIENTED_EDGE('',*,*,#9373,.T.);
#9373 = EDGE_CURVE('',#9366,#9350,#9374,.T.);
#9374 = LINE('',#9375,#9376);
#9375 = CARTESIAN_POINT('',(4.965,-2.5,8.464687332487));
#9376 = VECTOR('',#9377,1.);
#9377 = DIRECTION('',(-1.,1.224646799147E-16,2.326241026842E-16));
#9378 = FACE_BOUND('',#9379,.T.);
#9379 = EDGE_LOOP('',(#9380,#9390,#9398,#9406));
#9380 = ORIENTED_EDGE('',*,*,#9381,.F.);
#9381 = EDGE_CURVE('',#9382,#9384,#9386,.T.);
#9382 = VERTEX_POINT('',#9383);
#9383 = CARTESIAN_POINT('',(1.445,-2.5,8.167047035301));
#9384 = VERTEX_POINT('',#9385);
#9385 = CARTESIAN_POINT('',(1.445,-2.5,8.464687332487));
#9386 = LINE('',#9387,#9388);
#9387 = CARTESIAN_POINT('',(1.445,-2.5,1.275));
#9388 = VECTOR('',#9389,1.);
#9389 = DIRECTION('',(1.110221491137E-16,-2.166288828537E-16,1.));
#9390 = ORIENTED_EDGE('',*,*,#9391,.T.);
#9391 = EDGE_CURVE('',#9382,#9392,#9394,.T.);
#9392 = VERTEX_POINT('',#9393);
#9393 = CARTESIAN_POINT('',(1.845,-2.5,8.167047035301));
#9394 = LINE('',#9395,#9396);
#9395 = CARTESIAN_POINT('',(5.6,-2.5,8.167047035301));
#9396 = VECTOR('',#9397,1.);
#9397 = DIRECTION('',(1.,-1.224646799147E-16,-2.326241026842E-16));
#9398 = ORIENTED_EDGE('',*,*,#9399,.T.);
#9399 = EDGE_CURVE('',#9392,#9400,#9402,.T.);
#9400 = VERTEX_POINT('',#9401);
#9401 = CARTESIAN_POINT('',(1.845,-2.5,8.464687332487));
#9402 = LINE('',#9403,#9404);
#9403 = CARTESIAN_POINT('',(1.845,-2.5,1.275));
#9404 = VECTOR('',#9405,1.);
#9405 = DIRECTION('',(1.110221491137E-16,-2.166288828537E-16,1.));
#9406 = ORIENTED_EDGE('',*,*,#9407,.T.);
#9407 = EDGE_CURVE('',#9400,#9384,#9408,.T.);
#9408 = LINE('',#9409,#9410);
#9409 = CARTESIAN_POINT('',(5.6,-2.5,8.464687332487));
#9410 = VECTOR('',#9411,1.);
#9411 = DIRECTION('',(-1.,1.224646799147E-16,2.326241026842E-16));
#9412 = FACE_BOUND('',#9413,.T.);
#9413 = EDGE_LOOP('',(#9414,#9424,#9432,#9440));
#9414 = ORIENTED_EDGE('',*,*,#9415,.F.);
#9415 = EDGE_CURVE('',#9416,#9418,#9420,.T.);
#9416 = VERTEX_POINT('',#9417);
#9417 = CARTESIAN_POINT('',(3.985,-2.5,8.167047035301));
#9418 = VERTEX_POINT('',#9419);
#9419 = CARTESIAN_POINT('',(3.985,-2.5,8.464687332487));
#9420 = LINE('',#9421,#9422);
#9421 = CARTESIAN_POINT('',(3.985,-2.5,1.275));
#9422 = VECTOR('',#9423,1.);
#9423 = DIRECTION('',(1.110221491137E-16,-2.166288828537E-16,1.));
#9424 = ORIENTED_EDGE('',*,*,#9425,.T.);
#9425 = EDGE_CURVE('',#9416,#9426,#9428,.T.);
#9426 = VERTEX_POINT('',#9427);
#9427 = CARTESIAN_POINT('',(4.385,-2.5,8.167047035301));
#9428 = LINE('',#9429,#9430);
#9429 = CARTESIAN_POINT('',(6.87,-2.5,8.167047035301));
#9430 = VECTOR('',#9431,1.);
#9431 = DIRECTION('',(1.,-1.224646799147E-16,-2.326241026842E-16));
#9432 = ORIENTED_EDGE('',*,*,#9433,.T.);
#9433 = EDGE_CURVE('',#9426,#9434,#9436,.T.);
#9434 = VERTEX_POINT('',#9435);
#9435 = CARTESIAN_POINT('',(4.385,-2.5,8.464687332487));
#9436 = LINE('',#9437,#9438);
#9437 = CARTESIAN_POINT('',(4.385,-2.5,1.275));
#9438 = VECTOR('',#9439,1.);
#9439 = DIRECTION('',(1.110221491137E-16,-2.166288828537E-16,1.));
#9440 = ORIENTED_EDGE('',*,*,#9441,.T.);
#9441 = EDGE_CURVE('',#9434,#9418,#9442,.T.);
#9442 = LINE('',#9443,#9444);
#9443 = CARTESIAN_POINT('',(6.87,-2.5,8.464687332487));
#9444 = VECTOR('',#9445,1.);
#9445 = DIRECTION('',(-1.,1.224646799147E-16,2.326241026842E-16));
#9446 = FACE_BOUND('',#9447,.T.);
#9447 = EDGE_LOOP('',(#9448,#9458,#9466,#9474));
#9448 = ORIENTED_EDGE('',*,*,#9449,.F.);
#9449 = EDGE_CURVE('',#9450,#9452,#9454,.T.);
#9450 = VERTEX_POINT('',#9451);
#9451 = CARTESIAN_POINT('',(2.715,-2.5,8.167047035301));
#9452 = VERTEX_POINT('',#9453);
#9453 = CARTESIAN_POINT('',(2.715,-2.5,8.464687332487));
#9454 = LINE('',#9455,#9456);
#9455 = CARTESIAN_POINT('',(2.715,-2.5,1.275));
#9456 = VECTOR('',#9457,1.);
#9457 = DIRECTION('',(1.110221491137E-16,-2.166288828537E-16,1.));
#9458 = ORIENTED_EDGE('',*,*,#9459,.T.);
#9459 = EDGE_CURVE('',#9450,#9460,#9462,.T.);
#9460 = VERTEX_POINT('',#9461);
#9461 = CARTESIAN_POINT('',(3.115,-2.5,8.167047035301));
#9462 = LINE('',#9463,#9464);
#9463 = CARTESIAN_POINT('',(6.235,-2.5,8.167047035301));
#9464 = VECTOR('',#9465,1.);
#9465 = DIRECTION('',(1.,-1.224646799147E-16,-2.326241026842E-16));
#9466 = ORIENTED_EDGE('',*,*,#9467,.T.);
#9467 = EDGE_CURVE('',#9460,#9468,#9470,.T.);
#9468 = VERTEX_POINT('',#9469);
#9469 = CARTESIAN_POINT('',(3.115,-2.5,8.464687332487));
#9470 = LINE('',#9471,#9472);
#9471 = CARTESIAN_POINT('',(3.115,-2.5,1.275));
#9472 = VECTOR('',#9473,1.);
#9473 = DIRECTION('',(1.110221491137E-16,-2.166288828537E-16,1.));
#9474 = ORIENTED_EDGE('',*,*,#9475,.T.);
#9475 = EDGE_CURVE('',#9468,#9452,#9476,.T.);
#9476 = LINE('',#9477,#9478);
#9477 = CARTESIAN_POINT('',(6.235,-2.5,8.464687332487));
#9478 = VECTOR('',#9479,1.);
#9479 = DIRECTION('',(-1.,1.224646799147E-16,2.326241026842E-16));
#9480 = FACE_BOUND('',#9481,.T.);
#9481 = EDGE_LOOP('',(#9482,#9492,#9500,#9508));
#9482 = ORIENTED_EDGE('',*,*,#9483,.F.);
#9483 = EDGE_CURVE('',#9484,#9486,#9488,.T.);
#9484 = VERTEX_POINT('',#9485);
#9485 = CARTESIAN_POINT('',(5.255,-2.5,8.167047035301));
#9486 = VERTEX_POINT('',#9487);
#9487 = CARTESIAN_POINT('',(5.255,-2.5,8.464687332487));
#9488 = LINE('',#9489,#9490);
#9489 = CARTESIAN_POINT('',(5.255,-2.5,1.275));
#9490 = VECTOR('',#9491,1.);
#9491 = DIRECTION('',(1.110221491137E-16,-2.166288828537E-16,1.));
#9492 = ORIENTED_EDGE('',*,*,#9493,.T.);
#9493 = EDGE_CURVE('',#9484,#9494,#9496,.T.);
#9494 = VERTEX_POINT('',#9495);
#9495 = CARTESIAN_POINT('',(5.655,-2.5,8.167047035301));
#9496 = LINE('',#9497,#9498);
#9497 = CARTESIAN_POINT('',(7.505,-2.5,8.167047035301));
#9498 = VECTOR('',#9499,1.);
#9499 = DIRECTION('',(1.,-1.224646799147E-16,-2.326241026842E-16));
#9500 = ORIENTED_EDGE('',*,*,#9501,.T.);
#9501 = EDGE_CURVE('',#9494,#9502,#9504,.T.);
#9502 = VERTEX_POINT('',#9503);
#9503 = CARTESIAN_POINT('',(5.655,-2.5,8.464687332487));
#9504 = LINE('',#9505,#9506);
#9505 = CARTESIAN_POINT('',(5.655,-2.5,1.275));
#9506 = VECTOR('',#9507,1.);
#9507 = DIRECTION('',(1.110221491137E-16,-2.166288828537E-16,1.));
#9508 = ORIENTED_EDGE('',*,*,#9509,.T.);
#9509 = EDGE_CURVE('',#9502,#9486,#9510,.T.);
#9510 = LINE('',#9511,#9512);
#9511 = CARTESIAN_POINT('',(7.505,-2.5,8.464687332487));
#9512 = VECTOR('',#9513,1.);
#9513 = DIRECTION('',(-1.,1.224646799147E-16,2.326241026842E-16));
#9514 = FACE_BOUND('',#9515,.T.);
#9515 = EDGE_LOOP('',(#9516,#9526,#9534,#9542));
#9516 = ORIENTED_EDGE('',*,*,#9517,.T.);
#9517 = EDGE_CURVE('',#9518,#9520,#9522,.T.);
#9518 = VERTEX_POINT('',#9519);
#9519 = CARTESIAN_POINT('',(6.925,-2.5,8.167047035301));
#9520 = VERTEX_POINT('',#9521);
#9521 = CARTESIAN_POINT('',(6.925,-2.5,8.464687332487));
#9522 = LINE('',#9523,#9524);
#9523 = CARTESIAN_POINT('',(6.925,-2.5,1.275));
#9524 = VECTOR('',#9525,1.);
#9525 = DIRECTION('',(1.110221491137E-16,-2.166288828537E-16,1.));
#9526 = ORIENTED_EDGE('',*,*,#9527,.T.);
#9527 = EDGE_CURVE('',#9520,#9528,#9530,.T.);
#9528 = VERTEX_POINT('',#9529);
#9529 = CARTESIAN_POINT('',(6.525,-2.5,8.464687332487));
#9530 = LINE('',#9531,#9532);
#9531 = CARTESIAN_POINT('',(8.14,-2.5,8.464687332487));
#9532 = VECTOR('',#9533,1.);
#9533 = DIRECTION('',(-1.,1.224646799147E-16,2.326241026842E-16));
#9534 = ORIENTED_EDGE('',*,*,#9535,.F.);
#9535 = EDGE_CURVE('',#9536,#9528,#9538,.T.);
#9536 = VERTEX_POINT('',#9537);
#9537 = CARTESIAN_POINT('',(6.525,-2.5,8.167047035301));
#9538 = LINE('',#9539,#9540);
#9539 = CARTESIAN_POINT('',(6.525,-2.5,1.275));
#9540 = VECTOR('',#9541,1.);
#9541 = DIRECTION('',(1.110221491137E-16,-2.166288828537E-16,1.));
#9542 = ORIENTED_EDGE('',*,*,#9543,.T.);
#9543 = EDGE_CURVE('',#9536,#9518,#9544,.T.);
#9544 = LINE('',#9545,#9546);
#9545 = CARTESIAN_POINT('',(8.14,-2.5,8.167047035301));
#9546 = VECTOR('',#9547,1.);
#9547 = DIRECTION('',(1.,-1.224646799147E-16,-2.326241026842E-16));
#9548 = FACE_BOUND('',#9549,.T.);
#9549 = EDGE_LOOP('',(#9550,#9560,#9568,#9576));
#9550 = ORIENTED_EDGE('',*,*,#9551,.F.);
#9551 = EDGE_CURVE('',#9552,#9554,#9556,.T.);
#9552 = VERTEX_POINT('',#9553);
#9553 = CARTESIAN_POINT('',(7.795,-2.5,8.167047035301));
#9554 = VERTEX_POINT('',#9555);
#9555 = CARTESIAN_POINT('',(7.795,-2.5,8.464687332487));
#9556 = LINE('',#9557,#9558);
#9557 = CARTESIAN_POINT('',(7.795,-2.5,1.275));
#9558 = VECTOR('',#9559,1.);
#9559 = DIRECTION('',(1.110221491137E-16,-2.166288828537E-16,1.));
#9560 = ORIENTED_EDGE('',*,*,#9561,.T.);
#9561 = EDGE_CURVE('',#9552,#9562,#9564,.T.);
#9562 = VERTEX_POINT('',#9563);
#9563 = CARTESIAN_POINT('',(8.195,-2.5,8.167047035301));
#9564 = LINE('',#9565,#9566);
#9565 = CARTESIAN_POINT('',(8.775,-2.5,8.167047035301));
#9566 = VECTOR('',#9567,1.);
#9567 = DIRECTION('',(1.,-1.224646799147E-16,-2.326241026842E-16));
#9568 = ORIENTED_EDGE('',*,*,#9569,.T.);
#9569 = EDGE_CURVE('',#9562,#9570,#9572,.T.);
#9570 = VERTEX_POINT('',#9571);
#9571 = CARTESIAN_POINT('',(8.195,-2.5,8.464687332487));
#9572 = LINE('',#9573,#9574);
#9573 = CARTESIAN_POINT('',(8.195,-2.5,1.275));
#9574 = VECTOR('',#9575,1.);
#9575 = DIRECTION('',(1.110221491137E-16,-2.166288828537E-16,1.));
#9576 = ORIENTED_EDGE('',*,*,#9577,.T.);
#9577 = EDGE_CURVE('',#9570,#9554,#9578,.T.);
#9578 = LINE('',#9579,#9580);
#9579 = CARTESIAN_POINT('',(8.775,-2.5,8.464687332487));
#9580 = VECTOR('',#9581,1.);
#9581 = DIRECTION('',(-1.,1.224646799147E-16,2.326241026842E-16));
#9582 = PLANE('',#9583);
#9583 = AXIS2_PLACEMENT_3D('',#9584,#9585,#9586);
#9584 = CARTESIAN_POINT('',(9.355,-2.5,2.55));
#9585 = DIRECTION('',(1.224646799147E-16,1.,2.166288828537E-16));
#9586 = DIRECTION('',(2.652938679896E-32,2.166288828537E-16,-1.));
#9587 = ADVANCED_FACE('',(#9588),#9606,.T.);
#9588 = FACE_BOUND('',#9589,.T.);
#9589 = EDGE_LOOP('',(#9590,#9598,#9604,#9605));
#9590 = ORIENTED_EDGE('',*,*,#9591,.F.);
#9591 = EDGE_CURVE('',#9592,#7939,#9594,.T.);
#9592 = VERTEX_POINT('',#9593);
#9593 = CARTESIAN_POINT('',(9.355,7.5,2.55));
#9594 = LINE('',#9595,#9596);
#9595 = CARTESIAN_POINT('',(9.355,7.5,2.55));
#9596 = VECTOR('',#9597,1.);
#9597 = DIRECTION('',(-2.719262146894E-32,-2.22044604925E-16,1.));
#9598 = ORIENTED_EDGE('',*,*,#9599,.T.);
#9599 = EDGE_CURVE('',#9592,#9248,#9600,.T.);
#9600 = LINE('',#9601,#9602);
#9601 = CARTESIAN_POINT('',(9.355,7.5,2.55));
#9602 = VECTOR('',#9603,1.);
#9603 = DIRECTION('',(-1.224646799147E-16,-1.,-2.22044604925E-16));
#9604 = ORIENTED_EDGE('',*,*,#9247,.T.);
#9605 = ORIENTED_EDGE('',*,*,#7946,.F.);
#9606 = PLANE('',#9607);
#9607 = AXIS2_PLACEMENT_3D('',#9608,#9609,#9610);
#9608 = CARTESIAN_POINT('',(9.355,7.5,2.55));
#9609 = DIRECTION('',(-1.,1.224646799147E-16,0.));
#9610 = DIRECTION('',(-2.719262146893E-32,-2.22044604925E-16,1.));
#9611 = ADVANCED_FACE('',(#9612),#9634,.F.);
#9612 = FACE_BOUND('',#9613,.F.);
#9613 = EDGE_LOOP('',(#9614,#9615,#9616,#9624,#9630,#9631,#9632,#9633));
#9614 = ORIENTED_EDGE('',*,*,#7938,.F.);
#9615 = ORIENTED_EDGE('',*,*,#9591,.F.);
#9616 = ORIENTED_EDGE('',*,*,#9617,.F.);
#9617 = EDGE_CURVE('',#9618,#9592,#9620,.T.);
#9618 = VERTEX_POINT('',#9619);
#9619 = CARTESIAN_POINT('',(-2.255,7.5,2.55));
#9620 = LINE('',#9621,#9622);
#9621 = CARTESIAN_POINT('',(-2.255,7.5,2.55));
#9622 = VECTOR('',#9623,1.);
#9623 = DIRECTION('',(1.,-1.224646799147E-16,0.));
#9624 = ORIENTED_EDGE('',*,*,#9625,.F.);
#9625 = EDGE_CURVE('',#8195,#9618,#9626,.T.);
#9626 = LINE('',#9627,#9628);
#9627 = CARTESIAN_POINT('',(-2.255,7.5,10.75));
#9628 = VECTOR('',#9629,1.);
#9629 = DIRECTION('',(2.719262146894E-32,2.22044604925E-16,-1.));
#9630 = ORIENTED_EDGE('',*,*,#8202,.F.);
#9631 = ORIENTED_EDGE('',*,*,#8113,.F.);
#9632 = ORIENTED_EDGE('',*,*,#8065,.F.);
#9633 = ORIENTED_EDGE('',*,*,#7985,.F.);
#9634 = PLANE('',#9635);
#9635 = AXIS2_PLACEMENT_3D('',#9636,#9637,#9638);
#9636 = CARTESIAN_POINT('',(11.305,7.5,0.5));
#9637 = DIRECTION('',(-1.224646799147E-16,-1.,0.));
#9638 = DIRECTION('',(-1.,1.224646799147E-16,0.));
#9639 = ADVANCED_FACE('',(#9640),#9651,.T.);
#9640 = FACE_BOUND('',#9641,.T.);
#9641 = EDGE_LOOP('',(#9642,#9643,#9649,#9650));
#9642 = ORIENTED_EDGE('',*,*,#8034,.F.);
#9643 = ORIENTED_EDGE('',*,*,#9644,.F.);
#9644 = EDGE_CURVE('',#8131,#8027,#9645,.T.);
#9645 = LINE('',#9646,#9647);
#9646 = CARTESIAN_POINT('',(10.355,-5.,12.96));
#9647 = VECTOR('',#9648,1.);
#9648 = DIRECTION('',(1.,-1.224646799147E-16,-0.));
#9649 = ORIENTED_EDGE('',*,*,#8130,.F.);
#9650 = ORIENTED_EDGE('',*,*,#8081,.F.);
#9651 = PLANE('',#9652);
#9652 = AXIS2_PLACEMENT_3D('',#9653,#9654,#9655);
#9653 = CARTESIAN_POINT('',(9.405,-5.,2.));
#9654 = DIRECTION('',(1.224646799147E-16,1.,2.22044604925E-16));
#9655 = DIRECTION('',(2.719262146894E-32,2.22044604925E-16,-1.));
#9656 = ADVANCED_FACE('',(#9657),#9668,.F.);
#9657 = FACE_BOUND('',#9658,.F.);
#9658 = EDGE_LOOP('',(#9659,#9665,#9666,#9667));
#9659 = ORIENTED_EDGE('',*,*,#9660,.F.);
#9660 = EDGE_CURVE('',#8019,#8139,#9661,.T.);
#9661 = LINE('',#9662,#9663);
#9662 = CARTESIAN_POINT('',(11.305,7.5,12.96));
#9663 = VECTOR('',#9664,1.);
#9664 = DIRECTION('',(-1.,1.224646799147E-16,0.));
#9665 = ORIENTED_EDGE('',*,*,#8026,.F.);
#9666 = ORIENTED_EDGE('',*,*,#9644,.F.);
#9667 = ORIENTED_EDGE('',*,*,#8138,.F.);
#9668 = PLANE('',#9669);
#9669 = AXIS2_PLACEMENT_3D('',#9670,#9671,#9672);
#9670 = CARTESIAN_POINT('',(11.305,7.5,12.96));
#9671 = DIRECTION('',(-0.,0.,-1.));
#9672 = DIRECTION('',(1.,-1.224646799147E-16,-0.));
#9673 = ADVANCED_FACE('',(#9674),#9717,.F.);
#9674 = FACE_BOUND('',#9675,.F.);
#9675 = EDGE_LOOP('',(#9676,#9677,#9678,#9679,#9687,#9695,#9703,#9711));
#9676 = ORIENTED_EDGE('',*,*,#8018,.F.);
#9677 = ORIENTED_EDGE('',*,*,#9660,.T.);
#9678 = ORIENTED_EDGE('',*,*,#8146,.F.);
#9679 = ORIENTED_EDGE('',*,*,#9680,.F.);
#9680 = EDGE_CURVE('',#9681,#8147,#9683,.T.);
#9681 = VERTEX_POINT('',#9682);
#9682 = CARTESIAN_POINT('',(0.55,7.5,10.75));
#9683 = LINE('',#9684,#9685);
#9684 = CARTESIAN_POINT('',(0.55,7.5,10.75));
#9685 = VECTOR('',#9686,1.);
#9686 = DIRECTION('',(-1.,1.224646799147E-16,0.));
#9687 = ORIENTED_EDGE('',*,*,#9688,.F.);
#9688 = EDGE_CURVE('',#9689,#9681,#9691,.T.);
#9689 = VERTEX_POINT('',#9690);
#9690 = CARTESIAN_POINT('',(0.55,7.5,12.91));
#9691 = LINE('',#9692,#9693);
#9692 = CARTESIAN_POINT('',(0.55,7.5,12.91));
#9693 = VECTOR('',#9694,1.);
#9694 = DIRECTION('',(2.719262146894E-32,2.22044604925E-16,-1.));
#9695 = ORIENTED_EDGE('',*,*,#9696,.F.);
#9696 = EDGE_CURVE('',#9697,#9689,#9699,.T.);
#9697 = VERTEX_POINT('',#9698);
#9698 = CARTESIAN_POINT('',(6.55,7.5,12.91));
#9699 = LINE('',#9700,#9701);
#9700 = CARTESIAN_POINT('',(6.55,7.5,12.91));
#9701 = VECTOR('',#9702,1.);
#9702 = DIRECTION('',(-1.,1.224646799147E-16,0.));
#9703 = ORIENTED_EDGE('',*,*,#9704,.F.);
#9704 = EDGE_CURVE('',#9705,#9697,#9707,.T.);
#9705 = VERTEX_POINT('',#9706);
#9706 = CARTESIAN_POINT('',(6.55,7.5,10.75));
#9707 = LINE('',#9708,#9709);
#9708 = CARTESIAN_POINT('',(6.55,7.5,10.75));
#9709 = VECTOR('',#9710,1.);
#9710 = DIRECTION('',(-2.719262146894E-32,-2.22044604925E-16,1.));
#9711 = ORIENTED_EDGE('',*,*,#9712,.F.);
#9712 = EDGE_CURVE('',#8011,#9705,#9713,.T.);
#9713 = LINE('',#9714,#9715);
#9714 = CARTESIAN_POINT('',(9.355,7.5,10.75));
#9715 = VECTOR('',#9716,1.);
#9716 = DIRECTION('',(-1.,1.224646799147E-16,0.));
#9717 = PLANE('',#9718);
#9718 = AXIS2_PLACEMENT_3D('',#9719,#9720,#9721);
#9719 = CARTESIAN_POINT('',(11.305,7.5,0.5));
#9720 = DIRECTION('',(-1.224646799147E-16,-1.,0.));
#9721 = DIRECTION('',(-1.,1.224646799147E-16,0.));
#9722 = ADVANCED_FACE('',(#9723),#9734,.T.);
#9723 = FACE_BOUND('',#9724,.T.);
#9724 = EDGE_LOOP('',(#9725,#9726,#9727,#9728));
#9725 = ORIENTED_EDGE('',*,*,#9712,.F.);
#9726 = ORIENTED_EDGE('',*,*,#8010,.F.);
#9727 = ORIENTED_EDGE('',*,*,#9303,.T.);
#9728 = ORIENTED_EDGE('',*,*,#9729,.F.);
#9729 = EDGE_CURVE('',#9705,#9296,#9730,.T.);
#9730 = LINE('',#9731,#9732);
#9731 = CARTESIAN_POINT('',(6.55,7.5,10.75));
#9732 = VECTOR('',#9733,1.);
#9733 = DIRECTION('',(-1.224646799147E-16,-1.,-2.22044604925E-16));
#9734 = PLANE('',#9735);
#9735 = AXIS2_PLACEMENT_3D('',#9736,#9737,#9738);
#9736 = CARTESIAN_POINT('',(9.355,7.5,10.75));
#9737 = DIRECTION('',(2.719262146894E-32,2.22044604925E-16,-1.));
#9738 = DIRECTION('',(-1.,1.224646799147E-16,-1.385424380159E-44));
#9739 = ADVANCED_FACE('',(#9740),#9751,.T.);
#9740 = FACE_BOUND('',#9741,.T.);
#9741 = EDGE_LOOP('',(#9742,#9743,#9749,#9750));
#9742 = ORIENTED_EDGE('',*,*,#9680,.F.);
#9743 = ORIENTED_EDGE('',*,*,#9744,.T.);
#9744 = EDGE_CURVE('',#9681,#9272,#9745,.T.);
#9745 = LINE('',#9746,#9747);
#9746 = CARTESIAN_POINT('',(0.55,7.5,10.75));
#9747 = VECTOR('',#9748,1.);
#9748 = DIRECTION('',(-1.224646799147E-16,-1.,-2.22044604925E-16));
#9749 = ORIENTED_EDGE('',*,*,#9271,.T.);
#9750 = ORIENTED_EDGE('',*,*,#8154,.F.);
#9751 = PLANE('',#9752);
#9752 = AXIS2_PLACEMENT_3D('',#9753,#9754,#9755);
#9753 = CARTESIAN_POINT('',(0.55,7.5,10.75));
#9754 = DIRECTION('',(2.719262146894E-32,2.22044604925E-16,-1.));
#9755 = DIRECTION('',(-1.,1.224646799147E-16,-1.385424380159E-44));
#9756 = ADVANCED_FACE('',(#9757),#9768,.T.);
#9757 = FACE_BOUND('',#9758,.T.);
#9758 = EDGE_LOOP('',(#9759,#9760,#9761,#9762));
#9759 = ORIENTED_EDGE('',*,*,#9625,.F.);
#9760 = ORIENTED_EDGE('',*,*,#8194,.F.);
#9761 = ORIENTED_EDGE('',*,*,#9263,.T.);
#9762 = ORIENTED_EDGE('',*,*,#9763,.F.);
#9763 = EDGE_CURVE('',#9618,#9256,#9764,.T.);
#9764 = LINE('',#9765,#9766);
#9765 = CARTESIAN_POINT('',(-2.255,7.5,2.55));
#9766 = VECTOR('',#9767,1.);
#9767 = DIRECTION('',(-1.224646799147E-16,-1.,-2.22044604925E-16));
#9768 = PLANE('',#9769);
#9769 = AXIS2_PLACEMENT_3D('',#9770,#9771,#9772);
#9770 = CARTESIAN_POINT('',(-2.255,7.5,10.75));
#9771 = DIRECTION('',(1.,-1.224646799147E-16,0.));
#9772 = DIRECTION('',(2.719262146893E-32,2.22044604925E-16,-1.));
#9773 = ADVANCED_FACE('',(#9774),#9799,.T.);
#9774 = FACE_BOUND('',#9775,.T.);
#9775 = EDGE_LOOP('',(#9776,#9786,#9792,#9793));
#9776 = ORIENTED_EDGE('',*,*,#9777,.T.);
#9777 = EDGE_CURVE('',#9778,#9780,#9782,.T.);
#9778 = VERTEX_POINT('',#9779);
#9779 = CARTESIAN_POINT('',(-4.005,8.3,10.7));
#9780 = VERTEX_POINT('',#9781);
#9781 = CARTESIAN_POINT('',(9.5E-02,8.3,10.7));
#9782 = LINE('',#9783,#9784);
#9783 = CARTESIAN_POINT('',(-4.205,8.3,10.7));
#9784 = VECTOR('',#9785,1.);
#9785 = DIRECTION('',(1.,-1.224646799147E-16,0.));
#9786 = ORIENTED_EDGE('',*,*,#9787,.T.);
#9787 = EDGE_CURVE('',#9780,#8226,#9788,.T.);
#9788 = LINE('',#9789,#9790);
#9789 = CARTESIAN_POINT('',(-0.555,8.95,11.35));
#9790 = VECTOR('',#9791,1.);
#9791 = DIRECTION('',(0.57735026919,-0.57735026919,-0.57735026919));
#9792 = ORIENTED_EDGE('',*,*,#8225,.F.);
#9793 = ORIENTED_EDGE('',*,*,#9794,.F.);
#9794 = EDGE_CURVE('',#9778,#8218,#9795,.T.);
#9795 = LINE('',#9796,#9797);
#9796 = CARTESIAN_POINT('',(-3.771666666667,8.533333333333,
    10.933333333333));
#9797 = VECTOR('',#9798,1.);
#9798 = DIRECTION('',(-0.57735026919,-0.57735026919,-0.57735026919));
#9799 = PLANE('',#9800);
#9800 = AXIS2_PLACEMENT_3D('',#9801,#9802,#9803);
#9801 = CARTESIAN_POINT('',(-4.205,8.2,10.6));
#9802 = DIRECTION('',(8.659560562349E-17,0.707106781187,-0.707106781187)
  );
#9803 = DIRECTION('',(1.,-1.224646799147E-16,-2.105273685727E-29));
#9804 = ADVANCED_FACE('',(#9805),#9823,.T.);
#9805 = FACE_BOUND('',#9806,.T.);
#9806 = EDGE_LOOP('',(#9807,#9808,#9816,#9822));
#9807 = ORIENTED_EDGE('',*,*,#9787,.F.);
#9808 = ORIENTED_EDGE('',*,*,#9809,.T.);
#9809 = EDGE_CURVE('',#9780,#9810,#9812,.T.);
#9810 = VERTEX_POINT('',#9811);
#9811 = CARTESIAN_POINT('',(9.5E-02,8.3,12.7));
#9812 = LINE('',#9813,#9814);
#9813 = CARTESIAN_POINT('',(9.5E-02,8.3,10.7));
#9814 = VECTOR('',#9815,1.);
#9815 = DIRECTION('',(-8.157786440681E-32,-6.661338147751E-16,1.));
#9816 = ORIENTED_EDGE('',*,*,#9817,.T.);
#9817 = EDGE_CURVE('',#9810,#8249,#9818,.T.);
#9818 = LINE('',#9819,#9820);
#9819 = CARTESIAN_POINT('',(-0.138333333333,8.533333333333,
    12.466666666667));
#9820 = VECTOR('',#9821,1.);
#9821 = DIRECTION('',(0.57735026919,-0.57735026919,0.57735026919));
#9822 = ORIENTED_EDGE('',*,*,#8248,.F.);
#9823 = PLANE('',#9824);
#9824 = AXIS2_PLACEMENT_3D('',#9825,#9826,#9827);
#9825 = CARTESIAN_POINT('',(0.195,8.2,10.7));
#9826 = DIRECTION('',(0.707106781187,0.707106781187,4.711197638908E-16)
  );
#9827 = DIRECTION('',(-6.507241066197E-20,-6.661988871857E-16,1.));
#9828 = ADVANCED_FACE('',(#9829),#9847,.T.);
#9829 = FACE_BOUND('',#9830,.F.);
#9830 = EDGE_LOOP('',(#9831,#9839,#9840,#9841));
#9831 = ORIENTED_EDGE('',*,*,#9832,.F.);
#9832 = EDGE_CURVE('',#9810,#9833,#9835,.T.);
#9833 = VERTEX_POINT('',#9834);
#9834 = CARTESIAN_POINT('',(-4.005,8.3,12.7));
#9835 = LINE('',#9836,#9837);
#9836 = CARTESIAN_POINT('',(0.295,8.3,12.7));
#9837 = VECTOR('',#9838,1.);
#9838 = DIRECTION('',(-1.,1.224646799147E-16,0.));
#9839 = ORIENTED_EDGE('',*,*,#9817,.T.);
#9840 = ORIENTED_EDGE('',*,*,#8273,.T.);
#9841 = ORIENTED_EDGE('',*,*,#9842,.F.);
#9842 = EDGE_CURVE('',#9833,#8274,#9843,.T.);
#9843 = LINE('',#9844,#9845);
#9844 = CARTESIAN_POINT('',(-3.355,8.95,12.05));
#9845 = VECTOR('',#9846,1.);
#9846 = DIRECTION('',(-0.57735026919,-0.57735026919,0.57735026919));
#9847 = PLANE('',#9848);
#9848 = AXIS2_PLACEMENT_3D('',#9849,#9850,#9851);
#9849 = CARTESIAN_POINT('',(0.295,8.2,12.8));
#9850 = DIRECTION('',(8.833102285013E-17,0.707106781187,0.707106781187)
  );
#9851 = DIRECTION('',(1.,-1.236918052038E-16,-1.227125289097E-18));
#9852 = ADVANCED_FACE('',(#9853),#9864,.T.);
#9853 = FACE_BOUND('',#9854,.T.);
#9854 = EDGE_LOOP('',(#9855,#9856,#9862,#9863));
#9855 = ORIENTED_EDGE('',*,*,#9842,.F.);
#9856 = ORIENTED_EDGE('',*,*,#9857,.T.);
#9857 = EDGE_CURVE('',#9833,#9778,#9858,.T.);
#9858 = LINE('',#9859,#9860);
#9859 = CARTESIAN_POINT('',(-4.005,8.3,12.7));
#9860 = VECTOR('',#9861,1.);
#9861 = DIRECTION('',(8.157786440681E-32,6.661338147751E-16,-1.));
#9862 = ORIENTED_EDGE('',*,*,#9794,.T.);
#9863 = ORIENTED_EDGE('',*,*,#8296,.F.);
#9864 = PLANE('',#9865);
#9865 = AXIS2_PLACEMENT_3D('',#9866,#9867,#9868);
#9866 = CARTESIAN_POINT('',(-4.105,8.2,12.7));
#9867 = DIRECTION('',(-0.707106781187,0.707106781187,4.693843466641E-16)
  );
#9868 = DIRECTION('',(1.162052878549E-18,6.649717618966E-16,-1.));
#9869 = ADVANCED_FACE('',(#9870),#9881,.F.);
#9870 = FACE_BOUND('',#9871,.F.);
#9871 = EDGE_LOOP('',(#9872,#9878,#9879,#9880));
#9872 = ORIENTED_EDGE('',*,*,#9873,.T.);
#9873 = EDGE_CURVE('',#8420,#8363,#9874,.T.);
#9874 = LINE('',#9875,#9876);
#9875 = CARTESIAN_POINT('',(-4.53,-1.14,-3.1));
#9876 = VECTOR('',#9877,1.);
#9877 = DIRECTION('',(-1.,2.334869823773E-16,1.665334536938E-16));
#9878 = ORIENTED_EDGE('',*,*,#8362,.T.);
#9879 = ORIENTED_EDGE('',*,*,#8313,.F.);
#9880 = ORIENTED_EDGE('',*,*,#8419,.F.);
#9881 = PLANE('',#9882);
#9882 = AXIS2_PLACEMENT_3D('',#9883,#9884,#9885);
#9883 = CARTESIAN_POINT('',(-4.53,-1.14,-3.1));
#9884 = DIRECTION('',(2.645881557079E-16,0.975132855791,0.221621103589)
  );
#9885 = DIRECTION('',(-1.009554130976E-16,-0.221621103589,0.975132855791
    ));
#9886 = ADVANCED_FACE('',(#9887),#9898,.F.);
#9887 = FACE_BOUND('',#9888,.F.);
#9888 = EDGE_LOOP('',(#9889,#9890,#9891,#9897));
#9889 = ORIENTED_EDGE('',*,*,#8384,.T.);
#9890 = ORIENTED_EDGE('',*,*,#8344,.T.);
#9891 = ORIENTED_EDGE('',*,*,#9892,.F.);
#9892 = EDGE_CURVE('',#8409,#8347,#9893,.T.);
#9893 = LINE('',#9894,#9895);
#9894 = CARTESIAN_POINT('',(-4.53,-0.64,-3.1));
#9895 = VECTOR('',#9896,1.);
#9896 = DIRECTION('',(-1.,2.334869823773E-16,1.665334536938E-16));
#9897 = ORIENTED_EDGE('',*,*,#8408,.F.);
#9898 = PLANE('',#9899);
#9899 = AXIS2_PLACEMENT_3D('',#9900,#9901,#9902);
#9900 = CARTESIAN_POINT('',(-4.53,-0.39,-2.));
#9901 = DIRECTION('',(-1.907735001237E-16,-0.975132855791,0.221621103589
    ));
#9902 = DIRECTION('',(-1.009554130976E-16,-0.221621103589,
    -0.975132855791));
#9903 = ADVANCED_FACE('',(#9904),#9910,.F.);
#9904 = FACE_BOUND('',#9905,.F.);
#9905 = EDGE_LOOP('',(#9906,#9907,#9908,#9909));
#9906 = ORIENTED_EDGE('',*,*,#9892,.T.);
#9907 = ORIENTED_EDGE('',*,*,#8370,.T.);
#9908 = ORIENTED_EDGE('',*,*,#9873,.F.);
#9909 = ORIENTED_EDGE('',*,*,#8427,.F.);
#9910 = PLANE('',#9911);
#9911 = AXIS2_PLACEMENT_3D('',#9912,#9913,#9914);
#9912 = CARTESIAN_POINT('',(-4.53,-0.64,-3.1));
#9913 = DIRECTION('',(1.665334536938E-16,-4.505324145541E-31,1.));
#9914 = DIRECTION('',(-4.555315873023E-16,-1.,-3.74671166054E-31));
#9915 = ADVANCED_FACE('',(#9916),#9919,.T.);
#9916 = FACE_BOUND('',#9917,.F.);
#9917 = EDGE_LOOP('',(#9918));
#9918 = ORIENTED_EDGE('',*,*,#8450,.T.);
#9919 = PLANE('',#9920);
#9920 = AXIS2_PLACEMENT_3D('',#9921,#9922,#9923);
#9921 = CARTESIAN_POINT('',(0.76,-1.78,-2.54));
#9922 = DIRECTION('',(0.,-0.,-1.));
#9923 = DIRECTION('',(1.,-1.224646799147E-16,0.));
#9924 = ADVANCED_FACE('',(#9925),#9928,.T.);
#9925 = FACE_BOUND('',#9926,.F.);
#9926 = EDGE_LOOP('',(#9927));
#9927 = ORIENTED_EDGE('',*,*,#8475,.T.);
#9928 = PLANE('',#9929);
#9929 = AXIS2_PLACEMENT_3D('',#9930,#9931,#9932);
#9930 = CARTESIAN_POINT('',(-3.56,-6.609971592812,-3.18));
#9931 = DIRECTION('',(0.,-0.,-1.));
#9932 = DIRECTION('',(1.,-1.224646799147E-16,0.));
#9933 = ADVANCED_FACE('',(#9934),#9937,.T.);
#9934 = FACE_BOUND('',#9935,.F.);
#9935 = EDGE_LOOP('',(#9936));
#9936 = ORIENTED_EDGE('',*,*,#8500,.T.);
#9937 = PLANE('',#9938);
#9938 = AXIS2_PLACEMENT_3D('',#9939,#9940,#9941);
#9939 = CARTESIAN_POINT('',(-1.27,-6.609971592812,-3.18));
#9940 = DIRECTION('',(0.,-0.,-1.));
#9941 = DIRECTION('',(1.,-1.224646799147E-16,0.));
#9942 = ADVANCED_FACE('',(#9943),#9946,.T.);
#9943 = FACE_BOUND('',#9944,.F.);
#9944 = EDGE_LOOP('',(#9945));
#9945 = ORIENTED_EDGE('',*,*,#8525,.T.);
#9946 = PLANE('',#9947);
#9947 = AXIS2_PLACEMENT_3D('',#9948,#9949,#9950);
#9948 = CARTESIAN_POINT('',(7.87,-6.609971592812,-3.18));
#9949 = DIRECTION('',(0.,-0.,-1.));
#9950 = DIRECTION('',(1.,-1.224646799147E-16,0.));
#9951 = ADVANCED_FACE('',(#9952),#9955,.T.);
#9952 = FACE_BOUND('',#9953,.F.);
#9953 = EDGE_LOOP('',(#9954));
#9954 = ORIENTED_EDGE('',*,*,#8550,.T.);
#9955 = PLANE('',#9956);
#9956 = AXIS2_PLACEMENT_3D('',#9957,#9958,#9959);
#9957 = CARTESIAN_POINT('',(6.85,-1.78,-2.54));
#9958 = DIRECTION('',(0.,-0.,-1.));
#9959 = DIRECTION('',(1.,-1.224646799147E-16,0.));
#9960 = ADVANCED_FACE('',(#9961),#9964,.T.);
#9961 = FACE_BOUND('',#9962,.F.);
#9962 = EDGE_LOOP('',(#9963));
#9963 = ORIENTED_EDGE('',*,*,#8575,.T.);
#9964 = PLANE('',#9965);
#9965 = AXIS2_PLACEMENT_3D('',#9966,#9967,#9968);
#9966 = CARTESIAN_POINT('',(2.79,-1.78,-2.54));
#9967 = DIRECTION('',(0.,-0.,-1.));
#9968 = DIRECTION('',(1.,-1.224646799147E-16,0.));
#9969 = ADVANCED_FACE('',(#9970),#9973,.T.);
#9970 = FACE_BOUND('',#9971,.F.);
#9971 = EDGE_LOOP('',(#9972));
#9972 = ORIENTED_EDGE('',*,*,#8600,.T.);
#9973 = PLANE('',#9974);
#9974 = AXIS2_PLACEMENT_3D('',#9975,#9976,#9977);
#9975 = CARTESIAN_POINT('',(4.82,-1.78,-2.54));
#9976 = DIRECTION('',(0.,-0.,-1.));
#9977 = DIRECTION('',(1.,-1.224646799147E-16,0.));
#9978 = ADVANCED_FACE('',(#9979),#9990,.F.);
#9979 = FACE_BOUND('',#9980,.F.);
#9980 = EDGE_LOOP('',(#9981,#9987,#9988,#9989));
#9981 = ORIENTED_EDGE('',*,*,#9982,.T.);
#9982 = EDGE_CURVE('',#8723,#8666,#9983,.T.);
#9983 = LINE('',#9984,#9985);
#9984 = CARTESIAN_POINT('',(11.73,-1.14,-3.1));
#9985 = VECTOR('',#9986,1.);
#9986 = DIRECTION('',(-1.,2.334869823773E-16,1.665334536938E-16));
#9987 = ORIENTED_EDGE('',*,*,#8665,.T.);
#9988 = ORIENTED_EDGE('',*,*,#8616,.F.);
#9989 = ORIENTED_EDGE('',*,*,#8722,.F.);
#9990 = PLANE('',#9991);
#9991 = AXIS2_PLACEMENT_3D('',#9992,#9993,#9994);
#9992 = CARTESIAN_POINT('',(11.73,-1.14,-3.1));
#9993 = DIRECTION('',(2.645881557079E-16,0.975132855791,0.221621103589)
  );
#9994 = DIRECTION('',(-1.009554130976E-16,-0.221621103589,0.975132855791
    ));
#9995 = ADVANCED_FACE('',(#9996),#10007,.F.);
#9996 = FACE_BOUND('',#9997,.F.);
#9997 = EDGE_LOOP('',(#9998,#9999,#10000,#10006));
#9998 = ORIENTED_EDGE('',*,*,#8687,.T.);
#9999 = ORIENTED_EDGE('',*,*,#8647,.T.);
#10000 = ORIENTED_EDGE('',*,*,#10001,.F.);
#10001 = EDGE_CURVE('',#8712,#8650,#10002,.T.);
#10002 = LINE('',#10003,#10004);
#10003 = CARTESIAN_POINT('',(11.73,-0.64,-3.1));
#10004 = VECTOR('',#10005,1.);
#10005 = DIRECTION('',(-1.,2.334869823773E-16,1.665334536938E-16));
#10006 = ORIENTED_EDGE('',*,*,#8711,.F.);
#10007 = PLANE('',#10008);
#10008 = AXIS2_PLACEMENT_3D('',#10009,#10010,#10011);
#10009 = CARTESIAN_POINT('',(11.73,-0.39,-2.));
#10010 = DIRECTION('',(-1.907735001237E-16,-0.975132855791,
    0.221621103589));
#10011 = DIRECTION('',(-1.009554130976E-16,-0.221621103589,
    -0.975132855791));
#10012 = ADVANCED_FACE('',(#10013),#10019,.F.);
#10013 = FACE_BOUND('',#10014,.F.);
#10014 = EDGE_LOOP('',(#10015,#10016,#10017,#10018));
#10015 = ORIENTED_EDGE('',*,*,#10001,.T.);
#10016 = ORIENTED_EDGE('',*,*,#8673,.T.);
#10017 = ORIENTED_EDGE('',*,*,#9982,.F.);
#10018 = ORIENTED_EDGE('',*,*,#8730,.F.);
#10019 = PLANE('',#10020);
#10020 = AXIS2_PLACEMENT_3D('',#10021,#10022,#10023);
#10021 = CARTESIAN_POINT('',(11.73,-0.64,-3.1));
#10022 = DIRECTION('',(1.665334536938E-16,-4.505324145541E-31,1.));
#10023 = DIRECTION('',(-4.555315873023E-16,-1.,-3.74671166054E-31));
#10024 = ADVANCED_FACE('',(#10025),#10028,.T.);
#10025 = FACE_BOUND('',#10026,.F.);
#10026 = EDGE_LOOP('',(#10027));
#10027 = ORIENTED_EDGE('',*,*,#8753,.T.);
#10028 = PLANE('',#10029);
#10029 = AXIS2_PLACEMENT_3D('',#10030,#10031,#10032);
#10030 = CARTESIAN_POINT('',(10.16,-6.609971592812,-3.18));
#10031 = DIRECTION('',(0.,-0.,-1.));
#10032 = DIRECTION('',(1.,-1.224646799147E-16,0.));
#10033 = ADVANCED_FACE('',(#10034),#10037,.T.);
#10034 = FACE_BOUND('',#10035,.F.);
#10035 = EDGE_LOOP('',(#10036));
#10036 = ORIENTED_EDGE('',*,*,#8850,.T.);
#10037 = PLANE('',#10038);
#10038 = AXIS2_PLACEMENT_3D('',#10039,#10040,#10041);
#10039 = CARTESIAN_POINT('',(5.83,8.881784197001E-16,-2.54));
#10040 = DIRECTION('',(0.,-0.,-1.));
#10041 = DIRECTION('',(1.,-1.224646799147E-16,0.));
#10042 = ADVANCED_FACE('',(#10043),#10046,.T.);
#10043 = FACE_BOUND('',#10044,.F.);
#10044 = EDGE_LOOP('',(#10045));
#10045 = ORIENTED_EDGE('',*,*,#8875,.T.);
#10046 = PLANE('',#10047);
#10047 = AXIS2_PLACEMENT_3D('',#10048,#10049,#10050);
#10048 = CARTESIAN_POINT('',(3.8,8.881784197001E-16,-2.54));
#10049 = DIRECTION('',(0.,-0.,-1.));
#10050 = DIRECTION('',(1.,-1.224646799147E-16,0.));
#10051 = ADVANCED_FACE('',(#10052),#10055,.T.);
#10052 = FACE_BOUND('',#10053,.F.);
#10053 = EDGE_LOOP('',(#10054));
#10054 = ORIENTED_EDGE('',*,*,#8900,.T.);
#10055 = PLANE('',#10056);
#10056 = AXIS2_PLACEMENT_3D('',#10057,#10058,#10059);
#10057 = CARTESIAN_POINT('',(-0.26,1.7763568394E-15,-2.54));
#10058 = DIRECTION('',(0.,-0.,-1.));
#10059 = DIRECTION('',(1.,-1.224646799147E-16,0.));
#10060 = ADVANCED_FACE('',(#10061),#10064,.T.);
#10061 = FACE_BOUND('',#10062,.F.);
#10062 = EDGE_LOOP('',(#10063));
#10063 = ORIENTED_EDGE('',*,*,#8925,.T.);
#10064 = PLANE('',#10065);
#10065 = AXIS2_PLACEMENT_3D('',#10066,#10067,#10068);
#10066 = CARTESIAN_POINT('',(1.77,8.881784197001E-16,-2.54));
#10067 = DIRECTION('',(0.,-0.,-1.));
#10068 = DIRECTION('',(1.,-1.224646799147E-16,0.));
#10069 = ADVANCED_FACE('',(#10070),#10087,.T.);
#10070 = FACE_BOUND('',#10071,.T.);
#10071 = EDGE_LOOP('',(#10072,#10078,#10079,#10085,#10086));
#10072 = ORIENTED_EDGE('',*,*,#10073,.F.);
#10073 = EDGE_CURVE('',#8998,#9024,#10074,.T.);
#10074 = LINE('',#10075,#10076);
#10075 = CARTESIAN_POINT('',(11.805,2.69,-0.1));
#10076 = VECTOR('',#10077,1.);
#10077 = DIRECTION('',(-1.,1.224646799147E-16,0.));
#10078 = ORIENTED_EDGE('',*,*,#8997,.F.);
#10079 = ORIENTED_EDGE('',*,*,#10080,.F.);
#10080 = EDGE_CURVE('',#8964,#8990,#10081,.T.);
#10081 = LINE('',#10082,#10083);
#10082 = CARTESIAN_POINT('',(-5.195,2.19,-0.1));
#10083 = VECTOR('',#10084,1.);
#10084 = DIRECTION('',(1.,-1.224646799147E-16,0.));
#10085 = ORIENTED_EDGE('',*,*,#8963,.F.);
#10086 = ORIENTED_EDGE('',*,*,#9031,.F.);
#10087 = PLANE('',#10088);
#10088 = AXIS2_PLACEMENT_3D('',#10089,#10090,#10091);
#10089 = CARTESIAN_POINT('',(11.805,2.69,-0.1));
#10090 = DIRECTION('',(-0.,0.,-1.));
#10091 = DIRECTION('',(1.,-1.224646799147E-16,-0.));
#10092 = ADVANCED_FACE('',(#10093),#10104,.T.);
#10093 = FACE_BOUND('',#10094,.T.);
#10094 = EDGE_LOOP('',(#10095,#10101,#10102,#10103));
#10095 = ORIENTED_EDGE('',*,*,#10096,.F.);
#10096 = EDGE_CURVE('',#9007,#9015,#10097,.T.);
#10097 = LINE('',#10098,#10099);
#10098 = CARTESIAN_POINT('',(11.805,2.69,-3.1));
#10099 = VECTOR('',#10100,1.);
#10100 = DIRECTION('',(-1.,1.224646799147E-16,0.));
#10101 = ORIENTED_EDGE('',*,*,#9006,.T.);
#10102 = ORIENTED_EDGE('',*,*,#10073,.T.);
#10103 = ORIENTED_EDGE('',*,*,#9023,.F.);
#10104 = PLANE('',#10105);
#10105 = AXIS2_PLACEMENT_3D('',#10106,#10107,#10108);
#10106 = CARTESIAN_POINT('',(11.805,2.69,-3.1));
#10107 = DIRECTION('',(-1.224646799147E-16,-1.,0.));
#10108 = DIRECTION('',(-1.,1.224646799147E-16,0.));
#10109 = ADVANCED_FACE('',(#10110),#10114,.T.);
#10110 = FACE_BOUND('',#10111,.T.);
#10111 = EDGE_LOOP('',(#10112,#10113));
#10112 = ORIENTED_EDGE('',*,*,#10096,.T.);
#10113 = ORIENTED_EDGE('',*,*,#9014,.F.);
#10114 = PLANE('',#10115);
#10115 = AXIS2_PLACEMENT_3D('',#10116,#10117,#10118);
#10116 = CARTESIAN_POINT('',(8.275,2.54,-3.1));
#10117 = DIRECTION('',(0.,-0.,-1.));
#10118 = DIRECTION('',(1.,-1.224646799147E-16,0.));
#10119 = ADVANCED_FACE('',(#10120),#10131,.T.);
#10120 = FACE_BOUND('',#10121,.T.);
#10121 = EDGE_LOOP('',(#10122,#10128,#10129,#10130));
#10122 = ORIENTED_EDGE('',*,*,#10123,.F.);
#10123 = EDGE_CURVE('',#8973,#8981,#10124,.T.);
#10124 = LINE('',#10125,#10126);
#10125 = CARTESIAN_POINT('',(-5.195,2.19,-3.1));
#10126 = VECTOR('',#10127,1.);
#10127 = DIRECTION('',(1.,-1.224646799147E-16,0.));
#10128 = ORIENTED_EDGE('',*,*,#8972,.T.);
#10129 = ORIENTED_EDGE('',*,*,#10080,.T.);
#10130 = ORIENTED_EDGE('',*,*,#8989,.F.);
#10131 = PLANE('',#10132);
#10132 = AXIS2_PLACEMENT_3D('',#10133,#10134,#10135);
#10133 = CARTESIAN_POINT('',(-5.195,2.19,-3.1));
#10134 = DIRECTION('',(1.224646799147E-16,1.,0.));
#10135 = DIRECTION('',(1.,-1.224646799147E-16,0.));
#10136 = ADVANCED_FACE('',(#10137),#10141,.T.);
#10137 = FACE_BOUND('',#10138,.T.);
#10138 = EDGE_LOOP('',(#10139,#10140));
#10139 = ORIENTED_EDGE('',*,*,#8980,.F.);
#10140 = ORIENTED_EDGE('',*,*,#10123,.T.);
#10141 = PLANE('',#10142);
#10142 = AXIS2_PLACEMENT_3D('',#10143,#10144,#10145);
#10143 = CARTESIAN_POINT('',(8.275,2.54,-3.1));
#10144 = DIRECTION('',(0.,-0.,-1.));
#10145 = DIRECTION('',(1.,-1.224646799147E-16,0.));
#10146 = ADVANCED_FACE('',(#10147),#10164,.T.);
#10147 = FACE_BOUND('',#10148,.T.);
#10148 = EDGE_LOOP('',(#10149,#10155,#10156,#10162,#10163));
#10149 = ORIENTED_EDGE('',*,*,#10150,.F.);
#10150 = EDGE_CURVE('',#9091,#9117,#10151,.T.);
#10151 = LINE('',#10152,#10153);
#10152 = CARTESIAN_POINT('',(-0.895,2.69,-0.1));
#10153 = VECTOR('',#10154,1.);
#10154 = DIRECTION('',(-1.,1.224646799147E-16,0.));
#10155 = ORIENTED_EDGE('',*,*,#9090,.F.);
#10156 = ORIENTED_EDGE('',*,*,#10157,.F.);
#10157 = EDGE_CURVE('',#9057,#9083,#10158,.T.);
#10158 = LINE('',#10159,#10160);
#10159 = CARTESIAN_POINT('',(-17.895,2.19,-0.1));
#10160 = VECTOR('',#10161,1.);
#10161 = DIRECTION('',(1.,-1.224646799147E-16,0.));
#10162 = ORIENTED_EDGE('',*,*,#9056,.F.);
#10163 = ORIENTED_EDGE('',*,*,#9124,.F.);
#10164 = PLANE('',#10165);
#10165 = AXIS2_PLACEMENT_3D('',#10166,#10167,#10168);
#10166 = CARTESIAN_POINT('',(-0.895,2.69,-0.1));
#10167 = DIRECTION('',(-0.,0.,-1.));
#10168 = DIRECTION('',(1.,-1.224646799147E-16,-0.));
#10169 = ADVANCED_FACE('',(#10170),#10181,.T.);
#10170 = FACE_BOUND('',#10171,.T.);
#10171 = EDGE_LOOP('',(#10172,#10178,#10179,#10180));
#10172 = ORIENTED_EDGE('',*,*,#10173,.F.);
#10173 = EDGE_CURVE('',#9100,#9108,#10174,.T.);
#10174 = LINE('',#10175,#10176);
#10175 = CARTESIAN_POINT('',(-0.895,2.69,-3.1));
#10176 = VECTOR('',#10177,1.);
#10177 = DIRECTION('',(-1.,1.224646799147E-16,0.));
#10178 = ORIENTED_EDGE('',*,*,#9099,.T.);
#10179 = ORIENTED_EDGE('',*,*,#10150,.T.);
#10180 = ORIENTED_EDGE('',*,*,#9116,.F.);
#10181 = PLANE('',#10182);
#10182 = AXIS2_PLACEMENT_3D('',#10183,#10184,#10185);
#10183 = CARTESIAN_POINT('',(-0.895,2.69,-3.1));
#10184 = DIRECTION('',(-1.224646799147E-16,-1.,0.));
#10185 = DIRECTION('',(-1.,1.224646799147E-16,0.));
#10186 = ADVANCED_FACE('',(#10187),#10191,.T.);
#10187 = FACE_BOUND('',#10188,.T.);
#10188 = EDGE_LOOP('',(#10189,#10190));
#10189 = ORIENTED_EDGE('',*,*,#10173,.T.);
#10190 = ORIENTED_EDGE('',*,*,#9107,.F.);
#10191 = PLANE('',#10192);
#10192 = AXIS2_PLACEMENT_3D('',#10193,#10194,#10195);
#10193 = CARTESIAN_POINT('',(-4.425,2.54,-3.1));
#10194 = DIRECTION('',(0.,-0.,-1.));
#10195 = DIRECTION('',(1.,-1.224646799147E-16,0.));
#10196 = ADVANCED_FACE('',(#10197),#10208,.T.);
#10197 = FACE_BOUND('',#10198,.T.);
#10198 = EDGE_LOOP('',(#10199,#10205,#10206,#10207));
#10199 = ORIENTED_EDGE('',*,*,#10200,.F.);
#10200 = EDGE_CURVE('',#9066,#9074,#10201,.T.);
#10201 = LINE('',#10202,#10203);
#10202 = CARTESIAN_POINT('',(-17.895,2.19,-3.1));
#10203 = VECTOR('',#10204,1.);
#10204 = DIRECTION('',(1.,-1.224646799147E-16,0.));
#10205 = ORIENTED_EDGE('',*,*,#9065,.T.);
#10206 = ORIENTED_EDGE('',*,*,#10157,.T.);
#10207 = ORIENTED_EDGE('',*,*,#9082,.F.);
#10208 = PLANE('',#10209);
#10209 = AXIS2_PLACEMENT_3D('',#10210,#10211,#10212);
#10210 = CARTESIAN_POINT('',(-17.895,2.19,-3.1));
#10211 = DIRECTION('',(1.224646799147E-16,1.,0.));
#10212 = DIRECTION('',(1.,-1.224646799147E-16,0.));
#10213 = ADVANCED_FACE('',(#10214),#10218,.T.);
#10214 = FACE_BOUND('',#10215,.T.);
#10215 = EDGE_LOOP('',(#10216,#10217));
#10216 = ORIENTED_EDGE('',*,*,#9073,.F.);
#10217 = ORIENTED_EDGE('',*,*,#10200,.T.);
#10218 = PLANE('',#10219);
#10219 = AXIS2_PLACEMENT_3D('',#10220,#10221,#10222);
#10220 = CARTESIAN_POINT('',(-4.425,2.54,-3.1));
#10221 = DIRECTION('',(0.,-0.,-1.));
#10222 = DIRECTION('',(1.,-1.224646799147E-16,0.));
#10223 = ADVANCED_FACE('',(#10224),#10230,.T.);
#10224 = FACE_BOUND('',#10225,.T.);
#10225 = EDGE_LOOP('',(#10226,#10227,#10228,#10229));
#10226 = ORIENTED_EDGE('',*,*,#9151,.F.);
#10227 = ORIENTED_EDGE('',*,*,#9231,.F.);
#10228 = ORIENTED_EDGE('',*,*,#9206,.F.);
#10229 = ORIENTED_EDGE('',*,*,#9183,.F.);
#10230 = PLANE('',#10231);
#10231 = AXIS2_PLACEMENT_3D('',#10232,#10233,#10234);
#10232 = CARTESIAN_POINT('',(11.305,8.3,12.9));
#10233 = DIRECTION('',(1.224646799147E-16,1.,6.661338147751E-16));
#10234 = DIRECTION('',(8.157786440681E-32,6.661338147751E-16,-1.));
#10235 = ADVANCED_FACE('',(#10236),#10247,.T.);
#10236 = FACE_BOUND('',#10237,.T.);
#10237 = EDGE_LOOP('',(#10238,#10239,#10240,#10246));
#10238 = ORIENTED_EDGE('',*,*,#9729,.T.);
#10239 = ORIENTED_EDGE('',*,*,#9295,.T.);
#10240 = ORIENTED_EDGE('',*,*,#10241,.F.);
#10241 = EDGE_CURVE('',#9697,#9288,#10242,.T.);
#10242 = LINE('',#10243,#10244);
#10243 = CARTESIAN_POINT('',(6.55,7.5,12.91));
#10244 = VECTOR('',#10245,1.);
#10245 = DIRECTION('',(-1.224646799147E-16,-1.,-2.22044604925E-16));
#10246 = ORIENTED_EDGE('',*,*,#9704,.F.);
#10247 = PLANE('',#10248);
#10248 = AXIS2_PLACEMENT_3D('',#10249,#10250,#10251);
#10249 = CARTESIAN_POINT('',(6.55,7.5,10.75));
#10250 = DIRECTION('',(-1.,1.224646799147E-16,0.));
#10251 = DIRECTION('',(-2.719262146893E-32,-2.22044604925E-16,1.));
#10252 = ADVANCED_FACE('',(#10253),#10264,.T.);
#10253 = FACE_BOUND('',#10254,.T.);
#10254 = EDGE_LOOP('',(#10255,#10256,#10257,#10263));
#10255 = ORIENTED_EDGE('',*,*,#10241,.T.);
#10256 = ORIENTED_EDGE('',*,*,#9287,.T.);
#10257 = ORIENTED_EDGE('',*,*,#10258,.F.);
#10258 = EDGE_CURVE('',#9689,#9280,#10259,.T.);
#10259 = LINE('',#10260,#10261);
#10260 = CARTESIAN_POINT('',(0.55,7.5,12.91));
#10261 = VECTOR('',#10262,1.);
#10262 = DIRECTION('',(-1.224646799147E-16,-1.,-2.22044604925E-16));
#10263 = ORIENTED_EDGE('',*,*,#9696,.F.);
#10264 = PLANE('',#10265);
#10265 = AXIS2_PLACEMENT_3D('',#10266,#10267,#10268);
#10266 = CARTESIAN_POINT('',(6.55,7.5,12.91));
#10267 = DIRECTION('',(2.719262146894E-32,2.22044604925E-16,-1.));
#10268 = DIRECTION('',(-1.,1.224646799147E-16,-1.385424380159E-44));
#10269 = ADVANCED_FACE('',(#10270),#10276,.T.);
#10270 = FACE_BOUND('',#10271,.T.);
#10271 = EDGE_LOOP('',(#10272,#10273,#10274,#10275));
#10272 = ORIENTED_EDGE('',*,*,#10258,.T.);
#10273 = ORIENTED_EDGE('',*,*,#9279,.T.);
#10274 = ORIENTED_EDGE('',*,*,#9744,.F.);
#10275 = ORIENTED_EDGE('',*,*,#9688,.F.);
#10276 = PLANE('',#10277);
#10277 = AXIS2_PLACEMENT_3D('',#10278,#10279,#10280);
#10278 = CARTESIAN_POINT('',(0.55,7.5,12.91));
#10279 = DIRECTION('',(1.,-1.224646799147E-16,0.));
#10280 = DIRECTION('',(2.719262146893E-32,2.22044604925E-16,-1.));
#10281 = ADVANCED_FACE('',(#10282,#10288,#10322,#10356,#10390,#10424,
    #10458,#10492,#10526),#10560,.T.);
#10282 = FACE_BOUND('',#10283,.T.);
#10283 = EDGE_LOOP('',(#10284,#10285,#10286,#10287));
#10284 = ORIENTED_EDGE('',*,*,#9763,.T.);
#10285 = ORIENTED_EDGE('',*,*,#9255,.T.);
#10286 = ORIENTED_EDGE('',*,*,#9599,.F.);
#10287 = ORIENTED_EDGE('',*,*,#9617,.F.);
#10288 = FACE_BOUND('',#10289,.T.);
#10289 = EDGE_LOOP('',(#10290,#10300,#10308,#10316));
#10290 = ORIENTED_EDGE('',*,*,#10291,.T.);
#10291 = EDGE_CURVE('',#10292,#10294,#10296,.T.);
#10292 = VERTEX_POINT('',#10293);
#10293 = CARTESIAN_POINT('',(0.175,5.,2.55));
#10294 = VERTEX_POINT('',#10295);
#10295 = CARTESIAN_POINT('',(0.575,5.,2.55));
#10296 = LINE('',#10297,#10298);
#10297 = CARTESIAN_POINT('',(-0.84,5.,2.55));
#10298 = VECTOR('',#10299,1.);
#10299 = DIRECTION('',(1.,-2.334869823773E-16,-2.465190328816E-32));
#10300 = ORIENTED_EDGE('',*,*,#10301,.T.);
#10301 = EDGE_CURVE('',#10294,#10302,#10304,.T.);
#10302 = VERTEX_POINT('',#10303);
#10303 = CARTESIAN_POINT('',(0.575,4.5,2.55));
#10304 = LINE('',#10305,#10306);
#10305 = CARTESIAN_POINT('',(0.575,6.,2.55));
#10306 = VECTOR('',#10307,1.);
#10307 = DIRECTION('',(-3.217820005729E-16,-1.,-2.22044604925E-16));
#10308 = ORIENTED_EDGE('',*,*,#10309,.T.);
#10309 = EDGE_CURVE('',#10302,#10310,#10312,.T.);
#10310 = VERTEX_POINT('',#10311);
#10311 = CARTESIAN_POINT('',(0.175,4.5,2.55));
#10312 = LINE('',#10313,#10314);
#10313 = CARTESIAN_POINT('',(-0.84,4.5,2.55));
#10314 = VECTOR('',#10315,1.);
#10315 = DIRECTION('',(-1.,2.334869823773E-16,2.465190328816E-32));
#10316 = ORIENTED_EDGE('',*,*,#10317,.F.);
#10317 = EDGE_CURVE('',#10292,#10310,#10318,.T.);
#10318 = LINE('',#10319,#10320);
#10319 = CARTESIAN_POINT('',(0.175,6.,2.55));
#10320 = VECTOR('',#10321,1.);
#10321 = DIRECTION('',(-3.217820005729E-16,-1.,-2.22044604925E-16));
#10322 = FACE_BOUND('',#10323,.T.);
#10323 = EDGE_LOOP('',(#10324,#10334,#10342,#10350));
#10324 = ORIENTED_EDGE('',*,*,#10325,.F.);
#10325 = EDGE_CURVE('',#10326,#10328,#10330,.T.);
#10326 = VERTEX_POINT('',#10327);
#10327 = CARTESIAN_POINT('',(1.445,5.,2.55));
#10328 = VERTEX_POINT('',#10329);
#10329 = CARTESIAN_POINT('',(1.445,4.5,2.55));
#10330 = LINE('',#10331,#10332);
#10331 = CARTESIAN_POINT('',(1.445,6.,2.55));
#10332 = VECTOR('',#10333,1.);
#10333 = DIRECTION('',(-3.217820005729E-16,-1.,-2.22044604925E-16));
#10334 = ORIENTED_EDGE('',*,*,#10335,.T.);
#10335 = EDGE_CURVE('',#10326,#10336,#10338,.T.);
#10336 = VERTEX_POINT('',#10337);
#10337 = CARTESIAN_POINT('',(1.845,5.,2.55));
#10338 = LINE('',#10339,#10340);
#10339 = CARTESIAN_POINT('',(-0.205,5.,2.55));
#10340 = VECTOR('',#10341,1.);
#10341 = DIRECTION('',(1.,-2.334869823773E-16,-2.465190328816E-32));
#10342 = ORIENTED_EDGE('',*,*,#10343,.T.);
#10343 = EDGE_CURVE('',#10336,#10344,#10346,.T.);
#10344 = VERTEX_POINT('',#10345);
#10345 = CARTESIAN_POINT('',(1.845,4.5,2.55));
#10346 = LINE('',#10347,#10348);
#10347 = CARTESIAN_POINT('',(1.845,6.,2.55));
#10348 = VECTOR('',#10349,1.);
#10349 = DIRECTION('',(-3.217820005729E-16,-1.,-2.22044604925E-16));
#10350 = ORIENTED_EDGE('',*,*,#10351,.T.);
#10351 = EDGE_CURVE('',#10344,#10328,#10352,.T.);
#10352 = LINE('',#10353,#10354);
#10353 = CARTESIAN_POINT('',(-0.205,4.5,2.55));
#10354 = VECTOR('',#10355,1.);
#10355 = DIRECTION('',(-1.,2.334869823773E-16,2.465190328816E-32));
#10356 = FACE_BOUND('',#10357,.T.);
#10357 = EDGE_LOOP('',(#10358,#10368,#10376,#10384));
#10358 = ORIENTED_EDGE('',*,*,#10359,.F.);
#10359 = EDGE_CURVE('',#10360,#10362,#10364,.T.);
#10360 = VERTEX_POINT('',#10361);
#10361 = CARTESIAN_POINT('',(2.715,5.,2.55));
#10362 = VERTEX_POINT('',#10363);
#10363 = CARTESIAN_POINT('',(2.715,4.5,2.55));
#10364 = LINE('',#10365,#10366);
#10365 = CARTESIAN_POINT('',(2.715,6.,2.55));
#10366 = VECTOR('',#10367,1.);
#10367 = DIRECTION('',(-3.217820005729E-16,-1.,-2.22044604925E-16));
#10368 = ORIENTED_EDGE('',*,*,#10369,.T.);
#10369 = EDGE_CURVE('',#10360,#10370,#10372,.T.);
#10370 = VERTEX_POINT('',#10371);
#10371 = CARTESIAN_POINT('',(3.115,5.,2.55));
#10372 = LINE('',#10373,#10374);
#10373 = CARTESIAN_POINT('',(0.43,5.,2.55));
#10374 = VECTOR('',#10375,1.);
#10375 = DIRECTION('',(1.,-2.334869823773E-16,-2.465190328816E-32));
#10376 = ORIENTED_EDGE('',*,*,#10377,.T.);
#10377 = EDGE_CURVE('',#10370,#10378,#10380,.T.);
#10378 = VERTEX_POINT('',#10379);
#10379 = CARTESIAN_POINT('',(3.115,4.5,2.55));
#10380 = LINE('',#10381,#10382);
#10381 = CARTESIAN_POINT('',(3.115,6.,2.55));
#10382 = VECTOR('',#10383,1.);
#10383 = DIRECTION('',(-3.217820005729E-16,-1.,-2.22044604925E-16));
#10384 = ORIENTED_EDGE('',*,*,#10385,.T.);
#10385 = EDGE_CURVE('',#10378,#10362,#10386,.T.);
#10386 = LINE('',#10387,#10388);
#10387 = CARTESIAN_POINT('',(0.43,4.5,2.55));
#10388 = VECTOR('',#10389,1.);
#10389 = DIRECTION('',(-1.,2.334869823773E-16,2.465190328816E-32));
#10390 = FACE_BOUND('',#10391,.T.);
#10391 = EDGE_LOOP('',(#10392,#10402,#10410,#10418));
#10392 = ORIENTED_EDGE('',*,*,#10393,.F.);
#10393 = EDGE_CURVE('',#10394,#10396,#10398,.T.);
#10394 = VERTEX_POINT('',#10395);
#10395 = CARTESIAN_POINT('',(3.985,5.,2.55));
#10396 = VERTEX_POINT('',#10397);
#10397 = CARTESIAN_POINT('',(3.985,4.5,2.55));
#10398 = LINE('',#10399,#10400);
#10399 = CARTESIAN_POINT('',(3.985,6.,2.55));
#10400 = VECTOR('',#10401,1.);
#10401 = DIRECTION('',(-3.217820005729E-16,-1.,-2.22044604925E-16));
#10402 = ORIENTED_EDGE('',*,*,#10403,.T.);
#10403 = EDGE_CURVE('',#10394,#10404,#10406,.T.);
#10404 = VERTEX_POINT('',#10405);
#10405 = CARTESIAN_POINT('',(4.385,5.,2.55));
#10406 = LINE('',#10407,#10408);
#10407 = CARTESIAN_POINT('',(1.065,5.,2.55));
#10408 = VECTOR('',#10409,1.);
#10409 = DIRECTION('',(1.,-2.334869823773E-16,-2.465190328816E-32));
#10410 = ORIENTED_EDGE('',*,*,#10411,.T.);
#10411 = EDGE_CURVE('',#10404,#10412,#10414,.T.);
#10412 = VERTEX_POINT('',#10413);
#10413 = CARTESIAN_POINT('',(4.385,4.5,2.55));
#10414 = LINE('',#10415,#10416);
#10415 = CARTESIAN_POINT('',(4.385,6.,2.55));
#10416 = VECTOR('',#10417,1.);
#10417 = DIRECTION('',(-3.217820005729E-16,-1.,-2.22044604925E-16));
#10418 = ORIENTED_EDGE('',*,*,#10419,.T.);
#10419 = EDGE_CURVE('',#10412,#10396,#10420,.T.);
#10420 = LINE('',#10421,#10422);
#10421 = CARTESIAN_POINT('',(1.065,4.5,2.55));
#10422 = VECTOR('',#10423,1.);
#10423 = DIRECTION('',(-1.,2.334869823773E-16,2.465190328816E-32));
#10424 = FACE_BOUND('',#10425,.T.);
#10425 = EDGE_LOOP('',(#10426,#10436,#10444,#10452));
#10426 = ORIENTED_EDGE('',*,*,#10427,.T.);
#10427 = EDGE_CURVE('',#10428,#10430,#10432,.T.);
#10428 = VERTEX_POINT('',#10429);
#10429 = CARTESIAN_POINT('',(8.195,5.,2.55));
#10430 = VERTEX_POINT('',#10431);
#10431 = CARTESIAN_POINT('',(8.195,4.5,2.55));
#10432 = LINE('',#10433,#10434);
#10433 = CARTESIAN_POINT('',(8.195,6.,2.55));
#10434 = VECTOR('',#10435,1.);
#10435 = DIRECTION('',(-3.217820005729E-16,-1.,-2.22044604925E-16));
#10436 = ORIENTED_EDGE('',*,*,#10437,.T.);
#10437 = EDGE_CURVE('',#10430,#10438,#10440,.T.);
#10438 = VERTEX_POINT('',#10439);
#10439 = CARTESIAN_POINT('',(7.795,4.5,2.55));
#10440 = LINE('',#10441,#10442);
#10441 = CARTESIAN_POINT('',(2.97,4.5,2.55));
#10442 = VECTOR('',#10443,1.);
#10443 = DIRECTION('',(-1.,2.334869823773E-16,2.465190328816E-32));
#10444 = ORIENTED_EDGE('',*,*,#10445,.F.);
#10445 = EDGE_CURVE('',#10446,#10438,#10448,.T.);
#10446 = VERTEX_POINT('',#10447);
#10447 = CARTESIAN_POINT('',(7.795,5.,2.55));
#10448 = LINE('',#10449,#10450);
#10449 = CARTESIAN_POINT('',(7.795,6.,2.55));
#10450 = VECTOR('',#10451,1.);
#10451 = DIRECTION('',(-3.217820005729E-16,-1.,-2.22044604925E-16));
#10452 = ORIENTED_EDGE('',*,*,#10453,.T.);
#10453 = EDGE_CURVE('',#10446,#10428,#10454,.T.);
#10454 = LINE('',#10455,#10456);
#10455 = CARTESIAN_POINT('',(2.97,5.,2.55));
#10456 = VECTOR('',#10457,1.);
#10457 = DIRECTION('',(1.,-2.334869823773E-16,-2.465190328816E-32));
#10458 = FACE_BOUND('',#10459,.T.);
#10459 = EDGE_LOOP('',(#10460,#10470,#10478,#10486));
#10460 = ORIENTED_EDGE('',*,*,#10461,.F.);
#10461 = EDGE_CURVE('',#10462,#10464,#10466,.T.);
#10462 = VERTEX_POINT('',#10463);
#10463 = CARTESIAN_POINT('',(6.525,5.,2.55));
#10464 = VERTEX_POINT('',#10465);
#10465 = CARTESIAN_POINT('',(6.525,4.5,2.55));
#10466 = LINE('',#10467,#10468);
#10467 = CARTESIAN_POINT('',(6.525,6.,2.55));
#10468 = VECTOR('',#10469,1.);
#10469 = DIRECTION('',(-3.217820005729E-16,-1.,-2.22044604925E-16));
#10470 = ORIENTED_EDGE('',*,*,#10471,.T.);
#10471 = EDGE_CURVE('',#10462,#10472,#10474,.T.);
#10472 = VERTEX_POINT('',#10473);
#10473 = CARTESIAN_POINT('',(6.925,5.,2.55));
#10474 = LINE('',#10475,#10476);
#10475 = CARTESIAN_POINT('',(2.335,5.,2.55));
#10476 = VECTOR('',#10477,1.);
#10477 = DIRECTION('',(1.,-2.334869823773E-16,-2.465190328816E-32));
#10478 = ORIENTED_EDGE('',*,*,#10479,.T.);
#10479 = EDGE_CURVE('',#10472,#10480,#10482,.T.);
#10480 = VERTEX_POINT('',#10481);
#10481 = CARTESIAN_POINT('',(6.925,4.5,2.55));
#10482 = LINE('',#10483,#10484);
#10483 = CARTESIAN_POINT('',(6.925,6.,2.55));
#10484 = VECTOR('',#10485,1.);
#10485 = DIRECTION('',(-3.217820005729E-16,-1.,-2.22044604925E-16));
#10486 = ORIENTED_EDGE('',*,*,#10487,.T.);
#10487 = EDGE_CURVE('',#10480,#10464,#10488,.T.);
#10488 = LINE('',#10489,#10490);
#10489 = CARTESIAN_POINT('',(2.335,4.5,2.55));
#10490 = VECTOR('',#10491,1.);
#10491 = DIRECTION('',(-1.,2.334869823773E-16,2.465190328816E-32));
#10492 = FACE_BOUND('',#10493,.T.);
#10493 = EDGE_LOOP('',(#10494,#10504,#10512,#10520));
#10494 = ORIENTED_EDGE('',*,*,#10495,.F.);
#10495 = EDGE_CURVE('',#10496,#10498,#10500,.T.);
#10496 = VERTEX_POINT('',#10497);
#10497 = CARTESIAN_POINT('',(5.255,5.,2.55));
#10498 = VERTEX_POINT('',#10499);
#10499 = CARTESIAN_POINT('',(5.255,4.5,2.55));
#10500 = LINE('',#10501,#10502);
#10501 = CARTESIAN_POINT('',(5.255,6.,2.55));
#10502 = VECTOR('',#10503,1.);
#10503 = DIRECTION('',(-3.217820005729E-16,-1.,-2.22044604925E-16));
#10504 = ORIENTED_EDGE('',*,*,#10505,.T.);
#10505 = EDGE_CURVE('',#10496,#10506,#10508,.T.);
#10506 = VERTEX_POINT('',#10507);
#10507 = CARTESIAN_POINT('',(5.655,5.,2.55));
#10508 = LINE('',#10509,#10510);
#10509 = CARTESIAN_POINT('',(1.7,5.,2.55));
#10510 = VECTOR('',#10511,1.);
#10511 = DIRECTION('',(1.,-2.334869823773E-16,-2.465190328816E-32));
#10512 = ORIENTED_EDGE('',*,*,#10513,.T.);
#10513 = EDGE_CURVE('',#10506,#10514,#10516,.T.);
#10514 = VERTEX_POINT('',#10515);
#10515 = CARTESIAN_POINT('',(5.655,4.5,2.55));
#10516 = LINE('',#10517,#10518);
#10517 = CARTESIAN_POINT('',(5.655,6.,2.55));
#10518 = VECTOR('',#10519,1.);
#10519 = DIRECTION('',(-3.217820005729E-16,-1.,-2.22044604925E-16));
#10520 = ORIENTED_EDGE('',*,*,#10521,.T.);
#10521 = EDGE_CURVE('',#10514,#10498,#10522,.T.);
#10522 = LINE('',#10523,#10524);
#10523 = CARTESIAN_POINT('',(1.7,4.5,2.55));
#10524 = VECTOR('',#10525,1.);
#10525 = DIRECTION('',(-1.,2.334869823773E-16,2.465190328816E-32));
#10526 = FACE_BOUND('',#10527,.T.);
#10527 = EDGE_LOOP('',(#10528,#10538,#10546,#10554));
#10528 = ORIENTED_EDGE('',*,*,#10529,.F.);
#10529 = EDGE_CURVE('',#10530,#10532,#10534,.T.);
#10530 = VERTEX_POINT('',#10531);
#10531 = CARTESIAN_POINT('',(-1.095,5.,2.55));
#10532 = VERTEX_POINT('',#10533);
#10533 = CARTESIAN_POINT('',(-1.095,4.5,2.55));
#10534 = LINE('',#10535,#10536);
#10535 = CARTESIAN_POINT('',(-1.095,6.,2.55));
#10536 = VECTOR('',#10537,1.);
#10537 = DIRECTION('',(-3.217820005729E-16,-1.,-2.22044604925E-16));
#10538 = ORIENTED_EDGE('',*,*,#10539,.T.);
#10539 = EDGE_CURVE('',#10530,#10540,#10542,.T.);
#10540 = VERTEX_POINT('',#10541);
#10541 = CARTESIAN_POINT('',(-0.695,5.,2.55));
#10542 = LINE('',#10543,#10544);
#10543 = CARTESIAN_POINT('',(-1.475,5.,2.55));
#10544 = VECTOR('',#10545,1.);
#10545 = DIRECTION('',(1.,-2.334869823773E-16,-2.465190328816E-32));
#10546 = ORIENTED_EDGE('',*,*,#10547,.T.);
#10547 = EDGE_CURVE('',#10540,#10548,#10550,.T.);
#10548 = VERTEX_POINT('',#10549);
#10549 = CARTESIAN_POINT('',(-0.695,4.5,2.55));
#10550 = LINE('',#10551,#10552);
#10551 = CARTESIAN_POINT('',(-0.695,6.,2.55));
#10552 = VECTOR('',#10553,1.);
#10553 = DIRECTION('',(-3.217820005729E-16,-1.,-2.22044604925E-16));
#10554 = ORIENTED_EDGE('',*,*,#10555,.T.);
#10555 = EDGE_CURVE('',#10548,#10532,#10556,.T.);
#10556 = LINE('',#10557,#10558);
#10557 = CARTESIAN_POINT('',(-1.475,4.5,2.55));
#10558 = VECTOR('',#10559,1.);
#10559 = DIRECTION('',(-1.,2.334869823773E-16,2.465190328816E-32));
#10560 = PLANE('',#10561);
#10561 = AXIS2_PLACEMENT_3D('',#10562,#10563,#10564);
#10562 = CARTESIAN_POINT('',(-2.255,7.5,2.55));
#10563 = DIRECTION('',(-2.719262146894E-32,-2.22044604925E-16,1.));
#10564 = DIRECTION('',(1.,-1.224646799147E-16,1.385424380159E-44));
#10565 = ADVANCED_FACE('',(#10566),#10598,.T.);
#10566 = FACE_BOUND('',#10567,.T.);
#10567 = EDGE_LOOP('',(#10568,#10569,#10577,#10583,#10584,#10592));
#10568 = ORIENTED_EDGE('',*,*,#10529,.T.);
#10569 = ORIENTED_EDGE('',*,*,#10570,.T.);
#10570 = EDGE_CURVE('',#10532,#10571,#10573,.T.);
#10571 = VERTEX_POINT('',#10572);
#10572 = CARTESIAN_POINT('',(-1.095,4.5,4.00000552498));
#10573 = LINE('',#10574,#10575);
#10574 = CARTESIAN_POINT('',(-1.095,4.5,-3.552713678801E-16));
#10575 = VECTOR('',#10576,1.);
#10576 = DIRECTION('',(1.110223024625E-16,-1.110223024625E-16,1.));
#10577 = ORIENTED_EDGE('',*,*,#10578,.T.);
#10578 = EDGE_CURVE('',#10571,#9314,#10579,.T.);
#10579 = LINE('',#10580,#10581);
#10580 = CARTESIAN_POINT('',(-1.095,4.5,4.00000552498));
#10581 = VECTOR('',#10582,1.);
#10582 = DIRECTION('',(-2.392375218869E-16,-0.85927266024,0.511517834844
    ));
#10583 = ORIENTED_EDGE('',*,*,#9313,.T.);
#10584 = ORIENTED_EDGE('',*,*,#10585,.T.);
#10585 = EDGE_CURVE('',#9316,#10586,#10588,.T.);
#10586 = VERTEX_POINT('',#10587);
#10587 = CARTESIAN_POINT('',(-1.095,5.,4.));
#10588 = LINE('',#10589,#10590);
#10589 = CARTESIAN_POINT('',(-1.095,-5.,9.952916443316));
#10590 = VECTOR('',#10591,1.);
#10591 = DIRECTION('',(2.392375218869E-16,0.85927266024,-0.511517834844)
  );
#10592 = ORIENTED_EDGE('',*,*,#10593,.T.);
#10593 = EDGE_CURVE('',#10586,#10530,#10594,.T.);
#10594 = LINE('',#10595,#10596);
#10595 = CARTESIAN_POINT('',(-1.095,5.,4.));
#10596 = VECTOR('',#10597,1.);
#10597 = DIRECTION('',(-1.110223024625E-16,1.110223024625E-16,-1.));
#10598 = PLANE('',#10599);
#10599 = AXIS2_PLACEMENT_3D('',#10600,#10601,#10602);
#10600 = CARTESIAN_POINT('',(-1.095,4.5,-3.552713678801E-16));
#10601 = DIRECTION('',(-1.,3.217820005729E-16,1.110221491137E-16));
#10602 = DIRECTION('',(-3.217820005729E-16,-1.,-4.379057701015E-47));
#10603 = ADVANCED_FACE('',(#10604),#10622,.F.);
#10604 = FACE_BOUND('',#10605,.F.);
#10605 = EDGE_LOOP('',(#10606,#10614,#10620,#10621));
#10606 = ORIENTED_EDGE('',*,*,#10607,.F.);
#10607 = EDGE_CURVE('',#10608,#9324,#10610,.T.);
#10608 = VERTEX_POINT('',#10609);
#10609 = CARTESIAN_POINT('',(-0.695,4.5,4.00000552498));
#10610 = LINE('',#10611,#10612);
#10611 = CARTESIAN_POINT('',(-0.695,4.5,4.00000552498));
#10612 = VECTOR('',#10613,1.);
#10613 = DIRECTION('',(-2.392375218869E-16,-0.85927266024,0.511517834844
    ));
#10614 = ORIENTED_EDGE('',*,*,#10615,.T.);
#10615 = EDGE_CURVE('',#10608,#10571,#10616,.T.);
#10616 = LINE('',#10617,#10618);
#10617 = CARTESIAN_POINT('',(-0.695,4.5,4.00000552498));
#10618 = VECTOR('',#10619,1.);
#10619 = DIRECTION('',(-1.,2.334869823773E-16,1.665334536938E-16));
#10620 = ORIENTED_EDGE('',*,*,#10578,.T.);
#10621 = ORIENTED_EDGE('',*,*,#9323,.T.);
#10622 = PLANE('',#10623);
#10623 = AXIS2_PLACEMENT_3D('',#10624,#10625,#10626);
#10624 = CARTESIAN_POINT('',(-0.695,4.5,4.00000552498));
#10625 = DIRECTION('',(2.625303994644E-16,0.511517834844,0.85927266024)
  );
#10626 = DIRECTION('',(-3.914258388449E-16,-0.85927266024,0.511517834844
    ));
#10627 = ADVANCED_FACE('',(#10628),#10646,.F.);
#10628 = FACE_BOUND('',#10629,.F.);
#10629 = EDGE_LOOP('',(#10630,#10638,#10639,#10640));
#10630 = ORIENTED_EDGE('',*,*,#10631,.F.);
#10631 = EDGE_CURVE('',#9332,#10632,#10634,.T.);
#10632 = VERTEX_POINT('',#10633);
#10633 = CARTESIAN_POINT('',(-0.695,5.,4.));
#10634 = LINE('',#10635,#10636);
#10635 = CARTESIAN_POINT('',(-0.695,-5.,9.952916443316));
#10636 = VECTOR('',#10637,1.);
#10637 = DIRECTION('',(2.392375218869E-16,0.85927266024,-0.511517834844)
  );
#10638 = ORIENTED_EDGE('',*,*,#9339,.T.);
#10639 = ORIENTED_EDGE('',*,*,#10585,.T.);
#10640 = ORIENTED_EDGE('',*,*,#10641,.F.);
#10641 = EDGE_CURVE('',#10632,#10586,#10642,.T.);
#10642 = LINE('',#10643,#10644);
#10643 = CARTESIAN_POINT('',(-0.695,5.,4.));
#10644 = VECTOR('',#10645,1.);
#10645 = DIRECTION('',(-1.,2.334869823773E-16,1.665334536938E-16));
#10646 = PLANE('',#10647);
#10647 = AXIS2_PLACEMENT_3D('',#10648,#10649,#10650);
#10648 = CARTESIAN_POINT('',(-0.695,-5.,9.952916443316));
#10649 = DIRECTION('',(-2.625303994644E-16,-0.511517834844,
    -0.85927266024));
#10650 = DIRECTION('',(3.914258388449E-16,0.85927266024,-0.511517834844)
  );
#10651 = ADVANCED_FACE('',(#10652),#10670,.F.);
#10652 = FACE_BOUND('',#10653,.F.);
#10653 = EDGE_LOOP('',(#10654,#10655,#10661,#10662,#10663,#10664));
#10654 = ORIENTED_EDGE('',*,*,#10547,.T.);
#10655 = ORIENTED_EDGE('',*,*,#10656,.T.);
#10656 = EDGE_CURVE('',#10548,#10608,#10657,.T.);
#10657 = LINE('',#10658,#10659);
#10658 = CARTESIAN_POINT('',(-0.695,4.5,-4.218847493576E-16));
#10659 = VECTOR('',#10660,1.);
#10660 = DIRECTION('',(1.110223024625E-16,-1.110223024625E-16,1.));
#10661 = ORIENTED_EDGE('',*,*,#10607,.T.);
#10662 = ORIENTED_EDGE('',*,*,#9331,.T.);
#10663 = ORIENTED_EDGE('',*,*,#10631,.T.);
#10664 = ORIENTED_EDGE('',*,*,#10665,.T.);
#10665 = EDGE_CURVE('',#10632,#10540,#10666,.T.);
#10666 = LINE('',#10667,#10668);
#10667 = CARTESIAN_POINT('',(-0.695,5.,4.));
#10668 = VECTOR('',#10669,1.);
#10669 = DIRECTION('',(-1.110223024625E-16,1.110223024625E-16,-1.));
#10670 = PLANE('',#10671);
#10671 = AXIS2_PLACEMENT_3D('',#10672,#10673,#10674);
#10672 = CARTESIAN_POINT('',(-0.695,4.5,-4.218847493576E-16));
#10673 = DIRECTION('',(-1.,3.217820005729E-16,1.110221491137E-16));
#10674 = DIRECTION('',(-3.217820005729E-16,-1.,-4.379057701015E-47));
#10675 = ADVANCED_FACE('',(#10676),#10708,.T.);
#10676 = FACE_BOUND('',#10677,.T.);
#10677 = EDGE_LOOP('',(#10678,#10679,#10687,#10693,#10694,#10702));
#10678 = ORIENTED_EDGE('',*,*,#10317,.T.);
#10679 = ORIENTED_EDGE('',*,*,#10680,.T.);
#10680 = EDGE_CURVE('',#10310,#10681,#10683,.T.);
#10681 = VERTEX_POINT('',#10682);
#10682 = CARTESIAN_POINT('',(0.175,4.5,4.00000552498));
#10683 = LINE('',#10684,#10685);
#10684 = CARTESIAN_POINT('',(0.175,4.5,-3.552713678801E-16));
#10685 = VECTOR('',#10686,1.);
#10686 = DIRECTION('',(1.110223024625E-16,-1.110223024625E-16,1.));
#10687 = ORIENTED_EDGE('',*,*,#10688,.T.);
#10688 = EDGE_CURVE('',#10681,#9348,#10689,.T.);
#10689 = LINE('',#10690,#10691);
#10690 = CARTESIAN_POINT('',(0.175,4.5,4.00000552498));
#10691 = VECTOR('',#10692,1.);
#10692 = DIRECTION('',(-2.392375218869E-16,-0.85927266024,0.511517834844
    ));
#10693 = ORIENTED_EDGE('',*,*,#9347,.T.);
#10694 = ORIENTED_EDGE('',*,*,#10695,.T.);
#10695 = EDGE_CURVE('',#9350,#10696,#10698,.T.);
#10696 = VERTEX_POINT('',#10697);
#10697 = CARTESIAN_POINT('',(0.175,5.,4.));
#10698 = LINE('',#10699,#10700);
#10699 = CARTESIAN_POINT('',(0.175,-5.,9.952916443316));
#10700 = VECTOR('',#10701,1.);
#10701 = DIRECTION('',(2.392375218869E-16,0.85927266024,-0.511517834844)
  );
#10702 = ORIENTED_EDGE('',*,*,#10703,.T.);
#10703 = EDGE_CURVE('',#10696,#10292,#10704,.T.);
#10704 = LINE('',#10705,#10706);
#10705 = CARTESIAN_POINT('',(0.175,5.,4.));
#10706 = VECTOR('',#10707,1.);
#10707 = DIRECTION('',(-1.110223024625E-16,1.110223024625E-16,-1.));
#10708 = PLANE('',#10709);
#10709 = AXIS2_PLACEMENT_3D('',#10710,#10711,#10712);
#10710 = CARTESIAN_POINT('',(0.175,4.5,-3.552713678801E-16));
#10711 = DIRECTION('',(-1.,3.217820005729E-16,1.110221491137E-16));
#10712 = DIRECTION('',(-3.217820005729E-16,-1.,-4.379057701015E-47));
#10713 = ADVANCED_FACE('',(#10714),#10732,.F.);
#10714 = FACE_BOUND('',#10715,.F.);
#10715 = EDGE_LOOP('',(#10716,#10724,#10730,#10731));
#10716 = ORIENTED_EDGE('',*,*,#10717,.F.);
#10717 = EDGE_CURVE('',#10718,#9358,#10720,.T.);
#10718 = VERTEX_POINT('',#10719);
#10719 = CARTESIAN_POINT('',(0.575,4.5,4.00000552498));
#10720 = LINE('',#10721,#10722);
#10721 = CARTESIAN_POINT('',(0.575,4.5,4.00000552498));
#10722 = VECTOR('',#10723,1.);
#10723 = DIRECTION('',(-2.392375218869E-16,-0.85927266024,0.511517834844
    ));
#10724 = ORIENTED_EDGE('',*,*,#10725,.T.);
#10725 = EDGE_CURVE('',#10718,#10681,#10726,.T.);
#10726 = LINE('',#10727,#10728);
#10727 = CARTESIAN_POINT('',(0.575,4.5,4.00000552498));
#10728 = VECTOR('',#10729,1.);
#10729 = DIRECTION('',(-1.,2.334869823773E-16,1.665334536938E-16));
#10730 = ORIENTED_EDGE('',*,*,#10688,.T.);
#10731 = ORIENTED_EDGE('',*,*,#9357,.T.);
#10732 = PLANE('',#10733);
#10733 = AXIS2_PLACEMENT_3D('',#10734,#10735,#10736);
#10734 = CARTESIAN_POINT('',(0.575,4.5,4.00000552498));
#10735 = DIRECTION('',(2.625303994644E-16,0.511517834844,0.85927266024)
  );
#10736 = DIRECTION('',(-3.914258388449E-16,-0.85927266024,0.511517834844
    ));
#10737 = ADVANCED_FACE('',(#10738),#10756,.F.);
#10738 = FACE_BOUND('',#10739,.F.);
#10739 = EDGE_LOOP('',(#10740,#10748,#10749,#10750));
#10740 = ORIENTED_EDGE('',*,*,#10741,.F.);
#10741 = EDGE_CURVE('',#9366,#10742,#10744,.T.);
#10742 = VERTEX_POINT('',#10743);
#10743 = CARTESIAN_POINT('',(0.575,5.,4.));
#10744 = LINE('',#10745,#10746);
#10745 = CARTESIAN_POINT('',(0.575,-5.,9.952916443316));
#10746 = VECTOR('',#10747,1.);
#10747 = DIRECTION('',(2.392375218869E-16,0.85927266024,-0.511517834844)
  );
#10748 = ORIENTED_EDGE('',*,*,#9373,.T.);
#10749 = ORIENTED_EDGE('',*,*,#10695,.T.);
#10750 = ORIENTED_EDGE('',*,*,#10751,.F.);
#10751 = EDGE_CURVE('',#10742,#10696,#10752,.T.);
#10752 = LINE('',#10753,#10754);
#10753 = CARTESIAN_POINT('',(0.575,5.,4.));
#10754 = VECTOR('',#10755,1.);
#10755 = DIRECTION('',(-1.,2.334869823773E-16,1.665334536938E-16));
#10756 = PLANE('',#10757);
#10757 = AXIS2_PLACEMENT_3D('',#10758,#10759,#10760);
#10758 = CARTESIAN_POINT('',(0.575,-5.,9.952916443316));
#10759 = DIRECTION('',(-2.625303994644E-16,-0.511517834844,
    -0.85927266024));
#10760 = DIRECTION('',(3.914258388449E-16,0.85927266024,-0.511517834844)
  );
#10761 = ADVANCED_FACE('',(#10762),#10780,.F.);
#10762 = FACE_BOUND('',#10763,.F.);
#10763 = EDGE_LOOP('',(#10764,#10765,#10771,#10772,#10773,#10774));
#10764 = ORIENTED_EDGE('',*,*,#10301,.T.);
#10765 = ORIENTED_EDGE('',*,*,#10766,.T.);
#10766 = EDGE_CURVE('',#10302,#10718,#10767,.T.);
#10767 = LINE('',#10768,#10769);
#10768 = CARTESIAN_POINT('',(0.575,4.5,-4.218847493576E-16));
#10769 = VECTOR('',#10770,1.);
#10770 = DIRECTION('',(1.110223024625E-16,-1.110223024625E-16,1.));
#10771 = ORIENTED_EDGE('',*,*,#10717,.T.);
#10772 = ORIENTED_EDGE('',*,*,#9365,.T.);
#10773 = ORIENTED_EDGE('',*,*,#10741,.T.);
#10774 = ORIENTED_EDGE('',*,*,#10775,.T.);
#10775 = EDGE_CURVE('',#10742,#10294,#10776,.T.);
#10776 = LINE('',#10777,#10778);
#10777 = CARTESIAN_POINT('',(0.575,5.,4.));
#10778 = VECTOR('',#10779,1.);
#10779 = DIRECTION('',(-1.110223024625E-16,1.110223024625E-16,-1.));
#10780 = PLANE('',#10781);
#10781 = AXIS2_PLACEMENT_3D('',#10782,#10783,#10784);
#10782 = CARTESIAN_POINT('',(0.575,4.5,-4.218847493576E-16));
#10783 = DIRECTION('',(-1.,3.217820005729E-16,1.110221491137E-16));
#10784 = DIRECTION('',(-3.217820005729E-16,-1.,-4.379057701015E-47));
#10785 = ADVANCED_FACE('',(#10786),#10818,.T.);
#10786 = FACE_BOUND('',#10787,.T.);
#10787 = EDGE_LOOP('',(#10788,#10789,#10797,#10803,#10804,#10812));
#10788 = ORIENTED_EDGE('',*,*,#10325,.T.);
#10789 = ORIENTED_EDGE('',*,*,#10790,.T.);
#10790 = EDGE_CURVE('',#10328,#10791,#10793,.T.);
#10791 = VERTEX_POINT('',#10792);
#10792 = CARTESIAN_POINT('',(1.445,4.5,4.00000552498));
#10793 = LINE('',#10794,#10795);
#10794 = CARTESIAN_POINT('',(1.445,4.5,-3.552713678801E-16));
#10795 = VECTOR('',#10796,1.);
#10796 = DIRECTION('',(1.110223024625E-16,-1.110223024625E-16,1.));
#10797 = ORIENTED_EDGE('',*,*,#10798,.T.);
#10798 = EDGE_CURVE('',#10791,#9382,#10799,.T.);
#10799 = LINE('',#10800,#10801);
#10800 = CARTESIAN_POINT('',(1.445,4.5,4.00000552498));
#10801 = VECTOR('',#10802,1.);
#10802 = DIRECTION('',(-2.392375218869E-16,-0.85927266024,0.511517834844
    ));
#10803 = ORIENTED_EDGE('',*,*,#9381,.T.);
#10804 = ORIENTED_EDGE('',*,*,#10805,.T.);
#10805 = EDGE_CURVE('',#9384,#10806,#10808,.T.);
#10806 = VERTEX_POINT('',#10807);
#10807 = CARTESIAN_POINT('',(1.445,5.,4.));
#10808 = LINE('',#10809,#10810);
#10809 = CARTESIAN_POINT('',(1.445,-5.,9.952916443316));
#10810 = VECTOR('',#10811,1.);
#10811 = DIRECTION('',(2.392375218869E-16,0.85927266024,-0.511517834844)
  );
#10812 = ORIENTED_EDGE('',*,*,#10813,.T.);
#10813 = EDGE_CURVE('',#10806,#10326,#10814,.T.);
#10814 = LINE('',#10815,#10816);
#10815 = CARTESIAN_POINT('',(1.445,5.,4.));
#10816 = VECTOR('',#10817,1.);
#10817 = DIRECTION('',(-1.110223024625E-16,1.110223024625E-16,-1.));
#10818 = PLANE('',#10819);
#10819 = AXIS2_PLACEMENT_3D('',#10820,#10821,#10822);
#10820 = CARTESIAN_POINT('',(1.445,4.5,-3.552713678801E-16));
#10821 = DIRECTION('',(-1.,3.217820005729E-16,1.110221491137E-16));
#10822 = DIRECTION('',(-3.217820005729E-16,-1.,-4.379057701015E-47));
#10823 = ADVANCED_FACE('',(#10824),#10842,.F.);
#10824 = FACE_BOUND('',#10825,.F.);
#10825 = EDGE_LOOP('',(#10826,#10834,#10840,#10841));
#10826 = ORIENTED_EDGE('',*,*,#10827,.F.);
#10827 = EDGE_CURVE('',#10828,#9392,#10830,.T.);
#10828 = VERTEX_POINT('',#10829);
#10829 = CARTESIAN_POINT('',(1.845,4.5,4.00000552498));
#10830 = LINE('',#10831,#10832);
#10831 = CARTESIAN_POINT('',(1.845,4.5,4.00000552498));
#10832 = VECTOR('',#10833,1.);
#10833 = DIRECTION('',(-2.392375218869E-16,-0.85927266024,0.511517834844
    ));
#10834 = ORIENTED_EDGE('',*,*,#10835,.T.);
#10835 = EDGE_CURVE('',#10828,#10791,#10836,.T.);
#10836 = LINE('',#10837,#10838);
#10837 = CARTESIAN_POINT('',(1.845,4.5,4.00000552498));
#10838 = VECTOR('',#10839,1.);
#10839 = DIRECTION('',(-1.,2.334869823773E-16,1.665334536938E-16));
#10840 = ORIENTED_EDGE('',*,*,#10798,.T.);
#10841 = ORIENTED_EDGE('',*,*,#9391,.T.);
#10842 = PLANE('',#10843);
#10843 = AXIS2_PLACEMENT_3D('',#10844,#10845,#10846);
#10844 = CARTESIAN_POINT('',(1.845,4.5,4.00000552498));
#10845 = DIRECTION('',(2.625303994644E-16,0.511517834844,0.85927266024)
  );
#10846 = DIRECTION('',(-3.914258388449E-16,-0.85927266024,0.511517834844
    ));
#10847 = ADVANCED_FACE('',(#10848),#10866,.F.);
#10848 = FACE_BOUND('',#10849,.F.);
#10849 = EDGE_LOOP('',(#10850,#10858,#10859,#10860));
#10850 = ORIENTED_EDGE('',*,*,#10851,.F.);
#10851 = EDGE_CURVE('',#9400,#10852,#10854,.T.);
#10852 = VERTEX_POINT('',#10853);
#10853 = CARTESIAN_POINT('',(1.845,5.,4.));
#10854 = LINE('',#10855,#10856);
#10855 = CARTESIAN_POINT('',(1.845,-5.,9.952916443316));
#10856 = VECTOR('',#10857,1.);
#10857 = DIRECTION('',(2.392375218869E-16,0.85927266024,-0.511517834844)
  );
#10858 = ORIENTED_EDGE('',*,*,#9407,.T.);
#10859 = ORIENTED_EDGE('',*,*,#10805,.T.);
#10860 = ORIENTED_EDGE('',*,*,#10861,.F.);
#10861 = EDGE_CURVE('',#10852,#10806,#10862,.T.);
#10862 = LINE('',#10863,#10864);
#10863 = CARTESIAN_POINT('',(1.845,5.,4.));
#10864 = VECTOR('',#10865,1.);
#10865 = DIRECTION('',(-1.,2.334869823773E-16,1.665334536938E-16));
#10866 = PLANE('',#10867);
#10867 = AXIS2_PLACEMENT_3D('',#10868,#10869,#10870);
#10868 = CARTESIAN_POINT('',(1.845,-5.,9.952916443316));
#10869 = DIRECTION('',(-2.625303994644E-16,-0.511517834844,
    -0.85927266024));
#10870 = DIRECTION('',(3.914258388449E-16,0.85927266024,-0.511517834844)
  );
#10871 = ADVANCED_FACE('',(#10872),#10890,.F.);
#10872 = FACE_BOUND('',#10873,.F.);
#10873 = EDGE_LOOP('',(#10874,#10875,#10881,#10882,#10883,#10884));
#10874 = ORIENTED_EDGE('',*,*,#10343,.T.);
#10875 = ORIENTED_EDGE('',*,*,#10876,.T.);
#10876 = EDGE_CURVE('',#10344,#10828,#10877,.T.);
#10877 = LINE('',#10878,#10879);
#10878 = CARTESIAN_POINT('',(1.845,4.5,-4.218847493576E-16));
#10879 = VECTOR('',#10880,1.);
#10880 = DIRECTION('',(1.110223024625E-16,-1.110223024625E-16,1.));
#10881 = ORIENTED_EDGE('',*,*,#10827,.T.);
#10882 = ORIENTED_EDGE('',*,*,#9399,.T.);
#10883 = ORIENTED_EDGE('',*,*,#10851,.T.);
#10884 = ORIENTED_EDGE('',*,*,#10885,.T.);
#10885 = EDGE_CURVE('',#10852,#10336,#10886,.T.);
#10886 = LINE('',#10887,#10888);
#10887 = CARTESIAN_POINT('',(1.845,5.,4.));
#10888 = VECTOR('',#10889,1.);
#10889 = DIRECTION('',(-1.110223024625E-16,1.110223024625E-16,-1.));
#10890 = PLANE('',#10891);
#10891 = AXIS2_PLACEMENT_3D('',#10892,#10893,#10894);
#10892 = CARTESIAN_POINT('',(1.845,4.5,-4.218847493576E-16));
#10893 = DIRECTION('',(-1.,3.217820005729E-16,1.110221491137E-16));
#10894 = DIRECTION('',(-3.217820005729E-16,-1.,-4.379057701015E-47));
#10895 = ADVANCED_FACE('',(#10896),#10928,.T.);
#10896 = FACE_BOUND('',#10897,.T.);
#10897 = EDGE_LOOP('',(#10898,#10899,#10907,#10913,#10914,#10922));
#10898 = ORIENTED_EDGE('',*,*,#10393,.T.);
#10899 = ORIENTED_EDGE('',*,*,#10900,.T.);
#10900 = EDGE_CURVE('',#10396,#10901,#10903,.T.);
#10901 = VERTEX_POINT('',#10902);
#10902 = CARTESIAN_POINT('',(3.985,4.5,4.00000552498));
#10903 = LINE('',#10904,#10905);
#10904 = CARTESIAN_POINT('',(3.985,4.5,-3.552713678801E-16));
#10905 = VECTOR('',#10906,1.);
#10906 = DIRECTION('',(1.110223024625E-16,-1.110223024625E-16,1.));
#10907 = ORIENTED_EDGE('',*,*,#10908,.T.);
#10908 = EDGE_CURVE('',#10901,#9416,#10909,.T.);
#10909 = LINE('',#10910,#10911);
#10910 = CARTESIAN_POINT('',(3.985,4.5,4.00000552498));
#10911 = VECTOR('',#10912,1.);
#10912 = DIRECTION('',(-2.392375218869E-16,-0.85927266024,0.511517834844
    ));
#10913 = ORIENTED_EDGE('',*,*,#9415,.T.);
#10914 = ORIENTED_EDGE('',*,*,#10915,.T.);
#10915 = EDGE_CURVE('',#9418,#10916,#10918,.T.);
#10916 = VERTEX_POINT('',#10917);
#10917 = CARTESIAN_POINT('',(3.985,5.,4.));
#10918 = LINE('',#10919,#10920);
#10919 = CARTESIAN_POINT('',(3.985,-5.,9.952916443316));
#10920 = VECTOR('',#10921,1.);
#10921 = DIRECTION('',(2.392375218869E-16,0.85927266024,-0.511517834844)
  );
#10922 = ORIENTED_EDGE('',*,*,#10923,.T.);
#10923 = EDGE_CURVE('',#10916,#10394,#10924,.T.);
#10924 = LINE('',#10925,#10926);
#10925 = CARTESIAN_POINT('',(3.985,5.,4.));
#10926 = VECTOR('',#10927,1.);
#10927 = DIRECTION('',(-1.110223024625E-16,1.110223024625E-16,-1.));
#10928 = PLANE('',#10929);
#10929 = AXIS2_PLACEMENT_3D('',#10930,#10931,#10932);
#10930 = CARTESIAN_POINT('',(3.985,4.5,-3.552713678801E-16));
#10931 = DIRECTION('',(-1.,3.217820005729E-16,1.110221491137E-16));
#10932 = DIRECTION('',(-3.217820005729E-16,-1.,-4.379057701015E-47));
#10933 = ADVANCED_FACE('',(#10934),#10952,.F.);
#10934 = FACE_BOUND('',#10935,.F.);
#10935 = EDGE_LOOP('',(#10936,#10944,#10950,#10951));
#10936 = ORIENTED_EDGE('',*,*,#10937,.F.);
#10937 = EDGE_CURVE('',#10938,#9426,#10940,.T.);
#10938 = VERTEX_POINT('',#10939);
#10939 = CARTESIAN_POINT('',(4.385,4.5,4.00000552498));
#10940 = LINE('',#10941,#10942);
#10941 = CARTESIAN_POINT('',(4.385,4.5,4.00000552498));
#10942 = VECTOR('',#10943,1.);
#10943 = DIRECTION('',(-2.392375218869E-16,-0.85927266024,0.511517834844
    ));
#10944 = ORIENTED_EDGE('',*,*,#10945,.T.);
#10945 = EDGE_CURVE('',#10938,#10901,#10946,.T.);
#10946 = LINE('',#10947,#10948);
#10947 = CARTESIAN_POINT('',(4.385,4.5,4.00000552498));
#10948 = VECTOR('',#10949,1.);
#10949 = DIRECTION('',(-1.,2.334869823773E-16,1.665334536938E-16));
#10950 = ORIENTED_EDGE('',*,*,#10908,.T.);
#10951 = ORIENTED_EDGE('',*,*,#9425,.T.);
#10952 = PLANE('',#10953);
#10953 = AXIS2_PLACEMENT_3D('',#10954,#10955,#10956);
#10954 = CARTESIAN_POINT('',(4.385,4.5,4.00000552498));
#10955 = DIRECTION('',(2.625303994644E-16,0.511517834844,0.85927266024)
  );
#10956 = DIRECTION('',(-3.914258388449E-16,-0.85927266024,0.511517834844
    ));
#10957 = ADVANCED_FACE('',(#10958),#10976,.F.);
#10958 = FACE_BOUND('',#10959,.F.);
#10959 = EDGE_LOOP('',(#10960,#10968,#10969,#10970));
#10960 = ORIENTED_EDGE('',*,*,#10961,.F.);
#10961 = EDGE_CURVE('',#9434,#10962,#10964,.T.);
#10962 = VERTEX_POINT('',#10963);
#10963 = CARTESIAN_POINT('',(4.385,5.,4.));
#10964 = LINE('',#10965,#10966);
#10965 = CARTESIAN_POINT('',(4.385,-5.,9.952916443316));
#10966 = VECTOR('',#10967,1.);
#10967 = DIRECTION('',(2.392375218869E-16,0.85927266024,-0.511517834844)
  );
#10968 = ORIENTED_EDGE('',*,*,#9441,.T.);
#10969 = ORIENTED_EDGE('',*,*,#10915,.T.);
#10970 = ORIENTED_EDGE('',*,*,#10971,.F.);
#10971 = EDGE_CURVE('',#10962,#10916,#10972,.T.);
#10972 = LINE('',#10973,#10974);
#10973 = CARTESIAN_POINT('',(4.385,5.,4.));
#10974 = VECTOR('',#10975,1.);
#10975 = DIRECTION('',(-1.,2.334869823773E-16,1.665334536938E-16));
#10976 = PLANE('',#10977);
#10977 = AXIS2_PLACEMENT_3D('',#10978,#10979,#10980);
#10978 = CARTESIAN_POINT('',(4.385,-5.,9.952916443316));
#10979 = DIRECTION('',(-2.625303994644E-16,-0.511517834844,
    -0.85927266024));
#10980 = DIRECTION('',(3.914258388449E-16,0.85927266024,-0.511517834844)
  );
#10981 = ADVANCED_FACE('',(#10982),#11000,.F.);
#10982 = FACE_BOUND('',#10983,.F.);
#10983 = EDGE_LOOP('',(#10984,#10985,#10991,#10992,#10993,#10994));
#10984 = ORIENTED_EDGE('',*,*,#10411,.T.);
#10985 = ORIENTED_EDGE('',*,*,#10986,.T.);
#10986 = EDGE_CURVE('',#10412,#10938,#10987,.T.);
#10987 = LINE('',#10988,#10989);
#10988 = CARTESIAN_POINT('',(4.385,4.5,-4.218847493576E-16));
#10989 = VECTOR('',#10990,1.);
#10990 = DIRECTION('',(1.110223024625E-16,-1.110223024625E-16,1.));
#10991 = ORIENTED_EDGE('',*,*,#10937,.T.);
#10992 = ORIENTED_EDGE('',*,*,#9433,.T.);
#10993 = ORIENTED_EDGE('',*,*,#10961,.T.);
#10994 = ORIENTED_EDGE('',*,*,#10995,.T.);
#10995 = EDGE_CURVE('',#10962,#10404,#10996,.T.);
#10996 = LINE('',#10997,#10998);
#10997 = CARTESIAN_POINT('',(4.385,5.,4.));
#10998 = VECTOR('',#10999,1.);
#10999 = DIRECTION('',(-1.110223024625E-16,1.110223024625E-16,-1.));
#11000 = PLANE('',#11001);
#11001 = AXIS2_PLACEMENT_3D('',#11002,#11003,#11004);
#11002 = CARTESIAN_POINT('',(4.385,4.5,-4.218847493576E-16));
#11003 = DIRECTION('',(-1.,3.217820005729E-16,1.110221491137E-16));
#11004 = DIRECTION('',(-3.217820005729E-16,-1.,-4.379057701015E-47));
#11005 = ADVANCED_FACE('',(#11006),#11038,.T.);
#11006 = FACE_BOUND('',#11007,.T.);
#11007 = EDGE_LOOP('',(#11008,#11009,#11017,#11023,#11024,#11032));
#11008 = ORIENTED_EDGE('',*,*,#10359,.T.);
#11009 = ORIENTED_EDGE('',*,*,#11010,.T.);
#11010 = EDGE_CURVE('',#10362,#11011,#11013,.T.);
#11011 = VERTEX_POINT('',#11012);
#11012 = CARTESIAN_POINT('',(2.715,4.5,4.00000552498));
#11013 = LINE('',#11014,#11015);
#11014 = CARTESIAN_POINT('',(2.715,4.5,-3.552713678801E-16));
#11015 = VECTOR('',#11016,1.);
#11016 = DIRECTION('',(1.110223024625E-16,-1.110223024625E-16,1.));
#11017 = ORIENTED_EDGE('',*,*,#11018,.T.);
#11018 = EDGE_CURVE('',#11011,#9450,#11019,.T.);
#11019 = LINE('',#11020,#11021);
#11020 = CARTESIAN_POINT('',(2.715,4.5,4.00000552498));
#11021 = VECTOR('',#11022,1.);
#11022 = DIRECTION('',(-2.392375218869E-16,-0.85927266024,0.511517834844
    ));
#11023 = ORIENTED_EDGE('',*,*,#9449,.T.);
#11024 = ORIENTED_EDGE('',*,*,#11025,.T.);
#11025 = EDGE_CURVE('',#9452,#11026,#11028,.T.);
#11026 = VERTEX_POINT('',#11027);
#11027 = CARTESIAN_POINT('',(2.715,5.,4.));
#11028 = LINE('',#11029,#11030);
#11029 = CARTESIAN_POINT('',(2.715,-5.,9.952916443316));
#11030 = VECTOR('',#11031,1.);
#11031 = DIRECTION('',(2.392375218869E-16,0.85927266024,-0.511517834844)
  );
#11032 = ORIENTED_EDGE('',*,*,#11033,.T.);
#11033 = EDGE_CURVE('',#11026,#10360,#11034,.T.);
#11034 = LINE('',#11035,#11036);
#11035 = CARTESIAN_POINT('',(2.715,5.,4.));
#11036 = VECTOR('',#11037,1.);
#11037 = DIRECTION('',(-1.110223024625E-16,1.110223024625E-16,-1.));
#11038 = PLANE('',#11039);
#11039 = AXIS2_PLACEMENT_3D('',#11040,#11041,#11042);
#11040 = CARTESIAN_POINT('',(2.715,4.5,-3.552713678801E-16));
#11041 = DIRECTION('',(-1.,3.217820005729E-16,1.110221491137E-16));
#11042 = DIRECTION('',(-3.217820005729E-16,-1.,-4.379057701015E-47));
#11043 = ADVANCED_FACE('',(#11044),#11062,.F.);
#11044 = FACE_BOUND('',#11045,.F.);
#11045 = EDGE_LOOP('',(#11046,#11054,#11060,#11061));
#11046 = ORIENTED_EDGE('',*,*,#11047,.F.);
#11047 = EDGE_CURVE('',#11048,#9460,#11050,.T.);
#11048 = VERTEX_POINT('',#11049);
#11049 = CARTESIAN_POINT('',(3.115,4.5,4.00000552498));
#11050 = LINE('',#11051,#11052);
#11051 = CARTESIAN_POINT('',(3.115,4.5,4.00000552498));
#11052 = VECTOR('',#11053,1.);
#11053 = DIRECTION('',(-2.392375218869E-16,-0.85927266024,0.511517834844
    ));
#11054 = ORIENTED_EDGE('',*,*,#11055,.T.);
#11055 = EDGE_CURVE('',#11048,#11011,#11056,.T.);
#11056 = LINE('',#11057,#11058);
#11057 = CARTESIAN_POINT('',(3.115,4.5,4.00000552498));
#11058 = VECTOR('',#11059,1.);
#11059 = DIRECTION('',(-1.,2.334869823773E-16,1.665334536938E-16));
#11060 = ORIENTED_EDGE('',*,*,#11018,.T.);
#11061 = ORIENTED_EDGE('',*,*,#9459,.T.);
#11062 = PLANE('',#11063);
#11063 = AXIS2_PLACEMENT_3D('',#11064,#11065,#11066);
#11064 = CARTESIAN_POINT('',(3.115,4.5,4.00000552498));
#11065 = DIRECTION('',(2.625303994644E-16,0.511517834844,0.85927266024)
  );
#11066 = DIRECTION('',(-3.914258388449E-16,-0.85927266024,0.511517834844
    ));
#11067 = ADVANCED_FACE('',(#11068),#11086,.F.);
#11068 = FACE_BOUND('',#11069,.F.);
#11069 = EDGE_LOOP('',(#11070,#11078,#11079,#11080));
#11070 = ORIENTED_EDGE('',*,*,#11071,.F.);
#11071 = EDGE_CURVE('',#9468,#11072,#11074,.T.);
#11072 = VERTEX_POINT('',#11073);
#11073 = CARTESIAN_POINT('',(3.115,5.,4.));
#11074 = LINE('',#11075,#11076);
#11075 = CARTESIAN_POINT('',(3.115,-5.,9.952916443316));
#11076 = VECTOR('',#11077,1.);
#11077 = DIRECTION('',(2.392375218869E-16,0.85927266024,-0.511517834844)
  );
#11078 = ORIENTED_EDGE('',*,*,#9475,.T.);
#11079 = ORIENTED_EDGE('',*,*,#11025,.T.);
#11080 = ORIENTED_EDGE('',*,*,#11081,.F.);
#11081 = EDGE_CURVE('',#11072,#11026,#11082,.T.);
#11082 = LINE('',#11083,#11084);
#11083 = CARTESIAN_POINT('',(3.115,5.,4.));
#11084 = VECTOR('',#11085,1.);
#11085 = DIRECTION('',(-1.,2.334869823773E-16,1.665334536938E-16));
#11086 = PLANE('',#11087);
#11087 = AXIS2_PLACEMENT_3D('',#11088,#11089,#11090);
#11088 = CARTESIAN_POINT('',(3.115,-5.,9.952916443316));
#11089 = DIRECTION('',(-2.625303994644E-16,-0.511517834844,
    -0.85927266024));
#11090 = DIRECTION('',(3.914258388449E-16,0.85927266024,-0.511517834844)
  );
#11091 = ADVANCED_FACE('',(#11092),#11110,.F.);
#11092 = FACE_BOUND('',#11093,.F.);
#11093 = EDGE_LOOP('',(#11094,#11095,#11101,#11102,#11103,#11104));
#11094 = ORIENTED_EDGE('',*,*,#10377,.T.);
#11095 = ORIENTED_EDGE('',*,*,#11096,.T.);
#11096 = EDGE_CURVE('',#10378,#11048,#11097,.T.);
#11097 = LINE('',#11098,#11099);
#11098 = CARTESIAN_POINT('',(3.115,4.5,-4.218847493576E-16));
#11099 = VECTOR('',#11100,1.);
#11100 = DIRECTION('',(1.110223024625E-16,-1.110223024625E-16,1.));
#11101 = ORIENTED_EDGE('',*,*,#11047,.T.);
#11102 = ORIENTED_EDGE('',*,*,#9467,.T.);
#11103 = ORIENTED_EDGE('',*,*,#11071,.T.);
#11104 = ORIENTED_EDGE('',*,*,#11105,.T.);
#11105 = EDGE_CURVE('',#11072,#10370,#11106,.T.);
#11106 = LINE('',#11107,#11108);
#11107 = CARTESIAN_POINT('',(3.115,5.,4.));
#11108 = VECTOR('',#11109,1.);
#11109 = DIRECTION('',(-1.110223024625E-16,1.110223024625E-16,-1.));
#11110 = PLANE('',#11111);
#11111 = AXIS2_PLACEMENT_3D('',#11112,#11113,#11114);
#11112 = CARTESIAN_POINT('',(3.115,4.5,-4.218847493576E-16));
#11113 = DIRECTION('',(-1.,3.217820005729E-16,1.110221491137E-16));
#11114 = DIRECTION('',(-3.217820005729E-16,-1.,-4.379057701015E-47));
#11115 = ADVANCED_FACE('',(#11116),#11148,.T.);
#11116 = FACE_BOUND('',#11117,.T.);
#11117 = EDGE_LOOP('',(#11118,#11119,#11127,#11133,#11134,#11142));
#11118 = ORIENTED_EDGE('',*,*,#10495,.T.);
#11119 = ORIENTED_EDGE('',*,*,#11120,.T.);
#11120 = EDGE_CURVE('',#10498,#11121,#11123,.T.);
#11121 = VERTEX_POINT('',#11122);
#11122 = CARTESIAN_POINT('',(5.255,4.5,4.00000552498));
#11123 = LINE('',#11124,#11125);
#11124 = CARTESIAN_POINT('',(5.255,4.5,-3.552713678801E-16));
#11125 = VECTOR('',#11126,1.);
#11126 = DIRECTION('',(1.110223024625E-16,-1.110223024625E-16,1.));
#11127 = ORIENTED_EDGE('',*,*,#11128,.T.);
#11128 = EDGE_CURVE('',#11121,#9484,#11129,.T.);
#11129 = LINE('',#11130,#11131);
#11130 = CARTESIAN_POINT('',(5.255,4.5,4.00000552498));
#11131 = VECTOR('',#11132,1.);
#11132 = DIRECTION('',(-2.392375218869E-16,-0.85927266024,0.511517834844
    ));
#11133 = ORIENTED_EDGE('',*,*,#9483,.T.);
#11134 = ORIENTED_EDGE('',*,*,#11135,.T.);
#11135 = EDGE_CURVE('',#9486,#11136,#11138,.T.);
#11136 = VERTEX_POINT('',#11137);
#11137 = CARTESIAN_POINT('',(5.255,5.,4.));
#11138 = LINE('',#11139,#11140);
#11139 = CARTESIAN_POINT('',(5.255,-5.,9.952916443316));
#11140 = VECTOR('',#11141,1.);
#11141 = DIRECTION('',(2.392375218869E-16,0.85927266024,-0.511517834844)
  );
#11142 = ORIENTED_EDGE('',*,*,#11143,.T.);
#11143 = EDGE_CURVE('',#11136,#10496,#11144,.T.);
#11144 = LINE('',#11145,#11146);
#11145 = CARTESIAN_POINT('',(5.255,5.,4.));
#11146 = VECTOR('',#11147,1.);
#11147 = DIRECTION('',(-1.110223024625E-16,1.110223024625E-16,-1.));
#11148 = PLANE('',#11149);
#11149 = AXIS2_PLACEMENT_3D('',#11150,#11151,#11152);
#11150 = CARTESIAN_POINT('',(5.255,4.5,-3.552713678801E-16));
#11151 = DIRECTION('',(-1.,3.217820005729E-16,1.110221491137E-16));
#11152 = DIRECTION('',(-3.217820005729E-16,-1.,-4.379057701015E-47));
#11153 = ADVANCED_FACE('',(#11154),#11172,.F.);
#11154 = FACE_BOUND('',#11155,.F.);
#11155 = EDGE_LOOP('',(#11156,#11164,#11170,#11171));
#11156 = ORIENTED_EDGE('',*,*,#11157,.F.);
#11157 = EDGE_CURVE('',#11158,#9494,#11160,.T.);
#11158 = VERTEX_POINT('',#11159);
#11159 = CARTESIAN_POINT('',(5.655,4.5,4.00000552498));
#11160 = LINE('',#11161,#11162);
#11161 = CARTESIAN_POINT('',(5.655,4.5,4.00000552498));
#11162 = VECTOR('',#11163,1.);
#11163 = DIRECTION('',(-2.392375218869E-16,-0.85927266024,0.511517834844
    ));
#11164 = ORIENTED_EDGE('',*,*,#11165,.T.);
#11165 = EDGE_CURVE('',#11158,#11121,#11166,.T.);
#11166 = LINE('',#11167,#11168);
#11167 = CARTESIAN_POINT('',(5.655,4.5,4.00000552498));
#11168 = VECTOR('',#11169,1.);
#11169 = DIRECTION('',(-1.,2.334869823773E-16,1.665334536938E-16));
#11170 = ORIENTED_EDGE('',*,*,#11128,.T.);
#11171 = ORIENTED_EDGE('',*,*,#9493,.T.);
#11172 = PLANE('',#11173);
#11173 = AXIS2_PLACEMENT_3D('',#11174,#11175,#11176);
#11174 = CARTESIAN_POINT('',(5.655,4.5,4.00000552498));
#11175 = DIRECTION('',(2.625303994644E-16,0.511517834844,0.85927266024)
  );
#11176 = DIRECTION('',(-3.914258388449E-16,-0.85927266024,0.511517834844
    ));
#11177 = ADVANCED_FACE('',(#11178),#11196,.F.);
#11178 = FACE_BOUND('',#11179,.F.);
#11179 = EDGE_LOOP('',(#11180,#11188,#11189,#11190));
#11180 = ORIENTED_EDGE('',*,*,#11181,.F.);
#11181 = EDGE_CURVE('',#9502,#11182,#11184,.T.);
#11182 = VERTEX_POINT('',#11183);
#11183 = CARTESIAN_POINT('',(5.655,5.,4.));
#11184 = LINE('',#11185,#11186);
#11185 = CARTESIAN_POINT('',(5.655,-5.,9.952916443316));
#11186 = VECTOR('',#11187,1.);
#11187 = DIRECTION('',(2.392375218869E-16,0.85927266024,-0.511517834844)
  );
#11188 = ORIENTED_EDGE('',*,*,#9509,.T.);
#11189 = ORIENTED_EDGE('',*,*,#11135,.T.);
#11190 = ORIENTED_EDGE('',*,*,#11191,.F.);
#11191 = EDGE_CURVE('',#11182,#11136,#11192,.T.);
#11192 = LINE('',#11193,#11194);
#11193 = CARTESIAN_POINT('',(5.655,5.,4.));
#11194 = VECTOR('',#11195,1.);
#11195 = DIRECTION('',(-1.,2.334869823773E-16,1.665334536938E-16));
#11196 = PLANE('',#11197);
#11197 = AXIS2_PLACEMENT_3D('',#11198,#11199,#11200);
#11198 = CARTESIAN_POINT('',(5.655,-5.,9.952916443316));
#11199 = DIRECTION('',(-2.625303994644E-16,-0.511517834844,
    -0.85927266024));
#11200 = DIRECTION('',(3.914258388449E-16,0.85927266024,-0.511517834844)
  );
#11201 = ADVANCED_FACE('',(#11202),#11220,.F.);
#11202 = FACE_BOUND('',#11203,.F.);
#11203 = EDGE_LOOP('',(#11204,#11205,#11211,#11212,#11213,#11214));
#11204 = ORIENTED_EDGE('',*,*,#10513,.T.);
#11205 = ORIENTED_EDGE('',*,*,#11206,.T.);
#11206 = EDGE_CURVE('',#10514,#11158,#11207,.T.);
#11207 = LINE('',#11208,#11209);
#11208 = CARTESIAN_POINT('',(5.655,4.5,-4.218847493576E-16));
#11209 = VECTOR('',#11210,1.);
#11210 = DIRECTION('',(1.110223024625E-16,-1.110223024625E-16,1.));
#11211 = ORIENTED_EDGE('',*,*,#11157,.T.);
#11212 = ORIENTED_EDGE('',*,*,#9501,.T.);
#11213 = ORIENTED_EDGE('',*,*,#11181,.T.);
#11214 = ORIENTED_EDGE('',*,*,#11215,.T.);
#11215 = EDGE_CURVE('',#11182,#10506,#11216,.T.);
#11216 = LINE('',#11217,#11218);
#11217 = CARTESIAN_POINT('',(5.655,5.,4.));
#11218 = VECTOR('',#11219,1.);
#11219 = DIRECTION('',(-1.110223024625E-16,1.110223024625E-16,-1.));
#11220 = PLANE('',#11221);
#11221 = AXIS2_PLACEMENT_3D('',#11222,#11223,#11224);
#11222 = CARTESIAN_POINT('',(5.655,4.5,-4.218847493576E-16));
#11223 = DIRECTION('',(-1.,3.217820005729E-16,1.110221491137E-16));
#11224 = DIRECTION('',(-3.217820005729E-16,-1.,-4.379057701015E-47));
#11225 = ADVANCED_FACE('',(#11226),#11258,.F.);
#11226 = FACE_BOUND('',#11227,.F.);
#11227 = EDGE_LOOP('',(#11228,#11229,#11237,#11243,#11244,#11252));
#11228 = ORIENTED_EDGE('',*,*,#10479,.T.);
#11229 = ORIENTED_EDGE('',*,*,#11230,.T.);
#11230 = EDGE_CURVE('',#10480,#11231,#11233,.T.);
#11231 = VERTEX_POINT('',#11232);
#11232 = CARTESIAN_POINT('',(6.925,4.5,4.00000552498));
#11233 = LINE('',#11234,#11235);
#11234 = CARTESIAN_POINT('',(6.925,4.5,-4.218847493576E-16));
#11235 = VECTOR('',#11236,1.);
#11236 = DIRECTION('',(1.110223024625E-16,-1.110223024625E-16,1.));
#11237 = ORIENTED_EDGE('',*,*,#11238,.T.);
#11238 = EDGE_CURVE('',#11231,#9518,#11239,.T.);
#11239 = LINE('',#11240,#11241);
#11240 = CARTESIAN_POINT('',(6.925,4.5,4.00000552498));
#11241 = VECTOR('',#11242,1.);
#11242 = DIRECTION('',(-2.392375218869E-16,-0.85927266024,0.511517834844
    ));
#11243 = ORIENTED_EDGE('',*,*,#9517,.T.);
#11244 = ORIENTED_EDGE('',*,*,#11245,.T.);
#11245 = EDGE_CURVE('',#9520,#11246,#11248,.T.);
#11246 = VERTEX_POINT('',#11247);
#11247 = CARTESIAN_POINT('',(6.925,5.,4.));
#11248 = LINE('',#11249,#11250);
#11249 = CARTESIAN_POINT('',(6.925,-5.,9.952916443316));
#11250 = VECTOR('',#11251,1.);
#11251 = DIRECTION('',(2.392375218869E-16,0.85927266024,-0.511517834844)
  );
#11252 = ORIENTED_EDGE('',*,*,#11253,.T.);
#11253 = EDGE_CURVE('',#11246,#10472,#11254,.T.);
#11254 = LINE('',#11255,#11256);
#11255 = CARTESIAN_POINT('',(6.925,5.,4.));
#11256 = VECTOR('',#11257,1.);
#11257 = DIRECTION('',(-1.110223024625E-16,1.110223024625E-16,-1.));
#11258 = PLANE('',#11259);
#11259 = AXIS2_PLACEMENT_3D('',#11260,#11261,#11262);
#11260 = CARTESIAN_POINT('',(6.925,4.5,-4.218847493576E-16));
#11261 = DIRECTION('',(-1.,3.217820005729E-16,1.110221491137E-16));
#11262 = DIRECTION('',(-3.217820005729E-16,-1.,-4.379057701015E-47));
#11263 = ADVANCED_FACE('',(#11264),#11282,.F.);
#11264 = FACE_BOUND('',#11265,.F.);
#11265 = EDGE_LOOP('',(#11266,#11267,#11275,#11281));
#11266 = ORIENTED_EDGE('',*,*,#11238,.F.);
#11267 = ORIENTED_EDGE('',*,*,#11268,.T.);
#11268 = EDGE_CURVE('',#11231,#11269,#11271,.T.);
#11269 = VERTEX_POINT('',#11270);
#11270 = CARTESIAN_POINT('',(6.525,4.5,4.00000552498));
#11271 = LINE('',#11272,#11273);
#11272 = CARTESIAN_POINT('',(6.925,4.5,4.00000552498));
#11273 = VECTOR('',#11274,1.);
#11274 = DIRECTION('',(-1.,2.334869823773E-16,1.665334536938E-16));
#11275 = ORIENTED_EDGE('',*,*,#11276,.T.);
#11276 = EDGE_CURVE('',#11269,#9536,#11277,.T.);
#11277 = LINE('',#11278,#11279);
#11278 = CARTESIAN_POINT('',(6.525,4.5,4.00000552498));
#11279 = VECTOR('',#11280,1.);
#11280 = DIRECTION('',(-2.392375218869E-16,-0.85927266024,0.511517834844
    ));
#11281 = ORIENTED_EDGE('',*,*,#9543,.T.);
#11282 = PLANE('',#11283);
#11283 = AXIS2_PLACEMENT_3D('',#11284,#11285,#11286);
#11284 = CARTESIAN_POINT('',(6.925,4.5,4.00000552498));
#11285 = DIRECTION('',(2.625303994644E-16,0.511517834844,0.85927266024)
  );
#11286 = DIRECTION('',(-3.914258388449E-16,-0.85927266024,0.511517834844
    ));
#11287 = ADVANCED_FACE('',(#11288),#11306,.F.);
#11288 = FACE_BOUND('',#11289,.F.);
#11289 = EDGE_LOOP('',(#11290,#11291,#11292,#11300));
#11290 = ORIENTED_EDGE('',*,*,#11245,.F.);
#11291 = ORIENTED_EDGE('',*,*,#9527,.T.);
#11292 = ORIENTED_EDGE('',*,*,#11293,.T.);
#11293 = EDGE_CURVE('',#9528,#11294,#11296,.T.);
#11294 = VERTEX_POINT('',#11295);
#11295 = CARTESIAN_POINT('',(6.525,5.,4.));
#11296 = LINE('',#11297,#11298);
#11297 = CARTESIAN_POINT('',(6.525,-5.,9.952916443316));
#11298 = VECTOR('',#11299,1.);
#11299 = DIRECTION('',(2.392375218869E-16,0.85927266024,-0.511517834844)
  );
#11300 = ORIENTED_EDGE('',*,*,#11301,.F.);
#11301 = EDGE_CURVE('',#11246,#11294,#11302,.T.);
#11302 = LINE('',#11303,#11304);
#11303 = CARTESIAN_POINT('',(6.925,5.,4.));
#11304 = VECTOR('',#11305,1.);
#11305 = DIRECTION('',(-1.,2.334869823773E-16,1.665334536938E-16));
#11306 = PLANE('',#11307);
#11307 = AXIS2_PLACEMENT_3D('',#11308,#11309,#11310);
#11308 = CARTESIAN_POINT('',(6.925,-5.,9.952916443316));
#11309 = DIRECTION('',(-2.625303994644E-16,-0.511517834844,
    -0.85927266024));
#11310 = DIRECTION('',(3.914258388449E-16,0.85927266024,-0.511517834844)
  );
#11311 = ADVANCED_FACE('',(#11312),#11330,.T.);
#11312 = FACE_BOUND('',#11313,.T.);
#11313 = EDGE_LOOP('',(#11314,#11315,#11321,#11322,#11323,#11324));
#11314 = ORIENTED_EDGE('',*,*,#10461,.T.);
#11315 = ORIENTED_EDGE('',*,*,#11316,.T.);
#11316 = EDGE_CURVE('',#10464,#11269,#11317,.T.);
#11317 = LINE('',#11318,#11319);
#11318 = CARTESIAN_POINT('',(6.525,4.5,-3.552713678801E-16));
#11319 = VECTOR('',#11320,1.);
#11320 = DIRECTION('',(1.110223024625E-16,-1.110223024625E-16,1.));
#11321 = ORIENTED_EDGE('',*,*,#11276,.T.);
#11322 = ORIENTED_EDGE('',*,*,#9535,.T.);
#11323 = ORIENTED_EDGE('',*,*,#11293,.T.);
#11324 = ORIENTED_EDGE('',*,*,#11325,.T.);
#11325 = EDGE_CURVE('',#11294,#10462,#11326,.T.);
#11326 = LINE('',#11327,#11328);
#11327 = CARTESIAN_POINT('',(6.525,5.,4.));
#11328 = VECTOR('',#11329,1.);
#11329 = DIRECTION('',(-1.110223024625E-16,1.110223024625E-16,-1.));
#11330 = PLANE('',#11331);
#11331 = AXIS2_PLACEMENT_3D('',#11332,#11333,#11334);
#11332 = CARTESIAN_POINT('',(6.525,4.5,-3.552713678801E-16));
#11333 = DIRECTION('',(-1.,3.217820005729E-16,1.110221491137E-16));
#11334 = DIRECTION('',(-3.217820005729E-16,-1.,-4.379057701015E-47));
#11335 = ADVANCED_FACE('',(#11336),#11368,.T.);
#11336 = FACE_BOUND('',#11337,.T.);
#11337 = EDGE_LOOP('',(#11338,#11339,#11347,#11353,#11354,#11362));
#11338 = ORIENTED_EDGE('',*,*,#10445,.T.);
#11339 = ORIENTED_EDGE('',*,*,#11340,.T.);
#11340 = EDGE_CURVE('',#10438,#11341,#11343,.T.);
#11341 = VERTEX_POINT('',#11342);
#11342 = CARTESIAN_POINT('',(7.795,4.5,4.00000552498));
#11343 = LINE('',#11344,#11345);
#11344 = CARTESIAN_POINT('',(7.795,4.5,-3.552713678801E-16));
#11345 = VECTOR('',#11346,1.);
#11346 = DIRECTION('',(1.110223024625E-16,-1.110223024625E-16,1.));
#11347 = ORIENTED_EDGE('',*,*,#11348,.T.);
#11348 = EDGE_CURVE('',#11341,#9552,#11349,.T.);
#11349 = LINE('',#11350,#11351);
#11350 = CARTESIAN_POINT('',(7.795,4.5,4.00000552498));
#11351 = VECTOR('',#11352,1.);
#11352 = DIRECTION('',(-2.392375218869E-16,-0.85927266024,0.511517834844
    ));
#11353 = ORIENTED_EDGE('',*,*,#9551,.T.);
#11354 = ORIENTED_EDGE('',*,*,#11355,.T.);
#11355 = EDGE_CURVE('',#9554,#11356,#11358,.T.);
#11356 = VERTEX_POINT('',#11357);
#11357 = CARTESIAN_POINT('',(7.795,5.,4.));
#11358 = LINE('',#11359,#11360);
#11359 = CARTESIAN_POINT('',(7.795,-5.,9.952916443316));
#11360 = VECTOR('',#11361,1.);
#11361 = DIRECTION('',(2.392375218869E-16,0.85927266024,-0.511517834844)
  );
#11362 = ORIENTED_EDGE('',*,*,#11363,.T.);
#11363 = EDGE_CURVE('',#11356,#10446,#11364,.T.);
#11364 = LINE('',#11365,#11366);
#11365 = CARTESIAN_POINT('',(7.795,5.,4.));
#11366 = VECTOR('',#11367,1.);
#11367 = DIRECTION('',(-1.110223024625E-16,1.110223024625E-16,-1.));
#11368 = PLANE('',#11369);
#11369 = AXIS2_PLACEMENT_3D('',#11370,#11371,#11372);
#11370 = CARTESIAN_POINT('',(7.795,4.5,-3.552713678801E-16));
#11371 = DIRECTION('',(-1.,3.217820005729E-16,1.110221491137E-16));
#11372 = DIRECTION('',(-3.217820005729E-16,-1.,-4.379057701015E-47));
#11373 = ADVANCED_FACE('',(#11374),#11392,.F.);
#11374 = FACE_BOUND('',#11375,.F.);
#11375 = EDGE_LOOP('',(#11376,#11384,#11390,#11391));
#11376 = ORIENTED_EDGE('',*,*,#11377,.F.);
#11377 = EDGE_CURVE('',#11378,#9562,#11380,.T.);
#11378 = VERTEX_POINT('',#11379);
#11379 = CARTESIAN_POINT('',(8.195,4.5,4.00000552498));
#11380 = LINE('',#11381,#11382);
#11381 = CARTESIAN_POINT('',(8.195,4.5,4.00000552498));
#11382 = VECTOR('',#11383,1.);
#11383 = DIRECTION('',(-2.392375218869E-16,-0.85927266024,0.511517834844
    ));
#11384 = ORIENTED_EDGE('',*,*,#11385,.T.);
#11385 = EDGE_CURVE('',#11378,#11341,#11386,.T.);
#11386 = LINE('',#11387,#11388);
#11387 = CARTESIAN_POINT('',(8.195,4.5,4.00000552498));
#11388 = VECTOR('',#11389,1.);
#11389 = DIRECTION('',(-1.,2.334869823773E-16,1.665334536938E-16));
#11390 = ORIENTED_EDGE('',*,*,#11348,.T.);
#11391 = ORIENTED_EDGE('',*,*,#9561,.T.);
#11392 = PLANE('',#11393);
#11393 = AXIS2_PLACEMENT_3D('',#11394,#11395,#11396);
#11394 = CARTESIAN_POINT('',(8.195,4.5,4.00000552498));
#11395 = DIRECTION('',(2.625303994644E-16,0.511517834844,0.85927266024)
  );
#11396 = DIRECTION('',(-3.914258388449E-16,-0.85927266024,0.511517834844
    ));
#11397 = ADVANCED_FACE('',(#11398),#11416,.F.);
#11398 = FACE_BOUND('',#11399,.F.);
#11399 = EDGE_LOOP('',(#11400,#11408,#11409,#11410));
#11400 = ORIENTED_EDGE('',*,*,#11401,.F.);
#11401 = EDGE_CURVE('',#9570,#11402,#11404,.T.);
#11402 = VERTEX_POINT('',#11403);
#11403 = CARTESIAN_POINT('',(8.195,5.,4.));
#11404 = LINE('',#11405,#11406);
#11405 = CARTESIAN_POINT('',(8.195,-5.,9.952916443316));
#11406 = VECTOR('',#11407,1.);
#11407 = DIRECTION('',(2.392375218869E-16,0.85927266024,-0.511517834844)
  );
#11408 = ORIENTED_EDGE('',*,*,#9577,.T.);
#11409 = ORIENTED_EDGE('',*,*,#11355,.T.);
#11410 = ORIENTED_EDGE('',*,*,#11411,.F.);
#11411 = EDGE_CURVE('',#11402,#11356,#11412,.T.);
#11412 = LINE('',#11413,#11414);
#11413 = CARTESIAN_POINT('',(8.195,5.,4.));
#11414 = VECTOR('',#11415,1.);
#11415 = DIRECTION('',(-1.,2.334869823773E-16,1.665334536938E-16));
#11416 = PLANE('',#11417);
#11417 = AXIS2_PLACEMENT_3D('',#11418,#11419,#11420);
#11418 = CARTESIAN_POINT('',(8.195,-5.,9.952916443316));
#11419 = DIRECTION('',(-2.625303994644E-16,-0.511517834844,
    -0.85927266024));
#11420 = DIRECTION('',(3.914258388449E-16,0.85927266024,-0.511517834844)
  );
#11421 = ADVANCED_FACE('',(#11422),#11440,.F.);
#11422 = FACE_BOUND('',#11423,.F.);
#11423 = EDGE_LOOP('',(#11424,#11425,#11431,#11432,#11433,#11434));
#11424 = ORIENTED_EDGE('',*,*,#10427,.T.);
#11425 = ORIENTED_EDGE('',*,*,#11426,.T.);
#11426 = EDGE_CURVE('',#10430,#11378,#11427,.T.);
#11427 = LINE('',#11428,#11429);
#11428 = CARTESIAN_POINT('',(8.195,4.5,-4.218847493576E-16));
#11429 = VECTOR('',#11430,1.);
#11430 = DIRECTION('',(1.110223024625E-16,-1.110223024625E-16,1.));
#11431 = ORIENTED_EDGE('',*,*,#11377,.T.);
#11432 = ORIENTED_EDGE('',*,*,#9569,.T.);
#11433 = ORIENTED_EDGE('',*,*,#11401,.T.);
#11434 = ORIENTED_EDGE('',*,*,#11435,.T.);
#11435 = EDGE_CURVE('',#11402,#10428,#11436,.T.);
#11436 = LINE('',#11437,#11438);
#11437 = CARTESIAN_POINT('',(8.195,5.,4.));
#11438 = VECTOR('',#11439,1.);
#11439 = DIRECTION('',(-1.110223024625E-16,1.110223024625E-16,-1.));
#11440 = PLANE('',#11441);
#11441 = AXIS2_PLACEMENT_3D('',#11442,#11443,#11444);
#11442 = CARTESIAN_POINT('',(8.195,4.5,-4.218847493576E-16));
#11443 = DIRECTION('',(-1.,3.217820005729E-16,1.110221491137E-16));
#11444 = DIRECTION('',(-3.217820005729E-16,-1.,-4.379057701015E-47));
#11445 = ADVANCED_FACE('',(#11446),#11452,.T.);
#11446 = FACE_BOUND('',#11447,.T.);
#11447 = EDGE_LOOP('',(#11448,#11449,#11450,#11451));
#11448 = ORIENTED_EDGE('',*,*,#9777,.F.);
#11449 = ORIENTED_EDGE('',*,*,#9857,.F.);
#11450 = ORIENTED_EDGE('',*,*,#9832,.F.);
#11451 = ORIENTED_EDGE('',*,*,#9809,.F.);
#11452 = PLANE('',#11453);
#11453 = AXIS2_PLACEMENT_3D('',#11454,#11455,#11456);
#11454 = CARTESIAN_POINT('',(0.295,8.3,12.9));
#11455 = DIRECTION('',(1.224646799147E-16,1.,6.661338147751E-16));
#11456 = DIRECTION('',(8.157786440681E-32,6.661338147751E-16,-1.));
#11457 = ADVANCED_FACE('',(#11458),#11464,.F.);
#11458 = FACE_BOUND('',#11459,.F.);
#11459 = EDGE_LOOP('',(#11460,#11461,#11462,#11463));
#11460 = ORIENTED_EDGE('',*,*,#10775,.F.);
#11461 = ORIENTED_EDGE('',*,*,#10751,.T.);
#11462 = ORIENTED_EDGE('',*,*,#10703,.T.);
#11463 = ORIENTED_EDGE('',*,*,#10291,.T.);
#11464 = PLANE('',#11465);
#11465 = AXIS2_PLACEMENT_3D('',#11466,#11467,#11468);
#11466 = CARTESIAN_POINT('',(0.575,5.,4.));
#11467 = DIRECTION('',(-2.334869823773E-16,-1.,-1.110223024625E-16));
#11468 = DIRECTION('',(-3.574525976783E-31,1.110223024625E-16,-1.));
#11469 = ADVANCED_FACE('',(#11470),#11476,.F.);
#11470 = FACE_BOUND('',#11471,.F.);
#11471 = EDGE_LOOP('',(#11472,#11473,#11474,#11475));
#11472 = ORIENTED_EDGE('',*,*,#10766,.F.);
#11473 = ORIENTED_EDGE('',*,*,#10309,.T.);
#11474 = ORIENTED_EDGE('',*,*,#10680,.T.);
#11475 = ORIENTED_EDGE('',*,*,#10725,.F.);
#11476 = PLANE('',#11477);
#11477 = AXIS2_PLACEMENT_3D('',#11478,#11479,#11480);
#11478 = CARTESIAN_POINT('',(0.575,4.5,-3.330669073876E-17));
#11479 = DIRECTION('',(2.334869823773E-16,1.,1.110223024625E-16));
#11480 = DIRECTION('',(3.574525976783E-31,-1.110223024625E-16,1.));
#11481 = ADVANCED_FACE('',(#11482),#11488,.F.);
#11482 = FACE_BOUND('',#11483,.F.);
#11483 = EDGE_LOOP('',(#11484,#11485,#11486,#11487));
#11484 = ORIENTED_EDGE('',*,*,#10876,.F.);
#11485 = ORIENTED_EDGE('',*,*,#10351,.T.);
#11486 = ORIENTED_EDGE('',*,*,#10790,.T.);
#11487 = ORIENTED_EDGE('',*,*,#10835,.F.);
#11488 = PLANE('',#11489);
#11489 = AXIS2_PLACEMENT_3D('',#11490,#11491,#11492);
#11490 = CARTESIAN_POINT('',(1.845,4.5,-3.330669073876E-17));
#11491 = DIRECTION('',(2.334869823773E-16,1.,1.110223024625E-16));
#11492 = DIRECTION('',(3.574525976783E-31,-1.110223024625E-16,1.));
#11493 = ADVANCED_FACE('',(#11494),#11500,.F.);
#11494 = FACE_BOUND('',#11495,.F.);
#11495 = EDGE_LOOP('',(#11496,#11497,#11498,#11499));
#11496 = ORIENTED_EDGE('',*,*,#10885,.F.);
#11497 = ORIENTED_EDGE('',*,*,#10861,.T.);
#11498 = ORIENTED_EDGE('',*,*,#10813,.T.);
#11499 = ORIENTED_EDGE('',*,*,#10335,.T.);
#11500 = PLANE('',#11501);
#11501 = AXIS2_PLACEMENT_3D('',#11502,#11503,#11504);
#11502 = CARTESIAN_POINT('',(1.845,5.,4.));
#11503 = DIRECTION('',(-2.334869823773E-16,-1.,-1.110223024625E-16));
#11504 = DIRECTION('',(-3.574525976783E-31,1.110223024625E-16,-1.));
#11505 = ADVANCED_FACE('',(#11506),#11512,.F.);
#11506 = FACE_BOUND('',#11507,.F.);
#11507 = EDGE_LOOP('',(#11508,#11509,#11510,#11511));
#11508 = ORIENTED_EDGE('',*,*,#11096,.F.);
#11509 = ORIENTED_EDGE('',*,*,#10385,.T.);
#11510 = ORIENTED_EDGE('',*,*,#11010,.T.);
#11511 = ORIENTED_EDGE('',*,*,#11055,.F.);
#11512 = PLANE('',#11513);
#11513 = AXIS2_PLACEMENT_3D('',#11514,#11515,#11516);
#11514 = CARTESIAN_POINT('',(3.115,4.5,-3.330669073876E-17));
#11515 = DIRECTION('',(2.334869823773E-16,1.,1.110223024625E-16));
#11516 = DIRECTION('',(3.574525976783E-31,-1.110223024625E-16,1.));
#11517 = ADVANCED_FACE('',(#11518),#11524,.F.);
#11518 = FACE_BOUND('',#11519,.F.);
#11519 = EDGE_LOOP('',(#11520,#11521,#11522,#11523));
#11520 = ORIENTED_EDGE('',*,*,#11105,.F.);
#11521 = ORIENTED_EDGE('',*,*,#11081,.T.);
#11522 = ORIENTED_EDGE('',*,*,#11033,.T.);
#11523 = ORIENTED_EDGE('',*,*,#10369,.T.);
#11524 = PLANE('',#11525);
#11525 = AXIS2_PLACEMENT_3D('',#11526,#11527,#11528);
#11526 = CARTESIAN_POINT('',(3.115,5.,4.));
#11527 = DIRECTION('',(-2.334869823773E-16,-1.,-1.110223024625E-16));
#11528 = DIRECTION('',(-3.574525976783E-31,1.110223024625E-16,-1.));
#11529 = ADVANCED_FACE('',(#11530),#11536,.F.);
#11530 = FACE_BOUND('',#11531,.F.);
#11531 = EDGE_LOOP('',(#11532,#11533,#11534,#11535));
#11532 = ORIENTED_EDGE('',*,*,#10986,.F.);
#11533 = ORIENTED_EDGE('',*,*,#10419,.T.);
#11534 = ORIENTED_EDGE('',*,*,#10900,.T.);
#11535 = ORIENTED_EDGE('',*,*,#10945,.F.);
#11536 = PLANE('',#11537);
#11537 = AXIS2_PLACEMENT_3D('',#11538,#11539,#11540);
#11538 = CARTESIAN_POINT('',(4.385,4.5,-3.330669073876E-17));
#11539 = DIRECTION('',(2.334869823773E-16,1.,1.110223024625E-16));
#11540 = DIRECTION('',(3.574525976783E-31,-1.110223024625E-16,1.));
#11541 = ADVANCED_FACE('',(#11542),#11548,.F.);
#11542 = FACE_BOUND('',#11543,.F.);
#11543 = EDGE_LOOP('',(#11544,#11545,#11546,#11547));
#11544 = ORIENTED_EDGE('',*,*,#10995,.F.);
#11545 = ORIENTED_EDGE('',*,*,#10971,.T.);
#11546 = ORIENTED_EDGE('',*,*,#10923,.T.);
#11547 = ORIENTED_EDGE('',*,*,#10403,.T.);
#11548 = PLANE('',#11549);
#11549 = AXIS2_PLACEMENT_3D('',#11550,#11551,#11552);
#11550 = CARTESIAN_POINT('',(4.385,5.,4.));
#11551 = DIRECTION('',(-2.334869823773E-16,-1.,-1.110223024625E-16));
#11552 = DIRECTION('',(-3.574525976783E-31,1.110223024625E-16,-1.));
#11553 = ADVANCED_FACE('',(#11554),#11560,.F.);
#11554 = FACE_BOUND('',#11555,.F.);
#11555 = EDGE_LOOP('',(#11556,#11557,#11558,#11559));
#11556 = ORIENTED_EDGE('',*,*,#11435,.F.);
#11557 = ORIENTED_EDGE('',*,*,#11411,.T.);
#11558 = ORIENTED_EDGE('',*,*,#11363,.T.);
#11559 = ORIENTED_EDGE('',*,*,#10453,.T.);
#11560 = PLANE('',#11561);
#11561 = AXIS2_PLACEMENT_3D('',#11562,#11563,#11564);
#11562 = CARTESIAN_POINT('',(8.195,5.,4.));
#11563 = DIRECTION('',(-2.334869823773E-16,-1.,-1.110223024625E-16));
#11564 = DIRECTION('',(-3.574525976783E-31,1.110223024625E-16,-1.));
#11565 = ADVANCED_FACE('',(#11566),#11572,.F.);
#11566 = FACE_BOUND('',#11567,.F.);
#11567 = EDGE_LOOP('',(#11568,#11569,#11570,#11571));
#11568 = ORIENTED_EDGE('',*,*,#11426,.F.);
#11569 = ORIENTED_EDGE('',*,*,#10437,.T.);
#11570 = ORIENTED_EDGE('',*,*,#11340,.T.);
#11571 = ORIENTED_EDGE('',*,*,#11385,.F.);
#11572 = PLANE('',#11573);
#11573 = AXIS2_PLACEMENT_3D('',#11574,#11575,#11576);
#11574 = CARTESIAN_POINT('',(8.195,4.5,-3.330669073876E-17));
#11575 = DIRECTION('',(2.334869823773E-16,1.,1.110223024625E-16));
#11576 = DIRECTION('',(3.574525976783E-31,-1.110223024625E-16,1.));
#11577 = ADVANCED_FACE('',(#11578),#11584,.F.);
#11578 = FACE_BOUND('',#11579,.F.);
#11579 = EDGE_LOOP('',(#11580,#11581,#11582,#11583));
#11580 = ORIENTED_EDGE('',*,*,#11230,.F.);
#11581 = ORIENTED_EDGE('',*,*,#10487,.T.);
#11582 = ORIENTED_EDGE('',*,*,#11316,.T.);
#11583 = ORIENTED_EDGE('',*,*,#11268,.F.);
#11584 = PLANE('',#11585);
#11585 = AXIS2_PLACEMENT_3D('',#11586,#11587,#11588);
#11586 = CARTESIAN_POINT('',(6.925,4.5,-3.330669073876E-17));
#11587 = DIRECTION('',(2.334869823773E-16,1.,1.110223024625E-16));
#11588 = DIRECTION('',(3.574525976783E-31,-1.110223024625E-16,1.));
#11589 = ADVANCED_FACE('',(#11590),#11596,.F.);
#11590 = FACE_BOUND('',#11591,.F.);
#11591 = EDGE_LOOP('',(#11592,#11593,#11594,#11595));
#11592 = ORIENTED_EDGE('',*,*,#11253,.F.);
#11593 = ORIENTED_EDGE('',*,*,#11301,.T.);
#11594 = ORIENTED_EDGE('',*,*,#11325,.T.);
#11595 = ORIENTED_EDGE('',*,*,#10471,.T.);
#11596 = PLANE('',#11597);
#11597 = AXIS2_PLACEMENT_3D('',#11598,#11599,#11600);
#11598 = CARTESIAN_POINT('',(6.925,5.,4.));
#11599 = DIRECTION('',(-2.334869823773E-16,-1.,-1.110223024625E-16));
#11600 = DIRECTION('',(-3.574525976783E-31,1.110223024625E-16,-1.));
#11601 = ADVANCED_FACE('',(#11602),#11608,.F.);
#11602 = FACE_BOUND('',#11603,.F.);
#11603 = EDGE_LOOP('',(#11604,#11605,#11606,#11607));
#11604 = ORIENTED_EDGE('',*,*,#11206,.F.);
#11605 = ORIENTED_EDGE('',*,*,#10521,.T.);
#11606 = ORIENTED_EDGE('',*,*,#11120,.T.);
#11607 = ORIENTED_EDGE('',*,*,#11165,.F.);
#11608 = PLANE('',#11609);
#11609 = AXIS2_PLACEMENT_3D('',#11610,#11611,#11612);
#11610 = CARTESIAN_POINT('',(5.655,4.5,-3.330669073876E-17));
#11611 = DIRECTION('',(2.334869823773E-16,1.,1.110223024625E-16));
#11612 = DIRECTION('',(3.574525976783E-31,-1.110223024625E-16,1.));
#11613 = ADVANCED_FACE('',(#11614),#11620,.F.);
#11614 = FACE_BOUND('',#11615,.F.);
#11615 = EDGE_LOOP('',(#11616,#11617,#11618,#11619));
#11616 = ORIENTED_EDGE('',*,*,#11215,.F.);
#11617 = ORIENTED_EDGE('',*,*,#11191,.T.);
#11618 = ORIENTED_EDGE('',*,*,#11143,.T.);
#11619 = ORIENTED_EDGE('',*,*,#10505,.T.);
#11620 = PLANE('',#11621);
#11621 = AXIS2_PLACEMENT_3D('',#11622,#11623,#11624);
#11622 = CARTESIAN_POINT('',(5.655,5.,4.));
#11623 = DIRECTION('',(-2.334869823773E-16,-1.,-1.110223024625E-16));
#11624 = DIRECTION('',(-3.574525976783E-31,1.110223024625E-16,-1.));
#11625 = ADVANCED_FACE('',(#11626),#11632,.F.);
#11626 = FACE_BOUND('',#11627,.F.);
#11627 = EDGE_LOOP('',(#11628,#11629,#11630,#11631));
#11628 = ORIENTED_EDGE('',*,*,#10656,.F.);
#11629 = ORIENTED_EDGE('',*,*,#10555,.T.);
#11630 = ORIENTED_EDGE('',*,*,#10570,.T.);
#11631 = ORIENTED_EDGE('',*,*,#10615,.F.);
#11632 = PLANE('',#11633);
#11633 = AXIS2_PLACEMENT_3D('',#11634,#11635,#11636);
#11634 = CARTESIAN_POINT('',(-0.695,4.5,-3.330669073876E-17));
#11635 = DIRECTION('',(2.334869823773E-16,1.,1.110223024625E-16));
#11636 = DIRECTION('',(3.574525976783E-31,-1.110223024625E-16,1.));
#11637 = ADVANCED_FACE('',(#11638),#11644,.F.);
#11638 = FACE_BOUND('',#11639,.F.);
#11639 = EDGE_LOOP('',(#11640,#11641,#11642,#11643));
#11640 = ORIENTED_EDGE('',*,*,#10665,.F.);
#11641 = ORIENTED_EDGE('',*,*,#10641,.T.);
#11642 = ORIENTED_EDGE('',*,*,#10593,.T.);
#11643 = ORIENTED_EDGE('',*,*,#10539,.T.);
#11644 = PLANE('',#11645);
#11645 = AXIS2_PLACEMENT_3D('',#11646,#11647,#11648);
#11646 = CARTESIAN_POINT('',(-0.695,5.,4.));
#11647 = DIRECTION('',(-2.334869823773E-16,-1.,-1.110223024625E-16));
#11648 = DIRECTION('',(-3.574525976783E-31,1.110223024625E-16,-1.));
#11649 = MANIFOLD_SOLID_BREP('',#11650);
#11650 = CLOSED_SHELL('',(#11651,#11691,#11722,#11746,#11770,#11787));
#11651 = ADVANCED_FACE('',(#11652),#11686,.T.);
#11652 = FACE_BOUND('',#11653,.T.);
#11653 = EDGE_LOOP('',(#11654,#11664,#11672,#11680));
#11654 = ORIENTED_EDGE('',*,*,#11655,.T.);
#11655 = EDGE_CURVE('',#11656,#11658,#11660,.T.);
#11656 = VERTEX_POINT('',#11657);
#11657 = CARTESIAN_POINT('',(7.555,8.,13.46));
#11658 = VERTEX_POINT('',#11659);
#11659 = CARTESIAN_POINT('',(7.555,8.02588190451,13.556592582629));
#11660 = LINE('',#11661,#11662);
#11661 = CARTESIAN_POINT('',(7.555,8.,13.46));
#11662 = VECTOR('',#11663,1.);
#11663 = DIRECTION('',(3.169619151432E-17,0.258819045103,0.965925826289)
  );
#11664 = ORIENTED_EDGE('',*,*,#11665,.T.);
#11665 = EDGE_CURVE('',#11658,#11666,#11668,.T.);
#11666 = VERTEX_POINT('',#11667);
#11667 = CARTESIAN_POINT('',(10.555,8.02588190451,13.556592582629));
#11668 = LINE('',#11669,#11670);
#11669 = CARTESIAN_POINT('',(7.555,8.02588190451,13.556592582629));
#11670 = VECTOR('',#11671,1.);
#11671 = DIRECTION('',(1.,-1.224646799147E-16,0.));
#11672 = ORIENTED_EDGE('',*,*,#11673,.F.);
#11673 = EDGE_CURVE('',#11674,#11666,#11676,.T.);
#11674 = VERTEX_POINT('',#11675);
#11675 = CARTESIAN_POINT('',(10.555,8.,13.46));
#11676 = LINE('',#11677,#11678);
#11677 = CARTESIAN_POINT('',(10.555,8.,13.46));
#11678 = VECTOR('',#11679,1.);
#11679 = DIRECTION('',(3.169619151432E-17,0.258819045103,0.965925826289)
  );
#11680 = ORIENTED_EDGE('',*,*,#11681,.T.);
#11681 = EDGE_CURVE('',#11674,#11656,#11682,.T.);
#11682 = LINE('',#11683,#11684);
#11683 = CARTESIAN_POINT('',(11.805,8.,13.46));
#11684 = VECTOR('',#11685,1.);
#11685 = DIRECTION('',(-1.,1.224646799147E-16,0.));
#11686 = PLANE('',#11687);
#11687 = AXIS2_PLACEMENT_3D('',#11688,#11689,#11690);
#11688 = CARTESIAN_POINT('',(7.555,8.,13.46));
#11689 = DIRECTION('',(1.182917971379E-16,0.965925826289,-0.258819045103
    ));
#11690 = DIRECTION('',(1.,-1.224646799148E-16,1.95418293471E-29));
#11691 = ADVANCED_FACE('',(#11692),#11717,.T.);
#11692 = FACE_BOUND('',#11693,.T.);
#11693 = EDGE_LOOP('',(#11694,#11704,#11710,#11711));
#11694 = ORIENTED_EDGE('',*,*,#11695,.T.);
#11695 = EDGE_CURVE('',#11696,#11698,#11700,.T.);
#11696 = VERTEX_POINT('',#11697);
#11697 = CARTESIAN_POINT('',(8.055,0.755556302832,15.401142838269));
#11698 = VERTEX_POINT('',#11699);
#11699 = CARTESIAN_POINT('',(8.055,0.781438207342,15.497735420898));
#11700 = LINE('',#11701,#11702);
#11701 = CARTESIAN_POINT('',(8.055,0.755556302832,15.401142838269));
#11702 = VECTOR('',#11703,1.);
#11703 = DIRECTION('',(3.169619151432E-17,0.258819045103,0.965925826289)
  );
#11704 = ORIENTED_EDGE('',*,*,#11705,.T.);
#11705 = EDGE_CURVE('',#11698,#11658,#11706,.T.);
#11706 = LINE('',#11707,#11708);
#11707 = CARTESIAN_POINT('',(8.055,0.781438207342,15.497735420898));
#11708 = VECTOR('',#11709,1.);
#11709 = DIRECTION('',(-6.651901052374E-02,0.963786453062,
    -0.258245801774));
#11710 = ORIENTED_EDGE('',*,*,#11655,.F.);
#11711 = ORIENTED_EDGE('',*,*,#11712,.F.);
#11712 = EDGE_CURVE('',#11696,#11656,#11713,.T.);
#11713 = LINE('',#11714,#11715);
#11714 = CARTESIAN_POINT('',(8.055,0.755556302832,15.401142838269));
#11715 = VECTOR('',#11716,1.);
#11716 = DIRECTION('',(-6.651901052374E-02,0.963786453062,
    -0.258245801774));
#11717 = PLANE('',#11718);
#11718 = AXIS2_PLACEMENT_3D('',#11719,#11720,#11721);
#11719 = CARTESIAN_POINT('',(8.055,0.755556302832,15.401142838269));
#11720 = DIRECTION('',(-0.997785157857,-6.425243020408E-02,
    1.721638678492E-02));
#11721 = DIRECTION('',(-6.651901052375E-02,0.963786453062,
    -0.258245801774));
#11722 = ADVANCED_FACE('',(#11723),#11741,.T.);
#11723 = FACE_BOUND('',#11724,.T.);
#11724 = EDGE_LOOP('',(#11725,#11733,#11739,#11740));
#11725 = ORIENTED_EDGE('',*,*,#11726,.T.);
#11726 = EDGE_CURVE('',#11674,#11727,#11729,.T.);
#11727 = VERTEX_POINT('',#11728);
#11728 = CARTESIAN_POINT('',(10.055,0.755556302832,15.401142838269));
#11729 = LINE('',#11730,#11731);
#11730 = CARTESIAN_POINT('',(10.555,8.,13.46));
#11731 = VECTOR('',#11732,1.);
#11732 = DIRECTION('',(-6.651901052374E-02,-0.963786453062,
    0.258245801774));
#11733 = ORIENTED_EDGE('',*,*,#11734,.T.);
#11734 = EDGE_CURVE('',#11727,#11696,#11735,.T.);
#11735 = LINE('',#11736,#11737);
#11736 = CARTESIAN_POINT('',(10.055,0.755556302832,15.401142838269));
#11737 = VECTOR('',#11738,1.);
#11738 = DIRECTION('',(-1.,1.224646799147E-16,0.));
#11739 = ORIENTED_EDGE('',*,*,#11712,.T.);
#11740 = ORIENTED_EDGE('',*,*,#11681,.F.);
#11741 = PLANE('',#11742);
#11742 = AXIS2_PLACEMENT_3D('',#11743,#11744,#11745);
#11743 = CARTESIAN_POINT('',(9.055,4.558588227809,14.382123505181));
#11744 = DIRECTION('',(-8.16581451389E-17,-0.258819045103,
    -0.965925826289));
#11745 = DIRECTION('',(1.182917971379E-16,0.965925826289,-0.258819045103
    ));
#11746 = ADVANCED_FACE('',(#11747),#11765,.F.);
#11747 = FACE_BOUND('',#11748,.F.);
#11748 = EDGE_LOOP('',(#11749,#11757,#11763,#11764));
#11749 = ORIENTED_EDGE('',*,*,#11750,.T.);
#11750 = EDGE_CURVE('',#11666,#11751,#11753,.T.);
#11751 = VERTEX_POINT('',#11752);
#11752 = CARTESIAN_POINT('',(10.055,0.781438207342,15.497735420898));
#11753 = LINE('',#11754,#11755);
#11754 = CARTESIAN_POINT('',(10.555,8.02588190451,13.556592582629));
#11755 = VECTOR('',#11756,1.);
#11756 = DIRECTION('',(-6.651901052374E-02,-0.963786453062,
    0.258245801774));
#11757 = ORIENTED_EDGE('',*,*,#11758,.T.);
#11758 = EDGE_CURVE('',#11751,#11698,#11759,.T.);
#11759 = LINE('',#11760,#11761);
#11760 = CARTESIAN_POINT('',(10.055,0.781438207342,15.497735420898));
#11761 = VECTOR('',#11762,1.);
#11762 = DIRECTION('',(-1.,1.224646799147E-16,0.));
#11763 = ORIENTED_EDGE('',*,*,#11705,.T.);
#11764 = ORIENTED_EDGE('',*,*,#11665,.T.);
#11765 = PLANE('',#11766);
#11766 = AXIS2_PLACEMENT_3D('',#11767,#11768,#11769);
#11767 = CARTESIAN_POINT('',(9.055,4.58447013232,14.47871608781));
#11768 = DIRECTION('',(-8.16581451389E-17,-0.258819045103,
    -0.965925826289));
#11769 = DIRECTION('',(1.182917971379E-16,0.965925826289,-0.258819045103
    ));
#11770 = ADVANCED_FACE('',(#11771),#11782,.T.);
#11771 = FACE_BOUND('',#11772,.T.);
#11772 = EDGE_LOOP('',(#11773,#11774,#11775,#11781));
#11773 = ORIENTED_EDGE('',*,*,#11673,.T.);
#11774 = ORIENTED_EDGE('',*,*,#11750,.T.);
#11775 = ORIENTED_EDGE('',*,*,#11776,.F.);
#11776 = EDGE_CURVE('',#11727,#11751,#11777,.T.);
#11777 = LINE('',#11778,#11779);
#11778 = CARTESIAN_POINT('',(10.055,0.755556302832,15.401142838269));
#11779 = VECTOR('',#11780,1.);
#11780 = DIRECTION('',(3.169619151432E-17,0.258819045103,0.965925826289)
  );
#11781 = ORIENTED_EDGE('',*,*,#11726,.F.);
#11782 = PLANE('',#11783);
#11783 = AXIS2_PLACEMENT_3D('',#11784,#11785,#11786);
#11784 = CARTESIAN_POINT('',(10.555,8.,13.46));
#11785 = DIRECTION('',(0.997785157857,-6.425243020408E-02,
    1.721638678492E-02));
#11786 = DIRECTION('',(-6.651901052375E-02,-0.963786453062,
    0.258245801774));
#11787 = ADVANCED_FACE('',(#11788),#11794,.T.);
#11788 = FACE_BOUND('',#11789,.T.);
#11789 = EDGE_LOOP('',(#11790,#11791,#11792,#11793));
#11790 = ORIENTED_EDGE('',*,*,#11776,.T.);
#11791 = ORIENTED_EDGE('',*,*,#11758,.T.);
#11792 = ORIENTED_EDGE('',*,*,#11695,.F.);
#11793 = ORIENTED_EDGE('',*,*,#11734,.F.);
#11794 = PLANE('',#11795);
#11795 = AXIS2_PLACEMENT_3D('',#11796,#11797,#11798);
#11796 = CARTESIAN_POINT('',(10.055,0.755556302832,15.401142838269));
#11797 = DIRECTION('',(-1.182917971379E-16,-0.965925826289,
    0.258819045103));
#11798 = DIRECTION('',(-1.,1.224646799148E-16,-1.95418293471E-29));
#11799 = MANIFOLD_SOLID_BREP('',#11800);
#11800 = CLOSED_SHELL('',(#11801,#11841,#11872,#11896,#11920,#11937));
#11801 = ADVANCED_FACE('',(#11802),#11836,.T.);
#11802 = FACE_BOUND('',#11803,.T.);
#11803 = EDGE_LOOP('',(#11804,#11814,#11822,#11830));
#11804 = ORIENTED_EDGE('',*,*,#11805,.T.);
#11805 = EDGE_CURVE('',#11806,#11808,#11810,.T.);
#11806 = VERTEX_POINT('',#11807);
#11807 = CARTESIAN_POINT('',(-3.455,8.,13.46));
#11808 = VERTEX_POINT('',#11809);
#11809 = CARTESIAN_POINT('',(-3.455,8.02588190451,13.556592582629));
#11810 = LINE('',#11811,#11812);
#11811 = CARTESIAN_POINT('',(-3.455,8.,13.46));
#11812 = VECTOR('',#11813,1.);
#11813 = DIRECTION('',(3.169619151432E-17,0.258819045103,0.965925826289)
  );
#11814 = ORIENTED_EDGE('',*,*,#11815,.T.);
#11815 = EDGE_CURVE('',#11808,#11816,#11818,.T.);
#11816 = VERTEX_POINT('',#11817);
#11817 = CARTESIAN_POINT('',(-0.455,8.02588190451,13.556592582629));
#11818 = LINE('',#11819,#11820);
#11819 = CARTESIAN_POINT('',(-3.455,8.02588190451,13.556592582629));
#11820 = VECTOR('',#11821,1.);
#11821 = DIRECTION('',(1.,-1.224646799147E-16,0.));
#11822 = ORIENTED_EDGE('',*,*,#11823,.F.);
#11823 = EDGE_CURVE('',#11824,#11816,#11826,.T.);
#11824 = VERTEX_POINT('',#11825);
#11825 = CARTESIAN_POINT('',(-0.455,8.,13.46));
#11826 = LINE('',#11827,#11828);
#11827 = CARTESIAN_POINT('',(-0.455,8.,13.46));
#11828 = VECTOR('',#11829,1.);
#11829 = DIRECTION('',(3.169619151432E-17,0.258819045103,0.965925826289)
  );
#11830 = ORIENTED_EDGE('',*,*,#11831,.T.);
#11831 = EDGE_CURVE('',#11824,#11806,#11832,.T.);
#11832 = LINE('',#11833,#11834);
#11833 = CARTESIAN_POINT('',(11.805,8.,13.46));
#11834 = VECTOR('',#11835,1.);
#11835 = DIRECTION('',(-1.,1.224646799147E-16,0.));
#11836 = PLANE('',#11837);
#11837 = AXIS2_PLACEMENT_3D('',#11838,#11839,#11840);
#11838 = CARTESIAN_POINT('',(-3.455,8.,13.46));
#11839 = DIRECTION('',(1.182917971379E-16,0.965925826289,-0.258819045103
    ));
#11840 = DIRECTION('',(1.,-1.224646799148E-16,1.95418293471E-29));
#11841 = ADVANCED_FACE('',(#11842),#11867,.T.);
#11842 = FACE_BOUND('',#11843,.T.);
#11843 = EDGE_LOOP('',(#11844,#11854,#11860,#11861));
#11844 = ORIENTED_EDGE('',*,*,#11845,.T.);
#11845 = EDGE_CURVE('',#11846,#11848,#11850,.T.);
#11846 = VERTEX_POINT('',#11847);
#11847 = CARTESIAN_POINT('',(-2.955,0.755556302832,15.401142838269));
#11848 = VERTEX_POINT('',#11849);
#11849 = CARTESIAN_POINT('',(-2.955,0.781438207342,15.497735420898));
#11850 = LINE('',#11851,#11852);
#11851 = CARTESIAN_POINT('',(-2.955,0.755556302832,15.401142838269));
#11852 = VECTOR('',#11853,1.);
#11853 = DIRECTION('',(3.169619151432E-17,0.258819045103,0.965925826289)
  );
#11854 = ORIENTED_EDGE('',*,*,#11855,.T.);
#11855 = EDGE_CURVE('',#11848,#11808,#11856,.T.);
#11856 = LINE('',#11857,#11858);
#11857 = CARTESIAN_POINT('',(-2.955,0.781438207342,15.497735420898));
#11858 = VECTOR('',#11859,1.);
#11859 = DIRECTION('',(-6.651901052374E-02,0.963786453062,
    -0.258245801774));
#11860 = ORIENTED_EDGE('',*,*,#11805,.F.);
#11861 = ORIENTED_EDGE('',*,*,#11862,.F.);
#11862 = EDGE_CURVE('',#11846,#11806,#11863,.T.);
#11863 = LINE('',#11864,#11865);
#11864 = CARTESIAN_POINT('',(-2.955,0.755556302832,15.401142838269));
#11865 = VECTOR('',#11866,1.);
#11866 = DIRECTION('',(-6.651901052374E-02,0.963786453062,
    -0.258245801774));
#11867 = PLANE('',#11868);
#11868 = AXIS2_PLACEMENT_3D('',#11869,#11870,#11871);
#11869 = CARTESIAN_POINT('',(-2.955,0.755556302832,15.401142838269));
#11870 = DIRECTION('',(-0.997785157857,-6.425243020408E-02,
    1.721638678492E-02));
#11871 = DIRECTION('',(-6.651901052375E-02,0.963786453062,
    -0.258245801774));
#11872 = ADVANCED_FACE('',(#11873),#11891,.T.);
#11873 = FACE_BOUND('',#11874,.T.);
#11874 = EDGE_LOOP('',(#11875,#11883,#11889,#11890));
#11875 = ORIENTED_EDGE('',*,*,#11876,.T.);
#11876 = EDGE_CURVE('',#11824,#11877,#11879,.T.);
#11877 = VERTEX_POINT('',#11878);
#11878 = CARTESIAN_POINT('',(-0.955,0.755556302832,15.401142838269));
#11879 = LINE('',#11880,#11881);
#11880 = CARTESIAN_POINT('',(-0.455,8.,13.46));
#11881 = VECTOR('',#11882,1.);
#11882 = DIRECTION('',(-6.651901052374E-02,-0.963786453062,
    0.258245801774));
#11883 = ORIENTED_EDGE('',*,*,#11884,.T.);
#11884 = EDGE_CURVE('',#11877,#11846,#11885,.T.);
#11885 = LINE('',#11886,#11887);
#11886 = CARTESIAN_POINT('',(-0.955,0.755556302832,15.401142838269));
#11887 = VECTOR('',#11888,1.);
#11888 = DIRECTION('',(-1.,1.224646799147E-16,0.));
#11889 = ORIENTED_EDGE('',*,*,#11862,.T.);
#11890 = ORIENTED_EDGE('',*,*,#11831,.F.);
#11891 = PLANE('',#11892);
#11892 = AXIS2_PLACEMENT_3D('',#11893,#11894,#11895);
#11893 = CARTESIAN_POINT('',(-1.955,4.558588227809,14.382123505181));
#11894 = DIRECTION('',(-8.16581451389E-17,-0.258819045103,
    -0.965925826289));
#11895 = DIRECTION('',(1.182917971379E-16,0.965925826289,-0.258819045103
    ));
#11896 = ADVANCED_FACE('',(#11897),#11915,.F.);
#11897 = FACE_BOUND('',#11898,.F.);
#11898 = EDGE_LOOP('',(#11899,#11907,#11913,#11914));
#11899 = ORIENTED_EDGE('',*,*,#11900,.T.);
#11900 = EDGE_CURVE('',#11816,#11901,#11903,.T.);
#11901 = VERTEX_POINT('',#11902);
#11902 = CARTESIAN_POINT('',(-0.955,0.781438207342,15.497735420898));
#11903 = LINE('',#11904,#11905);
#11904 = CARTESIAN_POINT('',(-0.455,8.02588190451,13.556592582629));
#11905 = VECTOR('',#11906,1.);
#11906 = DIRECTION('',(-6.651901052374E-02,-0.963786453062,
    0.258245801774));
#11907 = ORIENTED_EDGE('',*,*,#11908,.T.);
#11908 = EDGE_CURVE('',#11901,#11848,#11909,.T.);
#11909 = LINE('',#11910,#11911);
#11910 = CARTESIAN_POINT('',(-0.955,0.781438207342,15.497735420898));
#11911 = VECTOR('',#11912,1.);
#11912 = DIRECTION('',(-1.,1.224646799147E-16,0.));
#11913 = ORIENTED_EDGE('',*,*,#11855,.T.);
#11914 = ORIENTED_EDGE('',*,*,#11815,.T.);
#11915 = PLANE('',#11916);
#11916 = AXIS2_PLACEMENT_3D('',#11917,#11918,#11919);
#11917 = CARTESIAN_POINT('',(-1.955,4.58447013232,14.47871608781));
#11918 = DIRECTION('',(-8.16581451389E-17,-0.258819045103,
    -0.965925826289));
#11919 = DIRECTION('',(1.182917971379E-16,0.965925826289,-0.258819045103
    ));
#11920 = ADVANCED_FACE('',(#11921),#11932,.T.);
#11921 = FACE_BOUND('',#11922,.T.);
#11922 = EDGE_LOOP('',(#11923,#11924,#11925,#11931));
#11923 = ORIENTED_EDGE('',*,*,#11823,.T.);
#11924 = ORIENTED_EDGE('',*,*,#11900,.T.);
#11925 = ORIENTED_EDGE('',*,*,#11926,.F.);
#11926 = EDGE_CURVE('',#11877,#11901,#11927,.T.);
#11927 = LINE('',#11928,#11929);
#11928 = CARTESIAN_POINT('',(-0.955,0.755556302832,15.401142838269));
#11929 = VECTOR('',#11930,1.);
#11930 = DIRECTION('',(3.169619151432E-17,0.258819045103,0.965925826289)
  );
#11931 = ORIENTED_EDGE('',*,*,#11876,.F.);
#11932 = PLANE('',#11933);
#11933 = AXIS2_PLACEMENT_3D('',#11934,#11935,#11936);
#11934 = CARTESIAN_POINT('',(-0.455,8.,13.46));
#11935 = DIRECTION('',(0.997785157857,-6.425243020408E-02,
    1.721638678492E-02));
#11936 = DIRECTION('',(-6.651901052375E-02,-0.963786453062,
    0.258245801774));
#11937 = ADVANCED_FACE('',(#11938),#11944,.T.);
#11938 = FACE_BOUND('',#11939,.T.);
#11939 = EDGE_LOOP('',(#11940,#11941,#11942,#11943));
#11940 = ORIENTED_EDGE('',*,*,#11926,.T.);
#11941 = ORIENTED_EDGE('',*,*,#11908,.T.);
#11942 = ORIENTED_EDGE('',*,*,#11845,.F.);
#11943 = ORIENTED_EDGE('',*,*,#11884,.F.);
#11944 = PLANE('',#11945);
#11945 = AXIS2_PLACEMENT_3D('',#11946,#11947,#11948);
#11946 = CARTESIAN_POINT('',(-0.955,0.755556302832,15.401142838269));
#11947 = DIRECTION('',(-1.182917971379E-16,-0.965925826289,
    0.258819045103));
#11948 = DIRECTION('',(-1.,1.224646799148E-16,-1.95418293471E-29));
#11949 = ( GEOMETRIC_REPRESENTATION_CONTEXT(3) 
GLOBAL_UNCERTAINTY_ASSIGNED_CONTEXT((#11953)) 
GLOBAL_UNIT_ASSIGNED_CONTEXT((#11950,#11951,#11952)) 
REPRESENTATION_CONTEXT('Context #1',
  '3D Context with UNIT and UNCERTAINTY') );
#11950 = ( LENGTH_UNIT() NAMED_UNIT(*) SI_UNIT(.MILLI.,.METRE.) );
#11951 = ( NAMED_UNIT(*) PLANE_ANGLE_UNIT() SI_UNIT($,.RADIAN.) );
#11952 = ( NAMED_UNIT(*) SI_UNIT($,.STERADIAN.) SOLID_ANGLE_UNIT() );
#11953 = UNCERTAINTY_MEASURE_WITH_UNIT(LENGTH_MEASURE(1.E-07),#11950,
  'distance_accuracy_value','confusion accuracy');
#11954 = CONTEXT_DEPENDENT_SHAPE_REPRESENTATION(#11955,#11957);
#11955 = ( REPRESENTATION_RELATIONSHIP('','',#7014,#10) 
REPRESENTATION_RELATIONSHIP_WITH_TRANSFORMATION(#11956) 
SHAPE_REPRESENTATION_RELATIONSHIP() );
#11956 = ITEM_DEFINED_TRANSFORMATION('','',#11,#19);
#11957 = PRODUCT_DEFINITION_SHAPE('Placement','Placement of an item',
  #11958);
#11958 = NEXT_ASSEMBLY_USAGE_OCCURRENCE('2','J0','',#5,#7009,$);
#11959 = PRODUCT_RELATED_PRODUCT_CATEGORY('part',$,(#7011));
#11960 = CONTEXT_DEPENDENT_SHAPE_REPRESENTATION(#11961,#11963);
#11961 = ( REPRESENTATION_RELATIONSHIP('','',#48,#10) 
REPRESENTATION_RELATIONSHIP_WITH_TRANSFORMATION(#11962) 
SHAPE_REPRESENTATION_RELATIONSHIP() );
#11962 = ITEM_DEFINED_TRANSFORMATION('','',#11,#23);
#11963 = PRODUCT_DEFINITION_SHAPE('Placement','Placement of an item',
  #11964);
#11964 = NEXT_ASSEMBLY_USAGE_OCCURRENCE('3','J1','',#5,#43,$);
#11965 = CONTEXT_DEPENDENT_SHAPE_REPRESENTATION(#11966,#11968);
#11966 = ( REPRESENTATION_RELATIONSHIP('','',#48,#10) 
REPRESENTATION_RELATIONSHIP_WITH_TRANSFORMATION(#11967) 
SHAPE_REPRESENTATION_RELATIONSHIP() );
#11967 = ITEM_DEFINED_TRANSFORMATION('','',#11,#27);
#11968 = PRODUCT_DEFINITION_SHAPE('Placement','Placement of an item',
  #11969);
#11969 = NEXT_ASSEMBLY_USAGE_OCCURRENCE('4','J3','',#5,#43,$);
#11970 = SHAPE_DEFINITION_REPRESENTATION(#11971,#11977);
#11971 = PRODUCT_DEFINITION_SHAPE('','',#11972);
#11972 = PRODUCT_DEFINITION('design','',#11973,#11976);
#11973 = PRODUCT_DEFINITION_FORMATION('','',#11974);
#11974 = PRODUCT('MT6835_hub_rev_a_PCB','MT6835_hub_rev_a_PCB','',(
    #11975));
#11975 = PRODUCT_CONTEXT('',#2,'mechanical');
#11976 = PRODUCT_DEFINITION_CONTEXT('part definition',#2,'design');
#11977 = ADVANCED_BREP_SHAPE_REPRESENTATION('',(#11,#11978),#12752);
#11978 = MANIFOLD_SOLID_BREP('',#11979);
#11979 = CLOSED_SHELL('',(#11980,#12020,#12051,#12082,#12275,#12468,
    #12480,#12497,#12514,#12531,#12548,#12565,#12582,#12599,#12616,
    #12633,#12650,#12667,#12684,#12701,#12718,#12735));
#11980 = ADVANCED_FACE('',(#11981),#12015,.T.);
#11981 = FACE_BOUND('',#11982,.T.);
#11982 = EDGE_LOOP('',(#11983,#11993,#12001,#12009));
#11983 = ORIENTED_EDGE('',*,*,#11984,.T.);
#11984 = EDGE_CURVE('',#11985,#11987,#11989,.T.);
#11985 = VERTEX_POINT('',#11986);
#11986 = CARTESIAN_POINT('',(21.,-8.5,0.));
#11987 = VERTEX_POINT('',#11988);
#11988 = CARTESIAN_POINT('',(21.,-8.5,1.51));
#11989 = LINE('',#11990,#11991);
#11990 = CARTESIAN_POINT('',(21.,-8.5,0.));
#11991 = VECTOR('',#11992,1.);
#11992 = DIRECTION('',(0.,0.,1.));
#11993 = ORIENTED_EDGE('',*,*,#11994,.T.);
#11994 = EDGE_CURVE('',#11987,#11995,#11997,.T.);
#11995 = VERTEX_POINT('',#11996);
#11996 = CARTESIAN_POINT('',(-21.,-8.5,1.51));
#11997 = LINE('',#11998,#11999);
#11998 = CARTESIAN_POINT('',(21.,-8.5,1.51));
#11999 = VECTOR('',#12000,1.);
#12000 = DIRECTION('',(-1.,0.,0.));
#12001 = ORIENTED_EDGE('',*,*,#12002,.F.);
#12002 = EDGE_CURVE('',#12003,#11995,#12005,.T.);
#12003 = VERTEX_POINT('',#12004);
#12004 = CARTESIAN_POINT('',(-21.,-8.5,0.));
#12005 = LINE('',#12006,#12007);
#12006 = CARTESIAN_POINT('',(-21.,-8.5,0.));
#12007 = VECTOR('',#12008,1.);
#12008 = DIRECTION('',(0.,0.,1.));
#12009 = ORIENTED_EDGE('',*,*,#12010,.F.);
#12010 = EDGE_CURVE('',#11985,#12003,#12011,.T.);
#12011 = LINE('',#12012,#12013);
#12012 = CARTESIAN_POINT('',(21.,-8.5,0.));
#12013 = VECTOR('',#12014,1.);
#12014 = DIRECTION('',(-1.,0.,0.));
#12015 = PLANE('',#12016);
#12016 = AXIS2_PLACEMENT_3D('',#12017,#12018,#12019);
#12017 = CARTESIAN_POINT('',(21.,-8.5,0.));
#12018 = DIRECTION('',(0.,-1.,0.));
#12019 = DIRECTION('',(-1.,0.,0.));
#12020 = ADVANCED_FACE('',(#12021),#12046,.T.);
#12021 = FACE_BOUND('',#12022,.T.);
#12022 = EDGE_LOOP('',(#12023,#12033,#12039,#12040));
#12023 = ORIENTED_EDGE('',*,*,#12024,.T.);
#12024 = EDGE_CURVE('',#12025,#12027,#12029,.T.);
#12025 = VERTEX_POINT('',#12026);
#12026 = CARTESIAN_POINT('',(21.,8.5,0.));
#12027 = VERTEX_POINT('',#12028);
#12028 = CARTESIAN_POINT('',(21.,8.5,1.51));
#12029 = LINE('',#12030,#12031);
#12030 = CARTESIAN_POINT('',(21.,8.5,0.));
#12031 = VECTOR('',#12032,1.);
#12032 = DIRECTION('',(0.,0.,1.));
#12033 = ORIENTED_EDGE('',*,*,#12034,.T.);
#12034 = EDGE_CURVE('',#12027,#11987,#12035,.T.);
#12035 = LINE('',#12036,#12037);
#12036 = CARTESIAN_POINT('',(21.,8.5,1.51));
#12037 = VECTOR('',#12038,1.);
#12038 = DIRECTION('',(0.,-1.,0.));
#12039 = ORIENTED_EDGE('',*,*,#11984,.F.);
#12040 = ORIENTED_EDGE('',*,*,#12041,.F.);
#12041 = EDGE_CURVE('',#12025,#11985,#12042,.T.);
#12042 = LINE('',#12043,#12044);
#12043 = CARTESIAN_POINT('',(21.,8.5,0.));
#12044 = VECTOR('',#12045,1.);
#12045 = DIRECTION('',(0.,-1.,0.));
#12046 = PLANE('',#12047);
#12047 = AXIS2_PLACEMENT_3D('',#12048,#12049,#12050);
#12048 = CARTESIAN_POINT('',(21.,8.5,0.));
#12049 = DIRECTION('',(1.,0.,-0.));
#12050 = DIRECTION('',(0.,-1.,0.));
#12051 = ADVANCED_FACE('',(#12052),#12077,.T.);
#12052 = FACE_BOUND('',#12053,.T.);
#12053 = EDGE_LOOP('',(#12054,#12055,#12063,#12071));
#12054 = ORIENTED_EDGE('',*,*,#12002,.T.);
#12055 = ORIENTED_EDGE('',*,*,#12056,.T.);
#12056 = EDGE_CURVE('',#11995,#12057,#12059,.T.);
#12057 = VERTEX_POINT('',#12058);
#12058 = CARTESIAN_POINT('',(-21.,8.5,1.51));
#12059 = LINE('',#12060,#12061);
#12060 = CARTESIAN_POINT('',(-21.,-8.5,1.51));
#12061 = VECTOR('',#12062,1.);
#12062 = DIRECTION('',(0.,1.,0.));
#12063 = ORIENTED_EDGE('',*,*,#12064,.F.);
#12064 = EDGE_CURVE('',#12065,#12057,#12067,.T.);
#12065 = VERTEX_POINT('',#12066);
#12066 = CARTESIAN_POINT('',(-21.,8.5,0.));
#12067 = LINE('',#12068,#12069);
#12068 = CARTESIAN_POINT('',(-21.,8.5,0.));
#12069 = VECTOR('',#12070,1.);
#12070 = DIRECTION('',(0.,0.,1.));
#12071 = ORIENTED_EDGE('',*,*,#12072,.F.);
#12072 = EDGE_CURVE('',#12003,#12065,#12073,.T.);
#12073 = LINE('',#12074,#12075);
#12074 = CARTESIAN_POINT('',(-21.,-8.5,0.));
#12075 = VECTOR('',#12076,1.);
#12076 = DIRECTION('',(0.,1.,0.));
#12077 = PLANE('',#12078);
#12078 = AXIS2_PLACEMENT_3D('',#12079,#12080,#12081);
#12079 = CARTESIAN_POINT('',(-21.,-8.5,0.));
#12080 = DIRECTION('',(-1.,0.,0.));
#12081 = DIRECTION('',(0.,1.,0.));
#12082 = ADVANCED_FACE('',(#12083,#12094,#12105,#12116,#12127,#12138,
    #12149,#12160,#12171,#12182,#12193,#12204,#12215,#12226,#12237,
    #12248,#12259),#12270,.F.);
#12083 = FACE_BOUND('',#12084,.F.);
#12084 = EDGE_LOOP('',(#12085,#12086,#12087,#12093));
#12085 = ORIENTED_EDGE('',*,*,#12010,.F.);
#12086 = ORIENTED_EDGE('',*,*,#12041,.F.);
#12087 = ORIENTED_EDGE('',*,*,#12088,.F.);
#12088 = EDGE_CURVE('',#12065,#12025,#12089,.T.);
#12089 = LINE('',#12090,#12091);
#12090 = CARTESIAN_POINT('',(-21.,8.5,0.));
#12091 = VECTOR('',#12092,1.);
#12092 = DIRECTION('',(1.,0.,0.));
#12093 = ORIENTED_EDGE('',*,*,#12072,.F.);
#12094 = FACE_BOUND('',#12095,.F.);
#12095 = EDGE_LOOP('',(#12096));
#12096 = ORIENTED_EDGE('',*,*,#12097,.F.);
#12097 = EDGE_CURVE('',#12098,#12098,#12100,.T.);
#12098 = VERTEX_POINT('',#12099);
#12099 = CARTESIAN_POINT('',(-18.4,-7.,0.));
#12100 = CIRCLE('',#12101,1.1);
#12101 = AXIS2_PLACEMENT_3D('',#12102,#12103,#12104);
#12102 = CARTESIAN_POINT('',(-19.5,-7.,0.));
#12103 = DIRECTION('',(0.,0.,1.));
#12104 = DIRECTION('',(1.,0.,-0.));
#12105 = FACE_BOUND('',#12106,.F.);
#12106 = EDGE_LOOP('',(#12107));
#12107 = ORIENTED_EDGE('',*,*,#12108,.T.);
#12108 = EDGE_CURVE('',#12109,#12109,#12111,.T.);
#12109 = VERTEX_POINT('',#12110);
#12110 = CARTESIAN_POINT('',(-16.582,-1.775,0.));
#12111 = CIRCLE('',#12112,0.785);
#12112 = AXIS2_PLACEMENT_3D('',#12113,#12114,#12115);
#12113 = CARTESIAN_POINT('',(-16.582,-0.99,0.));
#12114 = DIRECTION('',(-0.,0.,-1.));
#12115 = DIRECTION('',(-0.,-1.,0.));
#12116 = FACE_BOUND('',#12117,.F.);
#12117 = EDGE_LOOP('',(#12118));
#12118 = ORIENTED_EDGE('',*,*,#12119,.T.);
#12119 = EDGE_CURVE('',#12120,#12120,#12122,.T.);
#12120 = VERTEX_POINT('',#12121);
#12121 = CARTESIAN_POINT('',(-10.996,-2.325,0.));
#12122 = CIRCLE('',#12123,0.445);
#12123 = AXIS2_PLACEMENT_3D('',#12124,#12125,#12126);
#12124 = CARTESIAN_POINT('',(-10.996,-1.88,0.));
#12125 = DIRECTION('',(-0.,0.,-1.));
#12126 = DIRECTION('',(-0.,-1.,0.));
#12127 = FACE_BOUND('',#12128,.F.);
#12128 = EDGE_LOOP('',(#12129));
#12129 = ORIENTED_EDGE('',*,*,#12130,.T.);
#12130 = EDGE_CURVE('',#12131,#12131,#12133,.T.);
#12131 = VERTEX_POINT('',#12132);
#12132 = CARTESIAN_POINT('',(-12.012,-0.545,0.));
#12133 = CIRCLE('',#12134,0.445);
#12134 = AXIS2_PLACEMENT_3D('',#12135,#12136,#12137);
#12135 = CARTESIAN_POINT('',(-12.012,-1.E-01,0.));
#12136 = DIRECTION('',(-0.,0.,-1.));
#12137 = DIRECTION('',(-0.,-1.,0.));
#12138 = FACE_BOUND('',#12139,.F.);
#12139 = EDGE_LOOP('',(#12140));
#12140 = ORIENTED_EDGE('',*,*,#12141,.T.);
#12141 = EDGE_CURVE('',#12142,#12142,#12144,.T.);
#12142 = VERTEX_POINT('',#12143);
#12143 = CARTESIAN_POINT('',(-8.964,-2.325,0.));
#12144 = CIRCLE('',#12145,0.445);
#12145 = AXIS2_PLACEMENT_3D('',#12146,#12147,#12148);
#12146 = CARTESIAN_POINT('',(-8.964,-1.88,0.));
#12147 = DIRECTION('',(-0.,0.,-1.));
#12148 = DIRECTION('',(-0.,-1.,0.));
#12149 = FACE_BOUND('',#12150,.F.);
#12150 = EDGE_LOOP('',(#12151));
#12151 = ORIENTED_EDGE('',*,*,#12152,.T.);
#12152 = EDGE_CURVE('',#12153,#12153,#12155,.T.);
#12153 = VERTEX_POINT('',#12154);
#12154 = CARTESIAN_POINT('',(-6.932,-2.325,0.));
#12155 = CIRCLE('',#12156,0.445);
#12156 = AXIS2_PLACEMENT_3D('',#12157,#12158,#12159);
#12157 = CARTESIAN_POINT('',(-6.932,-1.88,0.));
#12158 = DIRECTION('',(-0.,0.,-1.));
#12159 = DIRECTION('',(-0.,-1.,0.));
#12160 = FACE_BOUND('',#12161,.F.);
#12161 = EDGE_LOOP('',(#12162));
#12162 = ORIENTED_EDGE('',*,*,#12163,.T.);
#12163 = EDGE_CURVE('',#12164,#12164,#12166,.T.);
#12164 = VERTEX_POINT('',#12165);
#12165 = CARTESIAN_POINT('',(-9.98,-0.545,0.));
#12166 = CIRCLE('',#12167,0.445);
#12167 = AXIS2_PLACEMENT_3D('',#12168,#12169,#12170);
#12168 = CARTESIAN_POINT('',(-9.98,-1.E-01,0.));
#12169 = DIRECTION('',(-0.,0.,-1.));
#12170 = DIRECTION('',(-0.,-1.,0.));
#12171 = FACE_BOUND('',#12172,.F.);
#12172 = EDGE_LOOP('',(#12173));
#12173 = ORIENTED_EDGE('',*,*,#12174,.T.);
#12174 = EDGE_CURVE('',#12175,#12175,#12177,.T.);
#12175 = VERTEX_POINT('',#12176);
#12176 = CARTESIAN_POINT('',(-7.948,-0.545,0.));
#12177 = CIRCLE('',#12178,0.445);
#12178 = AXIS2_PLACEMENT_3D('',#12179,#12180,#12181);
#12179 = CARTESIAN_POINT('',(-7.948,-1.E-01,0.));
#12180 = DIRECTION('',(-0.,0.,-1.));
#12181 = DIRECTION('',(-0.,-1.,0.));
#12182 = FACE_BOUND('',#12183,.F.);
#12183 = EDGE_LOOP('',(#12184));
#12184 = ORIENTED_EDGE('',*,*,#12185,.T.);
#12185 = EDGE_CURVE('',#12186,#12186,#12188,.T.);
#12186 = VERTEX_POINT('',#12187);
#12187 = CARTESIAN_POINT('',(-5.916,-0.545,0.));
#12188 = CIRCLE('',#12189,0.445);
#12189 = AXIS2_PLACEMENT_3D('',#12190,#12191,#12192);
#12190 = CARTESIAN_POINT('',(-5.916,-1.E-01,0.));
#12191 = DIRECTION('',(-0.,0.,-1.));
#12192 = DIRECTION('',(-0.,-1.,0.));
#12193 = FACE_BOUND('',#12194,.F.);
#12194 = EDGE_LOOP('',(#12195));
#12195 = ORIENTED_EDGE('',*,*,#12196,.T.);
#12196 = EDGE_CURVE('',#12197,#12197,#12199,.T.);
#12197 = VERTEX_POINT('',#12198);
#12198 = CARTESIAN_POINT('',(-4.9,-2.325,0.));
#12199 = CIRCLE('',#12200,0.445);
#12200 = AXIS2_PLACEMENT_3D('',#12201,#12202,#12203);
#12201 = CARTESIAN_POINT('',(-4.9,-1.88,0.));
#12202 = DIRECTION('',(-0.,0.,-1.));
#12203 = DIRECTION('',(-0.,-1.,0.));
#12204 = FACE_BOUND('',#12205,.F.);
#12205 = EDGE_LOOP('',(#12206));
#12206 = ORIENTED_EDGE('',*,*,#12207,.T.);
#12207 = EDGE_CURVE('',#12208,#12208,#12210,.T.);
#12208 = VERTEX_POINT('',#12209);
#12209 = CARTESIAN_POINT('',(-0.322,-1.775,0.));
#12210 = CIRCLE('',#12211,0.785);
#12211 = AXIS2_PLACEMENT_3D('',#12212,#12213,#12214);
#12212 = CARTESIAN_POINT('',(-0.322,-0.99,0.));
#12213 = DIRECTION('',(-0.,0.,-1.));
#12214 = DIRECTION('',(-7.071484233281E-17,-1.,0.));
#12215 = FACE_BOUND('',#12216,.F.);
#12216 = EDGE_LOOP('',(#12217));
#12217 = ORIENTED_EDGE('',*,*,#12218,.F.);
#12218 = EDGE_CURVE('',#12219,#12219,#12221,.T.);
#12219 = VERTEX_POINT('',#12220);
#12220 = CARTESIAN_POINT('',(20.4,-7.,0.));
#12221 = CIRCLE('',#12222,1.1);
#12222 = AXIS2_PLACEMENT_3D('',#12223,#12224,#12225);
#12223 = CARTESIAN_POINT('',(19.3,-7.,0.));
#12224 = DIRECTION('',(0.,0.,1.));
#12225 = DIRECTION('',(1.,0.,-0.));
#12226 = FACE_BOUND('',#12227,.F.);
#12227 = EDGE_LOOP('',(#12228));
#12228 = ORIENTED_EDGE('',*,*,#12229,.T.);
#12229 = EDGE_CURVE('',#12230,#12230,#12232,.T.);
#12230 = VERTEX_POINT('',#12231);
#12231 = CARTESIAN_POINT('',(-14.802,0.815,0.));
#12232 = CIRCLE('',#12233,1.625);
#12233 = AXIS2_PLACEMENT_3D('',#12234,#12235,#12236);
#12234 = CARTESIAN_POINT('',(-14.802,2.44,0.));
#12235 = DIRECTION('',(-0.,0.,-1.));
#12236 = DIRECTION('',(-0.,-1.,0.));
#12237 = FACE_BOUND('',#12238,.F.);
#12238 = EDGE_LOOP('',(#12239));
#12239 = ORIENTED_EDGE('',*,*,#12240,.T.);
#12240 = EDGE_CURVE('',#12241,#12241,#12243,.T.);
#12241 = VERTEX_POINT('',#12242);
#12242 = CARTESIAN_POINT('',(-2.102,0.815,0.));
#12243 = CIRCLE('',#12244,1.625);
#12244 = AXIS2_PLACEMENT_3D('',#12245,#12246,#12247);
#12245 = CARTESIAN_POINT('',(-2.102,2.44,0.));
#12246 = DIRECTION('',(-0.,0.,-1.));
#12247 = DIRECTION('',(2.732856676E-16,-1.,-0.));
#12248 = FACE_BOUND('',#12249,.F.);
#12249 = EDGE_LOOP('',(#12250));
#12250 = ORIENTED_EDGE('',*,*,#12251,.F.);
#12251 = EDGE_CURVE('',#12252,#12252,#12254,.T.);
#12252 = VERTEX_POINT('',#12253);
#12253 = CARTESIAN_POINT('',(-18.4,7.,0.));
#12254 = CIRCLE('',#12255,1.1);
#12255 = AXIS2_PLACEMENT_3D('',#12256,#12257,#12258);
#12256 = CARTESIAN_POINT('',(-19.5,7.,0.));
#12257 = DIRECTION('',(0.,0.,1.));
#12258 = DIRECTION('',(1.,0.,-0.));
#12259 = FACE_BOUND('',#12260,.F.);
#12260 = EDGE_LOOP('',(#12261));
#12261 = ORIENTED_EDGE('',*,*,#12262,.F.);
#12262 = EDGE_CURVE('',#12263,#12263,#12265,.T.);
#12263 = VERTEX_POINT('',#12264);
#12264 = CARTESIAN_POINT('',(20.4,7.,0.));
#12265 = CIRCLE('',#12266,1.1);
#12266 = AXIS2_PLACEMENT_3D('',#12267,#12268,#12269);
#12267 = CARTESIAN_POINT('',(19.3,7.,0.));
#12268 = DIRECTION('',(0.,0.,1.));
#12269 = DIRECTION('',(1.,0.,-0.));
#12270 = PLANE('',#12271);
#12271 = AXIS2_PLACEMENT_3D('',#12272,#12273,#12274);
#12272 = CARTESIAN_POINT('',(0.,0.,0.));
#12273 = DIRECTION('',(0.,0.,1.));
#12274 = DIRECTION('',(1.,0.,-0.));
#12275 = ADVANCED_FACE('',(#12276,#12287,#12298,#12309,#12320,#12331,
    #12342,#12353,#12364,#12375,#12386,#12397,#12408,#12419,#12430,
    #12441,#12452),#12463,.T.);
#12276 = FACE_BOUND('',#12277,.T.);
#12277 = EDGE_LOOP('',(#12278,#12279,#12280,#12286));
#12278 = ORIENTED_EDGE('',*,*,#11994,.F.);
#12279 = ORIENTED_EDGE('',*,*,#12034,.F.);
#12280 = ORIENTED_EDGE('',*,*,#12281,.F.);
#12281 = EDGE_CURVE('',#12057,#12027,#12282,.T.);
#12282 = LINE('',#12283,#12284);
#12283 = CARTESIAN_POINT('',(-21.,8.5,1.51));
#12284 = VECTOR('',#12285,1.);
#12285 = DIRECTION('',(1.,0.,0.));
#12286 = ORIENTED_EDGE('',*,*,#12056,.F.);
#12287 = FACE_BOUND('',#12288,.T.);
#12288 = EDGE_LOOP('',(#12289));
#12289 = ORIENTED_EDGE('',*,*,#12290,.F.);
#12290 = EDGE_CURVE('',#12291,#12291,#12293,.T.);
#12291 = VERTEX_POINT('',#12292);
#12292 = CARTESIAN_POINT('',(-18.4,-7.,1.51));
#12293 = CIRCLE('',#12294,1.1);
#12294 = AXIS2_PLACEMENT_3D('',#12295,#12296,#12297);
#12295 = CARTESIAN_POINT('',(-19.5,-7.,1.51));
#12296 = DIRECTION('',(0.,0.,1.));
#12297 = DIRECTION('',(1.,0.,-0.));
#12298 = FACE_BOUND('',#12299,.T.);
#12299 = EDGE_LOOP('',(#12300));
#12300 = ORIENTED_EDGE('',*,*,#12301,.T.);
#12301 = EDGE_CURVE('',#12302,#12302,#12304,.T.);
#12302 = VERTEX_POINT('',#12303);
#12303 = CARTESIAN_POINT('',(-16.582,-1.775,1.51));
#12304 = CIRCLE('',#12305,0.785);
#12305 = AXIS2_PLACEMENT_3D('',#12306,#12307,#12308);
#12306 = CARTESIAN_POINT('',(-16.582,-0.99,1.51));
#12307 = DIRECTION('',(-0.,0.,-1.));
#12308 = DIRECTION('',(-0.,-1.,0.));
#12309 = FACE_BOUND('',#12310,.T.);
#12310 = EDGE_LOOP('',(#12311));
#12311 = ORIENTED_EDGE('',*,*,#12312,.T.);
#12312 = EDGE_CURVE('',#12313,#12313,#12315,.T.);
#12313 = VERTEX_POINT('',#12314);
#12314 = CARTESIAN_POINT('',(-10.996,-2.325,1.51));
#12315 = CIRCLE('',#12316,0.445);
#12316 = AXIS2_PLACEMENT_3D('',#12317,#12318,#12319);
#12317 = CARTESIAN_POINT('',(-10.996,-1.88,1.51));
#12318 = DIRECTION('',(-0.,0.,-1.));
#12319 = DIRECTION('',(-0.,-1.,0.));
#12320 = FACE_BOUND('',#12321,.T.);
#12321 = EDGE_LOOP('',(#12322));
#12322 = ORIENTED_EDGE('',*,*,#12323,.T.);
#12323 = EDGE_CURVE('',#12324,#12324,#12326,.T.);
#12324 = VERTEX_POINT('',#12325);
#12325 = CARTESIAN_POINT('',(-12.012,-0.545,1.51));
#12326 = CIRCLE('',#12327,0.445);
#12327 = AXIS2_PLACEMENT_3D('',#12328,#12329,#12330);
#12328 = CARTESIAN_POINT('',(-12.012,-1.E-01,1.51));
#12329 = DIRECTION('',(-0.,0.,-1.));
#12330 = DIRECTION('',(-0.,-1.,0.));
#12331 = FACE_BOUND('',#12332,.T.);
#12332 = EDGE_LOOP('',(#12333));
#12333 = ORIENTED_EDGE('',*,*,#12334,.T.);
#12334 = EDGE_CURVE('',#12335,#12335,#12337,.T.);
#12335 = VERTEX_POINT('',#12336);
#12336 = CARTESIAN_POINT('',(-8.964,-2.325,1.51));
#12337 = CIRCLE('',#12338,0.445);
#12338 = AXIS2_PLACEMENT_3D('',#12339,#12340,#12341);
#12339 = CARTESIAN_POINT('',(-8.964,-1.88,1.51));
#12340 = DIRECTION('',(-0.,0.,-1.));
#12341 = DIRECTION('',(-0.,-1.,0.));
#12342 = FACE_BOUND('',#12343,.T.);
#12343 = EDGE_LOOP('',(#12344));
#12344 = ORIENTED_EDGE('',*,*,#12345,.T.);
#12345 = EDGE_CURVE('',#12346,#12346,#12348,.T.);
#12346 = VERTEX_POINT('',#12347);
#12347 = CARTESIAN_POINT('',(-6.932,-2.325,1.51));
#12348 = CIRCLE('',#12349,0.445);
#12349 = AXIS2_PLACEMENT_3D('',#12350,#12351,#12352);
#12350 = CARTESIAN_POINT('',(-6.932,-1.88,1.51));
#12351 = DIRECTION('',(-0.,0.,-1.));
#12352 = DIRECTION('',(-0.,-1.,0.));
#12353 = FACE_BOUND('',#12354,.T.);
#12354 = EDGE_LOOP('',(#12355));
#12355 = ORIENTED_EDGE('',*,*,#12356,.T.);
#12356 = EDGE_CURVE('',#12357,#12357,#12359,.T.);
#12357 = VERTEX_POINT('',#12358);
#12358 = CARTESIAN_POINT('',(-9.98,-0.545,1.51));
#12359 = CIRCLE('',#12360,0.445);
#12360 = AXIS2_PLACEMENT_3D('',#12361,#12362,#12363);
#12361 = CARTESIAN_POINT('',(-9.98,-1.E-01,1.51));
#12362 = DIRECTION('',(-0.,0.,-1.));
#12363 = DIRECTION('',(-0.,-1.,0.));
#12364 = FACE_BOUND('',#12365,.T.);
#12365 = EDGE_LOOP('',(#12366));
#12366 = ORIENTED_EDGE('',*,*,#12367,.T.);
#12367 = EDGE_CURVE('',#12368,#12368,#12370,.T.);
#12368 = VERTEX_POINT('',#12369);
#12369 = CARTESIAN_POINT('',(-7.948,-0.545,1.51));
#12370 = CIRCLE('',#12371,0.445);
#12371 = AXIS2_PLACEMENT_3D('',#12372,#12373,#12374);
#12372 = CARTESIAN_POINT('',(-7.948,-1.E-01,1.51));
#12373 = DIRECTION('',(-0.,0.,-1.));
#12374 = DIRECTION('',(-0.,-1.,0.));
#12375 = FACE_BOUND('',#12376,.T.);
#12376 = EDGE_LOOP('',(#12377));
#12377 = ORIENTED_EDGE('',*,*,#12378,.T.);
#12378 = EDGE_CURVE('',#12379,#12379,#12381,.T.);
#12379 = VERTEX_POINT('',#12380);
#12380 = CARTESIAN_POINT('',(-5.916,-0.545,1.51));
#12381 = CIRCLE('',#12382,0.445);
#12382 = AXIS2_PLACEMENT_3D('',#12383,#12384,#12385);
#12383 = CARTESIAN_POINT('',(-5.916,-1.E-01,1.51));
#12384 = DIRECTION('',(-0.,0.,-1.));
#12385 = DIRECTION('',(-0.,-1.,0.));
#12386 = FACE_BOUND('',#12387,.T.);
#12387 = EDGE_LOOP('',(#12388));
#12388 = ORIENTED_EDGE('',*,*,#12389,.T.);
#12389 = EDGE_CURVE('',#12390,#12390,#12392,.T.);
#12390 = VERTEX_POINT('',#12391);
#12391 = CARTESIAN_POINT('',(-4.9,-2.325,1.51));
#12392 = CIRCLE('',#12393,0.445);
#12393 = AXIS2_PLACEMENT_3D('',#12394,#12395,#12396);
#12394 = CARTESIAN_POINT('',(-4.9,-1.88,1.51));
#12395 = DIRECTION('',(-0.,0.,-1.));
#12396 = DIRECTION('',(-0.,-1.,0.));
#12397 = FACE_BOUND('',#12398,.T.);
#12398 = EDGE_LOOP('',(#12399));
#12399 = ORIENTED_EDGE('',*,*,#12400,.T.);
#12400 = EDGE_CURVE('',#12401,#12401,#12403,.T.);
#12401 = VERTEX_POINT('',#12402);
#12402 = CARTESIAN_POINT('',(-0.322,-1.775,1.51));
#12403 = CIRCLE('',#12404,0.785);
#12404 = AXIS2_PLACEMENT_3D('',#12405,#12406,#12407);
#12405 = CARTESIAN_POINT('',(-0.322,-0.99,1.51));
#12406 = DIRECTION('',(-0.,0.,-1.));
#12407 = DIRECTION('',(-7.071484233281E-17,-1.,0.));
#12408 = FACE_BOUND('',#12409,.T.);
#12409 = EDGE_LOOP('',(#12410));
#12410 = ORIENTED_EDGE('',*,*,#12411,.F.);
#12411 = EDGE_CURVE('',#12412,#12412,#12414,.T.);
#12412 = VERTEX_POINT('',#12413);
#12413 = CARTESIAN_POINT('',(20.4,-7.,1.51));
#12414 = CIRCLE('',#12415,1.1);
#12415 = AXIS2_PLACEMENT_3D('',#12416,#12417,#12418);
#12416 = CARTESIAN_POINT('',(19.3,-7.,1.51));
#12417 = DIRECTION('',(0.,0.,1.));
#12418 = DIRECTION('',(1.,0.,-0.));
#12419 = FACE_BOUND('',#12420,.T.);
#12420 = EDGE_LOOP('',(#12421));
#12421 = ORIENTED_EDGE('',*,*,#12422,.T.);
#12422 = EDGE_CURVE('',#12423,#12423,#12425,.T.);
#12423 = VERTEX_POINT('',#12424);
#12424 = CARTESIAN_POINT('',(-14.802,0.815,1.51));
#12425 = CIRCLE('',#12426,1.625);
#12426 = AXIS2_PLACEMENT_3D('',#12427,#12428,#12429);
#12427 = CARTESIAN_POINT('',(-14.802,2.44,1.51));
#12428 = DIRECTION('',(-0.,0.,-1.));
#12429 = DIRECTION('',(-0.,-1.,0.));
#12430 = FACE_BOUND('',#12431,.T.);
#12431 = EDGE_LOOP('',(#12432));
#12432 = ORIENTED_EDGE('',*,*,#12433,.T.);
#12433 = EDGE_CURVE('',#12434,#12434,#12436,.T.);
#12434 = VERTEX_POINT('',#12435);
#12435 = CARTESIAN_POINT('',(-2.102,0.815,1.51));
#12436 = CIRCLE('',#12437,1.625);
#12437 = AXIS2_PLACEMENT_3D('',#12438,#12439,#12440);
#12438 = CARTESIAN_POINT('',(-2.102,2.44,1.51));
#12439 = DIRECTION('',(-0.,0.,-1.));
#12440 = DIRECTION('',(2.732856676E-16,-1.,-0.));
#12441 = FACE_BOUND('',#12442,.T.);
#12442 = EDGE_LOOP('',(#12443));
#12443 = ORIENTED_EDGE('',*,*,#12444,.F.);
#12444 = EDGE_CURVE('',#12445,#12445,#12447,.T.);
#12445 = VERTEX_POINT('',#12446);
#12446 = CARTESIAN_POINT('',(-18.4,7.,1.51));
#12447 = CIRCLE('',#12448,1.1);
#12448 = AXIS2_PLACEMENT_3D('',#12449,#12450,#12451);
#12449 = CARTESIAN_POINT('',(-19.5,7.,1.51));
#12450 = DIRECTION('',(0.,0.,1.));
#12451 = DIRECTION('',(1.,0.,-0.));
#12452 = FACE_BOUND('',#12453,.T.);
#12453 = EDGE_LOOP('',(#12454));
#12454 = ORIENTED_EDGE('',*,*,#12455,.F.);
#12455 = EDGE_CURVE('',#12456,#12456,#12458,.T.);
#12456 = VERTEX_POINT('',#12457);
#12457 = CARTESIAN_POINT('',(20.4,7.,1.51));
#12458 = CIRCLE('',#12459,1.1);
#12459 = AXIS2_PLACEMENT_3D('',#12460,#12461,#12462);
#12460 = CARTESIAN_POINT('',(19.3,7.,1.51));
#12461 = DIRECTION('',(0.,0.,1.));
#12462 = DIRECTION('',(1.,0.,-0.));
#12463 = PLANE('',#12464);
#12464 = AXIS2_PLACEMENT_3D('',#12465,#12466,#12467);
#12465 = CARTESIAN_POINT('',(0.,0.,1.51));
#12466 = DIRECTION('',(0.,0.,1.));
#12467 = DIRECTION('',(1.,0.,-0.));
#12468 = ADVANCED_FACE('',(#12469),#12475,.T.);
#12469 = FACE_BOUND('',#12470,.T.);
#12470 = EDGE_LOOP('',(#12471,#12472,#12473,#12474));
#12471 = ORIENTED_EDGE('',*,*,#12064,.T.);
#12472 = ORIENTED_EDGE('',*,*,#12281,.T.);
#12473 = ORIENTED_EDGE('',*,*,#12024,.F.);
#12474 = ORIENTED_EDGE('',*,*,#12088,.F.);
#12475 = PLANE('',#12476);
#12476 = AXIS2_PLACEMENT_3D('',#12477,#12478,#12479);
#12477 = CARTESIAN_POINT('',(-21.,8.5,0.));
#12478 = DIRECTION('',(0.,1.,0.));
#12479 = DIRECTION('',(1.,0.,0.));
#12480 = ADVANCED_FACE('',(#12481),#12492,.F.);
#12481 = FACE_BOUND('',#12482,.T.);
#12482 = EDGE_LOOP('',(#12483,#12489,#12490,#12491));
#12483 = ORIENTED_EDGE('',*,*,#12484,.T.);
#12484 = EDGE_CURVE('',#12098,#12291,#12485,.T.);
#12485 = LINE('',#12486,#12487);
#12486 = CARTESIAN_POINT('',(-18.4,-7.,0.));
#12487 = VECTOR('',#12488,1.);
#12488 = DIRECTION('',(0.,0.,1.));
#12489 = ORIENTED_EDGE('',*,*,#12290,.T.);
#12490 = ORIENTED_EDGE('',*,*,#12484,.F.);
#12491 = ORIENTED_EDGE('',*,*,#12097,.F.);
#12492 = CYLINDRICAL_SURFACE('',#12493,1.1);
#12493 = AXIS2_PLACEMENT_3D('',#12494,#12495,#12496);
#12494 = CARTESIAN_POINT('',(-19.5,-7.,0.));
#12495 = DIRECTION('',(-0.,-0.,-1.));
#12496 = DIRECTION('',(1.,0.,-0.));
#12497 = ADVANCED_FACE('',(#12498),#12509,.F.);
#12498 = FACE_BOUND('',#12499,.T.);
#12499 = EDGE_LOOP('',(#12500,#12501,#12507,#12508));
#12500 = ORIENTED_EDGE('',*,*,#12108,.T.);
#12501 = ORIENTED_EDGE('',*,*,#12502,.T.);
#12502 = EDGE_CURVE('',#12109,#12302,#12503,.T.);
#12503 = LINE('',#12504,#12505);
#12504 = CARTESIAN_POINT('',(-16.582,-1.775,-4.6E-02));
#12505 = VECTOR('',#12506,1.);
#12506 = DIRECTION('',(0.,0.,1.));
#12507 = ORIENTED_EDGE('',*,*,#12301,.F.);
#12508 = ORIENTED_EDGE('',*,*,#12502,.F.);
#12509 = CYLINDRICAL_SURFACE('',#12510,0.785);
#12510 = AXIS2_PLACEMENT_3D('',#12511,#12512,#12513);
#12511 = CARTESIAN_POINT('',(-16.582,-0.99,-4.6E-02));
#12512 = DIRECTION('',(-0.,-0.,-1.));
#12513 = DIRECTION('',(-0.,-1.,0.));
#12514 = ADVANCED_FACE('',(#12515),#12526,.F.);
#12515 = FACE_BOUND('',#12516,.T.);
#12516 = EDGE_LOOP('',(#12517,#12518,#12524,#12525));
#12517 = ORIENTED_EDGE('',*,*,#12119,.T.);
#12518 = ORIENTED_EDGE('',*,*,#12519,.T.);
#12519 = EDGE_CURVE('',#12120,#12313,#12520,.T.);
#12520 = LINE('',#12521,#12522);
#12521 = CARTESIAN_POINT('',(-10.996,-2.325,-4.6E-02));
#12522 = VECTOR('',#12523,1.);
#12523 = DIRECTION('',(0.,0.,1.));
#12524 = ORIENTED_EDGE('',*,*,#12312,.F.);
#12525 = ORIENTED_EDGE('',*,*,#12519,.F.);
#12526 = CYLINDRICAL_SURFACE('',#12527,0.445);
#12527 = AXIS2_PLACEMENT_3D('',#12528,#12529,#12530);
#12528 = CARTESIAN_POINT('',(-10.996,-1.88,-4.6E-02));
#12529 = DIRECTION('',(-0.,-0.,-1.));
#12530 = DIRECTION('',(-0.,-1.,0.));
#12531 = ADVANCED_FACE('',(#12532),#12543,.F.);
#12532 = FACE_BOUND('',#12533,.T.);
#12533 = EDGE_LOOP('',(#12534,#12535,#12541,#12542));
#12534 = ORIENTED_EDGE('',*,*,#12130,.T.);
#12535 = ORIENTED_EDGE('',*,*,#12536,.T.);
#12536 = EDGE_CURVE('',#12131,#12324,#12537,.T.);
#12537 = LINE('',#12538,#12539);
#12538 = CARTESIAN_POINT('',(-12.012,-0.545,-4.6E-02));
#12539 = VECTOR('',#12540,1.);
#12540 = DIRECTION('',(0.,0.,1.));
#12541 = ORIENTED_EDGE('',*,*,#12323,.F.);
#12542 = ORIENTED_EDGE('',*,*,#12536,.F.);
#12543 = CYLINDRICAL_SURFACE('',#12544,0.445);
#12544 = AXIS2_PLACEMENT_3D('',#12545,#12546,#12547);
#12545 = CARTESIAN_POINT('',(-12.012,-1.E-01,-4.6E-02));
#12546 = DIRECTION('',(-0.,-0.,-1.));
#12547 = DIRECTION('',(-0.,-1.,0.));
#12548 = ADVANCED_FACE('',(#12549),#12560,.F.);
#12549 = FACE_BOUND('',#12550,.T.);
#12550 = EDGE_LOOP('',(#12551,#12552,#12558,#12559));
#12551 = ORIENTED_EDGE('',*,*,#12141,.T.);
#12552 = ORIENTED_EDGE('',*,*,#12553,.T.);
#12553 = EDGE_CURVE('',#12142,#12335,#12554,.T.);
#12554 = LINE('',#12555,#12556);
#12555 = CARTESIAN_POINT('',(-8.964,-2.325,-4.6E-02));
#12556 = VECTOR('',#12557,1.);
#12557 = DIRECTION('',(0.,0.,1.));
#12558 = ORIENTED_EDGE('',*,*,#12334,.F.);
#12559 = ORIENTED_EDGE('',*,*,#12553,.F.);
#12560 = CYLINDRICAL_SURFACE('',#12561,0.445);
#12561 = AXIS2_PLACEMENT_3D('',#12562,#12563,#12564);
#12562 = CARTESIAN_POINT('',(-8.964,-1.88,-4.6E-02));
#12563 = DIRECTION('',(-0.,-0.,-1.));
#12564 = DIRECTION('',(-0.,-1.,0.));
#12565 = ADVANCED_FACE('',(#12566),#12577,.F.);
#12566 = FACE_BOUND('',#12567,.T.);
#12567 = EDGE_LOOP('',(#12568,#12569,#12575,#12576));
#12568 = ORIENTED_EDGE('',*,*,#12152,.T.);
#12569 = ORIENTED_EDGE('',*,*,#12570,.T.);
#12570 = EDGE_CURVE('',#12153,#12346,#12571,.T.);
#12571 = LINE('',#12572,#12573);
#12572 = CARTESIAN_POINT('',(-6.932,-2.325,-4.6E-02));
#12573 = VECTOR('',#12574,1.);
#12574 = DIRECTION('',(0.,0.,1.));
#12575 = ORIENTED_EDGE('',*,*,#12345,.F.);
#12576 = ORIENTED_EDGE('',*,*,#12570,.F.);
#12577 = CYLINDRICAL_SURFACE('',#12578,0.445);
#12578 = AXIS2_PLACEMENT_3D('',#12579,#12580,#12581);
#12579 = CARTESIAN_POINT('',(-6.932,-1.88,-4.6E-02));
#12580 = DIRECTION('',(-0.,-0.,-1.));
#12581 = DIRECTION('',(-0.,-1.,0.));
#12582 = ADVANCED_FACE('',(#12583),#12594,.F.);
#12583 = FACE_BOUND('',#12584,.T.);
#12584 = EDGE_LOOP('',(#12585,#12586,#12592,#12593));
#12585 = ORIENTED_EDGE('',*,*,#12163,.T.);
#12586 = ORIENTED_EDGE('',*,*,#12587,.T.);
#12587 = EDGE_CURVE('',#12164,#12357,#12588,.T.);
#12588 = LINE('',#12589,#12590);
#12589 = CARTESIAN_POINT('',(-9.98,-0.545,-4.6E-02));
#12590 = VECTOR('',#12591,1.);
#12591 = DIRECTION('',(0.,0.,1.));
#12592 = ORIENTED_EDGE('',*,*,#12356,.F.);
#12593 = ORIENTED_EDGE('',*,*,#12587,.F.);
#12594 = CYLINDRICAL_SURFACE('',#12595,0.445);
#12595 = AXIS2_PLACEMENT_3D('',#12596,#12597,#12598);
#12596 = CARTESIAN_POINT('',(-9.98,-1.E-01,-4.6E-02));
#12597 = DIRECTION('',(-0.,-0.,-1.));
#12598 = DIRECTION('',(-0.,-1.,0.));
#12599 = ADVANCED_FACE('',(#12600),#12611,.F.);
#12600 = FACE_BOUND('',#12601,.T.);
#12601 = EDGE_LOOP('',(#12602,#12603,#12609,#12610));
#12602 = ORIENTED_EDGE('',*,*,#12174,.T.);
#12603 = ORIENTED_EDGE('',*,*,#12604,.T.);
#12604 = EDGE_CURVE('',#12175,#12368,#12605,.T.);
#12605 = LINE('',#12606,#12607);
#12606 = CARTESIAN_POINT('',(-7.948,-0.545,-4.6E-02));
#12607 = VECTOR('',#12608,1.);
#12608 = DIRECTION('',(0.,0.,1.));
#12609 = ORIENTED_EDGE('',*,*,#12367,.F.);
#12610 = ORIENTED_EDGE('',*,*,#12604,.F.);
#12611 = CYLINDRICAL_SURFACE('',#12612,0.445);
#12612 = AXIS2_PLACEMENT_3D('',#12613,#12614,#12615);
#12613 = CARTESIAN_POINT('',(-7.948,-1.E-01,-4.6E-02));
#12614 = DIRECTION('',(-0.,-0.,-1.));
#12615 = DIRECTION('',(-0.,-1.,0.));
#12616 = ADVANCED_FACE('',(#12617),#12628,.F.);
#12617 = FACE_BOUND('',#12618,.T.);
#12618 = EDGE_LOOP('',(#12619,#12620,#12626,#12627));
#12619 = ORIENTED_EDGE('',*,*,#12185,.T.);
#12620 = ORIENTED_EDGE('',*,*,#12621,.T.);
#12621 = EDGE_CURVE('',#12186,#12379,#12622,.T.);
#12622 = LINE('',#12623,#12624);
#12623 = CARTESIAN_POINT('',(-5.916,-0.545,-4.6E-02));
#12624 = VECTOR('',#12625,1.);
#12625 = DIRECTION('',(0.,0.,1.));
#12626 = ORIENTED_EDGE('',*,*,#12378,.F.);
#12627 = ORIENTED_EDGE('',*,*,#12621,.F.);
#12628 = CYLINDRICAL_SURFACE('',#12629,0.445);
#12629 = AXIS2_PLACEMENT_3D('',#12630,#12631,#12632);
#12630 = CARTESIAN_POINT('',(-5.916,-1.E-01,-4.6E-02));
#12631 = DIRECTION('',(-0.,-0.,-1.));
#12632 = DIRECTION('',(-0.,-1.,0.));
#12633 = ADVANCED_FACE('',(#12634),#12645,.F.);
#12634 = FACE_BOUND('',#12635,.T.);
#12635 = EDGE_LOOP('',(#12636,#12637,#12643,#12644));
#12636 = ORIENTED_EDGE('',*,*,#12196,.T.);
#12637 = ORIENTED_EDGE('',*,*,#12638,.T.);
#12638 = EDGE_CURVE('',#12197,#12390,#12639,.T.);
#12639 = LINE('',#12640,#12641);
#12640 = CARTESIAN_POINT('',(-4.9,-2.325,-4.6E-02));
#12641 = VECTOR('',#12642,1.);
#12642 = DIRECTION('',(0.,0.,1.));
#12643 = ORIENTED_EDGE('',*,*,#12389,.F.);
#12644 = ORIENTED_EDGE('',*,*,#12638,.F.);
#12645 = CYLINDRICAL_SURFACE('',#12646,0.445);
#12646 = AXIS2_PLACEMENT_3D('',#12647,#12648,#12649);
#12647 = CARTESIAN_POINT('',(-4.9,-1.88,-4.6E-02));
#12648 = DIRECTION('',(-0.,-0.,-1.));
#12649 = DIRECTION('',(-0.,-1.,0.));
#12650 = ADVANCED_FACE('',(#12651),#12662,.F.);
#12651 = FACE_BOUND('',#12652,.T.);
#12652 = EDGE_LOOP('',(#12653,#12654,#12660,#12661));
#12653 = ORIENTED_EDGE('',*,*,#12207,.T.);
#12654 = ORIENTED_EDGE('',*,*,#12655,.T.);
#12655 = EDGE_CURVE('',#12208,#12401,#12656,.T.);
#12656 = LINE('',#12657,#12658);
#12657 = CARTESIAN_POINT('',(-0.322,-1.775,-4.6E-02));
#12658 = VECTOR('',#12659,1.);
#12659 = DIRECTION('',(0.,0.,1.));
#12660 = ORIENTED_EDGE('',*,*,#12400,.F.);
#12661 = ORIENTED_EDGE('',*,*,#12655,.F.);
#12662 = CYLINDRICAL_SURFACE('',#12663,0.785);
#12663 = AXIS2_PLACEMENT_3D('',#12664,#12665,#12666);
#12664 = CARTESIAN_POINT('',(-0.322,-0.99,-4.6E-02));
#12665 = DIRECTION('',(-0.,-0.,-1.));
#12666 = DIRECTION('',(-7.071484233281E-17,-1.,0.));
#12667 = ADVANCED_FACE('',(#12668),#12679,.F.);
#12668 = FACE_BOUND('',#12669,.T.);
#12669 = EDGE_LOOP('',(#12670,#12676,#12677,#12678));
#12670 = ORIENTED_EDGE('',*,*,#12671,.T.);
#12671 = EDGE_CURVE('',#12219,#12412,#12672,.T.);
#12672 = LINE('',#12673,#12674);
#12673 = CARTESIAN_POINT('',(20.4,-7.,0.));
#12674 = VECTOR('',#12675,1.);
#12675 = DIRECTION('',(0.,0.,1.));
#12676 = ORIENTED_EDGE('',*,*,#12411,.T.);
#12677 = ORIENTED_EDGE('',*,*,#12671,.F.);
#12678 = ORIENTED_EDGE('',*,*,#12218,.F.);
#12679 = CYLINDRICAL_SURFACE('',#12680,1.1);
#12680 = AXIS2_PLACEMENT_3D('',#12681,#12682,#12683);
#12681 = CARTESIAN_POINT('',(19.3,-7.,0.));
#12682 = DIRECTION('',(-0.,-0.,-1.));
#12683 = DIRECTION('',(1.,0.,-0.));
#12684 = ADVANCED_FACE('',(#12685),#12696,.F.);
#12685 = FACE_BOUND('',#12686,.T.);
#12686 = EDGE_LOOP('',(#12687,#12688,#12694,#12695));
#12687 = ORIENTED_EDGE('',*,*,#12229,.T.);
#12688 = ORIENTED_EDGE('',*,*,#12689,.T.);
#12689 = EDGE_CURVE('',#12230,#12423,#12690,.T.);
#12690 = LINE('',#12691,#12692);
#12691 = CARTESIAN_POINT('',(-14.802,0.815,-4.6E-02));
#12692 = VECTOR('',#12693,1.);
#12693 = DIRECTION('',(0.,0.,1.));
#12694 = ORIENTED_EDGE('',*,*,#12422,.F.);
#12695 = ORIENTED_EDGE('',*,*,#12689,.F.);
#12696 = CYLINDRICAL_SURFACE('',#12697,1.625);
#12697 = AXIS2_PLACEMENT_3D('',#12698,#12699,#12700);
#12698 = CARTESIAN_POINT('',(-14.802,2.44,-4.6E-02));
#12699 = DIRECTION('',(-0.,-0.,-1.));
#12700 = DIRECTION('',(-0.,-1.,0.));
#12701 = ADVANCED_FACE('',(#12702),#12713,.F.);
#12702 = FACE_BOUND('',#12703,.T.);
#12703 = EDGE_LOOP('',(#12704,#12705,#12711,#12712));
#12704 = ORIENTED_EDGE('',*,*,#12240,.T.);
#12705 = ORIENTED_EDGE('',*,*,#12706,.T.);
#12706 = EDGE_CURVE('',#12241,#12434,#12707,.T.);
#12707 = LINE('',#12708,#12709);
#12708 = CARTESIAN_POINT('',(-2.102,0.815,-4.6E-02));
#12709 = VECTOR('',#12710,1.);
#12710 = DIRECTION('',(0.,0.,1.));
#12711 = ORIENTED_EDGE('',*,*,#12433,.F.);
#12712 = ORIENTED_EDGE('',*,*,#12706,.F.);
#12713 = CYLINDRICAL_SURFACE('',#12714,1.625);
#12714 = AXIS2_PLACEMENT_3D('',#12715,#12716,#12717);
#12715 = CARTESIAN_POINT('',(-2.102,2.44,-4.6E-02));
#12716 = DIRECTION('',(-0.,0.,-1.));
#12717 = DIRECTION('',(2.732856676E-16,-1.,-0.));
#12718 = ADVANCED_FACE('',(#12719),#12730,.F.);
#12719 = FACE_BOUND('',#12720,.T.);
#12720 = EDGE_LOOP('',(#12721,#12727,#12728,#12729));
#12721 = ORIENTED_EDGE('',*,*,#12722,.T.);
#12722 = EDGE_CURVE('',#12252,#12445,#12723,.T.);
#12723 = LINE('',#12724,#12725);
#12724 = CARTESIAN_POINT('',(-18.4,7.,0.));
#12725 = VECTOR('',#12726,1.);
#12726 = DIRECTION('',(0.,0.,1.));
#12727 = ORIENTED_EDGE('',*,*,#12444,.T.);
#12728 = ORIENTED_EDGE('',*,*,#12722,.F.);
#12729 = ORIENTED_EDGE('',*,*,#12251,.F.);
#12730 = CYLINDRICAL_SURFACE('',#12731,1.1);
#12731 = AXIS2_PLACEMENT_3D('',#12732,#12733,#12734);
#12732 = CARTESIAN_POINT('',(-19.5,7.,0.));
#12733 = DIRECTION('',(-0.,-0.,-1.));
#12734 = DIRECTION('',(1.,0.,-0.));
#12735 = ADVANCED_FACE('',(#12736),#12747,.F.);
#12736 = FACE_BOUND('',#12737,.T.);
#12737 = EDGE_LOOP('',(#12738,#12744,#12745,#12746));
#12738 = ORIENTED_EDGE('',*,*,#12739,.T.);
#12739 = EDGE_CURVE('',#12263,#12456,#12740,.T.);
#12740 = LINE('',#12741,#12742);
#12741 = CARTESIAN_POINT('',(20.4,7.,0.));
#12742 = VECTOR('',#12743,1.);
#12743 = DIRECTION('',(0.,0.,1.));
#12744 = ORIENTED_EDGE('',*,*,#12455,.T.);
#12745 = ORIENTED_EDGE('',*,*,#12739,.F.);
#12746 = ORIENTED_EDGE('',*,*,#12262,.F.);
#12747 = CYLINDRICAL_SURFACE('',#12748,1.1);
#12748 = AXIS2_PLACEMENT_3D('',#12749,#12750,#12751);
#12749 = CARTESIAN_POINT('',(19.3,7.,0.));
#12750 = DIRECTION('',(-0.,-0.,-1.));
#12751 = DIRECTION('',(1.,0.,-0.));
#12752 = ( GEOMETRIC_REPRESENTATION_CONTEXT(3) 
GLOBAL_UNCERTAINTY_ASSIGNED_CONTEXT((#12756)) 
GLOBAL_UNIT_ASSIGNED_CONTEXT((#12753,#12754,#12755)) 
REPRESENTATION_CONTEXT('Context #1',
  '3D Context with UNIT and UNCERTAINTY') );
#12753 = ( LENGTH_UNIT() NAMED_UNIT(*) SI_UNIT(.MILLI.,.METRE.) );
#12754 = ( NAMED_UNIT(*) PLANE_ANGLE_UNIT() SI_UNIT($,.RADIAN.) );
#12755 = ( NAMED_UNIT(*) SI_UNIT($,.STERADIAN.) SOLID_ANGLE_UNIT() );
#12756 = UNCERTAINTY_MEASURE_WITH_UNIT(LENGTH_MEASURE(1.E-07),#12753,
  'distance_accuracy_value','confusion accuracy');
#12757 = CONTEXT_DEPENDENT_SHAPE_REPRESENTATION(#12758,#12760);
#12758 = ( REPRESENTATION_RELATIONSHIP('','',#11977,#10) 
REPRESENTATION_RELATIONSHIP_WITH_TRANSFORMATION(#12759) 
SHAPE_REPRESENTATION_RELATIONSHIP() );
#12759 = ITEM_DEFINED_TRANSFORMATION('','',#11,#31);
#12760 = PRODUCT_DEFINITION_SHAPE('Placement','Placement of an item',
  #12761);
#12761 = NEXT_ASSEMBLY_USAGE_OCCURRENCE('5','=>[0:1:1:4]','',#5,#11972,$
  );
#12762 = PRODUCT_RELATED_PRODUCT_CATEGORY('part',$,(#11974));
#12763 = MECHANICAL_DESIGN_GEOMETRIC_PRESENTATION_REPRESENTATION('',(
    #12764,#12772,#12779,#12786,#12793,#12800,#12807,#12814,#12821,
    #12828,#12835,#12842,#12850,#12857,#12864,#12871,#12878,#12885,
    #12892,#12899,#12906,#12913,#12920,#12927,#12934,#12941,#12948,
    #12955,#12962,#12969,#12976,#12983,#12990,#12997,#13004,#13011,
    #13018,#13025,#13032,#13039,#13046,#13053,#13060,#13067,#13074,
    #13081,#13088,#13095,#13102,#13109,#13116,#13123,#13130,#13137,
    #13144,#13151,#13158,#13165,#13172,#13179,#13186,#13193,#13200,
    #13207,#13214,#13221,#13228,#13235,#13242,#13249,#13256,#13263,
    #13270,#13277,#13284,#13291,#13298,#13305,#13312,#13319,#13326,
    #13333,#13340,#13347,#13354,#13361,#13368,#13375,#13382,#13389,
    #13396,#13403,#13410,#13417,#13424,#13431,#13438,#13445,#13452,
    #13459,#13466,#13473,#13480,#13487,#13494,#13501,#13508,#13515,
    #13522,#13529,#13536,#13543,#13550,#13557,#13564,#13571,#13578,
    #13585,#13592,#13599,#13606,#13613,#13620,#13627,#13634,#13641,
    #13648,#13655,#13662,#13669,#13676,#13683,#13690,#13697,#13704,
    #13711,#13718,#13725,#13732,#13739,#13746,#13753,#13760,#13767,
    #13774,#13781,#13788,#13795,#13802,#13809,#13816,#13823,#13830,
    #13837,#13844,#13851,#13858,#13865,#13872,#13879,#13886,#13893,
    #13900,#13907,#13914,#13921,#13928,#13935,#13942,#13949,#13956,
    #13963,#13970,#13977,#13984,#13991,#13998,#14005,#14012,#14019,
    #14026,#14033,#14040,#14047,#14054,#14061,#14068,#14075,#14082,
    #14089,#14096,#14103,#14110,#14117,#14124,#14131,#14138,#14145,
    #14152,#14159,#14166,#14173,#14180,#14187,#14194,#14201,#14208,
    #14215,#14222,#14229,#14236,#14243,#14250,#14257,#14264,#14271,
    #14278,#14285,#14292,#14299,#14306,#14313,#14320),#6996);
#12764 = STYLED_ITEM('color',(#12765),#51);
#12765 = PRESENTATION_STYLE_ASSIGNMENT((#12766));
#12766 = SURFACE_STYLE_USAGE(.BOTH.,#12767);
#12767 = SURFACE_SIDE_STYLE('',(#12768));
#12768 = SURFACE_STYLE_FILL_AREA(#12769);
#12769 = FILL_AREA_STYLE('',(#12770));
#12770 = FILL_AREA_STYLE_COLOUR('',#12771);
#12771 = COLOUR_RGB('',0.894117649055,0.890196087049,0.811764731185);
#12772 = STYLED_ITEM('color',(#12773),#107);
#12773 = PRESENTATION_STYLE_ASSIGNMENT((#12774));
#12774 = SURFACE_STYLE_USAGE(.BOTH.,#12775);
#12775 = SURFACE_SIDE_STYLE('',(#12776));
#12776 = SURFACE_STYLE_FILL_AREA(#12777);
#12777 = FILL_AREA_STYLE('',(#12778));
#12778 = FILL_AREA_STYLE_COLOUR('',#12771);
#12779 = STYLED_ITEM('color',(#12780),#138);
#12780 = PRESENTATION_STYLE_ASSIGNMENT((#12781));
#12781 = SURFACE_STYLE_USAGE(.BOTH.,#12782);
#12782 = SURFACE_SIDE_STYLE('',(#12783));
#12783 = SURFACE_STYLE_FILL_AREA(#12784);
#12784 = FILL_AREA_STYLE('',(#12785));
#12785 = FILL_AREA_STYLE_COLOUR('',#12771);
#12786 = STYLED_ITEM('color',(#12787),#162);
#12787 = PRESENTATION_STYLE_ASSIGNMENT((#12788));
#12788 = SURFACE_STYLE_USAGE(.BOTH.,#12789);
#12789 = SURFACE_SIDE_STYLE('',(#12790));
#12790 = SURFACE_STYLE_FILL_AREA(#12791);
#12791 = FILL_AREA_STYLE('',(#12792));
#12792 = FILL_AREA_STYLE_COLOUR('',#12771);
#12793 = STYLED_ITEM('color',(#12794),#194);
#12794 = PRESENTATION_STYLE_ASSIGNMENT((#12795));
#12795 = SURFACE_STYLE_USAGE(.BOTH.,#12796);
#12796 = SURFACE_SIDE_STYLE('',(#12797));
#12797 = SURFACE_STYLE_FILL_AREA(#12798);
#12798 = FILL_AREA_STYLE('',(#12799));
#12799 = FILL_AREA_STYLE_COLOUR('',#12771);
#12800 = STYLED_ITEM('color',(#12801),#796);
#12801 = PRESENTATION_STYLE_ASSIGNMENT((#12802));
#12802 = SURFACE_STYLE_USAGE(.BOTH.,#12803);
#12803 = SURFACE_SIDE_STYLE('',(#12804));
#12804 = SURFACE_STYLE_FILL_AREA(#12805);
#12805 = FILL_AREA_STYLE('',(#12806));
#12806 = FILL_AREA_STYLE_COLOUR('',#12771);
#12807 = STYLED_ITEM('color',(#12808),#891);
#12808 = PRESENTATION_STYLE_ASSIGNMENT((#12809));
#12809 = SURFACE_STYLE_USAGE(.BOTH.,#12810);
#12810 = SURFACE_SIDE_STYLE('',(#12811));
#12811 = SURFACE_STYLE_FILL_AREA(#12812);
#12812 = FILL_AREA_STYLE('',(#12813));
#12813 = FILL_AREA_STYLE_COLOUR('',#12771);
#12814 = STYLED_ITEM('color',(#12815),#916);
#12815 = PRESENTATION_STYLE_ASSIGNMENT((#12816));
#12816 = SURFACE_STYLE_USAGE(.BOTH.,#12817);
#12817 = SURFACE_SIDE_STYLE('',(#12818));
#12818 = SURFACE_STYLE_FILL_AREA(#12819);
#12819 = FILL_AREA_STYLE('',(#12820));
#12820 = FILL_AREA_STYLE_COLOUR('',#12771);
#12821 = STYLED_ITEM('color',(#12822),#948);
#12822 = PRESENTATION_STYLE_ASSIGNMENT((#12823));
#12823 = SURFACE_STYLE_USAGE(.BOTH.,#12824);
#12824 = SURFACE_SIDE_STYLE('',(#12825));
#12825 = SURFACE_STYLE_FILL_AREA(#12826);
#12826 = FILL_AREA_STYLE('',(#12827));
#12827 = FILL_AREA_STYLE_COLOUR('',#12771);
#12828 = STYLED_ITEM('color',(#12829),#1093);
#12829 = PRESENTATION_STYLE_ASSIGNMENT((#12830));
#12830 = SURFACE_STYLE_USAGE(.BOTH.,#12831);
#12831 = SURFACE_SIDE_STYLE('',(#12832));
#12832 = SURFACE_STYLE_FILL_AREA(#12833);
#12833 = FILL_AREA_STYLE('',(#12834));
#12834 = FILL_AREA_STYLE_COLOUR('',#12771);
#12835 = STYLED_ITEM('color',(#12836),#1110);
#12836 = PRESENTATION_STYLE_ASSIGNMENT((#12837));
#12837 = SURFACE_STYLE_USAGE(.BOTH.,#12838);
#12838 = SURFACE_SIDE_STYLE('',(#12839));
#12839 = SURFACE_STYLE_FILL_AREA(#12840);
#12840 = FILL_AREA_STYLE('',(#12841));
#12841 = FILL_AREA_STYLE_COLOUR('',#12771);
#12842 = STYLED_ITEM('color',(#12843),#1141);
#12843 = PRESENTATION_STYLE_ASSIGNMENT((#12844));
#12844 = SURFACE_STYLE_USAGE(.BOTH.,#12845);
#12845 = SURFACE_SIDE_STYLE('',(#12846));
#12846 = SURFACE_STYLE_FILL_AREA(#12847);
#12847 = FILL_AREA_STYLE('',(#12848));
#12848 = FILL_AREA_STYLE_COLOUR('',#12849);
#12849 = COLOUR_RGB('',0.823529417451,0.819607860991,0.780392170416);
#12850 = STYLED_ITEM('color',(#12851),#1222);
#12851 = PRESENTATION_STYLE_ASSIGNMENT((#12852));
#12852 = SURFACE_STYLE_USAGE(.BOTH.,#12853);
#12853 = SURFACE_SIDE_STYLE('',(#12854));
#12854 = SURFACE_STYLE_FILL_AREA(#12855);
#12855 = FILL_AREA_STYLE('',(#12856));
#12856 = FILL_AREA_STYLE_COLOUR('',#12771);
#12857 = STYLED_ITEM('color',(#12858),#1253);
#12858 = PRESENTATION_STYLE_ASSIGNMENT((#12859));
#12859 = SURFACE_STYLE_USAGE(.BOTH.,#12860);
#12860 = SURFACE_SIDE_STYLE('',(#12861));
#12861 = SURFACE_STYLE_FILL_AREA(#12862);
#12862 = FILL_AREA_STYLE('',(#12863));
#12863 = FILL_AREA_STYLE_COLOUR('',#12849);
#12864 = STYLED_ITEM('color',(#12865),#1264);
#12865 = PRESENTATION_STYLE_ASSIGNMENT((#12866));
#12866 = SURFACE_STYLE_USAGE(.BOTH.,#12867);
#12867 = SURFACE_SIDE_STYLE('',(#12868));
#12868 = SURFACE_STYLE_FILL_AREA(#12869);
#12869 = FILL_AREA_STYLE('',(#12870));
#12870 = FILL_AREA_STYLE_COLOUR('',#12771);
#12871 = STYLED_ITEM('color',(#12872),#1318);
#12872 = PRESENTATION_STYLE_ASSIGNMENT((#12873));
#12873 = SURFACE_STYLE_USAGE(.BOTH.,#12874);
#12874 = SURFACE_SIDE_STYLE('',(#12875));
#12875 = SURFACE_STYLE_FILL_AREA(#12876);
#12876 = FILL_AREA_STYLE('',(#12877));
#12877 = FILL_AREA_STYLE_COLOUR('',#12771);
#12878 = STYLED_ITEM('color',(#12879),#1342);
#12879 = PRESENTATION_STYLE_ASSIGNMENT((#12880));
#12880 = SURFACE_STYLE_USAGE(.BOTH.,#12881);
#12881 = SURFACE_SIDE_STYLE('',(#12882));
#12882 = SURFACE_STYLE_FILL_AREA(#12883);
#12883 = FILL_AREA_STYLE('',(#12884));
#12884 = FILL_AREA_STYLE_COLOUR('',#12771);
#12885 = STYLED_ITEM('color',(#12886),#1366);
#12886 = PRESENTATION_STYLE_ASSIGNMENT((#12887));
#12887 = SURFACE_STYLE_USAGE(.BOTH.,#12888);
#12888 = SURFACE_SIDE_STYLE('',(#12889));
#12889 = SURFACE_STYLE_FILL_AREA(#12890);
#12890 = FILL_AREA_STYLE('',(#12891));
#12891 = FILL_AREA_STYLE_COLOUR('',#12771);
#12892 = STYLED_ITEM('color',(#12893),#1383);
#12893 = PRESENTATION_STYLE_ASSIGNMENT((#12894));
#12894 = SURFACE_STYLE_USAGE(.BOTH.,#12895);
#12895 = SURFACE_SIDE_STYLE('',(#12896));
#12896 = SURFACE_STYLE_FILL_AREA(#12897);
#12897 = FILL_AREA_STYLE('',(#12898));
#12898 = FILL_AREA_STYLE_COLOUR('',#12771);
#12899 = STYLED_ITEM('color',(#12900),#1400);
#12900 = PRESENTATION_STYLE_ASSIGNMENT((#12901));
#12901 = SURFACE_STYLE_USAGE(.BOTH.,#12902);
#12902 = SURFACE_SIDE_STYLE('',(#12903));
#12903 = SURFACE_STYLE_FILL_AREA(#12904);
#12904 = FILL_AREA_STYLE('',(#12905));
#12905 = FILL_AREA_STYLE_COLOUR('',#12771);
#12906 = STYLED_ITEM('color',(#12907),#1417);
#12907 = PRESENTATION_STYLE_ASSIGNMENT((#12908));
#12908 = SURFACE_STYLE_USAGE(.BOTH.,#12909);
#12909 = SURFACE_SIDE_STYLE('',(#12910));
#12910 = SURFACE_STYLE_FILL_AREA(#12911);
#12911 = FILL_AREA_STYLE('',(#12912));
#12912 = FILL_AREA_STYLE_COLOUR('',#12771);
#12913 = STYLED_ITEM('color',(#12914),#1434);
#12914 = PRESENTATION_STYLE_ASSIGNMENT((#12915));
#12915 = SURFACE_STYLE_USAGE(.BOTH.,#12916);
#12916 = SURFACE_SIDE_STYLE('',(#12917));
#12917 = SURFACE_STYLE_FILL_AREA(#12918);
#12918 = FILL_AREA_STYLE('',(#12919));
#12919 = FILL_AREA_STYLE_COLOUR('',#12771);
#12920 = STYLED_ITEM('color',(#12921),#1451);
#12921 = PRESENTATION_STYLE_ASSIGNMENT((#12922));
#12922 = SURFACE_STYLE_USAGE(.BOTH.,#12923);
#12923 = SURFACE_SIDE_STYLE('',(#12924));
#12924 = SURFACE_STYLE_FILL_AREA(#12925);
#12925 = FILL_AREA_STYLE('',(#12926));
#12926 = FILL_AREA_STYLE_COLOUR('',#12771);
#12927 = STYLED_ITEM('color',(#12928),#1476);
#12928 = PRESENTATION_STYLE_ASSIGNMENT((#12929));
#12929 = SURFACE_STYLE_USAGE(.BOTH.,#12930);
#12930 = SURFACE_SIDE_STYLE('',(#12931));
#12931 = SURFACE_STYLE_FILL_AREA(#12932);
#12932 = FILL_AREA_STYLE('',(#12933));
#12933 = FILL_AREA_STYLE_COLOUR('',#12771);
#12934 = STYLED_ITEM('color',(#12935),#1500);
#12935 = PRESENTATION_STYLE_ASSIGNMENT((#12936));
#12936 = SURFACE_STYLE_USAGE(.BOTH.,#12937);
#12937 = SURFACE_SIDE_STYLE('',(#12938));
#12938 = SURFACE_STYLE_FILL_AREA(#12939);
#12939 = FILL_AREA_STYLE('',(#12940));
#12940 = FILL_AREA_STYLE_COLOUR('',#12771);
#12941 = STYLED_ITEM('color',(#12942),#1523);
#12942 = PRESENTATION_STYLE_ASSIGNMENT((#12943));
#12943 = SURFACE_STYLE_USAGE(.BOTH.,#12944);
#12944 = SURFACE_SIDE_STYLE('',(#12945));
#12945 = SURFACE_STYLE_FILL_AREA(#12946);
#12946 = FILL_AREA_STYLE('',(#12947));
#12947 = FILL_AREA_STYLE_COLOUR('',#12771);
#12948 = STYLED_ITEM('color',(#12949),#1540);
#12949 = PRESENTATION_STYLE_ASSIGNMENT((#12950));
#12950 = SURFACE_STYLE_USAGE(.BOTH.,#12951);
#12951 = SURFACE_SIDE_STYLE('',(#12952));
#12952 = SURFACE_STYLE_FILL_AREA(#12953);
#12953 = FILL_AREA_STYLE('',(#12954));
#12954 = FILL_AREA_STYLE_COLOUR('',#12771);
#12955 = STYLED_ITEM('color',(#12956),#1557);
#12956 = PRESENTATION_STYLE_ASSIGNMENT((#12957));
#12957 = SURFACE_STYLE_USAGE(.BOTH.,#12958);
#12958 = SURFACE_SIDE_STYLE('',(#12959));
#12959 = SURFACE_STYLE_FILL_AREA(#12960);
#12960 = FILL_AREA_STYLE('',(#12961));
#12961 = FILL_AREA_STYLE_COLOUR('',#12771);
#12962 = STYLED_ITEM('color',(#12963),#1574);
#12963 = PRESENTATION_STYLE_ASSIGNMENT((#12964));
#12964 = SURFACE_STYLE_USAGE(.BOTH.,#12965);
#12965 = SURFACE_SIDE_STYLE('',(#12966));
#12966 = SURFACE_STYLE_FILL_AREA(#12967);
#12967 = FILL_AREA_STYLE('',(#12968));
#12968 = FILL_AREA_STYLE_COLOUR('',#12771);
#12969 = STYLED_ITEM('color',(#12970),#1591);
#12970 = PRESENTATION_STYLE_ASSIGNMENT((#12971));
#12971 = SURFACE_STYLE_USAGE(.BOTH.,#12972);
#12972 = SURFACE_SIDE_STYLE('',(#12973));
#12973 = SURFACE_STYLE_FILL_AREA(#12974);
#12974 = FILL_AREA_STYLE('',(#12975));
#12975 = FILL_AREA_STYLE_COLOUR('',#12771);
#12976 = STYLED_ITEM('color',(#12977),#1608);
#12977 = PRESENTATION_STYLE_ASSIGNMENT((#12978));
#12978 = SURFACE_STYLE_USAGE(.BOTH.,#12979);
#12979 = SURFACE_SIDE_STYLE('',(#12980));
#12980 = SURFACE_STYLE_FILL_AREA(#12981);
#12981 = FILL_AREA_STYLE('',(#12982));
#12982 = FILL_AREA_STYLE_COLOUR('',#12771);
#12983 = STYLED_ITEM('color',(#12984),#1633);
#12984 = PRESENTATION_STYLE_ASSIGNMENT((#12985));
#12985 = SURFACE_STYLE_USAGE(.BOTH.,#12986);
#12986 = SURFACE_SIDE_STYLE('',(#12987));
#12987 = SURFACE_STYLE_FILL_AREA(#12988);
#12988 = FILL_AREA_STYLE('',(#12989));
#12989 = FILL_AREA_STYLE_COLOUR('',#12771);
#12990 = STYLED_ITEM('color',(#12991),#1673);
#12991 = PRESENTATION_STYLE_ASSIGNMENT((#12992));
#12992 = SURFACE_STYLE_USAGE(.BOTH.,#12993);
#12993 = SURFACE_SIDE_STYLE('',(#12994));
#12994 = SURFACE_STYLE_FILL_AREA(#12995);
#12995 = FILL_AREA_STYLE('',(#12996));
#12996 = FILL_AREA_STYLE_COLOUR('',#12771);
#12997 = STYLED_ITEM('color',(#12998),#1768);
#12998 = PRESENTATION_STYLE_ASSIGNMENT((#12999));
#12999 = SURFACE_STYLE_USAGE(.BOTH.,#13000);
#13000 = SURFACE_SIDE_STYLE('',(#13001));
#13001 = SURFACE_STYLE_FILL_AREA(#13002);
#13002 = FILL_AREA_STYLE('',(#13003));
#13003 = FILL_AREA_STYLE_COLOUR('',#12771);
#13004 = STYLED_ITEM('color',(#13005),#1792);
#13005 = PRESENTATION_STYLE_ASSIGNMENT((#13006));
#13006 = SURFACE_STYLE_USAGE(.BOTH.,#13007);
#13007 = SURFACE_SIDE_STYLE('',(#13008));
#13008 = SURFACE_STYLE_FILL_AREA(#13009);
#13009 = FILL_AREA_STYLE('',(#13010));
#13010 = FILL_AREA_STYLE_COLOUR('',#12771);
#13011 = STYLED_ITEM('color',(#13012),#1816);
#13012 = PRESENTATION_STYLE_ASSIGNMENT((#13013));
#13013 = SURFACE_STYLE_USAGE(.BOTH.,#13014);
#13014 = SURFACE_SIDE_STYLE('',(#13015));
#13015 = SURFACE_STYLE_FILL_AREA(#13016);
#13016 = FILL_AREA_STYLE('',(#13017));
#13017 = FILL_AREA_STYLE_COLOUR('',#12771);
#13018 = STYLED_ITEM('color',(#13019),#1840);
#13019 = PRESENTATION_STYLE_ASSIGNMENT((#13020));
#13020 = SURFACE_STYLE_USAGE(.BOTH.,#13021);
#13021 = SURFACE_SIDE_STYLE('',(#13022));
#13022 = SURFACE_STYLE_FILL_AREA(#13023);
#13023 = FILL_AREA_STYLE('',(#13024));
#13024 = FILL_AREA_STYLE_COLOUR('',#12771);
#13025 = STYLED_ITEM('color',(#13026),#1887);
#13026 = PRESENTATION_STYLE_ASSIGNMENT((#13027));
#13027 = SURFACE_STYLE_USAGE(.BOTH.,#13028);
#13028 = SURFACE_SIDE_STYLE('',(#13029));
#13029 = SURFACE_STYLE_FILL_AREA(#13030);
#13030 = FILL_AREA_STYLE('',(#13031));
#13031 = FILL_AREA_STYLE_COLOUR('',#12849);
#13032 = STYLED_ITEM('color',(#13033),#1910);
#13033 = PRESENTATION_STYLE_ASSIGNMENT((#13034));
#13034 = SURFACE_STYLE_USAGE(.BOTH.,#13035);
#13035 = SURFACE_SIDE_STYLE('',(#13036));
#13036 = SURFACE_STYLE_FILL_AREA(#13037);
#13037 = FILL_AREA_STYLE('',(#13038));
#13038 = FILL_AREA_STYLE_COLOUR('',#12849);
#13039 = STYLED_ITEM('color',(#13040),#1979);
#13040 = PRESENTATION_STYLE_ASSIGNMENT((#13041));
#13041 = SURFACE_STYLE_USAGE(.BOTH.,#13042);
#13042 = SURFACE_SIDE_STYLE('',(#13043));
#13043 = SURFACE_STYLE_FILL_AREA(#13044);
#13044 = FILL_AREA_STYLE('',(#13045));
#13045 = FILL_AREA_STYLE_COLOUR('',#12771);
#13046 = STYLED_ITEM('color',(#13047),#2010);
#13047 = PRESENTATION_STYLE_ASSIGNMENT((#13048));
#13048 = SURFACE_STYLE_USAGE(.BOTH.,#13049);
#13049 = SURFACE_SIDE_STYLE('',(#13050));
#13050 = SURFACE_STYLE_FILL_AREA(#13051);
#13051 = FILL_AREA_STYLE('',(#13052));
#13052 = FILL_AREA_STYLE_COLOUR('',#12771);
#13053 = STYLED_ITEM('color',(#13054),#2041);
#13054 = PRESENTATION_STYLE_ASSIGNMENT((#13055));
#13055 = SURFACE_STYLE_USAGE(.BOTH.,#13056);
#13056 = SURFACE_SIDE_STYLE('',(#13057));
#13057 = SURFACE_STYLE_FILL_AREA(#13058);
#13058 = FILL_AREA_STYLE('',(#13059));
#13059 = FILL_AREA_STYLE_COLOUR('',#12771);
#13060 = STYLED_ITEM('color',(#13061),#2065);
#13061 = PRESENTATION_STYLE_ASSIGNMENT((#13062));
#13062 = SURFACE_STYLE_USAGE(.BOTH.,#13063);
#13063 = SURFACE_SIDE_STYLE('',(#13064));
#13064 = SURFACE_STYLE_FILL_AREA(#13065);
#13065 = FILL_AREA_STYLE('',(#13066));
#13066 = FILL_AREA_STYLE_COLOUR('',#12771);
#13067 = STYLED_ITEM('color',(#13068),#2089);
#13068 = PRESENTATION_STYLE_ASSIGNMENT((#13069));
#13069 = SURFACE_STYLE_USAGE(.BOTH.,#13070);
#13070 = SURFACE_SIDE_STYLE('',(#13071));
#13071 = SURFACE_STYLE_FILL_AREA(#13072);
#13072 = FILL_AREA_STYLE('',(#13073));
#13073 = FILL_AREA_STYLE_COLOUR('',#12771);
#13074 = STYLED_ITEM('color',(#13075),#2113);
#13075 = PRESENTATION_STYLE_ASSIGNMENT((#13076));
#13076 = SURFACE_STYLE_USAGE(.BOTH.,#13077);
#13077 = SURFACE_SIDE_STYLE('',(#13078));
#13078 = SURFACE_STYLE_FILL_AREA(#13079);
#13079 = FILL_AREA_STYLE('',(#13080));
#13080 = FILL_AREA_STYLE_COLOUR('',#12771);
#13081 = STYLED_ITEM('color',(#13082),#2137);
#13082 = PRESENTATION_STYLE_ASSIGNMENT((#13083));
#13083 = SURFACE_STYLE_USAGE(.BOTH.,#13084);
#13084 = SURFACE_SIDE_STYLE('',(#13085));
#13085 = SURFACE_STYLE_FILL_AREA(#13086);
#13086 = FILL_AREA_STYLE('',(#13087));
#13087 = FILL_AREA_STYLE_COLOUR('',#12771);
#13088 = STYLED_ITEM('color',(#13089),#2161);
#13089 = PRESENTATION_STYLE_ASSIGNMENT((#13090));
#13090 = SURFACE_STYLE_USAGE(.BOTH.,#13091);
#13091 = SURFACE_SIDE_STYLE('',(#13092));
#13092 = SURFACE_STYLE_FILL_AREA(#13093);
#13093 = FILL_AREA_STYLE('',(#13094));
#13094 = FILL_AREA_STYLE_COLOUR('',#12771);
#13095 = STYLED_ITEM('color',(#13096),#2251);
#13096 = PRESENTATION_STYLE_ASSIGNMENT((#13097));
#13097 = SURFACE_STYLE_USAGE(.BOTH.,#13098);
#13098 = SURFACE_SIDE_STYLE('',(#13099));
#13099 = SURFACE_STYLE_FILL_AREA(#13100);
#13100 = FILL_AREA_STYLE('',(#13101));
#13101 = FILL_AREA_STYLE_COLOUR('',#12771);
#13102 = STYLED_ITEM('color',(#13103),#2275);
#13103 = PRESENTATION_STYLE_ASSIGNMENT((#13104));
#13104 = SURFACE_STYLE_USAGE(.BOTH.,#13105);
#13105 = SURFACE_SIDE_STYLE('',(#13106));
#13106 = SURFACE_STYLE_FILL_AREA(#13107);
#13107 = FILL_AREA_STYLE('',(#13108));
#13108 = FILL_AREA_STYLE_COLOUR('',#12771);
#13109 = STYLED_ITEM('color',(#13110),#2299);
#13110 = PRESENTATION_STYLE_ASSIGNMENT((#13111));
#13111 = SURFACE_STYLE_USAGE(.BOTH.,#13112);
#13112 = SURFACE_SIDE_STYLE('',(#13113));
#13113 = SURFACE_STYLE_FILL_AREA(#13114);
#13114 = FILL_AREA_STYLE('',(#13115));
#13115 = FILL_AREA_STYLE_COLOUR('',#12771);
#13116 = STYLED_ITEM('color',(#13117),#2323);
#13117 = PRESENTATION_STYLE_ASSIGNMENT((#13118));
#13118 = SURFACE_STYLE_USAGE(.BOTH.,#13119);
#13119 = SURFACE_SIDE_STYLE('',(#13120));
#13120 = SURFACE_STYLE_FILL_AREA(#13121);
#13121 = FILL_AREA_STYLE('',(#13122));
#13122 = FILL_AREA_STYLE_COLOUR('',#12771);
#13123 = STYLED_ITEM('color',(#13124),#2413);
#13124 = PRESENTATION_STYLE_ASSIGNMENT((#13125));
#13125 = SURFACE_STYLE_USAGE(.BOTH.,#13126);
#13126 = SURFACE_SIDE_STYLE('',(#13127));
#13127 = SURFACE_STYLE_FILL_AREA(#13128);
#13128 = FILL_AREA_STYLE('',(#13129));
#13129 = FILL_AREA_STYLE_COLOUR('',#12771);
#13130 = STYLED_ITEM('color',(#13131),#2437);
#13131 = PRESENTATION_STYLE_ASSIGNMENT((#13132));
#13132 = SURFACE_STYLE_USAGE(.BOTH.,#13133);
#13133 = SURFACE_SIDE_STYLE('',(#13134));
#13134 = SURFACE_STYLE_FILL_AREA(#13135);
#13135 = FILL_AREA_STYLE('',(#13136));
#13136 = FILL_AREA_STYLE_COLOUR('',#12771);
#13137 = STYLED_ITEM('color',(#13138),#2461);
#13138 = PRESENTATION_STYLE_ASSIGNMENT((#13139));
#13139 = SURFACE_STYLE_USAGE(.BOTH.,#13140);
#13140 = SURFACE_SIDE_STYLE('',(#13141));
#13141 = SURFACE_STYLE_FILL_AREA(#13142);
#13142 = FILL_AREA_STYLE('',(#13143));
#13143 = FILL_AREA_STYLE_COLOUR('',#12771);
#13144 = STYLED_ITEM('color',(#13145),#2485);
#13145 = PRESENTATION_STYLE_ASSIGNMENT((#13146));
#13146 = SURFACE_STYLE_USAGE(.BOTH.,#13147);
#13147 = SURFACE_SIDE_STYLE('',(#13148));
#13148 = SURFACE_STYLE_FILL_AREA(#13149);
#13149 = FILL_AREA_STYLE('',(#13150));
#13150 = FILL_AREA_STYLE_COLOUR('',#12771);
#13151 = STYLED_ITEM('color',(#13152),#2575);
#13152 = PRESENTATION_STYLE_ASSIGNMENT((#13153));
#13153 = SURFACE_STYLE_USAGE(.BOTH.,#13154);
#13154 = SURFACE_SIDE_STYLE('',(#13155));
#13155 = SURFACE_STYLE_FILL_AREA(#13156);
#13156 = FILL_AREA_STYLE('',(#13157));
#13157 = FILL_AREA_STYLE_COLOUR('',#12771);
#13158 = STYLED_ITEM('color',(#13159),#2599);
#13159 = PRESENTATION_STYLE_ASSIGNMENT((#13160));
#13160 = SURFACE_STYLE_USAGE(.BOTH.,#13161);
#13161 = SURFACE_SIDE_STYLE('',(#13162));
#13162 = SURFACE_STYLE_FILL_AREA(#13163);
#13163 = FILL_AREA_STYLE('',(#13164));
#13164 = FILL_AREA_STYLE_COLOUR('',#12771);
#13165 = STYLED_ITEM('color',(#13166),#2623);
#13166 = PRESENTATION_STYLE_ASSIGNMENT((#13167));
#13167 = SURFACE_STYLE_USAGE(.BOTH.,#13168);
#13168 = SURFACE_SIDE_STYLE('',(#13169));
#13169 = SURFACE_STYLE_FILL_AREA(#13170);
#13170 = FILL_AREA_STYLE('',(#13171));
#13171 = FILL_AREA_STYLE_COLOUR('',#12771);
#13172 = STYLED_ITEM('color',(#13173),#2647);
#13173 = PRESENTATION_STYLE_ASSIGNMENT((#13174));
#13174 = SURFACE_STYLE_USAGE(.BOTH.,#13175);
#13175 = SURFACE_SIDE_STYLE('',(#13176));
#13176 = SURFACE_STYLE_FILL_AREA(#13177);
#13177 = FILL_AREA_STYLE('',(#13178));
#13178 = FILL_AREA_STYLE_COLOUR('',#12771);
#13179 = STYLED_ITEM('color',(#13180),#2737);
#13180 = PRESENTATION_STYLE_ASSIGNMENT((#13181));
#13181 = SURFACE_STYLE_USAGE(.BOTH.,#13182);
#13182 = SURFACE_SIDE_STYLE('',(#13183));
#13183 = SURFACE_STYLE_FILL_AREA(#13184);
#13184 = FILL_AREA_STYLE('',(#13185));
#13185 = FILL_AREA_STYLE_COLOUR('',#12771);
#13186 = STYLED_ITEM('color',(#13187),#2761);
#13187 = PRESENTATION_STYLE_ASSIGNMENT((#13188));
#13188 = SURFACE_STYLE_USAGE(.BOTH.,#13189);
#13189 = SURFACE_SIDE_STYLE('',(#13190));
#13190 = SURFACE_STYLE_FILL_AREA(#13191);
#13191 = FILL_AREA_STYLE('',(#13192));
#13192 = FILL_AREA_STYLE_COLOUR('',#12771);
#13193 = STYLED_ITEM('color',(#13194),#2785);
#13194 = PRESENTATION_STYLE_ASSIGNMENT((#13195));
#13195 = SURFACE_STYLE_USAGE(.BOTH.,#13196);
#13196 = SURFACE_SIDE_STYLE('',(#13197));
#13197 = SURFACE_STYLE_FILL_AREA(#13198);
#13198 = FILL_AREA_STYLE('',(#13199));
#13199 = FILL_AREA_STYLE_COLOUR('',#12771);
#13200 = STYLED_ITEM('color',(#13201),#2809);
#13201 = PRESENTATION_STYLE_ASSIGNMENT((#13202));
#13202 = SURFACE_STYLE_USAGE(.BOTH.,#13203);
#13203 = SURFACE_SIDE_STYLE('',(#13204));
#13204 = SURFACE_STYLE_FILL_AREA(#13205);
#13205 = FILL_AREA_STYLE('',(#13206));
#13206 = FILL_AREA_STYLE_COLOUR('',#12771);
#13207 = STYLED_ITEM('color',(#13208),#2899);
#13208 = PRESENTATION_STYLE_ASSIGNMENT((#13209));
#13209 = SURFACE_STYLE_USAGE(.BOTH.,#13210);
#13210 = SURFACE_SIDE_STYLE('',(#13211));
#13211 = SURFACE_STYLE_FILL_AREA(#13212);
#13212 = FILL_AREA_STYLE('',(#13213));
#13213 = FILL_AREA_STYLE_COLOUR('',#12771);
#13214 = STYLED_ITEM('color',(#13215),#2923);
#13215 = PRESENTATION_STYLE_ASSIGNMENT((#13216));
#13216 = SURFACE_STYLE_USAGE(.BOTH.,#13217);
#13217 = SURFACE_SIDE_STYLE('',(#13218));
#13218 = SURFACE_STYLE_FILL_AREA(#13219);
#13219 = FILL_AREA_STYLE('',(#13220));
#13220 = FILL_AREA_STYLE_COLOUR('',#12771);
#13221 = STYLED_ITEM('color',(#13222),#2947);
#13222 = PRESENTATION_STYLE_ASSIGNMENT((#13223));
#13223 = SURFACE_STYLE_USAGE(.BOTH.,#13224);
#13224 = SURFACE_SIDE_STYLE('',(#13225));
#13225 = SURFACE_STYLE_FILL_AREA(#13226);
#13226 = FILL_AREA_STYLE('',(#13227));
#13227 = FILL_AREA_STYLE_COLOUR('',#12771);
#13228 = STYLED_ITEM('color',(#13229),#2971);
#13229 = PRESENTATION_STYLE_ASSIGNMENT((#13230));
#13230 = SURFACE_STYLE_USAGE(.BOTH.,#13231);
#13231 = SURFACE_SIDE_STYLE('',(#13232));
#13232 = SURFACE_STYLE_FILL_AREA(#13233);
#13233 = FILL_AREA_STYLE('',(#13234));
#13234 = FILL_AREA_STYLE_COLOUR('',#12771);
#13235 = STYLED_ITEM('color',(#13236),#3061);
#13236 = PRESENTATION_STYLE_ASSIGNMENT((#13237));
#13237 = SURFACE_STYLE_USAGE(.BOTH.,#13238);
#13238 = SURFACE_SIDE_STYLE('',(#13239));
#13239 = SURFACE_STYLE_FILL_AREA(#13240);
#13240 = FILL_AREA_STYLE('',(#13241));
#13241 = FILL_AREA_STYLE_COLOUR('',#12771);
#13242 = STYLED_ITEM('color',(#13243),#3085);
#13243 = PRESENTATION_STYLE_ASSIGNMENT((#13244));
#13244 = SURFACE_STYLE_USAGE(.BOTH.,#13245);
#13245 = SURFACE_SIDE_STYLE('',(#13246));
#13246 = SURFACE_STYLE_FILL_AREA(#13247);
#13247 = FILL_AREA_STYLE('',(#13248));
#13248 = FILL_AREA_STYLE_COLOUR('',#12771);
#13249 = STYLED_ITEM('color',(#13250),#3109);
#13250 = PRESENTATION_STYLE_ASSIGNMENT((#13251));
#13251 = SURFACE_STYLE_USAGE(.BOTH.,#13252);
#13252 = SURFACE_SIDE_STYLE('',(#13253));
#13253 = SURFACE_STYLE_FILL_AREA(#13254);
#13254 = FILL_AREA_STYLE('',(#13255));
#13255 = FILL_AREA_STYLE_COLOUR('',#12771);
#13256 = STYLED_ITEM('color',(#13257),#3133);
#13257 = PRESENTATION_STYLE_ASSIGNMENT((#13258));
#13258 = SURFACE_STYLE_USAGE(.BOTH.,#13259);
#13259 = SURFACE_SIDE_STYLE('',(#13260));
#13260 = SURFACE_STYLE_FILL_AREA(#13261);
#13261 = FILL_AREA_STYLE('',(#13262));
#13262 = FILL_AREA_STYLE_COLOUR('',#12771);
#13263 = STYLED_ITEM('color',(#13264),#3150);
#13264 = PRESENTATION_STYLE_ASSIGNMENT((#13265));
#13265 = SURFACE_STYLE_USAGE(.BOTH.,#13266);
#13266 = SURFACE_SIDE_STYLE('',(#13267));
#13267 = SURFACE_STYLE_FILL_AREA(#13268);
#13268 = FILL_AREA_STYLE('',(#13269));
#13269 = FILL_AREA_STYLE_COLOUR('',#12771);
#13270 = STYLED_ITEM('color',(#13271),#3174);
#13271 = PRESENTATION_STYLE_ASSIGNMENT((#13272));
#13272 = SURFACE_STYLE_USAGE(.BOTH.,#13273);
#13273 = SURFACE_SIDE_STYLE('',(#13274));
#13274 = SURFACE_STYLE_FILL_AREA(#13275);
#13275 = FILL_AREA_STYLE('',(#13276));
#13276 = FILL_AREA_STYLE_COLOUR('',#12771);
#13277 = STYLED_ITEM('color',(#13278),#3219);
#13278 = PRESENTATION_STYLE_ASSIGNMENT((#13279));
#13279 = SURFACE_STYLE_USAGE(.BOTH.,#13280);
#13280 = SURFACE_SIDE_STYLE('',(#13281));
#13281 = SURFACE_STYLE_FILL_AREA(#13282);
#13282 = FILL_AREA_STYLE('',(#13283));
#13283 = FILL_AREA_STYLE_COLOUR('',#12771);
#13284 = STYLED_ITEM('color',(#13285),#3488);
#13285 = PRESENTATION_STYLE_ASSIGNMENT((#13286));
#13286 = SURFACE_STYLE_USAGE(.BOTH.,#13287);
#13287 = SURFACE_SIDE_STYLE('',(#13288));
#13288 = SURFACE_STYLE_FILL_AREA(#13289);
#13289 = FILL_AREA_STYLE('',(#13290));
#13290 = FILL_AREA_STYLE_COLOUR('',#12771);
#13291 = STYLED_ITEM('color',(#13292),#3512);
#13292 = PRESENTATION_STYLE_ASSIGNMENT((#13293));
#13293 = SURFACE_STYLE_USAGE(.BOTH.,#13294);
#13294 = SURFACE_SIDE_STYLE('',(#13295));
#13295 = SURFACE_STYLE_FILL_AREA(#13296);
#13296 = FILL_AREA_STYLE('',(#13297));
#13297 = FILL_AREA_STYLE_COLOUR('',#12771);
#13298 = STYLED_ITEM('color',(#13299),#3537);
#13299 = PRESENTATION_STYLE_ASSIGNMENT((#13300));
#13300 = SURFACE_STYLE_USAGE(.BOTH.,#13301);
#13301 = SURFACE_SIDE_STYLE('',(#13302));
#13302 = SURFACE_STYLE_FILL_AREA(#13303);
#13303 = FILL_AREA_STYLE('',(#13304));
#13304 = FILL_AREA_STYLE_COLOUR('',#12771);
#13305 = STYLED_ITEM('color',(#13306),#3550);
#13306 = PRESENTATION_STYLE_ASSIGNMENT((#13307));
#13307 = SURFACE_STYLE_USAGE(.BOTH.,#13308);
#13308 = SURFACE_SIDE_STYLE('',(#13309));
#13309 = SURFACE_STYLE_FILL_AREA(#13310);
#13310 = FILL_AREA_STYLE('',(#13311));
#13311 = FILL_AREA_STYLE_COLOUR('',#12771);
#13312 = STYLED_ITEM('color',(#13313),#3567);
#13313 = PRESENTATION_STYLE_ASSIGNMENT((#13314));
#13314 = SURFACE_STYLE_USAGE(.BOTH.,#13315);
#13315 = SURFACE_SIDE_STYLE('',(#13316));
#13316 = SURFACE_STYLE_FILL_AREA(#13317);
#13317 = FILL_AREA_STYLE('',(#13318));
#13318 = FILL_AREA_STYLE_COLOUR('',#12849);
#13319 = STYLED_ITEM('color',(#13320),#3593);
#13320 = PRESENTATION_STYLE_ASSIGNMENT((#13321));
#13321 = SURFACE_STYLE_USAGE(.BOTH.,#13322);
#13322 = SURFACE_SIDE_STYLE('',(#13323));
#13323 = SURFACE_STYLE_FILL_AREA(#13324);
#13324 = FILL_AREA_STYLE('',(#13325));
#13325 = FILL_AREA_STYLE_COLOUR('',#12771);
#13326 = STYLED_ITEM('color',(#13327),#3610);
#13327 = PRESENTATION_STYLE_ASSIGNMENT((#13328));
#13328 = SURFACE_STYLE_USAGE(.BOTH.,#13329);
#13329 = SURFACE_SIDE_STYLE('',(#13330));
#13330 = SURFACE_STYLE_FILL_AREA(#13331);
#13331 = FILL_AREA_STYLE('',(#13332));
#13332 = FILL_AREA_STYLE_COLOUR('',#12771);
#13333 = STYLED_ITEM('color',(#13334),#3622);
#13334 = PRESENTATION_STYLE_ASSIGNMENT((#13335));
#13335 = SURFACE_STYLE_USAGE(.BOTH.,#13336);
#13336 = SURFACE_SIDE_STYLE('',(#13337));
#13337 = SURFACE_STYLE_FILL_AREA(#13338);
#13338 = FILL_AREA_STYLE('',(#13339));
#13339 = FILL_AREA_STYLE_COLOUR('',#12771);
#13340 = STYLED_ITEM('color',(#13341),#3639);
#13341 = PRESENTATION_STYLE_ASSIGNMENT((#13342));
#13342 = SURFACE_STYLE_USAGE(.BOTH.,#13343);
#13343 = SURFACE_SIDE_STYLE('',(#13344));
#13344 = SURFACE_STYLE_FILL_AREA(#13345);
#13345 = FILL_AREA_STYLE('',(#13346));
#13346 = FILL_AREA_STYLE_COLOUR('',#12771);
#13347 = STYLED_ITEM('color',(#13348),#3671);
#13348 = PRESENTATION_STYLE_ASSIGNMENT((#13349));
#13349 = SURFACE_STYLE_USAGE(.BOTH.,#13350);
#13350 = SURFACE_SIDE_STYLE('',(#13351));
#13351 = SURFACE_STYLE_FILL_AREA(#13352);
#13352 = FILL_AREA_STYLE('',(#13353));
#13353 = FILL_AREA_STYLE_COLOUR('',#12849);
#13354 = STYLED_ITEM('color',(#13355),#3689);
#13355 = PRESENTATION_STYLE_ASSIGNMENT((#13356));
#13356 = SURFACE_STYLE_USAGE(.BOTH.,#13357);
#13357 = SURFACE_SIDE_STYLE('',(#13358));
#13358 = SURFACE_STYLE_FILL_AREA(#13359);
#13359 = FILL_AREA_STYLE('',(#13360));
#13360 = FILL_AREA_STYLE_COLOUR('',#12771);
#13361 = STYLED_ITEM('color',(#13362),#3700);
#13362 = PRESENTATION_STYLE_ASSIGNMENT((#13363));
#13363 = SURFACE_STYLE_USAGE(.BOTH.,#13364);
#13364 = SURFACE_SIDE_STYLE('',(#13365));
#13365 = SURFACE_STYLE_FILL_AREA(#13366);
#13366 = FILL_AREA_STYLE('',(#13367));
#13367 = FILL_AREA_STYLE_COLOUR('',#12849);
#13368 = STYLED_ITEM('color',(#13369),#3731);
#13369 = PRESENTATION_STYLE_ASSIGNMENT((#13370));
#13370 = SURFACE_STYLE_USAGE(.BOTH.,#13371);
#13371 = SURFACE_SIDE_STYLE('',(#13372));
#13372 = SURFACE_STYLE_FILL_AREA(#13373);
#13373 = FILL_AREA_STYLE('',(#13374));
#13374 = FILL_AREA_STYLE_COLOUR('',#12849);
#13375 = STYLED_ITEM('color',(#13376),#3764);
#13376 = PRESENTATION_STYLE_ASSIGNMENT((#13377));
#13377 = SURFACE_STYLE_USAGE(.BOTH.,#13378);
#13378 = SURFACE_SIDE_STYLE('',(#13379));
#13379 = SURFACE_STYLE_FILL_AREA(#13380);
#13380 = FILL_AREA_STYLE('',(#13381));
#13381 = FILL_AREA_STYLE_COLOUR('',#12849);
#13382 = STYLED_ITEM('color',(#13383),#3782);
#13383 = PRESENTATION_STYLE_ASSIGNMENT((#13384));
#13384 = SURFACE_STYLE_USAGE(.BOTH.,#13385);
#13385 = SURFACE_SIDE_STYLE('',(#13386));
#13386 = SURFACE_STYLE_FILL_AREA(#13387);
#13387 = FILL_AREA_STYLE('',(#13388));
#13388 = FILL_AREA_STYLE_COLOUR('',#12849);
#13389 = STYLED_ITEM('color',(#13390),#3807);
#13390 = PRESENTATION_STYLE_ASSIGNMENT((#13391));
#13391 = SURFACE_STYLE_USAGE(.BOTH.,#13392);
#13392 = SURFACE_SIDE_STYLE('',(#13393));
#13393 = SURFACE_STYLE_FILL_AREA(#13394);
#13394 = FILL_AREA_STYLE('',(#13395));
#13395 = FILL_AREA_STYLE_COLOUR('',#12849);
#13396 = STYLED_ITEM('color',(#13397),#3840);
#13397 = PRESENTATION_STYLE_ASSIGNMENT((#13398));
#13398 = SURFACE_STYLE_USAGE(.BOTH.,#13399);
#13399 = SURFACE_SIDE_STYLE('',(#13400));
#13400 = SURFACE_STYLE_FILL_AREA(#13401);
#13401 = FILL_AREA_STYLE('',(#13402));
#13402 = FILL_AREA_STYLE_COLOUR('',#12771);
#13403 = STYLED_ITEM('color',(#13404),#3850);
#13404 = PRESENTATION_STYLE_ASSIGNMENT((#13405));
#13405 = SURFACE_STYLE_USAGE(.BOTH.,#13406);
#13406 = SURFACE_SIDE_STYLE('',(#13407));
#13407 = SURFACE_STYLE_FILL_AREA(#13408);
#13408 = FILL_AREA_STYLE('',(#13409));
#13409 = FILL_AREA_STYLE_COLOUR('',#12849);
#13410 = STYLED_ITEM('color',(#13411),#3870);
#13411 = PRESENTATION_STYLE_ASSIGNMENT((#13412));
#13412 = SURFACE_STYLE_USAGE(.BOTH.,#13413);
#13413 = SURFACE_SIDE_STYLE('',(#13414));
#13414 = SURFACE_STYLE_FILL_AREA(#13415);
#13415 = FILL_AREA_STYLE('',(#13416));
#13416 = FILL_AREA_STYLE_COLOUR('',#12771);
#13417 = STYLED_ITEM('color',(#13418),#3887);
#13418 = PRESENTATION_STYLE_ASSIGNMENT((#13419));
#13419 = SURFACE_STYLE_USAGE(.BOTH.,#13420);
#13420 = SURFACE_SIDE_STYLE('',(#13421));
#13421 = SURFACE_STYLE_FILL_AREA(#13422);
#13422 = FILL_AREA_STYLE('',(#13423));
#13423 = FILL_AREA_STYLE_COLOUR('',#12771);
#13424 = STYLED_ITEM('color',(#13425),#3905);
#13425 = PRESENTATION_STYLE_ASSIGNMENT((#13426));
#13426 = SURFACE_STYLE_USAGE(.BOTH.,#13427);
#13427 = SURFACE_SIDE_STYLE('',(#13428));
#13428 = SURFACE_STYLE_FILL_AREA(#13429);
#13429 = FILL_AREA_STYLE('',(#13430));
#13430 = FILL_AREA_STYLE_COLOUR('',#12849);
#13431 = STYLED_ITEM('color',(#13432),#3937);
#13432 = PRESENTATION_STYLE_ASSIGNMENT((#13433));
#13433 = SURFACE_STYLE_USAGE(.BOTH.,#13434);
#13434 = SURFACE_SIDE_STYLE('',(#13435));
#13435 = SURFACE_STYLE_FILL_AREA(#13436);
#13436 = FILL_AREA_STYLE('',(#13437));
#13437 = FILL_AREA_STYLE_COLOUR('',#12771);
#13438 = STYLED_ITEM('color',(#13439),#3948);
#13439 = PRESENTATION_STYLE_ASSIGNMENT((#13440));
#13440 = SURFACE_STYLE_USAGE(.BOTH.,#13441);
#13441 = SURFACE_SIDE_STYLE('',(#13442));
#13442 = SURFACE_STYLE_FILL_AREA(#13443);
#13443 = FILL_AREA_STYLE('',(#13444));
#13444 = FILL_AREA_STYLE_COLOUR('',#12771);
#13445 = STYLED_ITEM('color',(#13446),#3961);
#13446 = PRESENTATION_STYLE_ASSIGNMENT((#13447));
#13447 = SURFACE_STYLE_USAGE(.BOTH.,#13448);
#13448 = SURFACE_SIDE_STYLE('',(#13449));
#13449 = SURFACE_STYLE_FILL_AREA(#13450);
#13450 = FILL_AREA_STYLE('',(#13451));
#13451 = FILL_AREA_STYLE_COLOUR('',#12771);
#13452 = STYLED_ITEM('color',(#13453),#3993);
#13453 = PRESENTATION_STYLE_ASSIGNMENT((#13454));
#13454 = SURFACE_STYLE_USAGE(.BOTH.,#13455);
#13455 = SURFACE_SIDE_STYLE('',(#13456));
#13456 = SURFACE_STYLE_FILL_AREA(#13457);
#13457 = FILL_AREA_STYLE('',(#13458));
#13458 = FILL_AREA_STYLE_COLOUR('',#12771);
#13459 = STYLED_ITEM('color',(#13460),#4010);
#13460 = PRESENTATION_STYLE_ASSIGNMENT((#13461));
#13461 = SURFACE_STYLE_USAGE(.BOTH.,#13462);
#13462 = SURFACE_SIDE_STYLE('',(#13463));
#13463 = SURFACE_STYLE_FILL_AREA(#13464);
#13464 = FILL_AREA_STYLE('',(#13465));
#13465 = FILL_AREA_STYLE_COLOUR('',#12849);
#13466 = STYLED_ITEM('color',(#13467),#4052);
#13467 = PRESENTATION_STYLE_ASSIGNMENT((#13468));
#13468 = SURFACE_STYLE_USAGE(.BOTH.,#13469);
#13469 = SURFACE_SIDE_STYLE('',(#13470));
#13470 = SURFACE_STYLE_FILL_AREA(#13471);
#13471 = FILL_AREA_STYLE('',(#13472));
#13472 = FILL_AREA_STYLE_COLOUR('',#12849);
#13473 = STYLED_ITEM('color',(#13474),#4069);
#13474 = PRESENTATION_STYLE_ASSIGNMENT((#13475));
#13475 = SURFACE_STYLE_USAGE(.BOTH.,#13476);
#13476 = SURFACE_SIDE_STYLE('',(#13477));
#13477 = SURFACE_STYLE_FILL_AREA(#13478);
#13478 = FILL_AREA_STYLE('',(#13479));
#13479 = FILL_AREA_STYLE_COLOUR('',#12849);
#13480 = STYLED_ITEM('color',(#13481),#4100);
#13481 = PRESENTATION_STYLE_ASSIGNMENT((#13482));
#13482 = SURFACE_STYLE_USAGE(.BOTH.,#13483);
#13483 = SURFACE_SIDE_STYLE('',(#13484));
#13484 = SURFACE_STYLE_FILL_AREA(#13485);
#13485 = FILL_AREA_STYLE('',(#13486));
#13486 = FILL_AREA_STYLE_COLOUR('',#12849);
#13487 = STYLED_ITEM('color',(#13488),#4126);
#13488 = PRESENTATION_STYLE_ASSIGNMENT((#13489));
#13489 = SURFACE_STYLE_USAGE(.BOTH.,#13490);
#13490 = SURFACE_SIDE_STYLE('',(#13491));
#13491 = SURFACE_STYLE_FILL_AREA(#13492);
#13492 = FILL_AREA_STYLE('',(#13493));
#13493 = FILL_AREA_STYLE_COLOUR('',#12849);
#13494 = STYLED_ITEM('color',(#13495),#4144);
#13495 = PRESENTATION_STYLE_ASSIGNMENT((#13496));
#13496 = SURFACE_STYLE_USAGE(.BOTH.,#13497);
#13497 = SURFACE_SIDE_STYLE('',(#13498));
#13498 = SURFACE_STYLE_FILL_AREA(#13499);
#13499 = FILL_AREA_STYLE('',(#13500));
#13500 = FILL_AREA_STYLE_COLOUR('',#12849);
#13501 = STYLED_ITEM('color',(#13502),#4162);
#13502 = PRESENTATION_STYLE_ASSIGNMENT((#13503));
#13503 = SURFACE_STYLE_USAGE(.BOTH.,#13504);
#13504 = SURFACE_SIDE_STYLE('',(#13505));
#13505 = SURFACE_STYLE_FILL_AREA(#13506);
#13506 = FILL_AREA_STYLE('',(#13507));
#13507 = FILL_AREA_STYLE_COLOUR('',#12849);
#13508 = STYLED_ITEM('color',(#13509),#4188);
#13509 = PRESENTATION_STYLE_ASSIGNMENT((#13510));
#13510 = SURFACE_STYLE_USAGE(.BOTH.,#13511);
#13511 = SURFACE_SIDE_STYLE('',(#13512));
#13512 = SURFACE_STYLE_FILL_AREA(#13513);
#13513 = FILL_AREA_STYLE('',(#13514));
#13514 = FILL_AREA_STYLE_COLOUR('',#12771);
#13515 = STYLED_ITEM('color',(#13516),#4198);
#13516 = PRESENTATION_STYLE_ASSIGNMENT((#13517));
#13517 = SURFACE_STYLE_USAGE(.BOTH.,#13518);
#13518 = SURFACE_SIDE_STYLE('',(#13519));
#13519 = SURFACE_STYLE_FILL_AREA(#13520);
#13520 = FILL_AREA_STYLE('',(#13521));
#13521 = FILL_AREA_STYLE_COLOUR('',#12771);
#13522 = STYLED_ITEM('color',(#13523),#4209);
#13523 = PRESENTATION_STYLE_ASSIGNMENT((#13524));
#13524 = SURFACE_STYLE_USAGE(.BOTH.,#13525);
#13525 = SURFACE_SIDE_STYLE('',(#13526));
#13526 = SURFACE_STYLE_FILL_AREA(#13527);
#13527 = FILL_AREA_STYLE('',(#13528));
#13528 = FILL_AREA_STYLE_COLOUR('',#12849);
#13529 = STYLED_ITEM('color',(#13530),#4274);
#13530 = PRESENTATION_STYLE_ASSIGNMENT((#13531));
#13531 = SURFACE_STYLE_USAGE(.BOTH.,#13532);
#13532 = SURFACE_SIDE_STYLE('',(#13533));
#13533 = SURFACE_STYLE_FILL_AREA(#13534);
#13534 = FILL_AREA_STYLE('',(#13535));
#13535 = FILL_AREA_STYLE_COLOUR('',#12849);
#13536 = STYLED_ITEM('color',(#13537),#4298);
#13537 = PRESENTATION_STYLE_ASSIGNMENT((#13538));
#13538 = SURFACE_STYLE_USAGE(.BOTH.,#13539);
#13539 = SURFACE_SIDE_STYLE('',(#13540));
#13540 = SURFACE_STYLE_FILL_AREA(#13541);
#13541 = FILL_AREA_STYLE('',(#13542));
#13542 = FILL_AREA_STYLE_COLOUR('',#12849);
#13543 = STYLED_ITEM('color',(#13544),#4356);
#13544 = PRESENTATION_STYLE_ASSIGNMENT((#13545));
#13545 = SURFACE_STYLE_USAGE(.BOTH.,#13546);
#13546 = SURFACE_SIDE_STYLE('',(#13547));
#13547 = SURFACE_STYLE_FILL_AREA(#13548);
#13548 = FILL_AREA_STYLE('',(#13549));
#13549 = FILL_AREA_STYLE_COLOUR('',#12849);
#13550 = STYLED_ITEM('color',(#13551),#4373);
#13551 = PRESENTATION_STYLE_ASSIGNMENT((#13552));
#13552 = SURFACE_STYLE_USAGE(.BOTH.,#13553);
#13553 = SURFACE_SIDE_STYLE('',(#13554));
#13554 = SURFACE_STYLE_FILL_AREA(#13555);
#13555 = FILL_AREA_STYLE('',(#13556));
#13556 = FILL_AREA_STYLE_COLOUR('',#12849);
#13557 = STYLED_ITEM('color',(#13558),#4438);
#13558 = PRESENTATION_STYLE_ASSIGNMENT((#13559));
#13559 = SURFACE_STYLE_USAGE(.BOTH.,#13560);
#13560 = SURFACE_SIDE_STYLE('',(#13561));
#13561 = SURFACE_STYLE_FILL_AREA(#13562);
#13562 = FILL_AREA_STYLE('',(#13563));
#13563 = FILL_AREA_STYLE_COLOUR('',#12849);
#13564 = STYLED_ITEM('color',(#13565),#4462);
#13565 = PRESENTATION_STYLE_ASSIGNMENT((#13566));
#13566 = SURFACE_STYLE_USAGE(.BOTH.,#13567);
#13567 = SURFACE_SIDE_STYLE('',(#13568));
#13568 = SURFACE_STYLE_FILL_AREA(#13569);
#13569 = FILL_AREA_STYLE('',(#13570));
#13570 = FILL_AREA_STYLE_COLOUR('',#12849);
#13571 = STYLED_ITEM('color',(#13572),#4520);
#13572 = PRESENTATION_STYLE_ASSIGNMENT((#13573));
#13573 = SURFACE_STYLE_USAGE(.BOTH.,#13574);
#13574 = SURFACE_SIDE_STYLE('',(#13575));
#13575 = SURFACE_STYLE_FILL_AREA(#13576);
#13576 = FILL_AREA_STYLE('',(#13577));
#13577 = FILL_AREA_STYLE_COLOUR('',#12849);
#13578 = STYLED_ITEM('color',(#13579),#4537);
#13579 = PRESENTATION_STYLE_ASSIGNMENT((#13580));
#13580 = SURFACE_STYLE_USAGE(.BOTH.,#13581);
#13581 = SURFACE_SIDE_STYLE('',(#13582));
#13582 = SURFACE_STYLE_FILL_AREA(#13583);
#13583 = FILL_AREA_STYLE('',(#13584));
#13584 = FILL_AREA_STYLE_COLOUR('',#12849);
#13585 = STYLED_ITEM('color',(#13586),#4568);
#13586 = PRESENTATION_STYLE_ASSIGNMENT((#13587));
#13587 = SURFACE_STYLE_USAGE(.BOTH.,#13588);
#13588 = SURFACE_SIDE_STYLE('',(#13589));
#13589 = SURFACE_STYLE_FILL_AREA(#13590);
#13590 = FILL_AREA_STYLE('',(#13591));
#13591 = FILL_AREA_STYLE_COLOUR('',#12849);
#13592 = STYLED_ITEM('color',(#13593),#4626);
#13593 = PRESENTATION_STYLE_ASSIGNMENT((#13594));
#13594 = SURFACE_STYLE_USAGE(.BOTH.,#13595);
#13595 = SURFACE_SIDE_STYLE('',(#13596));
#13596 = SURFACE_STYLE_FILL_AREA(#13597);
#13597 = FILL_AREA_STYLE('',(#13598));
#13598 = FILL_AREA_STYLE_COLOUR('',#12849);
#13599 = STYLED_ITEM('color',(#13600),#4650);
#13600 = PRESENTATION_STYLE_ASSIGNMENT((#13601));
#13601 = SURFACE_STYLE_USAGE(.BOTH.,#13602);
#13602 = SURFACE_SIDE_STYLE('',(#13603));
#13603 = SURFACE_STYLE_FILL_AREA(#13604);
#13604 = FILL_AREA_STYLE('',(#13605));
#13605 = FILL_AREA_STYLE_COLOUR('',#12849);
#13606 = STYLED_ITEM('color',(#13607),#4701);
#13607 = PRESENTATION_STYLE_ASSIGNMENT((#13608));
#13608 = SURFACE_STYLE_USAGE(.BOTH.,#13609);
#13609 = SURFACE_SIDE_STYLE('',(#13610));
#13610 = SURFACE_STYLE_FILL_AREA(#13611);
#13611 = FILL_AREA_STYLE('',(#13612));
#13612 = FILL_AREA_STYLE_COLOUR('',#12849);
#13613 = STYLED_ITEM('color',(#13614),#4732);
#13614 = PRESENTATION_STYLE_ASSIGNMENT((#13615));
#13615 = SURFACE_STYLE_USAGE(.BOTH.,#13616);
#13616 = SURFACE_SIDE_STYLE('',(#13617));
#13617 = SURFACE_STYLE_FILL_AREA(#13618);
#13618 = FILL_AREA_STYLE('',(#13619));
#13619 = FILL_AREA_STYLE_COLOUR('',#12849);
#13620 = STYLED_ITEM('color',(#13621),#4790);
#13621 = PRESENTATION_STYLE_ASSIGNMENT((#13622));
#13622 = SURFACE_STYLE_USAGE(.BOTH.,#13623);
#13623 = SURFACE_SIDE_STYLE('',(#13624));
#13624 = SURFACE_STYLE_FILL_AREA(#13625);
#13625 = FILL_AREA_STYLE('',(#13626));
#13626 = FILL_AREA_STYLE_COLOUR('',#12849);
#13627 = STYLED_ITEM('color',(#13628),#4814);
#13628 = PRESENTATION_STYLE_ASSIGNMENT((#13629));
#13629 = SURFACE_STYLE_USAGE(.BOTH.,#13630);
#13630 = SURFACE_SIDE_STYLE('',(#13631));
#13631 = SURFACE_STYLE_FILL_AREA(#13632);
#13632 = FILL_AREA_STYLE('',(#13633));
#13633 = FILL_AREA_STYLE_COLOUR('',#12849);
#13634 = STYLED_ITEM('color',(#13635),#4865);
#13635 = PRESENTATION_STYLE_ASSIGNMENT((#13636));
#13636 = SURFACE_STYLE_USAGE(.BOTH.,#13637);
#13637 = SURFACE_SIDE_STYLE('',(#13638));
#13638 = SURFACE_STYLE_FILL_AREA(#13639);
#13639 = FILL_AREA_STYLE('',(#13640));
#13640 = FILL_AREA_STYLE_COLOUR('',#12849);
#13641 = STYLED_ITEM('color',(#13642),#4896);
#13642 = PRESENTATION_STYLE_ASSIGNMENT((#13643));
#13643 = SURFACE_STYLE_USAGE(.BOTH.,#13644);
#13644 = SURFACE_SIDE_STYLE('',(#13645));
#13645 = SURFACE_STYLE_FILL_AREA(#13646);
#13646 = FILL_AREA_STYLE('',(#13647));
#13647 = FILL_AREA_STYLE_COLOUR('',#12849);
#13648 = STYLED_ITEM('color',(#13649),#4954);
#13649 = PRESENTATION_STYLE_ASSIGNMENT((#13650));
#13650 = SURFACE_STYLE_USAGE(.BOTH.,#13651);
#13651 = SURFACE_SIDE_STYLE('',(#13652));
#13652 = SURFACE_STYLE_FILL_AREA(#13653);
#13653 = FILL_AREA_STYLE('',(#13654));
#13654 = FILL_AREA_STYLE_COLOUR('',#12849);
#13655 = STYLED_ITEM('color',(#13656),#4978);
#13656 = PRESENTATION_STYLE_ASSIGNMENT((#13657));
#13657 = SURFACE_STYLE_USAGE(.BOTH.,#13658);
#13658 = SURFACE_SIDE_STYLE('',(#13659));
#13659 = SURFACE_STYLE_FILL_AREA(#13660);
#13660 = FILL_AREA_STYLE('',(#13661));
#13661 = FILL_AREA_STYLE_COLOUR('',#12849);
#13662 = STYLED_ITEM('color',(#13663),#5029);
#13663 = PRESENTATION_STYLE_ASSIGNMENT((#13664));
#13664 = SURFACE_STYLE_USAGE(.BOTH.,#13665);
#13665 = SURFACE_SIDE_STYLE('',(#13666));
#13666 = SURFACE_STYLE_FILL_AREA(#13667);
#13667 = FILL_AREA_STYLE('',(#13668));
#13668 = FILL_AREA_STYLE_COLOUR('',#12849);
#13669 = STYLED_ITEM('color',(#13670),#5094);
#13670 = PRESENTATION_STYLE_ASSIGNMENT((#13671));
#13671 = SURFACE_STYLE_USAGE(.BOTH.,#13672);
#13672 = SURFACE_SIDE_STYLE('',(#13673));
#13673 = SURFACE_STYLE_FILL_AREA(#13674);
#13674 = FILL_AREA_STYLE('',(#13675));
#13675 = FILL_AREA_STYLE_COLOUR('',#12849);
#13676 = STYLED_ITEM('color',(#13677),#5118);
#13677 = PRESENTATION_STYLE_ASSIGNMENT((#13678));
#13678 = SURFACE_STYLE_USAGE(.BOTH.,#13679);
#13679 = SURFACE_SIDE_STYLE('',(#13680));
#13680 = SURFACE_STYLE_FILL_AREA(#13681);
#13681 = FILL_AREA_STYLE('',(#13682));
#13682 = FILL_AREA_STYLE_COLOUR('',#12849);
#13683 = STYLED_ITEM('color',(#13684),#5176);
#13684 = PRESENTATION_STYLE_ASSIGNMENT((#13685));
#13685 = SURFACE_STYLE_USAGE(.BOTH.,#13686);
#13686 = SURFACE_SIDE_STYLE('',(#13687));
#13687 = SURFACE_STYLE_FILL_AREA(#13688);
#13688 = FILL_AREA_STYLE('',(#13689));
#13689 = FILL_AREA_STYLE_COLOUR('',#12849);
#13690 = STYLED_ITEM('color',(#13691),#5193);
#13691 = PRESENTATION_STYLE_ASSIGNMENT((#13692));
#13692 = SURFACE_STYLE_USAGE(.BOTH.,#13693);
#13693 = SURFACE_SIDE_STYLE('',(#13694));
#13694 = SURFACE_STYLE_FILL_AREA(#13695);
#13695 = FILL_AREA_STYLE('',(#13696));
#13696 = FILL_AREA_STYLE_COLOUR('',#12771);
#13697 = STYLED_ITEM('color',(#13698),#5210);
#13698 = PRESENTATION_STYLE_ASSIGNMENT((#13699));
#13699 = SURFACE_STYLE_USAGE(.BOTH.,#13700);
#13700 = SURFACE_SIDE_STYLE('',(#13701));
#13701 = SURFACE_STYLE_FILL_AREA(#13702);
#13702 = FILL_AREA_STYLE('',(#13703));
#13703 = FILL_AREA_STYLE_COLOUR('',#12771);
#13704 = STYLED_ITEM('color',(#13705),#5222);
#13705 = PRESENTATION_STYLE_ASSIGNMENT((#13706));
#13706 = SURFACE_STYLE_USAGE(.BOTH.,#13707);
#13707 = SURFACE_SIDE_STYLE('',(#13708));
#13708 = SURFACE_STYLE_FILL_AREA(#13709);
#13709 = FILL_AREA_STYLE('',(#13710));
#13710 = FILL_AREA_STYLE_COLOUR('',#12771);
#13711 = STYLED_ITEM('color',(#13712),#5234);
#13712 = PRESENTATION_STYLE_ASSIGNMENT((#13713));
#13713 = SURFACE_STYLE_USAGE(.BOTH.,#13714);
#13714 = SURFACE_SIDE_STYLE('',(#13715));
#13715 = SURFACE_STYLE_FILL_AREA(#13716);
#13716 = FILL_AREA_STYLE('',(#13717));
#13717 = FILL_AREA_STYLE_COLOUR('',#12849);
#13718 = STYLED_ITEM('color',(#13719),#5265);
#13719 = PRESENTATION_STYLE_ASSIGNMENT((#13720));
#13720 = SURFACE_STYLE_USAGE(.BOTH.,#13721);
#13721 = SURFACE_SIDE_STYLE('',(#13722));
#13722 = SURFACE_STYLE_FILL_AREA(#13723);
#13723 = FILL_AREA_STYLE('',(#13724));
#13724 = FILL_AREA_STYLE_COLOUR('',#12849);
#13725 = STYLED_ITEM('color',(#13726),#5289);
#13726 = PRESENTATION_STYLE_ASSIGNMENT((#13727));
#13727 = SURFACE_STYLE_USAGE(.BOTH.,#13728);
#13728 = SURFACE_SIDE_STYLE('',(#13729));
#13729 = SURFACE_STYLE_FILL_AREA(#13730);
#13730 = FILL_AREA_STYLE('',(#13731));
#13731 = FILL_AREA_STYLE_COLOUR('',#12849);
#13732 = STYLED_ITEM('color',(#13733),#5313);
#13733 = PRESENTATION_STYLE_ASSIGNMENT((#13734));
#13734 = SURFACE_STYLE_USAGE(.BOTH.,#13735);
#13735 = SURFACE_SIDE_STYLE('',(#13736));
#13736 = SURFACE_STYLE_FILL_AREA(#13737);
#13737 = FILL_AREA_STYLE('',(#13738));
#13738 = FILL_AREA_STYLE_COLOUR('',#12849);
#13739 = STYLED_ITEM('color',(#13740),#5330);
#13740 = PRESENTATION_STYLE_ASSIGNMENT((#13741));
#13741 = SURFACE_STYLE_USAGE(.BOTH.,#13742);
#13742 = SURFACE_SIDE_STYLE('',(#13743));
#13743 = SURFACE_STYLE_FILL_AREA(#13744);
#13744 = FILL_AREA_STYLE('',(#13745));
#13745 = FILL_AREA_STYLE_COLOUR('',#12849);
#13746 = STYLED_ITEM('color',(#13747),#5361);
#13747 = PRESENTATION_STYLE_ASSIGNMENT((#13748));
#13748 = SURFACE_STYLE_USAGE(.BOTH.,#13749);
#13749 = SURFACE_SIDE_STYLE('',(#13750));
#13750 = SURFACE_STYLE_FILL_AREA(#13751);
#13751 = FILL_AREA_STYLE('',(#13752));
#13752 = FILL_AREA_STYLE_COLOUR('',#12849);
#13753 = STYLED_ITEM('color',(#13754),#5385);
#13754 = PRESENTATION_STYLE_ASSIGNMENT((#13755));
#13755 = SURFACE_STYLE_USAGE(.BOTH.,#13756);
#13756 = SURFACE_SIDE_STYLE('',(#13757));
#13757 = SURFACE_STYLE_FILL_AREA(#13758);
#13758 = FILL_AREA_STYLE('',(#13759));
#13759 = FILL_AREA_STYLE_COLOUR('',#12849);
#13760 = STYLED_ITEM('color',(#13761),#5409);
#13761 = PRESENTATION_STYLE_ASSIGNMENT((#13762));
#13762 = SURFACE_STYLE_USAGE(.BOTH.,#13763);
#13763 = SURFACE_SIDE_STYLE('',(#13764));
#13764 = SURFACE_STYLE_FILL_AREA(#13765);
#13765 = FILL_AREA_STYLE('',(#13766));
#13766 = FILL_AREA_STYLE_COLOUR('',#12849);
#13767 = STYLED_ITEM('color',(#13768),#5426);
#13768 = PRESENTATION_STYLE_ASSIGNMENT((#13769));
#13769 = SURFACE_STYLE_USAGE(.BOTH.,#13770);
#13770 = SURFACE_SIDE_STYLE('',(#13771));
#13771 = SURFACE_STYLE_FILL_AREA(#13772);
#13772 = FILL_AREA_STYLE('',(#13773));
#13773 = FILL_AREA_STYLE_COLOUR('',#12849);
#13774 = STYLED_ITEM('color',(#13775),#5457);
#13775 = PRESENTATION_STYLE_ASSIGNMENT((#13776));
#13776 = SURFACE_STYLE_USAGE(.BOTH.,#13777);
#13777 = SURFACE_SIDE_STYLE('',(#13778));
#13778 = SURFACE_STYLE_FILL_AREA(#13779);
#13779 = FILL_AREA_STYLE('',(#13780));
#13780 = FILL_AREA_STYLE_COLOUR('',#12849);
#13781 = STYLED_ITEM('color',(#13782),#5481);
#13782 = PRESENTATION_STYLE_ASSIGNMENT((#13783));
#13783 = SURFACE_STYLE_USAGE(.BOTH.,#13784);
#13784 = SURFACE_SIDE_STYLE('',(#13785));
#13785 = SURFACE_STYLE_FILL_AREA(#13786);
#13786 = FILL_AREA_STYLE('',(#13787));
#13787 = FILL_AREA_STYLE_COLOUR('',#12849);
#13788 = STYLED_ITEM('color',(#13789),#5505);
#13789 = PRESENTATION_STYLE_ASSIGNMENT((#13790));
#13790 = SURFACE_STYLE_USAGE(.BOTH.,#13791);
#13791 = SURFACE_SIDE_STYLE('',(#13792));
#13792 = SURFACE_STYLE_FILL_AREA(#13793);
#13793 = FILL_AREA_STYLE('',(#13794));
#13794 = FILL_AREA_STYLE_COLOUR('',#12849);
#13795 = STYLED_ITEM('color',(#13796),#5522);
#13796 = PRESENTATION_STYLE_ASSIGNMENT((#13797));
#13797 = SURFACE_STYLE_USAGE(.BOTH.,#13798);
#13798 = SURFACE_SIDE_STYLE('',(#13799));
#13799 = SURFACE_STYLE_FILL_AREA(#13800);
#13800 = FILL_AREA_STYLE('',(#13801));
#13801 = FILL_AREA_STYLE_COLOUR('',#12849);
#13802 = STYLED_ITEM('color',(#13803),#5553);
#13803 = PRESENTATION_STYLE_ASSIGNMENT((#13804));
#13804 = SURFACE_STYLE_USAGE(.BOTH.,#13805);
#13805 = SURFACE_SIDE_STYLE('',(#13806));
#13806 = SURFACE_STYLE_FILL_AREA(#13807);
#13807 = FILL_AREA_STYLE('',(#13808));
#13808 = FILL_AREA_STYLE_COLOUR('',#12849);
#13809 = STYLED_ITEM('color',(#13810),#5577);
#13810 = PRESENTATION_STYLE_ASSIGNMENT((#13811));
#13811 = SURFACE_STYLE_USAGE(.BOTH.,#13812);
#13812 = SURFACE_SIDE_STYLE('',(#13813));
#13813 = SURFACE_STYLE_FILL_AREA(#13814);
#13814 = FILL_AREA_STYLE('',(#13815));
#13815 = FILL_AREA_STYLE_COLOUR('',#12849);
#13816 = STYLED_ITEM('color',(#13817),#5601);
#13817 = PRESENTATION_STYLE_ASSIGNMENT((#13818));
#13818 = SURFACE_STYLE_USAGE(.BOTH.,#13819);
#13819 = SURFACE_SIDE_STYLE('',(#13820));
#13820 = SURFACE_STYLE_FILL_AREA(#13821);
#13821 = FILL_AREA_STYLE('',(#13822));
#13822 = FILL_AREA_STYLE_COLOUR('',#12849);
#13823 = STYLED_ITEM('color',(#13824),#5618);
#13824 = PRESENTATION_STYLE_ASSIGNMENT((#13825));
#13825 = SURFACE_STYLE_USAGE(.BOTH.,#13826);
#13826 = SURFACE_SIDE_STYLE('',(#13827));
#13827 = SURFACE_STYLE_FILL_AREA(#13828);
#13828 = FILL_AREA_STYLE('',(#13829));
#13829 = FILL_AREA_STYLE_COLOUR('',#12849);
#13830 = STYLED_ITEM('color',(#13831),#5649);
#13831 = PRESENTATION_STYLE_ASSIGNMENT((#13832));
#13832 = SURFACE_STYLE_USAGE(.BOTH.,#13833);
#13833 = SURFACE_SIDE_STYLE('',(#13834));
#13834 = SURFACE_STYLE_FILL_AREA(#13835);
#13835 = FILL_AREA_STYLE('',(#13836));
#13836 = FILL_AREA_STYLE_COLOUR('',#12849);
#13837 = STYLED_ITEM('color',(#13838),#5673);
#13838 = PRESENTATION_STYLE_ASSIGNMENT((#13839));
#13839 = SURFACE_STYLE_USAGE(.BOTH.,#13840);
#13840 = SURFACE_SIDE_STYLE('',(#13841));
#13841 = SURFACE_STYLE_FILL_AREA(#13842);
#13842 = FILL_AREA_STYLE('',(#13843));
#13843 = FILL_AREA_STYLE_COLOUR('',#12849);
#13844 = STYLED_ITEM('color',(#13845),#5697);
#13845 = PRESENTATION_STYLE_ASSIGNMENT((#13846));
#13846 = SURFACE_STYLE_USAGE(.BOTH.,#13847);
#13847 = SURFACE_SIDE_STYLE('',(#13848));
#13848 = SURFACE_STYLE_FILL_AREA(#13849);
#13849 = FILL_AREA_STYLE('',(#13850));
#13850 = FILL_AREA_STYLE_COLOUR('',#12849);
#13851 = STYLED_ITEM('color',(#13852),#5714);
#13852 = PRESENTATION_STYLE_ASSIGNMENT((#13853));
#13853 = SURFACE_STYLE_USAGE(.BOTH.,#13854);
#13854 = SURFACE_SIDE_STYLE('',(#13855));
#13855 = SURFACE_STYLE_FILL_AREA(#13856);
#13856 = FILL_AREA_STYLE('',(#13857));
#13857 = FILL_AREA_STYLE_COLOUR('',#12849);
#13858 = STYLED_ITEM('color',(#13859),#5745);
#13859 = PRESENTATION_STYLE_ASSIGNMENT((#13860));
#13860 = SURFACE_STYLE_USAGE(.BOTH.,#13861);
#13861 = SURFACE_SIDE_STYLE('',(#13862));
#13862 = SURFACE_STYLE_FILL_AREA(#13863);
#13863 = FILL_AREA_STYLE('',(#13864));
#13864 = FILL_AREA_STYLE_COLOUR('',#12849);
#13865 = STYLED_ITEM('color',(#13866),#5769);
#13866 = PRESENTATION_STYLE_ASSIGNMENT((#13867));
#13867 = SURFACE_STYLE_USAGE(.BOTH.,#13868);
#13868 = SURFACE_SIDE_STYLE('',(#13869));
#13869 = SURFACE_STYLE_FILL_AREA(#13870);
#13870 = FILL_AREA_STYLE('',(#13871));
#13871 = FILL_AREA_STYLE_COLOUR('',#12849);
#13872 = STYLED_ITEM('color',(#13873),#5793);
#13873 = PRESENTATION_STYLE_ASSIGNMENT((#13874));
#13874 = SURFACE_STYLE_USAGE(.BOTH.,#13875);
#13875 = SURFACE_SIDE_STYLE('',(#13876));
#13876 = SURFACE_STYLE_FILL_AREA(#13877);
#13877 = FILL_AREA_STYLE('',(#13878));
#13878 = FILL_AREA_STYLE_COLOUR('',#12849);
#13879 = STYLED_ITEM('color',(#13880),#5810);
#13880 = PRESENTATION_STYLE_ASSIGNMENT((#13881));
#13881 = SURFACE_STYLE_USAGE(.BOTH.,#13882);
#13882 = SURFACE_SIDE_STYLE('',(#13883));
#13883 = SURFACE_STYLE_FILL_AREA(#13884);
#13884 = FILL_AREA_STYLE('',(#13885));
#13885 = FILL_AREA_STYLE_COLOUR('',#12849);
#13886 = STYLED_ITEM('color',(#13887),#5827);
#13887 = PRESENTATION_STYLE_ASSIGNMENT((#13888));
#13888 = SURFACE_STYLE_USAGE(.BOTH.,#13889);
#13889 = SURFACE_SIDE_STYLE('',(#13890));
#13890 = SURFACE_STYLE_FILL_AREA(#13891);
#13891 = FILL_AREA_STYLE('',(#13892));
#13892 = FILL_AREA_STYLE_COLOUR('',#12849);
#13893 = STYLED_ITEM('color',(#13894),#5839);
#13894 = PRESENTATION_STYLE_ASSIGNMENT((#13895));
#13895 = SURFACE_STYLE_USAGE(.BOTH.,#13896);
#13896 = SURFACE_SIDE_STYLE('',(#13897));
#13897 = SURFACE_STYLE_FILL_AREA(#13898);
#13898 = FILL_AREA_STYLE('',(#13899));
#13899 = FILL_AREA_STYLE_COLOUR('',#12849);
#13900 = STYLED_ITEM('color',(#13901),#5856);
#13901 = PRESENTATION_STYLE_ASSIGNMENT((#13902));
#13902 = SURFACE_STYLE_USAGE(.BOTH.,#13903);
#13903 = SURFACE_SIDE_STYLE('',(#13904));
#13904 = SURFACE_STYLE_FILL_AREA(#13905);
#13905 = FILL_AREA_STYLE('',(#13906));
#13906 = FILL_AREA_STYLE_COLOUR('',#12849);
#13907 = STYLED_ITEM('color',(#13908),#5868);
#13908 = PRESENTATION_STYLE_ASSIGNMENT((#13909));
#13909 = SURFACE_STYLE_USAGE(.BOTH.,#13910);
#13910 = SURFACE_SIDE_STYLE('',(#13911));
#13911 = SURFACE_STYLE_FILL_AREA(#13912);
#13912 = FILL_AREA_STYLE('',(#13913));
#13913 = FILL_AREA_STYLE_COLOUR('',#12849);
#13914 = STYLED_ITEM('color',(#13915),#5885);
#13915 = PRESENTATION_STYLE_ASSIGNMENT((#13916));
#13916 = SURFACE_STYLE_USAGE(.BOTH.,#13917);
#13917 = SURFACE_SIDE_STYLE('',(#13918));
#13918 = SURFACE_STYLE_FILL_AREA(#13919);
#13919 = FILL_AREA_STYLE('',(#13920));
#13920 = FILL_AREA_STYLE_COLOUR('',#12849);
#13921 = STYLED_ITEM('color',(#13922),#5902);
#13922 = PRESENTATION_STYLE_ASSIGNMENT((#13923));
#13923 = SURFACE_STYLE_USAGE(.BOTH.,#13924);
#13924 = SURFACE_SIDE_STYLE('',(#13925));
#13925 = SURFACE_STYLE_FILL_AREA(#13926);
#13926 = FILL_AREA_STYLE('',(#13927));
#13927 = FILL_AREA_STYLE_COLOUR('',#12849);
#13928 = STYLED_ITEM('color',(#13929),#5919);
#13929 = PRESENTATION_STYLE_ASSIGNMENT((#13930));
#13930 = SURFACE_STYLE_USAGE(.BOTH.,#13931);
#13931 = SURFACE_SIDE_STYLE('',(#13932));
#13932 = SURFACE_STYLE_FILL_AREA(#13933);
#13933 = FILL_AREA_STYLE('',(#13934));
#13934 = FILL_AREA_STYLE_COLOUR('',#12849);
#13935 = STYLED_ITEM('color',(#13936),#5936);
#13936 = PRESENTATION_STYLE_ASSIGNMENT((#13937));
#13937 = SURFACE_STYLE_USAGE(.BOTH.,#13938);
#13938 = SURFACE_SIDE_STYLE('',(#13939));
#13939 = SURFACE_STYLE_FILL_AREA(#13940);
#13940 = FILL_AREA_STYLE('',(#13941));
#13941 = FILL_AREA_STYLE_COLOUR('',#12849);
#13942 = STYLED_ITEM('color',(#13943),#5948);
#13943 = PRESENTATION_STYLE_ASSIGNMENT((#13944));
#13944 = SURFACE_STYLE_USAGE(.BOTH.,#13945);
#13945 = SURFACE_SIDE_STYLE('',(#13946));
#13946 = SURFACE_STYLE_FILL_AREA(#13947);
#13947 = FILL_AREA_STYLE('',(#13948));
#13948 = FILL_AREA_STYLE_COLOUR('',#12849);
#13949 = STYLED_ITEM('color',(#13950),#5965);
#13950 = PRESENTATION_STYLE_ASSIGNMENT((#13951));
#13951 = SURFACE_STYLE_USAGE(.BOTH.,#13952);
#13952 = SURFACE_SIDE_STYLE('',(#13953));
#13953 = SURFACE_STYLE_FILL_AREA(#13954);
#13954 = FILL_AREA_STYLE('',(#13955));
#13955 = FILL_AREA_STYLE_COLOUR('',#12849);
#13956 = STYLED_ITEM('color',(#13957),#5982);
#13957 = PRESENTATION_STYLE_ASSIGNMENT((#13958));
#13958 = SURFACE_STYLE_USAGE(.BOTH.,#13959);
#13959 = SURFACE_SIDE_STYLE('',(#13960));
#13960 = SURFACE_STYLE_FILL_AREA(#13961);
#13961 = FILL_AREA_STYLE('',(#13962));
#13962 = FILL_AREA_STYLE_COLOUR('',#12849);
#13963 = STYLED_ITEM('color',(#13964),#5999);
#13964 = PRESENTATION_STYLE_ASSIGNMENT((#13965));
#13965 = SURFACE_STYLE_USAGE(.BOTH.,#13966);
#13966 = SURFACE_SIDE_STYLE('',(#13967));
#13967 = SURFACE_STYLE_FILL_AREA(#13968);
#13968 = FILL_AREA_STYLE('',(#13969));
#13969 = FILL_AREA_STYLE_COLOUR('',#12849);
#13970 = STYLED_ITEM('color',(#13971),#6016);
#13971 = PRESENTATION_STYLE_ASSIGNMENT((#13972));
#13972 = SURFACE_STYLE_USAGE(.BOTH.,#13973);
#13973 = SURFACE_SIDE_STYLE('',(#13974));
#13974 = SURFACE_STYLE_FILL_AREA(#13975);
#13975 = FILL_AREA_STYLE('',(#13976));
#13976 = FILL_AREA_STYLE_COLOUR('',#12849);
#13977 = STYLED_ITEM('color',(#13978),#6028);
#13978 = PRESENTATION_STYLE_ASSIGNMENT((#13979));
#13979 = SURFACE_STYLE_USAGE(.BOTH.,#13980);
#13980 = SURFACE_SIDE_STYLE('',(#13981));
#13981 = SURFACE_STYLE_FILL_AREA(#13982);
#13982 = FILL_AREA_STYLE('',(#13983));
#13983 = FILL_AREA_STYLE_COLOUR('',#12849);
#13984 = STYLED_ITEM('color',(#13985),#6045);
#13985 = PRESENTATION_STYLE_ASSIGNMENT((#13986));
#13986 = SURFACE_STYLE_USAGE(.BOTH.,#13987);
#13987 = SURFACE_SIDE_STYLE('',(#13988));
#13988 = SURFACE_STYLE_FILL_AREA(#13989);
#13989 = FILL_AREA_STYLE('',(#13990));
#13990 = FILL_AREA_STYLE_COLOUR('',#12849);
#13991 = STYLED_ITEM('color',(#13992),#6062);
#13992 = PRESENTATION_STYLE_ASSIGNMENT((#13993));
#13993 = SURFACE_STYLE_USAGE(.BOTH.,#13994);
#13994 = SURFACE_SIDE_STYLE('',(#13995));
#13995 = SURFACE_STYLE_FILL_AREA(#13996);
#13996 = FILL_AREA_STYLE('',(#13997));
#13997 = FILL_AREA_STYLE_COLOUR('',#12849);
#13998 = STYLED_ITEM('color',(#13999),#6079);
#13999 = PRESENTATION_STYLE_ASSIGNMENT((#14000));
#14000 = SURFACE_STYLE_USAGE(.BOTH.,#14001);
#14001 = SURFACE_SIDE_STYLE('',(#14002));
#14002 = SURFACE_STYLE_FILL_AREA(#14003);
#14003 = FILL_AREA_STYLE('',(#14004));
#14004 = FILL_AREA_STYLE_COLOUR('',#12849);
#14005 = STYLED_ITEM('color',(#14006),#6096);
#14006 = PRESENTATION_STYLE_ASSIGNMENT((#14007));
#14007 = SURFACE_STYLE_USAGE(.BOTH.,#14008);
#14008 = SURFACE_SIDE_STYLE('',(#14009));
#14009 = SURFACE_STYLE_FILL_AREA(#14010);
#14010 = FILL_AREA_STYLE('',(#14011));
#14011 = FILL_AREA_STYLE_COLOUR('',#12849);
#14012 = STYLED_ITEM('color',(#14013),#6108);
#14013 = PRESENTATION_STYLE_ASSIGNMENT((#14014));
#14014 = SURFACE_STYLE_USAGE(.BOTH.,#14015);
#14015 = SURFACE_SIDE_STYLE('',(#14016));
#14016 = SURFACE_STYLE_FILL_AREA(#14017);
#14017 = FILL_AREA_STYLE('',(#14018));
#14018 = FILL_AREA_STYLE_COLOUR('',#12849);
#14019 = STYLED_ITEM('color',(#14020),#6125);
#14020 = PRESENTATION_STYLE_ASSIGNMENT((#14021));
#14021 = SURFACE_STYLE_USAGE(.BOTH.,#14022);
#14022 = SURFACE_SIDE_STYLE('',(#14023));
#14023 = SURFACE_STYLE_FILL_AREA(#14024);
#14024 = FILL_AREA_STYLE('',(#14025));
#14025 = FILL_AREA_STYLE_COLOUR('',#12849);
#14026 = STYLED_ITEM('color',(#14027),#6142);
#14027 = PRESENTATION_STYLE_ASSIGNMENT((#14028));
#14028 = SURFACE_STYLE_USAGE(.BOTH.,#14029);
#14029 = SURFACE_SIDE_STYLE('',(#14030));
#14030 = SURFACE_STYLE_FILL_AREA(#14031);
#14031 = FILL_AREA_STYLE('',(#14032));
#14032 = FILL_AREA_STYLE_COLOUR('',#12849);
#14033 = STYLED_ITEM('color',(#14034),#6159);
#14034 = PRESENTATION_STYLE_ASSIGNMENT((#14035));
#14035 = SURFACE_STYLE_USAGE(.BOTH.,#14036);
#14036 = SURFACE_SIDE_STYLE('',(#14037));
#14037 = SURFACE_STYLE_FILL_AREA(#14038);
#14038 = FILL_AREA_STYLE('',(#14039));
#14039 = FILL_AREA_STYLE_COLOUR('',#12849);
#14040 = STYLED_ITEM('color',(#14041),#6176);
#14041 = PRESENTATION_STYLE_ASSIGNMENT((#14042));
#14042 = SURFACE_STYLE_USAGE(.BOTH.,#14043);
#14043 = SURFACE_SIDE_STYLE('',(#14044));
#14044 = SURFACE_STYLE_FILL_AREA(#14045);
#14045 = FILL_AREA_STYLE('',(#14046));
#14046 = FILL_AREA_STYLE_COLOUR('',#12849);
#14047 = STYLED_ITEM('color',(#14048),#6188);
#14048 = PRESENTATION_STYLE_ASSIGNMENT((#14049));
#14049 = SURFACE_STYLE_USAGE(.BOTH.,#14050);
#14050 = SURFACE_SIDE_STYLE('',(#14051));
#14051 = SURFACE_STYLE_FILL_AREA(#14052);
#14052 = FILL_AREA_STYLE('',(#14053));
#14053 = FILL_AREA_STYLE_COLOUR('',#12849);
#14054 = STYLED_ITEM('color',(#14055),#6205);
#14055 = PRESENTATION_STYLE_ASSIGNMENT((#14056));
#14056 = SURFACE_STYLE_USAGE(.BOTH.,#14057);
#14057 = SURFACE_SIDE_STYLE('',(#14058));
#14058 = SURFACE_STYLE_FILL_AREA(#14059);
#14059 = FILL_AREA_STYLE('',(#14060));
#14060 = FILL_AREA_STYLE_COLOUR('',#12849);
#14061 = STYLED_ITEM('color',(#14062),#6222);
#14062 = PRESENTATION_STYLE_ASSIGNMENT((#14063));
#14063 = SURFACE_STYLE_USAGE(.BOTH.,#14064);
#14064 = SURFACE_SIDE_STYLE('',(#14065));
#14065 = SURFACE_STYLE_FILL_AREA(#14066);
#14066 = FILL_AREA_STYLE('',(#14067));
#14067 = FILL_AREA_STYLE_COLOUR('',#12849);
#14068 = STYLED_ITEM('color',(#14069),#6239);
#14069 = PRESENTATION_STYLE_ASSIGNMENT((#14070));
#14070 = SURFACE_STYLE_USAGE(.BOTH.,#14071);
#14071 = SURFACE_SIDE_STYLE('',(#14072));
#14072 = SURFACE_STYLE_FILL_AREA(#14073);
#14073 = FILL_AREA_STYLE('',(#14074));
#14074 = FILL_AREA_STYLE_COLOUR('',#12849);
#14075 = STYLED_ITEM('color',(#14076),#6256);
#14076 = PRESENTATION_STYLE_ASSIGNMENT((#14077));
#14077 = SURFACE_STYLE_USAGE(.BOTH.,#14078);
#14078 = SURFACE_SIDE_STYLE('',(#14079));
#14079 = SURFACE_STYLE_FILL_AREA(#14080);
#14080 = FILL_AREA_STYLE('',(#14081));
#14081 = FILL_AREA_STYLE_COLOUR('',#12849);
#14082 = STYLED_ITEM('color',(#14083),#6268);
#14083 = PRESENTATION_STYLE_ASSIGNMENT((#14084));
#14084 = SURFACE_STYLE_USAGE(.BOTH.,#14085);
#14085 = SURFACE_SIDE_STYLE('',(#14086));
#14086 = SURFACE_STYLE_FILL_AREA(#14087);
#14087 = FILL_AREA_STYLE('',(#14088));
#14088 = FILL_AREA_STYLE_COLOUR('',#12849);
#14089 = STYLED_ITEM('color',(#14090),#6285);
#14090 = PRESENTATION_STYLE_ASSIGNMENT((#14091));
#14091 = SURFACE_STYLE_USAGE(.BOTH.,#14092);
#14092 = SURFACE_SIDE_STYLE('',(#14093));
#14093 = SURFACE_STYLE_FILL_AREA(#14094);
#14094 = FILL_AREA_STYLE('',(#14095));
#14095 = FILL_AREA_STYLE_COLOUR('',#12849);
#14096 = STYLED_ITEM('color',(#14097),#6302);
#14097 = PRESENTATION_STYLE_ASSIGNMENT((#14098));
#14098 = SURFACE_STYLE_USAGE(.BOTH.,#14099);
#14099 = SURFACE_SIDE_STYLE('',(#14100));
#14100 = SURFACE_STYLE_FILL_AREA(#14101);
#14101 = FILL_AREA_STYLE('',(#14102));
#14102 = FILL_AREA_STYLE_COLOUR('',#12849);
#14103 = STYLED_ITEM('color',(#14104),#6319);
#14104 = PRESENTATION_STYLE_ASSIGNMENT((#14105));
#14105 = SURFACE_STYLE_USAGE(.BOTH.,#14106);
#14106 = SURFACE_SIDE_STYLE('',(#14107));
#14107 = SURFACE_STYLE_FILL_AREA(#14108);
#14108 = FILL_AREA_STYLE('',(#14109));
#14109 = FILL_AREA_STYLE_COLOUR('',#12849);
#14110 = STYLED_ITEM('color',(#14111),#6336);
#14111 = PRESENTATION_STYLE_ASSIGNMENT((#14112));
#14112 = SURFACE_STYLE_USAGE(.BOTH.,#14113);
#14113 = SURFACE_SIDE_STYLE('',(#14114));
#14114 = SURFACE_STYLE_FILL_AREA(#14115);
#14115 = FILL_AREA_STYLE('',(#14116));
#14116 = FILL_AREA_STYLE_COLOUR('',#12849);
#14117 = STYLED_ITEM('color',(#14118),#6348);
#14118 = PRESENTATION_STYLE_ASSIGNMENT((#14119));
#14119 = SURFACE_STYLE_USAGE(.BOTH.,#14120);
#14120 = SURFACE_SIDE_STYLE('',(#14121));
#14121 = SURFACE_STYLE_FILL_AREA(#14122);
#14122 = FILL_AREA_STYLE('',(#14123));
#14123 = FILL_AREA_STYLE_COLOUR('',#12849);
#14124 = STYLED_ITEM('color',(#14125),#6379);
#14125 = PRESENTATION_STYLE_ASSIGNMENT((#14126));
#14126 = SURFACE_STYLE_USAGE(.BOTH.,#14127);
#14127 = SURFACE_SIDE_STYLE('',(#14128));
#14128 = SURFACE_STYLE_FILL_AREA(#14129);
#14129 = FILL_AREA_STYLE('',(#14130));
#14130 = FILL_AREA_STYLE_COLOUR('',#12849);
#14131 = STYLED_ITEM('color',(#14132),#6403);
#14132 = PRESENTATION_STYLE_ASSIGNMENT((#14133));
#14133 = SURFACE_STYLE_USAGE(.BOTH.,#14134);
#14134 = SURFACE_SIDE_STYLE('',(#14135));
#14135 = SURFACE_STYLE_FILL_AREA(#14136);
#14136 = FILL_AREA_STYLE('',(#14137));
#14137 = FILL_AREA_STYLE_COLOUR('',#12849);
#14138 = STYLED_ITEM('color',(#14139),#6427);
#14139 = PRESENTATION_STYLE_ASSIGNMENT((#14140));
#14140 = SURFACE_STYLE_USAGE(.BOTH.,#14141);
#14141 = SURFACE_SIDE_STYLE('',(#14142));
#14142 = SURFACE_STYLE_FILL_AREA(#14143);
#14143 = FILL_AREA_STYLE('',(#14144));
#14144 = FILL_AREA_STYLE_COLOUR('',#12849);
#14145 = STYLED_ITEM('color',(#14146),#6444);
#14146 = PRESENTATION_STYLE_ASSIGNMENT((#14147));
#14147 = SURFACE_STYLE_USAGE(.BOTH.,#14148);
#14148 = SURFACE_SIDE_STYLE('',(#14149));
#14149 = SURFACE_STYLE_FILL_AREA(#14150);
#14150 = FILL_AREA_STYLE('',(#14151));
#14151 = FILL_AREA_STYLE_COLOUR('',#12849);
#14152 = STYLED_ITEM('color',(#14153),#6475);
#14153 = PRESENTATION_STYLE_ASSIGNMENT((#14154));
#14154 = SURFACE_STYLE_USAGE(.BOTH.,#14155);
#14155 = SURFACE_SIDE_STYLE('',(#14156));
#14156 = SURFACE_STYLE_FILL_AREA(#14157);
#14157 = FILL_AREA_STYLE('',(#14158));
#14158 = FILL_AREA_STYLE_COLOUR('',#12849);
#14159 = STYLED_ITEM('color',(#14160),#6499);
#14160 = PRESENTATION_STYLE_ASSIGNMENT((#14161));
#14161 = SURFACE_STYLE_USAGE(.BOTH.,#14162);
#14162 = SURFACE_SIDE_STYLE('',(#14163));
#14163 = SURFACE_STYLE_FILL_AREA(#14164);
#14164 = FILL_AREA_STYLE('',(#14165));
#14165 = FILL_AREA_STYLE_COLOUR('',#12849);
#14166 = STYLED_ITEM('color',(#14167),#6523);
#14167 = PRESENTATION_STYLE_ASSIGNMENT((#14168));
#14168 = SURFACE_STYLE_USAGE(.BOTH.,#14169);
#14169 = SURFACE_SIDE_STYLE('',(#14170));
#14170 = SURFACE_STYLE_FILL_AREA(#14171);
#14171 = FILL_AREA_STYLE('',(#14172));
#14172 = FILL_AREA_STYLE_COLOUR('',#12849);
#14173 = STYLED_ITEM('color',(#14174),#6540);
#14174 = PRESENTATION_STYLE_ASSIGNMENT((#14175));
#14175 = SURFACE_STYLE_USAGE(.BOTH.,#14176);
#14176 = SURFACE_SIDE_STYLE('',(#14177));
#14177 = SURFACE_STYLE_FILL_AREA(#14178);
#14178 = FILL_AREA_STYLE('',(#14179));
#14179 = FILL_AREA_STYLE_COLOUR('',#12849);
#14180 = STYLED_ITEM('color',(#14181),#6571);
#14181 = PRESENTATION_STYLE_ASSIGNMENT((#14182));
#14182 = SURFACE_STYLE_USAGE(.BOTH.,#14183);
#14183 = SURFACE_SIDE_STYLE('',(#14184));
#14184 = SURFACE_STYLE_FILL_AREA(#14185);
#14185 = FILL_AREA_STYLE('',(#14186));
#14186 = FILL_AREA_STYLE_COLOUR('',#12849);
#14187 = STYLED_ITEM('color',(#14188),#6595);
#14188 = PRESENTATION_STYLE_ASSIGNMENT((#14189));
#14189 = SURFACE_STYLE_USAGE(.BOTH.,#14190);
#14190 = SURFACE_SIDE_STYLE('',(#14191));
#14191 = SURFACE_STYLE_FILL_AREA(#14192);
#14192 = FILL_AREA_STYLE('',(#14193));
#14193 = FILL_AREA_STYLE_COLOUR('',#12849);
#14194 = STYLED_ITEM('color',(#14195),#6619);
#14195 = PRESENTATION_STYLE_ASSIGNMENT((#14196));
#14196 = SURFACE_STYLE_USAGE(.BOTH.,#14197);
#14197 = SURFACE_SIDE_STYLE('',(#14198));
#14198 = SURFACE_STYLE_FILL_AREA(#14199);
#14199 = FILL_AREA_STYLE('',(#14200));
#14200 = FILL_AREA_STYLE_COLOUR('',#12849);
#14201 = STYLED_ITEM('color',(#14202),#6636);
#14202 = PRESENTATION_STYLE_ASSIGNMENT((#14203));
#14203 = SURFACE_STYLE_USAGE(.BOTH.,#14204);
#14204 = SURFACE_SIDE_STYLE('',(#14205));
#14205 = SURFACE_STYLE_FILL_AREA(#14206);
#14206 = FILL_AREA_STYLE('',(#14207));
#14207 = FILL_AREA_STYLE_COLOUR('',#12849);
#14208 = STYLED_ITEM('color',(#14209),#6667);
#14209 = PRESENTATION_STYLE_ASSIGNMENT((#14210));
#14210 = SURFACE_STYLE_USAGE(.BOTH.,#14211);
#14211 = SURFACE_SIDE_STYLE('',(#14212));
#14212 = SURFACE_STYLE_FILL_AREA(#14213);
#14213 = FILL_AREA_STYLE('',(#14214));
#14214 = FILL_AREA_STYLE_COLOUR('',#12849);
#14215 = STYLED_ITEM('color',(#14216),#6691);
#14216 = PRESENTATION_STYLE_ASSIGNMENT((#14217));
#14217 = SURFACE_STYLE_USAGE(.BOTH.,#14218);
#14218 = SURFACE_SIDE_STYLE('',(#14219));
#14219 = SURFACE_STYLE_FILL_AREA(#14220);
#14220 = FILL_AREA_STYLE('',(#14221));
#14221 = FILL_AREA_STYLE_COLOUR('',#12849);
#14222 = STYLED_ITEM('color',(#14223),#6715);
#14223 = PRESENTATION_STYLE_ASSIGNMENT((#14224));
#14224 = SURFACE_STYLE_USAGE(.BOTH.,#14225);
#14225 = SURFACE_SIDE_STYLE('',(#14226));
#14226 = SURFACE_STYLE_FILL_AREA(#14227);
#14227 = FILL_AREA_STYLE('',(#14228));
#14228 = FILL_AREA_STYLE_COLOUR('',#12849);
#14229 = STYLED_ITEM('color',(#14230),#6732);
#14230 = PRESENTATION_STYLE_ASSIGNMENT((#14231));
#14231 = SURFACE_STYLE_USAGE(.BOTH.,#14232);
#14232 = SURFACE_SIDE_STYLE('',(#14233));
#14233 = SURFACE_STYLE_FILL_AREA(#14234);
#14234 = FILL_AREA_STYLE('',(#14235));
#14235 = FILL_AREA_STYLE_COLOUR('',#12849);
#14236 = STYLED_ITEM('color',(#14237),#6763);
#14237 = PRESENTATION_STYLE_ASSIGNMENT((#14238));
#14238 = SURFACE_STYLE_USAGE(.BOTH.,#14239);
#14239 = SURFACE_SIDE_STYLE('',(#14240));
#14240 = SURFACE_STYLE_FILL_AREA(#14241);
#14241 = FILL_AREA_STYLE('',(#14242));
#14242 = FILL_AREA_STYLE_COLOUR('',#12849);
#14243 = STYLED_ITEM('color',(#14244),#6787);
#14244 = PRESENTATION_STYLE_ASSIGNMENT((#14245));
#14245 = SURFACE_STYLE_USAGE(.BOTH.,#14246);
#14246 = SURFACE_SIDE_STYLE('',(#14247));
#14247 = SURFACE_STYLE_FILL_AREA(#14248);
#14248 = FILL_AREA_STYLE('',(#14249));
#14249 = FILL_AREA_STYLE_COLOUR('',#12849);
#14250 = STYLED_ITEM('color',(#14251),#6811);
#14251 = PRESENTATION_STYLE_ASSIGNMENT((#14252));
#14252 = SURFACE_STYLE_USAGE(.BOTH.,#14253);
#14253 = SURFACE_SIDE_STYLE('',(#14254));
#14254 = SURFACE_STYLE_FILL_AREA(#14255);
#14255 = FILL_AREA_STYLE('',(#14256));
#14256 = FILL_AREA_STYLE_COLOUR('',#12849);
#14257 = STYLED_ITEM('color',(#14258),#6828);
#14258 = PRESENTATION_STYLE_ASSIGNMENT((#14259));
#14259 = SURFACE_STYLE_USAGE(.BOTH.,#14260);
#14260 = SURFACE_SIDE_STYLE('',(#14261));
#14261 = SURFACE_STYLE_FILL_AREA(#14262);
#14262 = FILL_AREA_STYLE('',(#14263));
#14263 = FILL_AREA_STYLE_COLOUR('',#12849);
#14264 = STYLED_ITEM('color',(#14265),#6859);
#14265 = PRESENTATION_STYLE_ASSIGNMENT((#14266));
#14266 = SURFACE_STYLE_USAGE(.BOTH.,#14267);
#14267 = SURFACE_SIDE_STYLE('',(#14268));
#14268 = SURFACE_STYLE_FILL_AREA(#14269);
#14269 = FILL_AREA_STYLE('',(#14270));
#14270 = FILL_AREA_STYLE_COLOUR('',#12849);
#14271 = STYLED_ITEM('color',(#14272),#6883);
#14272 = PRESENTATION_STYLE_ASSIGNMENT((#14273));
#14273 = SURFACE_STYLE_USAGE(.BOTH.,#14274);
#14274 = SURFACE_SIDE_STYLE('',(#14275));
#14275 = SURFACE_STYLE_FILL_AREA(#14276);
#14276 = FILL_AREA_STYLE('',(#14277));
#14277 = FILL_AREA_STYLE_COLOUR('',#12849);
#14278 = STYLED_ITEM('color',(#14279),#6907);
#14279 = PRESENTATION_STYLE_ASSIGNMENT((#14280));
#14280 = SURFACE_STYLE_USAGE(.BOTH.,#14281);
#14281 = SURFACE_SIDE_STYLE('',(#14282));
#14282 = SURFACE_STYLE_FILL_AREA(#14283);
#14283 = FILL_AREA_STYLE('',(#14284));
#14284 = FILL_AREA_STYLE_COLOUR('',#12849);
#14285 = STYLED_ITEM('color',(#14286),#6924);
#14286 = PRESENTATION_STYLE_ASSIGNMENT((#14287));
#14287 = SURFACE_STYLE_USAGE(.BOTH.,#14288);
#14288 = SURFACE_SIDE_STYLE('',(#14289));
#14289 = SURFACE_STYLE_FILL_AREA(#14290);
#14290 = FILL_AREA_STYLE('',(#14291));
#14291 = FILL_AREA_STYLE_COLOUR('',#12849);
#14292 = STYLED_ITEM('color',(#14293),#6936);
#14293 = PRESENTATION_STYLE_ASSIGNMENT((#14294));
#14294 = SURFACE_STYLE_USAGE(.BOTH.,#14295);
#14295 = SURFACE_SIDE_STYLE('',(#14296));
#14296 = SURFACE_STYLE_FILL_AREA(#14297);
#14297 = FILL_AREA_STYLE('',(#14298));
#14298 = FILL_AREA_STYLE_COLOUR('',#12849);
#14299 = STYLED_ITEM('color',(#14300),#6948);
#14300 = PRESENTATION_STYLE_ASSIGNMENT((#14301));
#14301 = SURFACE_STYLE_USAGE(.BOTH.,#14302);
#14302 = SURFACE_SIDE_STYLE('',(#14303));
#14303 = SURFACE_STYLE_FILL_AREA(#14304);
#14304 = FILL_AREA_STYLE('',(#14305));
#14305 = FILL_AREA_STYLE_COLOUR('',#12849);
#14306 = STYLED_ITEM('color',(#14307),#6960);
#14307 = PRESENTATION_STYLE_ASSIGNMENT((#14308));
#14308 = SURFACE_STYLE_USAGE(.BOTH.,#14309);
#14309 = SURFACE_SIDE_STYLE('',(#14310));
#14310 = SURFACE_STYLE_FILL_AREA(#14311);
#14311 = FILL_AREA_STYLE('',(#14312));
#14312 = FILL_AREA_STYLE_COLOUR('',#12849);
#14313 = STYLED_ITEM('color',(#14314),#6972);
#14314 = PRESENTATION_STYLE_ASSIGNMENT((#14315));
#14315 = SURFACE_STYLE_USAGE(.BOTH.,#14316);
#14316 = SURFACE_SIDE_STYLE('',(#14317));
#14317 = SURFACE_STYLE_FILL_AREA(#14318);
#14318 = FILL_AREA_STYLE('',(#14319));
#14319 = FILL_AREA_STYLE_COLOUR('',#12849);
#14320 = STYLED_ITEM('color',(#14321),#6984);
#14321 = PRESENTATION_STYLE_ASSIGNMENT((#14322));
#14322 = SURFACE_STYLE_USAGE(.BOTH.,#14323);
#14323 = SURFACE_SIDE_STYLE('',(#14324));
#14324 = SURFACE_STYLE_FILL_AREA(#14325);
#14325 = FILL_AREA_STYLE('',(#14326));
#14326 = FILL_AREA_STYLE_COLOUR('',#12849);
#14327 = MECHANICAL_DESIGN_GEOMETRIC_PRESENTATION_REPRESENTATION('',(
    #14328),#12752);
#14328 = STYLED_ITEM('color',(#14329),#11978);
#14329 = PRESENTATION_STYLE_ASSIGNMENT((#14330));
#14330 = SURFACE_STYLE_USAGE(.BOTH.,#14331);
#14331 = SURFACE_SIDE_STYLE('',(#14332));
#14332 = SURFACE_STYLE_FILL_AREA(#14333);
#14333 = FILL_AREA_STYLE('',(#14334));
#14334 = FILL_AREA_STYLE_COLOUR('',#14335);
#14335 = COLOUR_RGB('',0.313304153717,0.484529207832,0.410020903123);
#14336 = MECHANICAL_DESIGN_GEOMETRIC_PRESENTATION_REPRESENTATION('',(
    #14337,#14345,#14352,#14359,#14366,#14373,#14380,#14388,#14395,
    #14402,#14409,#14416,#14423,#14430,#14437,#14444,#14451,#14458,
    #14465,#14472,#14479,#14486,#14493,#14500,#14507,#14514,#14521,
    #14528,#14535,#14542,#14549,#14556,#14563,#14570,#14577,#14584,
    #14591,#14598,#14605,#14613,#14620,#14627,#14634,#14641,#14648,
    #14655,#14662,#14669,#14676,#14683,#14691,#14698,#14705,#14712,
    #14719,#14726,#14733,#14740,#14747,#14754,#14761,#14768,#14775,
    #14782,#14789,#14796,#14803,#14810,#14817,#14824,#14831,#14838,
    #14845,#14852,#14859,#14866,#14873,#14880,#14887,#14894,#14901,
    #14908,#14915,#14922,#14929,#14936,#14943,#14950,#14957,#14964,
    #14971,#14978,#14985,#14992,#14999,#15006,#15013,#15020,#15027,
    #15034,#15041,#15048,#15055,#15062,#15069,#15076,#15083,#15090,
    #15097,#15104,#15111,#15118,#15125,#15132,#15139,#15146,#15153,
    #15160,#15167,#15174,#15181,#15188,#15195,#15202,#15209,#15216,
    #15223,#15230,#15237,#15244,#15251,#15258,#15265,#15272,#15279,
    #15286,#15293,#15300,#15307,#15314,#15321,#15328,#15335,#15342,
    #15349,#15356,#15363,#15370,#15377,#15384,#15391,#15398,#15405,
    #15412,#15419,#15426,#15433,#15440,#15447,#15454,#15461,#15468,
    #15475),#11949);
#14337 = STYLED_ITEM('color',(#14338),#7017);
#14338 = PRESENTATION_STYLE_ASSIGNMENT((#14339));
#14339 = SURFACE_STYLE_USAGE(.BOTH.,#14340);
#14340 = SURFACE_SIDE_STYLE('',(#14341));
#14341 = SURFACE_STYLE_FILL_AREA(#14342);
#14342 = FILL_AREA_STYLE('',(#14343));
#14343 = FILL_AREA_STYLE_COLOUR('',#14344);
#14344 = COLOUR_RGB('',0.823999987314,0.819999987296,0.781000009244);
#14345 = STYLED_ITEM('color',(#14346),#7057);
#14346 = PRESENTATION_STYLE_ASSIGNMENT((#14347));
#14347 = SURFACE_STYLE_USAGE(.BOTH.,#14348);
#14348 = SURFACE_SIDE_STYLE('',(#14349));
#14349 = SURFACE_STYLE_FILL_AREA(#14350);
#14350 = FILL_AREA_STYLE('',(#14351));
#14351 = FILL_AREA_STYLE_COLOUR('',#14344);
#14352 = STYLED_ITEM('color',(#14353),#7088);
#14353 = PRESENTATION_STYLE_ASSIGNMENT((#14354));
#14354 = SURFACE_STYLE_USAGE(.BOTH.,#14355);
#14355 = SURFACE_SIDE_STYLE('',(#14356));
#14356 = SURFACE_STYLE_FILL_AREA(#14357);
#14357 = FILL_AREA_STYLE('',(#14358));
#14358 = FILL_AREA_STYLE_COLOUR('',#14344);
#14359 = STYLED_ITEM('color',(#14360),#7285);
#14360 = PRESENTATION_STYLE_ASSIGNMENT((#14361));
#14361 = SURFACE_STYLE_USAGE(.BOTH.,#14362);
#14362 = SURFACE_SIDE_STYLE('',(#14363));
#14363 = SURFACE_STYLE_FILL_AREA(#14364);
#14364 = FILL_AREA_STYLE('',(#14365));
#14365 = FILL_AREA_STYLE_COLOUR('',#14344);
#14366 = STYLED_ITEM('color',(#14367),#7796);
#14367 = PRESENTATION_STYLE_ASSIGNMENT((#14368));
#14368 = SURFACE_STYLE_USAGE(.BOTH.,#14369);
#14369 = SURFACE_SIDE_STYLE('',(#14370));
#14370 = SURFACE_STYLE_FILL_AREA(#14371);
#14371 = FILL_AREA_STYLE('',(#14372));
#14372 = FILL_AREA_STYLE_COLOUR('',#14344);
#14373 = STYLED_ITEM('color',(#14374),#7817);
#14374 = PRESENTATION_STYLE_ASSIGNMENT((#14375));
#14375 = SURFACE_STYLE_USAGE(.BOTH.,#14376);
#14376 = SURFACE_SIDE_STYLE('',(#14377));
#14377 = SURFACE_STYLE_FILL_AREA(#14378);
#14378 = FILL_AREA_STYLE('',(#14379));
#14379 = FILL_AREA_STYLE_COLOUR('',#14344);
#14380 = STYLED_ITEM('color',(#14381),#7829);
#14381 = PRESENTATION_STYLE_ASSIGNMENT((#14382));
#14382 = SURFACE_STYLE_USAGE(.BOTH.,#14383);
#14383 = SURFACE_SIDE_STYLE('',(#14384));
#14384 = SURFACE_STYLE_FILL_AREA(#14385);
#14385 = FILL_AREA_STYLE('',(#14386));
#14386 = FILL_AREA_STYLE_COLOUR('',#14387);
#14387 = COLOUR_RGB('',0.399999997426,0.699999984889,0.150000005922);
#14388 = STYLED_ITEM('color',(#14389),#7860);
#14389 = PRESENTATION_STYLE_ASSIGNMENT((#14390));
#14390 = SURFACE_STYLE_USAGE(.BOTH.,#14391);
#14391 = SURFACE_SIDE_STYLE('',(#14392));
#14392 = SURFACE_STYLE_FILL_AREA(#14393);
#14393 = FILL_AREA_STYLE('',(#14394));
#14394 = FILL_AREA_STYLE_COLOUR('',#14387);
#14395 = STYLED_ITEM('color',(#14396),#7884);
#14396 = PRESENTATION_STYLE_ASSIGNMENT((#14397));
#14397 = SURFACE_STYLE_USAGE(.BOTH.,#14398);
#14398 = SURFACE_SIDE_STYLE('',(#14399));
#14399 = SURFACE_STYLE_FILL_AREA(#14400);
#14400 = FILL_AREA_STYLE('',(#14401));
#14401 = FILL_AREA_STYLE_COLOUR('',#14387);
#14402 = STYLED_ITEM('color',(#14403),#7908);
#14403 = PRESENTATION_STYLE_ASSIGNMENT((#14404));
#14404 = SURFACE_STYLE_USAGE(.BOTH.,#14405);
#14405 = SURFACE_SIDE_STYLE('',(#14406));
#14406 = SURFACE_STYLE_FILL_AREA(#14407);
#14407 = FILL_AREA_STYLE('',(#14408));
#14408 = FILL_AREA_STYLE_COLOUR('',#14387);
#14409 = STYLED_ITEM('color',(#14410),#7925);
#14410 = PRESENTATION_STYLE_ASSIGNMENT((#14411));
#14411 = SURFACE_STYLE_USAGE(.BOTH.,#14412);
#14412 = SURFACE_SIDE_STYLE('',(#14413));
#14413 = SURFACE_STYLE_FILL_AREA(#14414);
#14414 = FILL_AREA_STYLE('',(#14415));
#14415 = FILL_AREA_STYLE_COLOUR('',#14344);
#14416 = STYLED_ITEM('color',(#14417),#7972);
#14417 = PRESENTATION_STYLE_ASSIGNMENT((#14418));
#14418 = SURFACE_STYLE_USAGE(.BOTH.,#14419);
#14419 = SURFACE_SIDE_STYLE('',(#14420));
#14420 = SURFACE_STYLE_FILL_AREA(#14421);
#14421 = FILL_AREA_STYLE('',(#14422));
#14422 = FILL_AREA_STYLE_COLOUR('',#14344);
#14423 = STYLED_ITEM('color',(#14424),#7996);
#14424 = PRESENTATION_STYLE_ASSIGNMENT((#14425));
#14425 = SURFACE_STYLE_USAGE(.BOTH.,#14426);
#14426 = SURFACE_SIDE_STYLE('',(#14427));
#14427 = SURFACE_STYLE_FILL_AREA(#14428);
#14428 = FILL_AREA_STYLE('',(#14429));
#14429 = FILL_AREA_STYLE_COLOUR('',#14344);
#14430 = STYLED_ITEM('color',(#14431),#8052);
#14431 = PRESENTATION_STYLE_ASSIGNMENT((#14432));
#14432 = SURFACE_STYLE_USAGE(.BOTH.,#14433);
#14433 = SURFACE_SIDE_STYLE('',(#14434));
#14434 = SURFACE_STYLE_FILL_AREA(#14435);
#14435 = FILL_AREA_STYLE('',(#14436));
#14436 = FILL_AREA_STYLE_COLOUR('',#14344);
#14437 = STYLED_ITEM('color',(#14438),#8076);
#14438 = PRESENTATION_STYLE_ASSIGNMENT((#14439));
#14439 = SURFACE_STYLE_USAGE(.BOTH.,#14440);
#14440 = SURFACE_SIDE_STYLE('',(#14441));
#14441 = SURFACE_STYLE_FILL_AREA(#14442);
#14442 = FILL_AREA_STYLE('',(#14443));
#14443 = FILL_AREA_STYLE_COLOUR('',#14344);
#14444 = STYLED_ITEM('color',(#14445),#8100);
#14445 = PRESENTATION_STYLE_ASSIGNMENT((#14446));
#14446 = SURFACE_STYLE_USAGE(.BOTH.,#14447);
#14447 = SURFACE_SIDE_STYLE('',(#14448));
#14448 = SURFACE_STYLE_FILL_AREA(#14449);
#14449 = FILL_AREA_STYLE('',(#14450));
#14450 = FILL_AREA_STYLE_COLOUR('',#14344);
#14451 = STYLED_ITEM('color',(#14452),#8124);
#14452 = PRESENTATION_STYLE_ASSIGNMENT((#14453));
#14453 = SURFACE_STYLE_USAGE(.BOTH.,#14454);
#14454 = SURFACE_SIDE_STYLE('',(#14455));
#14455 = SURFACE_STYLE_FILL_AREA(#14456);
#14456 = FILL_AREA_STYLE('',(#14457));
#14457 = FILL_AREA_STYLE_COLOUR('',#14344);
#14458 = STYLED_ITEM('color',(#14459),#8180);
#14459 = PRESENTATION_STYLE_ASSIGNMENT((#14460));
#14460 = SURFACE_STYLE_USAGE(.BOTH.,#14461);
#14461 = SURFACE_SIDE_STYLE('',(#14462));
#14462 = SURFACE_STYLE_FILL_AREA(#14463);
#14463 = FILL_AREA_STYLE('',(#14464));
#14464 = FILL_AREA_STYLE_COLOUR('',#14344);
#14465 = STYLED_ITEM('color',(#14466),#8213);
#14466 = PRESENTATION_STYLE_ASSIGNMENT((#14467));
#14467 = SURFACE_STYLE_USAGE(.BOTH.,#14468);
#14468 = SURFACE_SIDE_STYLE('',(#14469));
#14469 = SURFACE_STYLE_FILL_AREA(#14470);
#14470 = FILL_AREA_STYLE('',(#14471));
#14471 = FILL_AREA_STYLE_COLOUR('',#14387);
#14472 = STYLED_ITEM('color',(#14473),#8244);
#14473 = PRESENTATION_STYLE_ASSIGNMENT((#14474));
#14474 = SURFACE_STYLE_USAGE(.BOTH.,#14475);
#14475 = SURFACE_SIDE_STYLE('',(#14476));
#14476 = SURFACE_STYLE_FILL_AREA(#14477);
#14477 = FILL_AREA_STYLE('',(#14478));
#14478 = FILL_AREA_STYLE_COLOUR('',#14387);
#14479 = STYLED_ITEM('color',(#14480),#8268);
#14480 = PRESENTATION_STYLE_ASSIGNMENT((#14481));
#14481 = SURFACE_STYLE_USAGE(.BOTH.,#14482);
#14482 = SURFACE_SIDE_STYLE('',(#14483));
#14483 = SURFACE_STYLE_FILL_AREA(#14484);
#14484 = FILL_AREA_STYLE('',(#14485));
#14485 = FILL_AREA_STYLE_COLOUR('',#14387);
#14486 = STYLED_ITEM('color',(#14487),#8292);
#14487 = PRESENTATION_STYLE_ASSIGNMENT((#14488));
#14488 = SURFACE_STYLE_USAGE(.BOTH.,#14489);
#14489 = SURFACE_SIDE_STYLE('',(#14490));
#14490 = SURFACE_STYLE_FILL_AREA(#14491);
#14491 = FILL_AREA_STYLE('',(#14492));
#14492 = FILL_AREA_STYLE_COLOUR('',#14387);
#14493 = STYLED_ITEM('color',(#14494),#8309);
#14494 = PRESENTATION_STYLE_ASSIGNMENT((#14495));
#14495 = SURFACE_STYLE_USAGE(.BOTH.,#14496);
#14496 = SURFACE_SIDE_STYLE('',(#14497));
#14497 = SURFACE_STYLE_FILL_AREA(#14498);
#14498 = FILL_AREA_STYLE('',(#14499));
#14499 = FILL_AREA_STYLE_COLOUR('',#14344);
#14500 = STYLED_ITEM('color',(#14501),#8340);
#14501 = PRESENTATION_STYLE_ASSIGNMENT((#14502));
#14502 = SURFACE_STYLE_USAGE(.BOTH.,#14503);
#14503 = SURFACE_SIDE_STYLE('',(#14504));
#14504 = SURFACE_STYLE_FILL_AREA(#14505);
#14505 = FILL_AREA_STYLE('',(#14506));
#14506 = FILL_AREA_STYLE_COLOUR('',#14344);
#14507 = STYLED_ITEM('color',(#14508),#8380);
#14508 = PRESENTATION_STYLE_ASSIGNMENT((#14509));
#14509 = SURFACE_STYLE_USAGE(.BOTH.,#14510);
#14510 = SURFACE_SIDE_STYLE('',(#14511));
#14511 = SURFACE_STYLE_FILL_AREA(#14512);
#14512 = FILL_AREA_STYLE('',(#14513));
#14513 = FILL_AREA_STYLE_COLOUR('',#14344);
#14514 = STYLED_ITEM('color',(#14515),#8404);
#14515 = PRESENTATION_STYLE_ASSIGNMENT((#14516));
#14516 = SURFACE_STYLE_USAGE(.BOTH.,#14517);
#14517 = SURFACE_SIDE_STYLE('',(#14518));
#14518 = SURFACE_STYLE_FILL_AREA(#14519);
#14519 = FILL_AREA_STYLE('',(#14520));
#14520 = FILL_AREA_STYLE_COLOUR('',#14344);
#14521 = STYLED_ITEM('color',(#14522),#8437);
#14522 = PRESENTATION_STYLE_ASSIGNMENT((#14523));
#14523 = SURFACE_STYLE_USAGE(.BOTH.,#14524);
#14524 = SURFACE_SIDE_STYLE('',(#14525));
#14525 = SURFACE_STYLE_FILL_AREA(#14526);
#14526 = FILL_AREA_STYLE('',(#14527));
#14527 = FILL_AREA_STYLE_COLOUR('',#14344);
#14528 = STYLED_ITEM('color',(#14529),#8462);
#14529 = PRESENTATION_STYLE_ASSIGNMENT((#14530));
#14530 = SURFACE_STYLE_USAGE(.BOTH.,#14531);
#14531 = SURFACE_SIDE_STYLE('',(#14532));
#14532 = SURFACE_STYLE_FILL_AREA(#14533);
#14533 = FILL_AREA_STYLE('',(#14534));
#14534 = FILL_AREA_STYLE_COLOUR('',#14344);
#14535 = STYLED_ITEM('color',(#14536),#8487);
#14536 = PRESENTATION_STYLE_ASSIGNMENT((#14537));
#14537 = SURFACE_STYLE_USAGE(.BOTH.,#14538);
#14538 = SURFACE_SIDE_STYLE('',(#14539));
#14539 = SURFACE_STYLE_FILL_AREA(#14540);
#14540 = FILL_AREA_STYLE('',(#14541));
#14541 = FILL_AREA_STYLE_COLOUR('',#14344);
#14542 = STYLED_ITEM('color',(#14543),#8512);
#14543 = PRESENTATION_STYLE_ASSIGNMENT((#14544));
#14544 = SURFACE_STYLE_USAGE(.BOTH.,#14545);
#14545 = SURFACE_SIDE_STYLE('',(#14546));
#14546 = SURFACE_STYLE_FILL_AREA(#14547);
#14547 = FILL_AREA_STYLE('',(#14548));
#14548 = FILL_AREA_STYLE_COLOUR('',#14344);
#14549 = STYLED_ITEM('color',(#14550),#8537);
#14550 = PRESENTATION_STYLE_ASSIGNMENT((#14551));
#14551 = SURFACE_STYLE_USAGE(.BOTH.,#14552);
#14552 = SURFACE_SIDE_STYLE('',(#14553));
#14553 = SURFACE_STYLE_FILL_AREA(#14554);
#14554 = FILL_AREA_STYLE('',(#14555));
#14555 = FILL_AREA_STYLE_COLOUR('',#14344);
#14556 = STYLED_ITEM('color',(#14557),#8562);
#14557 = PRESENTATION_STYLE_ASSIGNMENT((#14558));
#14558 = SURFACE_STYLE_USAGE(.BOTH.,#14559);
#14559 = SURFACE_SIDE_STYLE('',(#14560));
#14560 = SURFACE_STYLE_FILL_AREA(#14561);
#14561 = FILL_AREA_STYLE('',(#14562));
#14562 = FILL_AREA_STYLE_COLOUR('',#14344);
#14563 = STYLED_ITEM('color',(#14564),#8587);
#14564 = PRESENTATION_STYLE_ASSIGNMENT((#14565));
#14565 = SURFACE_STYLE_USAGE(.BOTH.,#14566);
#14566 = SURFACE_SIDE_STYLE('',(#14567));
#14567 = SURFACE_STYLE_FILL_AREA(#14568);
#14568 = FILL_AREA_STYLE('',(#14569));
#14569 = FILL_AREA_STYLE_COLOUR('',#14344);
#14570 = STYLED_ITEM('color',(#14571),#8612);
#14571 = PRESENTATION_STYLE_ASSIGNMENT((#14572));
#14572 = SURFACE_STYLE_USAGE(.BOTH.,#14573);
#14573 = SURFACE_SIDE_STYLE('',(#14574));
#14574 = SURFACE_STYLE_FILL_AREA(#14575);
#14575 = FILL_AREA_STYLE('',(#14576));
#14576 = FILL_AREA_STYLE_COLOUR('',#14344);
#14577 = STYLED_ITEM('color',(#14578),#8643);
#14578 = PRESENTATION_STYLE_ASSIGNMENT((#14579));
#14579 = SURFACE_STYLE_USAGE(.BOTH.,#14580);
#14580 = SURFACE_SIDE_STYLE('',(#14581));
#14581 = SURFACE_STYLE_FILL_AREA(#14582);
#14582 = FILL_AREA_STYLE('',(#14583));
#14583 = FILL_AREA_STYLE_COLOUR('',#14344);
#14584 = STYLED_ITEM('color',(#14585),#8683);
#14585 = PRESENTATION_STYLE_ASSIGNMENT((#14586));
#14586 = SURFACE_STYLE_USAGE(.BOTH.,#14587);
#14587 = SURFACE_SIDE_STYLE('',(#14588));
#14588 = SURFACE_STYLE_FILL_AREA(#14589);
#14589 = FILL_AREA_STYLE('',(#14590));
#14590 = FILL_AREA_STYLE_COLOUR('',#14344);
#14591 = STYLED_ITEM('color',(#14592),#8707);
#14592 = PRESENTATION_STYLE_ASSIGNMENT((#14593));
#14593 = SURFACE_STYLE_USAGE(.BOTH.,#14594);
#14594 = SURFACE_SIDE_STYLE('',(#14595));
#14595 = SURFACE_STYLE_FILL_AREA(#14596);
#14596 = FILL_AREA_STYLE('',(#14597));
#14597 = FILL_AREA_STYLE_COLOUR('',#14344);
#14598 = STYLED_ITEM('color',(#14599),#8740);
#14599 = PRESENTATION_STYLE_ASSIGNMENT((#14600));
#14600 = SURFACE_STYLE_USAGE(.BOTH.,#14601);
#14601 = SURFACE_SIDE_STYLE('',(#14602));
#14602 = SURFACE_STYLE_FILL_AREA(#14603);
#14603 = FILL_AREA_STYLE('',(#14604));
#14604 = FILL_AREA_STYLE_COLOUR('',#14344);
#14605 = STYLED_ITEM('color',(#14606),#8765);
#14606 = PRESENTATION_STYLE_ASSIGNMENT((#14607));
#14607 = SURFACE_STYLE_USAGE(.BOTH.,#14608);
#14608 = SURFACE_SIDE_STYLE('',(#14609));
#14609 = SURFACE_STYLE_FILL_AREA(#14610);
#14610 = FILL_AREA_STYLE('',(#14611));
#14611 = FILL_AREA_STYLE_COLOUR('',#14612);
#14612 = COLOUR_RGB('',0.713999977018,0.428400015816,0.18143999559);
#14613 = STYLED_ITEM('color',(#14614),#8777);
#14614 = PRESENTATION_STYLE_ASSIGNMENT((#14615));
#14615 = SURFACE_STYLE_USAGE(.BOTH.,#14616);
#14616 = SURFACE_SIDE_STYLE('',(#14617));
#14617 = SURFACE_STYLE_FILL_AREA(#14618);
#14618 = FILL_AREA_STYLE('',(#14619));
#14619 = FILL_AREA_STYLE_COLOUR('',#14612);
#14620 = STYLED_ITEM('color',(#14621),#8789);
#14621 = PRESENTATION_STYLE_ASSIGNMENT((#14622));
#14622 = SURFACE_STYLE_USAGE(.BOTH.,#14623);
#14623 = SURFACE_SIDE_STYLE('',(#14624));
#14624 = SURFACE_STYLE_FILL_AREA(#14625);
#14625 = FILL_AREA_STYLE('',(#14626));
#14626 = FILL_AREA_STYLE_COLOUR('',#14612);
#14627 = STYLED_ITEM('color',(#14628),#8801);
#14628 = PRESENTATION_STYLE_ASSIGNMENT((#14629));
#14629 = SURFACE_STYLE_USAGE(.BOTH.,#14630);
#14630 = SURFACE_SIDE_STYLE('',(#14631));
#14631 = SURFACE_STYLE_FILL_AREA(#14632);
#14632 = FILL_AREA_STYLE('',(#14633));
#14633 = FILL_AREA_STYLE_COLOUR('',#14612);
#14634 = STYLED_ITEM('color',(#14635),#8813);
#14635 = PRESENTATION_STYLE_ASSIGNMENT((#14636));
#14636 = SURFACE_STYLE_USAGE(.BOTH.,#14637);
#14637 = SURFACE_SIDE_STYLE('',(#14638));
#14638 = SURFACE_STYLE_FILL_AREA(#14639);
#14639 = FILL_AREA_STYLE('',(#14640));
#14640 = FILL_AREA_STYLE_COLOUR('',#14612);
#14641 = STYLED_ITEM('color',(#14642),#8825);
#14642 = PRESENTATION_STYLE_ASSIGNMENT((#14643));
#14643 = SURFACE_STYLE_USAGE(.BOTH.,#14644);
#14644 = SURFACE_SIDE_STYLE('',(#14645));
#14645 = SURFACE_STYLE_FILL_AREA(#14646);
#14646 = FILL_AREA_STYLE('',(#14647));
#14647 = FILL_AREA_STYLE_COLOUR('',#14612);
#14648 = STYLED_ITEM('color',(#14649),#8837);
#14649 = PRESENTATION_STYLE_ASSIGNMENT((#14650));
#14650 = SURFACE_STYLE_USAGE(.BOTH.,#14651);
#14651 = SURFACE_SIDE_STYLE('',(#14652));
#14652 = SURFACE_STYLE_FILL_AREA(#14653);
#14653 = FILL_AREA_STYLE('',(#14654));
#14654 = FILL_AREA_STYLE_COLOUR('',#14344);
#14655 = STYLED_ITEM('color',(#14656),#8862);
#14656 = PRESENTATION_STYLE_ASSIGNMENT((#14657));
#14657 = SURFACE_STYLE_USAGE(.BOTH.,#14658);
#14658 = SURFACE_SIDE_STYLE('',(#14659));
#14659 = SURFACE_STYLE_FILL_AREA(#14660);
#14660 = FILL_AREA_STYLE('',(#14661));
#14661 = FILL_AREA_STYLE_COLOUR('',#14344);
#14662 = STYLED_ITEM('color',(#14663),#8887);
#14663 = PRESENTATION_STYLE_ASSIGNMENT((#14664));
#14664 = SURFACE_STYLE_USAGE(.BOTH.,#14665);
#14665 = SURFACE_SIDE_STYLE('',(#14666));
#14666 = SURFACE_STYLE_FILL_AREA(#14667);
#14667 = FILL_AREA_STYLE('',(#14668));
#14668 = FILL_AREA_STYLE_COLOUR('',#14344);
#14669 = STYLED_ITEM('color',(#14670),#8912);
#14670 = PRESENTATION_STYLE_ASSIGNMENT((#14671));
#14671 = SURFACE_STYLE_USAGE(.BOTH.,#14672);
#14672 = SURFACE_SIDE_STYLE('',(#14673));
#14673 = SURFACE_STYLE_FILL_AREA(#14674);
#14674 = FILL_AREA_STYLE('',(#14675));
#14675 = FILL_AREA_STYLE_COLOUR('',#14344);
#14676 = STYLED_ITEM('color',(#14677),#8937);
#14677 = PRESENTATION_STYLE_ASSIGNMENT((#14678));
#14678 = SURFACE_STYLE_USAGE(.BOTH.,#14679);
#14679 = SURFACE_SIDE_STYLE('',(#14680));
#14680 = SURFACE_STYLE_FILL_AREA(#14681);
#14681 = FILL_AREA_STYLE('',(#14682));
#14682 = FILL_AREA_STYLE_COLOUR('',#14612);
#14683 = STYLED_ITEM('color',(#14684),#8949);
#14684 = PRESENTATION_STYLE_ASSIGNMENT((#14685));
#14685 = SURFACE_STYLE_USAGE(.BOTH.,#14686);
#14686 = SURFACE_SIDE_STYLE('',(#14687));
#14687 = SURFACE_STYLE_FILL_AREA(#14688);
#14688 = FILL_AREA_STYLE('',(#14689));
#14689 = FILL_AREA_STYLE_COLOUR('',#14690);
#14690 = COLOUR_RGB('',0.147999998088,0.144999993226,0.144999993226);
#14691 = STYLED_ITEM('color',(#14692),#9042);
#14692 = PRESENTATION_STYLE_ASSIGNMENT((#14693));
#14693 = SURFACE_STYLE_USAGE(.BOTH.,#14694);
#14694 = SURFACE_SIDE_STYLE('',(#14695));
#14695 = SURFACE_STYLE_FILL_AREA(#14696);
#14696 = FILL_AREA_STYLE('',(#14697));
#14697 = FILL_AREA_STYLE_COLOUR('',#14690);
#14698 = STYLED_ITEM('color',(#14699),#9135);
#14699 = PRESENTATION_STYLE_ASSIGNMENT((#14700));
#14700 = SURFACE_STYLE_USAGE(.BOTH.,#14701);
#14701 = SURFACE_SIDE_STYLE('',(#14702));
#14702 = SURFACE_STYLE_FILL_AREA(#14703);
#14703 = FILL_AREA_STYLE('',(#14704));
#14704 = FILL_AREA_STYLE_COLOUR('',#14612);
#14705 = STYLED_ITEM('color',(#14706),#9147);
#14706 = PRESENTATION_STYLE_ASSIGNMENT((#14707));
#14707 = SURFACE_STYLE_USAGE(.BOTH.,#14708);
#14708 = SURFACE_SIDE_STYLE('',(#14709));
#14709 = SURFACE_STYLE_FILL_AREA(#14710);
#14710 = FILL_AREA_STYLE('',(#14711));
#14711 = FILL_AREA_STYLE_COLOUR('',#14387);
#14712 = STYLED_ITEM('color',(#14713),#9178);
#14713 = PRESENTATION_STYLE_ASSIGNMENT((#14714));
#14714 = SURFACE_STYLE_USAGE(.BOTH.,#14715);
#14715 = SURFACE_SIDE_STYLE('',(#14716));
#14716 = SURFACE_STYLE_FILL_AREA(#14717);
#14717 = FILL_AREA_STYLE('',(#14718));
#14718 = FILL_AREA_STYLE_COLOUR('',#14387);
#14719 = STYLED_ITEM('color',(#14720),#9202);
#14720 = PRESENTATION_STYLE_ASSIGNMENT((#14721));
#14721 = SURFACE_STYLE_USAGE(.BOTH.,#14722);
#14722 = SURFACE_SIDE_STYLE('',(#14723));
#14723 = SURFACE_STYLE_FILL_AREA(#14724);
#14724 = FILL_AREA_STYLE('',(#14725));
#14725 = FILL_AREA_STYLE_COLOUR('',#14387);
#14726 = STYLED_ITEM('color',(#14727),#9226);
#14727 = PRESENTATION_STYLE_ASSIGNMENT((#14728));
#14728 = SURFACE_STYLE_USAGE(.BOTH.,#14729);
#14729 = SURFACE_SIDE_STYLE('',(#14730));
#14730 = SURFACE_STYLE_FILL_AREA(#14731);
#14731 = FILL_AREA_STYLE('',(#14732));
#14732 = FILL_AREA_STYLE_COLOUR('',#14387);
#14733 = STYLED_ITEM('color',(#14734),#9243);
#14734 = PRESENTATION_STYLE_ASSIGNMENT((#14735));
#14735 = SURFACE_STYLE_USAGE(.BOTH.,#14736);
#14736 = SURFACE_SIDE_STYLE('',(#14737));
#14737 = SURFACE_STYLE_FILL_AREA(#14738);
#14738 = FILL_AREA_STYLE('',(#14739));
#14739 = FILL_AREA_STYLE_COLOUR('',#14690);
#14740 = STYLED_ITEM('color',(#14741),#9587);
#14741 = PRESENTATION_STYLE_ASSIGNMENT((#14742));
#14742 = SURFACE_STYLE_USAGE(.BOTH.,#14743);
#14743 = SURFACE_SIDE_STYLE('',(#14744));
#14744 = SURFACE_STYLE_FILL_AREA(#14745);
#14745 = FILL_AREA_STYLE('',(#14746));
#14746 = FILL_AREA_STYLE_COLOUR('',#14690);
#14747 = STYLED_ITEM('color',(#14748),#9611);
#14748 = PRESENTATION_STYLE_ASSIGNMENT((#14749));
#14749 = SURFACE_STYLE_USAGE(.BOTH.,#14750);
#14750 = SURFACE_SIDE_STYLE('',(#14751));
#14751 = SURFACE_STYLE_FILL_AREA(#14752);
#14752 = FILL_AREA_STYLE('',(#14753));
#14753 = FILL_AREA_STYLE_COLOUR('',#14690);
#14754 = STYLED_ITEM('color',(#14755),#9639);
#14755 = PRESENTATION_STYLE_ASSIGNMENT((#14756));
#14756 = SURFACE_STYLE_USAGE(.BOTH.,#14757);
#14757 = SURFACE_SIDE_STYLE('',(#14758));
#14758 = SURFACE_STYLE_FILL_AREA(#14759);
#14759 = FILL_AREA_STYLE('',(#14760));
#14760 = FILL_AREA_STYLE_COLOUR('',#14344);
#14761 = STYLED_ITEM('color',(#14762),#9656);
#14762 = PRESENTATION_STYLE_ASSIGNMENT((#14763));
#14763 = SURFACE_STYLE_USAGE(.BOTH.,#14764);
#14764 = SURFACE_SIDE_STYLE('',(#14765));
#14765 = SURFACE_STYLE_FILL_AREA(#14766);
#14766 = FILL_AREA_STYLE('',(#14767));
#14767 = FILL_AREA_STYLE_COLOUR('',#14690);
#14768 = STYLED_ITEM('color',(#14769),#9673);
#14769 = PRESENTATION_STYLE_ASSIGNMENT((#14770));
#14770 = SURFACE_STYLE_USAGE(.BOTH.,#14771);
#14771 = SURFACE_SIDE_STYLE('',(#14772));
#14772 = SURFACE_STYLE_FILL_AREA(#14773);
#14773 = FILL_AREA_STYLE('',(#14774));
#14774 = FILL_AREA_STYLE_COLOUR('',#14690);
#14775 = STYLED_ITEM('color',(#14776),#9722);
#14776 = PRESENTATION_STYLE_ASSIGNMENT((#14777));
#14777 = SURFACE_STYLE_USAGE(.BOTH.,#14778);
#14778 = SURFACE_SIDE_STYLE('',(#14779));
#14779 = SURFACE_STYLE_FILL_AREA(#14780);
#14780 = FILL_AREA_STYLE('',(#14781));
#14781 = FILL_AREA_STYLE_COLOUR('',#14690);
#14782 = STYLED_ITEM('color',(#14783),#9739);
#14783 = PRESENTATION_STYLE_ASSIGNMENT((#14784));
#14784 = SURFACE_STYLE_USAGE(.BOTH.,#14785);
#14785 = SURFACE_SIDE_STYLE('',(#14786));
#14786 = SURFACE_STYLE_FILL_AREA(#14787);
#14787 = FILL_AREA_STYLE('',(#14788));
#14788 = FILL_AREA_STYLE_COLOUR('',#14690);
#14789 = STYLED_ITEM('color',(#14790),#9756);
#14790 = PRESENTATION_STYLE_ASSIGNMENT((#14791));
#14791 = SURFACE_STYLE_USAGE(.BOTH.,#14792);
#14792 = SURFACE_SIDE_STYLE('',(#14793));
#14793 = SURFACE_STYLE_FILL_AREA(#14794);
#14794 = FILL_AREA_STYLE('',(#14795));
#14795 = FILL_AREA_STYLE_COLOUR('',#14690);
#14796 = STYLED_ITEM('color',(#14797),#9773);
#14797 = PRESENTATION_STYLE_ASSIGNMENT((#14798));
#14798 = SURFACE_STYLE_USAGE(.BOTH.,#14799);
#14799 = SURFACE_SIDE_STYLE('',(#14800));
#14800 = SURFACE_STYLE_FILL_AREA(#14801);
#14801 = FILL_AREA_STYLE('',(#14802));
#14802 = FILL_AREA_STYLE_COLOUR('',#14387);
#14803 = STYLED_ITEM('color',(#14804),#9804);
#14804 = PRESENTATION_STYLE_ASSIGNMENT((#14805));
#14805 = SURFACE_STYLE_USAGE(.BOTH.,#14806);
#14806 = SURFACE_SIDE_STYLE('',(#14807));
#14807 = SURFACE_STYLE_FILL_AREA(#14808);
#14808 = FILL_AREA_STYLE('',(#14809));
#14809 = FILL_AREA_STYLE_COLOUR('',#14387);
#14810 = STYLED_ITEM('color',(#14811),#9828);
#14811 = PRESENTATION_STYLE_ASSIGNMENT((#14812));
#14812 = SURFACE_STYLE_USAGE(.BOTH.,#14813);
#14813 = SURFACE_SIDE_STYLE('',(#14814));
#14814 = SURFACE_STYLE_FILL_AREA(#14815);
#14815 = FILL_AREA_STYLE('',(#14816));
#14816 = FILL_AREA_STYLE_COLOUR('',#14387);
#14817 = STYLED_ITEM('color',(#14818),#9852);
#14818 = PRESENTATION_STYLE_ASSIGNMENT((#14819));
#14819 = SURFACE_STYLE_USAGE(.BOTH.,#14820);
#14820 = SURFACE_SIDE_STYLE('',(#14821));
#14821 = SURFACE_STYLE_FILL_AREA(#14822);
#14822 = FILL_AREA_STYLE('',(#14823));
#14823 = FILL_AREA_STYLE_COLOUR('',#14387);
#14824 = STYLED_ITEM('color',(#14825),#9869);
#14825 = PRESENTATION_STYLE_ASSIGNMENT((#14826));
#14826 = SURFACE_STYLE_USAGE(.BOTH.,#14827);
#14827 = SURFACE_SIDE_STYLE('',(#14828));
#14828 = SURFACE_STYLE_FILL_AREA(#14829);
#14829 = FILL_AREA_STYLE('',(#14830));
#14830 = FILL_AREA_STYLE_COLOUR('',#14344);
#14831 = STYLED_ITEM('color',(#14832),#9886);
#14832 = PRESENTATION_STYLE_ASSIGNMENT((#14833));
#14833 = SURFACE_STYLE_USAGE(.BOTH.,#14834);
#14834 = SURFACE_SIDE_STYLE('',(#14835));
#14835 = SURFACE_STYLE_FILL_AREA(#14836);
#14836 = FILL_AREA_STYLE('',(#14837));
#14837 = FILL_AREA_STYLE_COLOUR('',#14344);
#14838 = STYLED_ITEM('color',(#14839),#9903);
#14839 = PRESENTATION_STYLE_ASSIGNMENT((#14840));
#14840 = SURFACE_STYLE_USAGE(.BOTH.,#14841);
#14841 = SURFACE_SIDE_STYLE('',(#14842));
#14842 = SURFACE_STYLE_FILL_AREA(#14843);
#14843 = FILL_AREA_STYLE('',(#14844));
#14844 = FILL_AREA_STYLE_COLOUR('',#14344);
#14845 = STYLED_ITEM('color',(#14846),#9915);
#14846 = PRESENTATION_STYLE_ASSIGNMENT((#14847));
#14847 = SURFACE_STYLE_USAGE(.BOTH.,#14848);
#14848 = SURFACE_SIDE_STYLE('',(#14849));
#14849 = SURFACE_STYLE_FILL_AREA(#14850);
#14850 = FILL_AREA_STYLE('',(#14851));
#14851 = FILL_AREA_STYLE_COLOUR('',#14344);
#14852 = STYLED_ITEM('color',(#14853),#9924);
#14853 = PRESENTATION_STYLE_ASSIGNMENT((#14854));
#14854 = SURFACE_STYLE_USAGE(.BOTH.,#14855);
#14855 = SURFACE_SIDE_STYLE('',(#14856));
#14856 = SURFACE_STYLE_FILL_AREA(#14857);
#14857 = FILL_AREA_STYLE('',(#14858));
#14858 = FILL_AREA_STYLE_COLOUR('',#14344);
#14859 = STYLED_ITEM('color',(#14860),#9933);
#14860 = PRESENTATION_STYLE_ASSIGNMENT((#14861));
#14861 = SURFACE_STYLE_USAGE(.BOTH.,#14862);
#14862 = SURFACE_SIDE_STYLE('',(#14863));
#14863 = SURFACE_STYLE_FILL_AREA(#14864);
#14864 = FILL_AREA_STYLE('',(#14865));
#14865 = FILL_AREA_STYLE_COLOUR('',#14344);
#14866 = STYLED_ITEM('color',(#14867),#9942);
#14867 = PRESENTATION_STYLE_ASSIGNMENT((#14868));
#14868 = SURFACE_STYLE_USAGE(.BOTH.,#14869);
#14869 = SURFACE_SIDE_STYLE('',(#14870));
#14870 = SURFACE_STYLE_FILL_AREA(#14871);
#14871 = FILL_AREA_STYLE('',(#14872));
#14872 = FILL_AREA_STYLE_COLOUR('',#14344);
#14873 = STYLED_ITEM('color',(#14874),#9951);
#14874 = PRESENTATION_STYLE_ASSIGNMENT((#14875));
#14875 = SURFACE_STYLE_USAGE(.BOTH.,#14876);
#14876 = SURFACE_SIDE_STYLE('',(#14877));
#14877 = SURFACE_STYLE_FILL_AREA(#14878);
#14878 = FILL_AREA_STYLE('',(#14879));
#14879 = FILL_AREA_STYLE_COLOUR('',#14344);
#14880 = STYLED_ITEM('color',(#14881),#9960);
#14881 = PRESENTATION_STYLE_ASSIGNMENT((#14882));
#14882 = SURFACE_STYLE_USAGE(.BOTH.,#14883);
#14883 = SURFACE_SIDE_STYLE('',(#14884));
#14884 = SURFACE_STYLE_FILL_AREA(#14885);
#14885 = FILL_AREA_STYLE('',(#14886));
#14886 = FILL_AREA_STYLE_COLOUR('',#14344);
#14887 = STYLED_ITEM('color',(#14888),#9969);
#14888 = PRESENTATION_STYLE_ASSIGNMENT((#14889));
#14889 = SURFACE_STYLE_USAGE(.BOTH.,#14890);
#14890 = SURFACE_SIDE_STYLE('',(#14891));
#14891 = SURFACE_STYLE_FILL_AREA(#14892);
#14892 = FILL_AREA_STYLE('',(#14893));
#14893 = FILL_AREA_STYLE_COLOUR('',#14344);
#14894 = STYLED_ITEM('color',(#14895),#9978);
#14895 = PRESENTATION_STYLE_ASSIGNMENT((#14896));
#14896 = SURFACE_STYLE_USAGE(.BOTH.,#14897);
#14897 = SURFACE_SIDE_STYLE('',(#14898));
#14898 = SURFACE_STYLE_FILL_AREA(#14899);
#14899 = FILL_AREA_STYLE('',(#14900));
#14900 = FILL_AREA_STYLE_COLOUR('',#14344);
#14901 = STYLED_ITEM('color',(#14902),#9995);
#14902 = PRESENTATION_STYLE_ASSIGNMENT((#14903));
#14903 = SURFACE_STYLE_USAGE(.BOTH.,#14904);
#14904 = SURFACE_SIDE_STYLE('',(#14905));
#14905 = SURFACE_STYLE_FILL_AREA(#14906);
#14906 = FILL_AREA_STYLE('',(#14907));
#14907 = FILL_AREA_STYLE_COLOUR('',#14344);
#14908 = STYLED_ITEM('color',(#14909),#10012);
#14909 = PRESENTATION_STYLE_ASSIGNMENT((#14910));
#14910 = SURFACE_STYLE_USAGE(.BOTH.,#14911);
#14911 = SURFACE_SIDE_STYLE('',(#14912));
#14912 = SURFACE_STYLE_FILL_AREA(#14913);
#14913 = FILL_AREA_STYLE('',(#14914));
#14914 = FILL_AREA_STYLE_COLOUR('',#14344);
#14915 = STYLED_ITEM('color',(#14916),#10024);
#14916 = PRESENTATION_STYLE_ASSIGNMENT((#14917));
#14917 = SURFACE_STYLE_USAGE(.BOTH.,#14918);
#14918 = SURFACE_SIDE_STYLE('',(#14919));
#14919 = SURFACE_STYLE_FILL_AREA(#14920);
#14920 = FILL_AREA_STYLE('',(#14921));
#14921 = FILL_AREA_STYLE_COLOUR('',#14344);
#14922 = STYLED_ITEM('color',(#14923),#10033);
#14923 = PRESENTATION_STYLE_ASSIGNMENT((#14924));
#14924 = SURFACE_STYLE_USAGE(.BOTH.,#14925);
#14925 = SURFACE_SIDE_STYLE('',(#14926));
#14926 = SURFACE_STYLE_FILL_AREA(#14927);
#14927 = FILL_AREA_STYLE('',(#14928));
#14928 = FILL_AREA_STYLE_COLOUR('',#14344);
#14929 = STYLED_ITEM('color',(#14930),#10042);
#14930 = PRESENTATION_STYLE_ASSIGNMENT((#14931));
#14931 = SURFACE_STYLE_USAGE(.BOTH.,#14932);
#14932 = SURFACE_SIDE_STYLE('',(#14933));
#14933 = SURFACE_STYLE_FILL_AREA(#14934);
#14934 = FILL_AREA_STYLE('',(#14935));
#14935 = FILL_AREA_STYLE_COLOUR('',#14344);
#14936 = STYLED_ITEM('color',(#14937),#10051);
#14937 = PRESENTATION_STYLE_ASSIGNMENT((#14938));
#14938 = SURFACE_STYLE_USAGE(.BOTH.,#14939);
#14939 = SURFACE_SIDE_STYLE('',(#14940));
#14940 = SURFACE_STYLE_FILL_AREA(#14941);
#14941 = FILL_AREA_STYLE('',(#14942));
#14942 = FILL_AREA_STYLE_COLOUR('',#14344);
#14943 = STYLED_ITEM('color',(#14944),#10060);
#14944 = PRESENTATION_STYLE_ASSIGNMENT((#14945));
#14945 = SURFACE_STYLE_USAGE(.BOTH.,#14946);
#14946 = SURFACE_SIDE_STYLE('',(#14947));
#14947 = SURFACE_STYLE_FILL_AREA(#14948);
#14948 = FILL_AREA_STYLE('',(#14949));
#14949 = FILL_AREA_STYLE_COLOUR('',#14344);
#14950 = STYLED_ITEM('color',(#14951),#10069);
#14951 = PRESENTATION_STYLE_ASSIGNMENT((#14952));
#14952 = SURFACE_STYLE_USAGE(.BOTH.,#14953);
#14953 = SURFACE_SIDE_STYLE('',(#14954));
#14954 = SURFACE_STYLE_FILL_AREA(#14955);
#14955 = FILL_AREA_STYLE('',(#14956));
#14956 = FILL_AREA_STYLE_COLOUR('',#14690);
#14957 = STYLED_ITEM('color',(#14958),#10092);
#14958 = PRESENTATION_STYLE_ASSIGNMENT((#14959));
#14959 = SURFACE_STYLE_USAGE(.BOTH.,#14960);
#14960 = SURFACE_SIDE_STYLE('',(#14961));
#14961 = SURFACE_STYLE_FILL_AREA(#14962);
#14962 = FILL_AREA_STYLE('',(#14963));
#14963 = FILL_AREA_STYLE_COLOUR('',#14690);
#14964 = STYLED_ITEM('color',(#14965),#10109);
#14965 = PRESENTATION_STYLE_ASSIGNMENT((#14966));
#14966 = SURFACE_STYLE_USAGE(.BOTH.,#14967);
#14967 = SURFACE_SIDE_STYLE('',(#14968));
#14968 = SURFACE_STYLE_FILL_AREA(#14969);
#14969 = FILL_AREA_STYLE('',(#14970));
#14970 = FILL_AREA_STYLE_COLOUR('',#14690);
#14971 = STYLED_ITEM('color',(#14972),#10119);
#14972 = PRESENTATION_STYLE_ASSIGNMENT((#14973));
#14973 = SURFACE_STYLE_USAGE(.BOTH.,#14974);
#14974 = SURFACE_SIDE_STYLE('',(#14975));
#14975 = SURFACE_STYLE_FILL_AREA(#14976);
#14976 = FILL_AREA_STYLE('',(#14977));
#14977 = FILL_AREA_STYLE_COLOUR('',#14690);
#14978 = STYLED_ITEM('color',(#14979),#10136);
#14979 = PRESENTATION_STYLE_ASSIGNMENT((#14980));
#14980 = SURFACE_STYLE_USAGE(.BOTH.,#14981);
#14981 = SURFACE_SIDE_STYLE('',(#14982));
#14982 = SURFACE_STYLE_FILL_AREA(#14983);
#14983 = FILL_AREA_STYLE('',(#14984));
#14984 = FILL_AREA_STYLE_COLOUR('',#14690);
#14985 = STYLED_ITEM('color',(#14986),#10146);
#14986 = PRESENTATION_STYLE_ASSIGNMENT((#14987));
#14987 = SURFACE_STYLE_USAGE(.BOTH.,#14988);
#14988 = SURFACE_SIDE_STYLE('',(#14989));
#14989 = SURFACE_STYLE_FILL_AREA(#14990);
#14990 = FILL_AREA_STYLE('',(#14991));
#14991 = FILL_AREA_STYLE_COLOUR('',#14690);
#14992 = STYLED_ITEM('color',(#14993),#10169);
#14993 = PRESENTATION_STYLE_ASSIGNMENT((#14994));
#14994 = SURFACE_STYLE_USAGE(.BOTH.,#14995);
#14995 = SURFACE_SIDE_STYLE('',(#14996));
#14996 = SURFACE_STYLE_FILL_AREA(#14997);
#14997 = FILL_AREA_STYLE('',(#14998));
#14998 = FILL_AREA_STYLE_COLOUR('',#14690);
#14999 = STYLED_ITEM('color',(#15000),#10186);
#15000 = PRESENTATION_STYLE_ASSIGNMENT((#15001));
#15001 = SURFACE_STYLE_USAGE(.BOTH.,#15002);
#15002 = SURFACE_SIDE_STYLE('',(#15003));
#15003 = SURFACE_STYLE_FILL_AREA(#15004);
#15004 = FILL_AREA_STYLE('',(#15005));
#15005 = FILL_AREA_STYLE_COLOUR('',#14690);
#15006 = STYLED_ITEM('color',(#15007),#10196);
#15007 = PRESENTATION_STYLE_ASSIGNMENT((#15008));
#15008 = SURFACE_STYLE_USAGE(.BOTH.,#15009);
#15009 = SURFACE_SIDE_STYLE('',(#15010));
#15010 = SURFACE_STYLE_FILL_AREA(#15011);
#15011 = FILL_AREA_STYLE('',(#15012));
#15012 = FILL_AREA_STYLE_COLOUR('',#14690);
#15013 = STYLED_ITEM('color',(#15014),#10213);
#15014 = PRESENTATION_STYLE_ASSIGNMENT((#15015));
#15015 = SURFACE_STYLE_USAGE(.BOTH.,#15016);
#15016 = SURFACE_SIDE_STYLE('',(#15017));
#15017 = SURFACE_STYLE_FILL_AREA(#15018);
#15018 = FILL_AREA_STYLE('',(#15019));
#15019 = FILL_AREA_STYLE_COLOUR('',#14690);
#15020 = STYLED_ITEM('color',(#15021),#10223);
#15021 = PRESENTATION_STYLE_ASSIGNMENT((#15022));
#15022 = SURFACE_STYLE_USAGE(.BOTH.,#15023);
#15023 = SURFACE_SIDE_STYLE('',(#15024));
#15024 = SURFACE_STYLE_FILL_AREA(#15025);
#15025 = FILL_AREA_STYLE('',(#15026));
#15026 = FILL_AREA_STYLE_COLOUR('',#14387);
#15027 = STYLED_ITEM('color',(#15028),#10235);
#15028 = PRESENTATION_STYLE_ASSIGNMENT((#15029));
#15029 = SURFACE_STYLE_USAGE(.BOTH.,#15030);
#15030 = SURFACE_SIDE_STYLE('',(#15031));
#15031 = SURFACE_STYLE_FILL_AREA(#15032);
#15032 = FILL_AREA_STYLE('',(#15033));
#15033 = FILL_AREA_STYLE_COLOUR('',#14690);
#15034 = STYLED_ITEM('color',(#15035),#10252);
#15035 = PRESENTATION_STYLE_ASSIGNMENT((#15036));
#15036 = SURFACE_STYLE_USAGE(.BOTH.,#15037);
#15037 = SURFACE_SIDE_STYLE('',(#15038));
#15038 = SURFACE_STYLE_FILL_AREA(#15039);
#15039 = FILL_AREA_STYLE('',(#15040));
#15040 = FILL_AREA_STYLE_COLOUR('',#14690);
#15041 = STYLED_ITEM('color',(#15042),#10269);
#15042 = PRESENTATION_STYLE_ASSIGNMENT((#15043));
#15043 = SURFACE_STYLE_USAGE(.BOTH.,#15044);
#15044 = SURFACE_SIDE_STYLE('',(#15045));
#15045 = SURFACE_STYLE_FILL_AREA(#15046);
#15046 = FILL_AREA_STYLE('',(#15047));
#15047 = FILL_AREA_STYLE_COLOUR('',#14690);
#15048 = STYLED_ITEM('color',(#15049),#10281);
#15049 = PRESENTATION_STYLE_ASSIGNMENT((#15050));
#15050 = SURFACE_STYLE_USAGE(.BOTH.,#15051);
#15051 = SURFACE_SIDE_STYLE('',(#15052));
#15052 = SURFACE_STYLE_FILL_AREA(#15053);
#15053 = FILL_AREA_STYLE('',(#15054));
#15054 = FILL_AREA_STYLE_COLOUR('',#14690);
#15055 = STYLED_ITEM('color',(#15056),#10565);
#15056 = PRESENTATION_STYLE_ASSIGNMENT((#15057));
#15057 = SURFACE_STYLE_USAGE(.BOTH.,#15058);
#15058 = SURFACE_SIDE_STYLE('',(#15059));
#15059 = SURFACE_STYLE_FILL_AREA(#15060);
#15060 = FILL_AREA_STYLE('',(#15061));
#15061 = FILL_AREA_STYLE_COLOUR('',#14612);
#15062 = STYLED_ITEM('color',(#15063),#10603);
#15063 = PRESENTATION_STYLE_ASSIGNMENT((#15064));
#15064 = SURFACE_STYLE_USAGE(.BOTH.,#15065);
#15065 = SURFACE_SIDE_STYLE('',(#15066));
#15066 = SURFACE_STYLE_FILL_AREA(#15067);
#15067 = FILL_AREA_STYLE('',(#15068));
#15068 = FILL_AREA_STYLE_COLOUR('',#14612);
#15069 = STYLED_ITEM('color',(#15070),#10627);
#15070 = PRESENTATION_STYLE_ASSIGNMENT((#15071));
#15071 = SURFACE_STYLE_USAGE(.BOTH.,#15072);
#15072 = SURFACE_SIDE_STYLE('',(#15073));
#15073 = SURFACE_STYLE_FILL_AREA(#15074);
#15074 = FILL_AREA_STYLE('',(#15075));
#15075 = FILL_AREA_STYLE_COLOUR('',#14612);
#15076 = STYLED_ITEM('color',(#15077),#10651);
#15077 = PRESENTATION_STYLE_ASSIGNMENT((#15078));
#15078 = SURFACE_STYLE_USAGE(.BOTH.,#15079);
#15079 = SURFACE_SIDE_STYLE('',(#15080));
#15080 = SURFACE_STYLE_FILL_AREA(#15081);
#15081 = FILL_AREA_STYLE('',(#15082));
#15082 = FILL_AREA_STYLE_COLOUR('',#14612);
#15083 = STYLED_ITEM('color',(#15084),#10675);
#15084 = PRESENTATION_STYLE_ASSIGNMENT((#15085));
#15085 = SURFACE_STYLE_USAGE(.BOTH.,#15086);
#15086 = SURFACE_SIDE_STYLE('',(#15087));
#15087 = SURFACE_STYLE_FILL_AREA(#15088);
#15088 = FILL_AREA_STYLE('',(#15089));
#15089 = FILL_AREA_STYLE_COLOUR('',#14612);
#15090 = STYLED_ITEM('color',(#15091),#10713);
#15091 = PRESENTATION_STYLE_ASSIGNMENT((#15092));
#15092 = SURFACE_STYLE_USAGE(.BOTH.,#15093);
#15093 = SURFACE_SIDE_STYLE('',(#15094));
#15094 = SURFACE_STYLE_FILL_AREA(#15095);
#15095 = FILL_AREA_STYLE('',(#15096));
#15096 = FILL_AREA_STYLE_COLOUR('',#14612);
#15097 = STYLED_ITEM('color',(#15098),#10737);
#15098 = PRESENTATION_STYLE_ASSIGNMENT((#15099));
#15099 = SURFACE_STYLE_USAGE(.BOTH.,#15100);
#15100 = SURFACE_SIDE_STYLE('',(#15101));
#15101 = SURFACE_STYLE_FILL_AREA(#15102);
#15102 = FILL_AREA_STYLE('',(#15103));
#15103 = FILL_AREA_STYLE_COLOUR('',#14612);
#15104 = STYLED_ITEM('color',(#15105),#10761);
#15105 = PRESENTATION_STYLE_ASSIGNMENT((#15106));
#15106 = SURFACE_STYLE_USAGE(.BOTH.,#15107);
#15107 = SURFACE_SIDE_STYLE('',(#15108));
#15108 = SURFACE_STYLE_FILL_AREA(#15109);
#15109 = FILL_AREA_STYLE('',(#15110));
#15110 = FILL_AREA_STYLE_COLOUR('',#14612);
#15111 = STYLED_ITEM('color',(#15112),#10785);
#15112 = PRESENTATION_STYLE_ASSIGNMENT((#15113));
#15113 = SURFACE_STYLE_USAGE(.BOTH.,#15114);
#15114 = SURFACE_SIDE_STYLE('',(#15115));
#15115 = SURFACE_STYLE_FILL_AREA(#15116);
#15116 = FILL_AREA_STYLE('',(#15117));
#15117 = FILL_AREA_STYLE_COLOUR('',#14612);
#15118 = STYLED_ITEM('color',(#15119),#10823);
#15119 = PRESENTATION_STYLE_ASSIGNMENT((#15120));
#15120 = SURFACE_STYLE_USAGE(.BOTH.,#15121);
#15121 = SURFACE_SIDE_STYLE('',(#15122));
#15122 = SURFACE_STYLE_FILL_AREA(#15123);
#15123 = FILL_AREA_STYLE('',(#15124));
#15124 = FILL_AREA_STYLE_COLOUR('',#14612);
#15125 = STYLED_ITEM('color',(#15126),#10847);
#15126 = PRESENTATION_STYLE_ASSIGNMENT((#15127));
#15127 = SURFACE_STYLE_USAGE(.BOTH.,#15128);
#15128 = SURFACE_SIDE_STYLE('',(#15129));
#15129 = SURFACE_STYLE_FILL_AREA(#15130);
#15130 = FILL_AREA_STYLE('',(#15131));
#15131 = FILL_AREA_STYLE_COLOUR('',#14612);
#15132 = STYLED_ITEM('color',(#15133),#10871);
#15133 = PRESENTATION_STYLE_ASSIGNMENT((#15134));
#15134 = SURFACE_STYLE_USAGE(.BOTH.,#15135);
#15135 = SURFACE_SIDE_STYLE('',(#15136));
#15136 = SURFACE_STYLE_FILL_AREA(#15137);
#15137 = FILL_AREA_STYLE('',(#15138));
#15138 = FILL_AREA_STYLE_COLOUR('',#14612);
#15139 = STYLED_ITEM('color',(#15140),#10895);
#15140 = PRESENTATION_STYLE_ASSIGNMENT((#15141));
#15141 = SURFACE_STYLE_USAGE(.BOTH.,#15142);
#15142 = SURFACE_SIDE_STYLE('',(#15143));
#15143 = SURFACE_STYLE_FILL_AREA(#15144);
#15144 = FILL_AREA_STYLE('',(#15145));
#15145 = FILL_AREA_STYLE_COLOUR('',#14612);
#15146 = STYLED_ITEM('color',(#15147),#10933);
#15147 = PRESENTATION_STYLE_ASSIGNMENT((#15148));
#15148 = SURFACE_STYLE_USAGE(.BOTH.,#15149);
#15149 = SURFACE_SIDE_STYLE('',(#15150));
#15150 = SURFACE_STYLE_FILL_AREA(#15151);
#15151 = FILL_AREA_STYLE('',(#15152));
#15152 = FILL_AREA_STYLE_COLOUR('',#14612);
#15153 = STYLED_ITEM('color',(#15154),#10957);
#15154 = PRESENTATION_STYLE_ASSIGNMENT((#15155));
#15155 = SURFACE_STYLE_USAGE(.BOTH.,#15156);
#15156 = SURFACE_SIDE_STYLE('',(#15157));
#15157 = SURFACE_STYLE_FILL_AREA(#15158);
#15158 = FILL_AREA_STYLE('',(#15159));
#15159 = FILL_AREA_STYLE_COLOUR('',#14612);
#15160 = STYLED_ITEM('color',(#15161),#10981);
#15161 = PRESENTATION_STYLE_ASSIGNMENT((#15162));
#15162 = SURFACE_STYLE_USAGE(.BOTH.,#15163);
#15163 = SURFACE_SIDE_STYLE('',(#15164));
#15164 = SURFACE_STYLE_FILL_AREA(#15165);
#15165 = FILL_AREA_STYLE('',(#15166));
#15166 = FILL_AREA_STYLE_COLOUR('',#14612);
#15167 = STYLED_ITEM('color',(#15168),#11005);
#15168 = PRESENTATION_STYLE_ASSIGNMENT((#15169));
#15169 = SURFACE_STYLE_USAGE(.BOTH.,#15170);
#15170 = SURFACE_SIDE_STYLE('',(#15171));
#15171 = SURFACE_STYLE_FILL_AREA(#15172);
#15172 = FILL_AREA_STYLE('',(#15173));
#15173 = FILL_AREA_STYLE_COLOUR('',#14612);
#15174 = STYLED_ITEM('color',(#15175),#11043);
#15175 = PRESENTATION_STYLE_ASSIGNMENT((#15176));
#15176 = SURFACE_STYLE_USAGE(.BOTH.,#15177);
#15177 = SURFACE_SIDE_STYLE('',(#15178));
#15178 = SURFACE_STYLE_FILL_AREA(#15179);
#15179 = FILL_AREA_STYLE('',(#15180));
#15180 = FILL_AREA_STYLE_COLOUR('',#14612);
#15181 = STYLED_ITEM('color',(#15182),#11067);
#15182 = PRESENTATION_STYLE_ASSIGNMENT((#15183));
#15183 = SURFACE_STYLE_USAGE(.BOTH.,#15184);
#15184 = SURFACE_SIDE_STYLE('',(#15185));
#15185 = SURFACE_STYLE_FILL_AREA(#15186);
#15186 = FILL_AREA_STYLE('',(#15187));
#15187 = FILL_AREA_STYLE_COLOUR('',#14612);
#15188 = STYLED_ITEM('color',(#15189),#11091);
#15189 = PRESENTATION_STYLE_ASSIGNMENT((#15190));
#15190 = SURFACE_STYLE_USAGE(.BOTH.,#15191);
#15191 = SURFACE_SIDE_STYLE('',(#15192));
#15192 = SURFACE_STYLE_FILL_AREA(#15193);
#15193 = FILL_AREA_STYLE('',(#15194));
#15194 = FILL_AREA_STYLE_COLOUR('',#14612);
#15195 = STYLED_ITEM('color',(#15196),#11115);
#15196 = PRESENTATION_STYLE_ASSIGNMENT((#15197));
#15197 = SURFACE_STYLE_USAGE(.BOTH.,#15198);
#15198 = SURFACE_SIDE_STYLE('',(#15199));
#15199 = SURFACE_STYLE_FILL_AREA(#15200);
#15200 = FILL_AREA_STYLE('',(#15201));
#15201 = FILL_AREA_STYLE_COLOUR('',#14612);
#15202 = STYLED_ITEM('color',(#15203),#11153);
#15203 = PRESENTATION_STYLE_ASSIGNMENT((#15204));
#15204 = SURFACE_STYLE_USAGE(.BOTH.,#15205);
#15205 = SURFACE_SIDE_STYLE('',(#15206));
#15206 = SURFACE_STYLE_FILL_AREA(#15207);
#15207 = FILL_AREA_STYLE('',(#15208));
#15208 = FILL_AREA_STYLE_COLOUR('',#14612);
#15209 = STYLED_ITEM('color',(#15210),#11177);
#15210 = PRESENTATION_STYLE_ASSIGNMENT((#15211));
#15211 = SURFACE_STYLE_USAGE(.BOTH.,#15212);
#15212 = SURFACE_SIDE_STYLE('',(#15213));
#15213 = SURFACE_STYLE_FILL_AREA(#15214);
#15214 = FILL_AREA_STYLE('',(#15215));
#15215 = FILL_AREA_STYLE_COLOUR('',#14612);
#15216 = STYLED_ITEM('color',(#15217),#11201);
#15217 = PRESENTATION_STYLE_ASSIGNMENT((#15218));
#15218 = SURFACE_STYLE_USAGE(.BOTH.,#15219);
#15219 = SURFACE_SIDE_STYLE('',(#15220));
#15220 = SURFACE_STYLE_FILL_AREA(#15221);
#15221 = FILL_AREA_STYLE('',(#15222));
#15222 = FILL_AREA_STYLE_COLOUR('',#14612);
#15223 = STYLED_ITEM('color',(#15224),#11225);
#15224 = PRESENTATION_STYLE_ASSIGNMENT((#15225));
#15225 = SURFACE_STYLE_USAGE(.BOTH.,#15226);
#15226 = SURFACE_SIDE_STYLE('',(#15227));
#15227 = SURFACE_STYLE_FILL_AREA(#15228);
#15228 = FILL_AREA_STYLE('',(#15229));
#15229 = FILL_AREA_STYLE_COLOUR('',#14612);
#15230 = STYLED_ITEM('color',(#15231),#11263);
#15231 = PRESENTATION_STYLE_ASSIGNMENT((#15232));
#15232 = SURFACE_STYLE_USAGE(.BOTH.,#15233);
#15233 = SURFACE_SIDE_STYLE('',(#15234));
#15234 = SURFACE_STYLE_FILL_AREA(#15235);
#15235 = FILL_AREA_STYLE('',(#15236));
#15236 = FILL_AREA_STYLE_COLOUR('',#14612);
#15237 = STYLED_ITEM('color',(#15238),#11287);
#15238 = PRESENTATION_STYLE_ASSIGNMENT((#15239));
#15239 = SURFACE_STYLE_USAGE(.BOTH.,#15240);
#15240 = SURFACE_SIDE_STYLE('',(#15241));
#15241 = SURFACE_STYLE_FILL_AREA(#15242);
#15242 = FILL_AREA_STYLE('',(#15243));
#15243 = FILL_AREA_STYLE_COLOUR('',#14612);
#15244 = STYLED_ITEM('color',(#15245),#11311);
#15245 = PRESENTATION_STYLE_ASSIGNMENT((#15246));
#15246 = SURFACE_STYLE_USAGE(.BOTH.,#15247);
#15247 = SURFACE_SIDE_STYLE('',(#15248));
#15248 = SURFACE_STYLE_FILL_AREA(#15249);
#15249 = FILL_AREA_STYLE('',(#15250));
#15250 = FILL_AREA_STYLE_COLOUR('',#14612);
#15251 = STYLED_ITEM('color',(#15252),#11335);
#15252 = PRESENTATION_STYLE_ASSIGNMENT((#15253));
#15253 = SURFACE_STYLE_USAGE(.BOTH.,#15254);
#15254 = SURFACE_SIDE_STYLE('',(#15255));
#15255 = SURFACE_STYLE_FILL_AREA(#15256);
#15256 = FILL_AREA_STYLE('',(#15257));
#15257 = FILL_AREA_STYLE_COLOUR('',#14612);
#15258 = STYLED_ITEM('color',(#15259),#11373);
#15259 = PRESENTATION_STYLE_ASSIGNMENT((#15260));
#15260 = SURFACE_STYLE_USAGE(.BOTH.,#15261);
#15261 = SURFACE_SIDE_STYLE('',(#15262));
#15262 = SURFACE_STYLE_FILL_AREA(#15263);
#15263 = FILL_AREA_STYLE('',(#15264));
#15264 = FILL_AREA_STYLE_COLOUR('',#14612);
#15265 = STYLED_ITEM('color',(#15266),#11397);
#15266 = PRESENTATION_STYLE_ASSIGNMENT((#15267));
#15267 = SURFACE_STYLE_USAGE(.BOTH.,#15268);
#15268 = SURFACE_SIDE_STYLE('',(#15269));
#15269 = SURFACE_STYLE_FILL_AREA(#15270);
#15270 = FILL_AREA_STYLE('',(#15271));
#15271 = FILL_AREA_STYLE_COLOUR('',#14612);
#15272 = STYLED_ITEM('color',(#15273),#11421);
#15273 = PRESENTATION_STYLE_ASSIGNMENT((#15274));
#15274 = SURFACE_STYLE_USAGE(.BOTH.,#15275);
#15275 = SURFACE_SIDE_STYLE('',(#15276));
#15276 = SURFACE_STYLE_FILL_AREA(#15277);
#15277 = FILL_AREA_STYLE('',(#15278));
#15278 = FILL_AREA_STYLE_COLOUR('',#14612);
#15279 = STYLED_ITEM('color',(#15280),#11445);
#15280 = PRESENTATION_STYLE_ASSIGNMENT((#15281));
#15281 = SURFACE_STYLE_USAGE(.BOTH.,#15282);
#15282 = SURFACE_SIDE_STYLE('',(#15283));
#15283 = SURFACE_STYLE_FILL_AREA(#15284);
#15284 = FILL_AREA_STYLE('',(#15285));
#15285 = FILL_AREA_STYLE_COLOUR('',#14387);
#15286 = STYLED_ITEM('color',(#15287),#11457);
#15287 = PRESENTATION_STYLE_ASSIGNMENT((#15288));
#15288 = SURFACE_STYLE_USAGE(.BOTH.,#15289);
#15289 = SURFACE_SIDE_STYLE('',(#15290));
#15290 = SURFACE_STYLE_FILL_AREA(#15291);
#15291 = FILL_AREA_STYLE('',(#15292));
#15292 = FILL_AREA_STYLE_COLOUR('',#14612);
#15293 = STYLED_ITEM('color',(#15294),#11469);
#15294 = PRESENTATION_STYLE_ASSIGNMENT((#15295));
#15295 = SURFACE_STYLE_USAGE(.BOTH.,#15296);
#15296 = SURFACE_SIDE_STYLE('',(#15297));
#15297 = SURFACE_STYLE_FILL_AREA(#15298);
#15298 = FILL_AREA_STYLE('',(#15299));
#15299 = FILL_AREA_STYLE_COLOUR('',#14612);
#15300 = STYLED_ITEM('color',(#15301),#11481);
#15301 = PRESENTATION_STYLE_ASSIGNMENT((#15302));
#15302 = SURFACE_STYLE_USAGE(.BOTH.,#15303);
#15303 = SURFACE_SIDE_STYLE('',(#15304));
#15304 = SURFACE_STYLE_FILL_AREA(#15305);
#15305 = FILL_AREA_STYLE('',(#15306));
#15306 = FILL_AREA_STYLE_COLOUR('',#14612);
#15307 = STYLED_ITEM('color',(#15308),#11493);
#15308 = PRESENTATION_STYLE_ASSIGNMENT((#15309));
#15309 = SURFACE_STYLE_USAGE(.BOTH.,#15310);
#15310 = SURFACE_SIDE_STYLE('',(#15311));
#15311 = SURFACE_STYLE_FILL_AREA(#15312);
#15312 = FILL_AREA_STYLE('',(#15313));
#15313 = FILL_AREA_STYLE_COLOUR('',#14612);
#15314 = STYLED_ITEM('color',(#15315),#11505);
#15315 = PRESENTATION_STYLE_ASSIGNMENT((#15316));
#15316 = SURFACE_STYLE_USAGE(.BOTH.,#15317);
#15317 = SURFACE_SIDE_STYLE('',(#15318));
#15318 = SURFACE_STYLE_FILL_AREA(#15319);
#15319 = FILL_AREA_STYLE('',(#15320));
#15320 = FILL_AREA_STYLE_COLOUR('',#14612);
#15321 = STYLED_ITEM('color',(#15322),#11517);
#15322 = PRESENTATION_STYLE_ASSIGNMENT((#15323));
#15323 = SURFACE_STYLE_USAGE(.BOTH.,#15324);
#15324 = SURFACE_SIDE_STYLE('',(#15325));
#15325 = SURFACE_STYLE_FILL_AREA(#15326);
#15326 = FILL_AREA_STYLE('',(#15327));
#15327 = FILL_AREA_STYLE_COLOUR('',#14612);
#15328 = STYLED_ITEM('color',(#15329),#11529);
#15329 = PRESENTATION_STYLE_ASSIGNMENT((#15330));
#15330 = SURFACE_STYLE_USAGE(.BOTH.,#15331);
#15331 = SURFACE_SIDE_STYLE('',(#15332));
#15332 = SURFACE_STYLE_FILL_AREA(#15333);
#15333 = FILL_AREA_STYLE('',(#15334));
#15334 = FILL_AREA_STYLE_COLOUR('',#14612);
#15335 = STYLED_ITEM('color',(#15336),#11541);
#15336 = PRESENTATION_STYLE_ASSIGNMENT((#15337));
#15337 = SURFACE_STYLE_USAGE(.BOTH.,#15338);
#15338 = SURFACE_SIDE_STYLE('',(#15339));
#15339 = SURFACE_STYLE_FILL_AREA(#15340);
#15340 = FILL_AREA_STYLE('',(#15341));
#15341 = FILL_AREA_STYLE_COLOUR('',#14612);
#15342 = STYLED_ITEM('color',(#15343),#11553);
#15343 = PRESENTATION_STYLE_ASSIGNMENT((#15344));
#15344 = SURFACE_STYLE_USAGE(.BOTH.,#15345);
#15345 = SURFACE_SIDE_STYLE('',(#15346));
#15346 = SURFACE_STYLE_FILL_AREA(#15347);
#15347 = FILL_AREA_STYLE('',(#15348));
#15348 = FILL_AREA_STYLE_COLOUR('',#14612);
#15349 = STYLED_ITEM('color',(#15350),#11565);
#15350 = PRESENTATION_STYLE_ASSIGNMENT((#15351));
#15351 = SURFACE_STYLE_USAGE(.BOTH.,#15352);
#15352 = SURFACE_SIDE_STYLE('',(#15353));
#15353 = SURFACE_STYLE_FILL_AREA(#15354);
#15354 = FILL_AREA_STYLE('',(#15355));
#15355 = FILL_AREA_STYLE_COLOUR('',#14612);
#15356 = STYLED_ITEM('color',(#15357),#11577);
#15357 = PRESENTATION_STYLE_ASSIGNMENT((#15358));
#15358 = SURFACE_STYLE_USAGE(.BOTH.,#15359);
#15359 = SURFACE_SIDE_STYLE('',(#15360));
#15360 = SURFACE_STYLE_FILL_AREA(#15361);
#15361 = FILL_AREA_STYLE('',(#15362));
#15362 = FILL_AREA_STYLE_COLOUR('',#14612);
#15363 = STYLED_ITEM('color',(#15364),#11589);
#15364 = PRESENTATION_STYLE_ASSIGNMENT((#15365));
#15365 = SURFACE_STYLE_USAGE(.BOTH.,#15366);
#15366 = SURFACE_SIDE_STYLE('',(#15367));
#15367 = SURFACE_STYLE_FILL_AREA(#15368);
#15368 = FILL_AREA_STYLE('',(#15369));
#15369 = FILL_AREA_STYLE_COLOUR('',#14612);
#15370 = STYLED_ITEM('color',(#15371),#11601);
#15371 = PRESENTATION_STYLE_ASSIGNMENT((#15372));
#15372 = SURFACE_STYLE_USAGE(.BOTH.,#15373);
#15373 = SURFACE_SIDE_STYLE('',(#15374));
#15374 = SURFACE_STYLE_FILL_AREA(#15375);
#15375 = FILL_AREA_STYLE('',(#15376));
#15376 = FILL_AREA_STYLE_COLOUR('',#14612);
#15377 = STYLED_ITEM('color',(#15378),#11613);
#15378 = PRESENTATION_STYLE_ASSIGNMENT((#15379));
#15379 = SURFACE_STYLE_USAGE(.BOTH.,#15380);
#15380 = SURFACE_SIDE_STYLE('',(#15381));
#15381 = SURFACE_STYLE_FILL_AREA(#15382);
#15382 = FILL_AREA_STYLE('',(#15383));
#15383 = FILL_AREA_STYLE_COLOUR('',#14612);
#15384 = STYLED_ITEM('color',(#15385),#11625);
#15385 = PRESENTATION_STYLE_ASSIGNMENT((#15386));
#15386 = SURFACE_STYLE_USAGE(.BOTH.,#15387);
#15387 = SURFACE_SIDE_STYLE('',(#15388));
#15388 = SURFACE_STYLE_FILL_AREA(#15389);
#15389 = FILL_AREA_STYLE('',(#15390));
#15390 = FILL_AREA_STYLE_COLOUR('',#14612);
#15391 = STYLED_ITEM('color',(#15392),#11637);
#15392 = PRESENTATION_STYLE_ASSIGNMENT((#15393));
#15393 = SURFACE_STYLE_USAGE(.BOTH.,#15394);
#15394 = SURFACE_SIDE_STYLE('',(#15395));
#15395 = SURFACE_STYLE_FILL_AREA(#15396);
#15396 = FILL_AREA_STYLE('',(#15397));
#15397 = FILL_AREA_STYLE_COLOUR('',#14612);
#15398 = STYLED_ITEM('color',(#15399),#11651);
#15399 = PRESENTATION_STYLE_ASSIGNMENT((#15400));
#15400 = SURFACE_STYLE_USAGE(.BOTH.,#15401);
#15401 = SURFACE_SIDE_STYLE('',(#15402));
#15402 = SURFACE_STYLE_FILL_AREA(#15403);
#15403 = FILL_AREA_STYLE('',(#15404));
#15404 = FILL_AREA_STYLE_COLOUR('',#14344);
#15405 = STYLED_ITEM('color',(#15406),#11691);
#15406 = PRESENTATION_STYLE_ASSIGNMENT((#15407));
#15407 = SURFACE_STYLE_USAGE(.BOTH.,#15408);
#15408 = SURFACE_SIDE_STYLE('',(#15409));
#15409 = SURFACE_STYLE_FILL_AREA(#15410);
#15410 = FILL_AREA_STYLE('',(#15411));
#15411 = FILL_AREA_STYLE_COLOUR('',#14344);
#15412 = STYLED_ITEM('color',(#15413),#11722);
#15413 = PRESENTATION_STYLE_ASSIGNMENT((#15414));
#15414 = SURFACE_STYLE_USAGE(.BOTH.,#15415);
#15415 = SURFACE_SIDE_STYLE('',(#15416));
#15416 = SURFACE_STYLE_FILL_AREA(#15417);
#15417 = FILL_AREA_STYLE('',(#15418));
#15418 = FILL_AREA_STYLE_COLOUR('',#14344);
#15419 = STYLED_ITEM('color',(#15420),#11746);
#15420 = PRESENTATION_STYLE_ASSIGNMENT((#15421));
#15421 = SURFACE_STYLE_USAGE(.BOTH.,#15422);
#15422 = SURFACE_SIDE_STYLE('',(#15423));
#15423 = SURFACE_STYLE_FILL_AREA(#15424);
#15424 = FILL_AREA_STYLE('',(#15425));
#15425 = FILL_AREA_STYLE_COLOUR('',#14344);
#15426 = STYLED_ITEM('color',(#15427),#11770);
#15427 = PRESENTATION_STYLE_ASSIGNMENT((#15428));
#15428 = SURFACE_STYLE_USAGE(.BOTH.,#15429);
#15429 = SURFACE_SIDE_STYLE('',(#15430));
#15430 = SURFACE_STYLE_FILL_AREA(#15431);
#15431 = FILL_AREA_STYLE('',(#15432));
#15432 = FILL_AREA_STYLE_COLOUR('',#14344);
#15433 = STYLED_ITEM('color',(#15434),#11787);
#15434 = PRESENTATION_STYLE_ASSIGNMENT((#15435));
#15435 = SURFACE_STYLE_USAGE(.BOTH.,#15436);
#15436 = SURFACE_SIDE_STYLE('',(#15437));
#15437 = SURFACE_STYLE_FILL_AREA(#15438);
#15438 = FILL_AREA_STYLE('',(#15439));
#15439 = FILL_AREA_STYLE_COLOUR('',#14344);
#15440 = STYLED_ITEM('color',(#15441),#11801);
#15441 = PRESENTATION_STYLE_ASSIGNMENT((#15442));
#15442 = SURFACE_STYLE_USAGE(.BOTH.,#15443);
#15443 = SURFACE_SIDE_STYLE('',(#15444));
#15444 = SURFACE_STYLE_FILL_AREA(#15445);
#15445 = FILL_AREA_STYLE('',(#15446));
#15446 = FILL_AREA_STYLE_COLOUR('',#14344);
#15447 = STYLED_ITEM('color',(#15448),#11841);
#15448 = PRESENTATION_STYLE_ASSIGNMENT((#15449));
#15449 = SURFACE_STYLE_USAGE(.BOTH.,#15450);
#15450 = SURFACE_SIDE_STYLE('',(#15451));
#15451 = SURFACE_STYLE_FILL_AREA(#15452);
#15452 = FILL_AREA_STYLE('',(#15453));
#15453 = FILL_AREA_STYLE_COLOUR('',#14344);
#15454 = STYLED_ITEM('color',(#15455),#11872);
#15455 = PRESENTATION_STYLE_ASSIGNMENT((#15456));
#15456 = SURFACE_STYLE_USAGE(.BOTH.,#15457);
#15457 = SURFACE_SIDE_STYLE('',(#15458));
#15458 = SURFACE_STYLE_FILL_AREA(#15459);
#15459 = FILL_AREA_STYLE('',(#15460));
#15460 = FILL_AREA_STYLE_COLOUR('',#14344);
#15461 = STYLED_ITEM('color',(#15462),#11896);
#15462 = PRESENTATION_STYLE_ASSIGNMENT((#15463));
#15463 = SURFACE_STYLE_USAGE(.BOTH.,#15464);
#15464 = SURFACE_SIDE_STYLE('',(#15465));
#15465 = SURFACE_STYLE_FILL_AREA(#15466);
#15466 = FILL_AREA_STYLE('',(#15467));
#15467 = FILL_AREA_STYLE_COLOUR('',#14344);
#15468 = STYLED_ITEM('color',(#15469),#11920);
#15469 = PRESENTATION_STYLE_ASSIGNMENT((#15470));
#15470 = SURFACE_STYLE_USAGE(.BOTH.,#15471);
#15471 = SURFACE_SIDE_STYLE('',(#15472));
#15472 = SURFACE_STYLE_FILL_AREA(#15473);
#15473 = FILL_AREA_STYLE('',(#15474));
#15474 = FILL_AREA_STYLE_COLOUR('',#14344);
#15475 = STYLED_ITEM('color',(#15476),#11937);
#15476 = PRESENTATION_STYLE_ASSIGNMENT((#15477));
#15477 = SURFACE_STYLE_USAGE(.BOTH.,#15478);
#15478 = SURFACE_SIDE_STYLE('',(#15479));
#15479 = SURFACE_STYLE_FILL_AREA(#15480);
#15480 = FILL_AREA_STYLE('',(#15481));
#15481 = FILL_AREA_STYLE_COLOUR('',#14344);
ENDSEC;
END-ISO-10303-21;
