ISO-10303-21;
HEADER;
FILE_DESCRIPTION(('KiCad electronic assembly'),'2;1');
FILE_NAME('motor_can_power_hub_rev_a.step','2026-02-26T11:59:32',(
    'Pcbnew'),('Kicad'),'Open CASCADE STEP processor 7.8',
  'KiCad to STEP converter','Unknown');
FILE_SCHEMA(('AUTOMOTIVE_DESIGN { 1 0 10303 214 1 1 1 1 }'));
ENDSEC;
DATA;
#1 = APPLICATION_PROTOCOL_DEFINITION('international standard',
  'automotive_design',2000,#2);
#2 = APPLICATION_CONTEXT(
  'core data for automotive mechanical design processes');
#3 = SHAPE_DEFINITION_REPRESENTATION(#4,#10);
#4 = PRODUCT_DEFINITION_SHAPE('','',#5);
#5 = PRODUCT_DEFINITION('design','',#6,#9);
#6 = PRODUCT_DEFINITION_FORMATION('','',#7);
#7 = PRODUCT('motor_can_power_hub_rev_a 1','motor_can_power_hub_rev_a 1'
  ,'',(#8));
#8 = PRODUCT_CONTEXT('',#2,'mechanical');
#9 = PRODUCT_DEFINITION_CONTEXT('part definition',#2,'design');
#10 = SHAPE_REPRESENTATION('',(#11,#15,#19,#23,#27,#31,#35,#39,#43),#47
  );
#11 = AXIS2_PLACEMENT_3D('',#12,#13,#14);
#12 = CARTESIAN_POINT('',(0.,0.,0.));
#13 = DIRECTION('',(0.,0.,1.));
#14 = DIRECTION('',(1.,0.,-0.));
#15 = AXIS2_PLACEMENT_3D('',#16,#17,#18);
#16 = CARTESIAN_POINT('',(-19.2,-7.7,1.595));
#17 = DIRECTION('',(0.,-0.,1.));
#18 = DIRECTION('',(1.110223024625E-16,1.,0.));
#19 = AXIS2_PLACEMENT_3D('',#20,#21,#22);
#20 = CARTESIAN_POINT('',(-14.,5.5,1.595));
#21 = DIRECTION('',(0.,0.,1.));
#22 = DIRECTION('',(-1.,1.224646799147E-16,0.));
#23 = AXIS2_PLACEMENT_3D('',#24,#25,#26);
#24 = CARTESIAN_POINT('',(-10.,-7.7,1.595));
#25 = DIRECTION('',(0.,-0.,1.));
#26 = DIRECTION('',(1.110223024625E-16,1.,0.));
#27 = AXIS2_PLACEMENT_3D('',#28,#29,#30);
#28 = CARTESIAN_POINT('',(-14.6,-7.7,1.595));
#29 = DIRECTION('',(0.,-0.,1.));
#30 = DIRECTION('',(1.110223024625E-16,1.,0.));
#31 = AXIS2_PLACEMENT_3D('',#32,#33,#34);
#32 = CARTESIAN_POINT('',(-0.8,-7.7,1.595));
#33 = DIRECTION('',(0.,-0.,1.));
#34 = DIRECTION('',(1.110223024625E-16,1.,0.));
#35 = AXIS2_PLACEMENT_3D('',#36,#37,#38);
#36 = CARTESIAN_POINT('',(4.6,1.85,5.595));
#37 = DIRECTION('',(1.,1.110223024625E-16,1.110223024625E-16));
#38 = DIRECTION('',(1.110223024625E-16,-1.,0.));
#39 = AXIS2_PLACEMENT_3D('',#40,#41,#42);
#40 = CARTESIAN_POINT('',(-5.4,-7.7,1.595));
#41 = DIRECTION('',(0.,-0.,1.));
#42 = DIRECTION('',(1.110223024625E-16,1.,0.));
#43 = AXIS2_PLACEMENT_3D('',#44,#45,#46);
#44 = CARTESIAN_POINT('',(0.,0.,0.));
#45 = DIRECTION('',(0.,0.,1.));
#46 = DIRECTION('',(1.,0.,-0.));
#47 = ( GEOMETRIC_REPRESENTATION_CONTEXT(3) 
GLOBAL_UNCERTAINTY_ASSIGNED_CONTEXT((#51)) GLOBAL_UNIT_ASSIGNED_CONTEXT(
(#48,#49,#50)) REPRESENTATION_CONTEXT('Context #1',
  '3D Context with UNIT and UNCERTAINTY') );
#48 = ( LENGTH_UNIT() NAMED_UNIT(*) SI_UNIT(.MILLI.,.METRE.) );
#49 = ( NAMED_UNIT(*) PLANE_ANGLE_UNIT() SI_UNIT($,.RADIAN.) );
#50 = ( NAMED_UNIT(*) SI_UNIT($,.STERADIAN.) SOLID_ANGLE_UNIT() );
#51 = UNCERTAINTY_MEASURE_WITH_UNIT(LENGTH_MEASURE(1.E-05),#48,
  'distance_accuracy_value','confusion accuracy');
#52 = PRODUCT_RELATED_PRODUCT_CATEGORY('part',$,(#7));
#53 = SHAPE_DEFINITION_REPRESENTATION(#54,#60);
#54 = PRODUCT_DEFINITION_SHAPE('','',#55);
#55 = PRODUCT_DEFINITION('design','',#56,#59);
#56 = PRODUCT_DEFINITION_FORMATION('','',#57);
#57 = PRODUCT('JST_ZH_B6B-ZR_1x06_P1.50mm_Vertical',
  'JST_ZH_B6B-ZR_1x06_P1.50mm_Vertical','',(#58));
#58 = PRODUCT_CONTEXT('',#2,'mechanical');
#59 = PRODUCT_DEFINITION_CONTEXT('part definition',#2,'design');
#60 = ADVANCED_BREP_SHAPE_REPRESENTATION('',(#11,#61),#5661);
#61 = MANIFOLD_SOLID_BREP('',#62);
#62 = CLOSED_SHELL('',(#63,#99,#158,#348,#384,#682,#718,#740,#771,#793,
    #837,#857,#887,#909,#937,#953,#983,#1005,#1033,#1049,#1079,#1101,
    #1129,#1145,#1175,#1197,#1225,#1241,#1271,#1293,#1321,#1337,#1367,
    #1383,#1424,#1440,#1482,#1498,#1514,#1530,#1546,#1562,#1618,#1640,
    #1682,#1704,#1726,#1742,#1758,#1780,#1802,#1818,#1846,#1868,#1890,
    #1906,#1938,#1976,#1998,#2037,#2193,#2235,#2277,#2319,#2361,#2403,
    #2425,#2437,#2465,#2515,#2537,#2581,#2593,#2885,#2907,#2929,#2945,
    #2967,#2989,#3005,#3027,#3049,#3065,#3087,#3109,#3125,#3147,#3169,
    #3185,#3241,#3263,#3313,#3329,#3357,#3379,#3401,#3417,#3445,#3467,
    #3489,#3505,#3533,#3555,#3577,#3593,#3621,#3643,#3665,#3681,#3697,
    #3739,#3763,#3779,#3803,#3833,#3845,#3857,#3869,#3881,#3893,#3921,
    #3943,#3965,#3981,#4009,#4031,#4053,#4069,#4097,#4119,#4141,#4157,
    #4185,#4207,#4229,#4245,#4273,#4295,#4317,#4333,#4361,#4383,#4405,
    #4421,#4463,#4491,#4503,#4519,#4543,#4573,#4601,#4623,#4645,#4661,
    #4689,#4711,#4733,#4749,#4777,#4799,#4821,#4837,#4865,#4887,#4909,
    #4925,#4941,#4957,#4969,#4997,#5019,#5041,#5057,#5085,#5107,#5129,
    #5145,#5173,#5195,#5217,#5233,#5261,#5283,#5305,#5321,#5349,#5371,
    #5393,#5409,#5437,#5459,#5481,#5497,#5513,#5529,#5541,#5553,#5565,
    #5577,#5589,#5601,#5613,#5625,#5637,#5649));
#63 = ADVANCED_FACE('',(#64),#94,.F.);
#64 = FACE_BOUND('',#65,.F.);
#65 = EDGE_LOOP('',(#66,#75,#82,#89));
#66 = ORIENTED_EDGE('',*,*,#67,.T.);
#67 = EDGE_CURVE('',#68,#70,#72,.T.);
#68 = VERTEX_POINT('',#69);
#69 = CARTESIAN_POINT('',(8.9625,-2.8,0.));
#70 = VERTEX_POINT('',#71);
#71 = CARTESIAN_POINT('',(8.9625,1.7,0.));
#72 = B_SPLINE_CURVE_WITH_KNOTS('',1,(#73,#74),.UNSPECIFIED.,.F.,.F.,(2,
    2),(0.,4.5),.PIECEWISE_BEZIER_KNOTS.);
#73 = CARTESIAN_POINT('',(8.9625,-2.8,0.));
#74 = CARTESIAN_POINT('',(8.9625,1.7,0.));
#75 = ORIENTED_EDGE('',*,*,#76,.T.);
#76 = EDGE_CURVE('',#70,#77,#79,.T.);
#77 = VERTEX_POINT('',#78);
#78 = CARTESIAN_POINT('',(8.0625,1.7,0.));
#79 = B_SPLINE_CURVE_WITH_KNOTS('',1,(#80,#81),.UNSPECIFIED.,.F.,.F.,(2,
    2),(0.,1.2),.PIECEWISE_BEZIER_KNOTS.);
#80 = CARTESIAN_POINT('',(8.9625,1.7,0.));
#81 = CARTESIAN_POINT('',(8.0625,1.7,0.));
#82 = ORIENTED_EDGE('',*,*,#83,.F.);
#83 = EDGE_CURVE('',#84,#77,#86,.T.);
#84 = VERTEX_POINT('',#85);
#85 = CARTESIAN_POINT('',(8.0625,-2.8,0.));
#86 = B_SPLINE_CURVE_WITH_KNOTS('',1,(#87,#88),.UNSPECIFIED.,.F.,.F.,(2,
    2),(0.,4.5),.PIECEWISE_BEZIER_KNOTS.);
#87 = CARTESIAN_POINT('',(8.0625,-2.8,0.));
#88 = CARTESIAN_POINT('',(8.0625,1.7,0.));
#89 = ORIENTED_EDGE('',*,*,#90,.T.);
#90 = EDGE_CURVE('',#84,#68,#91,.T.);
#91 = B_SPLINE_CURVE_WITH_KNOTS('',1,(#92,#93),.UNSPECIFIED.,.F.,.F.,(2,
    2),(12.7,13.9),.PIECEWISE_BEZIER_KNOTS.);
#92 = CARTESIAN_POINT('',(8.0625,-2.8,0.));
#93 = CARTESIAN_POINT('',(8.9625,-2.8,0.));
#94 = B_SPLINE_SURFACE_WITH_KNOTS('',1,1,(
    (#95,#96)
    ,(#97,#98
    )),.UNSPECIFIED.,.F.,.F.,.F.,(2,2),(2,2),(-6.95,-5.75),(-2.25,2.25),
  .PIECEWISE_BEZIER_KNOTS.);
#95 = CARTESIAN_POINT('',(8.9625,1.7,0.));
#96 = CARTESIAN_POINT('',(8.9625,-2.8,0.));
#97 = CARTESIAN_POINT('',(8.0625,1.7,0.));
#98 = CARTESIAN_POINT('',(8.0625,-2.8,0.));
#99 = ADVANCED_FACE('',(#100),#153,.F.);
#100 = FACE_BOUND('',#101,.F.);
#101 = EDGE_LOOP('',(#102,#103,#110,#117,#124,#134,#141,#148));
#102 = ORIENTED_EDGE('',*,*,#67,.F.);
#103 = ORIENTED_EDGE('',*,*,#104,.T.);
#104 = EDGE_CURVE('',#68,#105,#107,.T.);
#105 = VERTEX_POINT('',#106);
#106 = CARTESIAN_POINT('',(8.9625,-2.8,6.));
#107 = B_SPLINE_CURVE_WITH_KNOTS('',1,(#108,#109),.UNSPECIFIED.,.F.,.F.,
  (2,2),(0.,6.),.PIECEWISE_BEZIER_KNOTS.);
#108 = CARTESIAN_POINT('',(8.9625,-2.8,0.));
#109 = CARTESIAN_POINT('',(8.9625,-2.8,6.));
#110 = ORIENTED_EDGE('',*,*,#111,.T.);
#111 = EDGE_CURVE('',#105,#112,#114,.T.);
#112 = VERTEX_POINT('',#113);
#113 = CARTESIAN_POINT('',(8.9625,-0.6,6.));
#114 = B_SPLINE_CURVE_WITH_KNOTS('',1,(#115,#116),.UNSPECIFIED.,.F.,.F.,
  (2,2),(0.,2.2),.PIECEWISE_BEZIER_KNOTS.);
#115 = CARTESIAN_POINT('',(8.9625,-2.8,6.));
#116 = CARTESIAN_POINT('',(8.9625,-0.6,6.));
#117 = ORIENTED_EDGE('',*,*,#118,.F.);
#118 = EDGE_CURVE('',#119,#112,#121,.T.);
#119 = VERTEX_POINT('',#120);
#120 = CARTESIAN_POINT('',(8.9625,-0.6,4.4));
#121 = B_SPLINE_CURVE_WITH_KNOTS('',1,(#122,#123),.UNSPECIFIED.,.F.,.F.,
  (2,2),(0.,1.6),.PIECEWISE_BEZIER_KNOTS.);
#122 = CARTESIAN_POINT('',(8.9625,-0.6,4.4));
#123 = CARTESIAN_POINT('',(8.9625,-0.6,6.));
#124 = ORIENTED_EDGE('',*,*,#125,.F.);
#125 = EDGE_CURVE('',#126,#119,#128,.T.);
#126 = VERTEX_POINT('',#127);
#127 = CARTESIAN_POINT('',(8.9625,0.2,4.4));
#128 = ( BOUNDED_CURVE() B_SPLINE_CURVE(2,(#129,#130,#131,#132,#133),
.UNSPECIFIED.,.F.,.F.) B_SPLINE_CURVE_WITH_KNOTS((3,2,3),(0.,
1.570796326795,3.14159265359),.PIECEWISE_BEZIER_KNOTS.) CURVE() 
GEOMETRIC_REPRESENTATION_ITEM() RATIONAL_B_SPLINE_CURVE((1.,
0.707106781187,1.,0.707106781187,1.)) REPRESENTATION_ITEM('') );
#129 = CARTESIAN_POINT('',(8.9625,0.2,4.4));
#130 = CARTESIAN_POINT('',(8.9625,0.2,4.));
#131 = CARTESIAN_POINT('',(8.9625,-0.2,4.));
#132 = CARTESIAN_POINT('',(8.9625,-0.6,4.));
#133 = CARTESIAN_POINT('',(8.9625,-0.6,4.4));
#134 = ORIENTED_EDGE('',*,*,#135,.F.);
#135 = EDGE_CURVE('',#136,#126,#138,.T.);
#136 = VERTEX_POINT('',#137);
#137 = CARTESIAN_POINT('',(8.9625,0.2,6.));
#138 = B_SPLINE_CURVE_WITH_KNOTS('',1,(#139,#140),.UNSPECIFIED.,.F.,.F.,
  (2,2),(0.,1.6),.PIECEWISE_BEZIER_KNOTS.);
#139 = CARTESIAN_POINT('',(8.9625,0.2,6.));
#140 = CARTESIAN_POINT('',(8.9625,0.2,4.4));
#141 = ORIENTED_EDGE('',*,*,#142,.T.);
#142 = EDGE_CURVE('',#136,#143,#145,.T.);
#143 = VERTEX_POINT('',#144);
#144 = CARTESIAN_POINT('',(8.9625,1.7,6.));
#145 = B_SPLINE_CURVE_WITH_KNOTS('',1,(#146,#147),.UNSPECIFIED.,.F.,.F.,
  (2,2),(3.,4.5),.PIECEWISE_BEZIER_KNOTS.);
#146 = CARTESIAN_POINT('',(8.9625,0.2,6.));
#147 = CARTESIAN_POINT('',(8.9625,1.7,6.));
#148 = ORIENTED_EDGE('',*,*,#149,.F.);
#149 = EDGE_CURVE('',#70,#143,#150,.T.);
#150 = B_SPLINE_CURVE_WITH_KNOTS('',1,(#151,#152),.UNSPECIFIED.,.F.,.F.,
  (2,2),(0.,6.),.PIECEWISE_BEZIER_KNOTS.);
#151 = CARTESIAN_POINT('',(8.9625,1.7,0.));
#152 = CARTESIAN_POINT('',(8.9625,1.7,6.));
#153 = B_SPLINE_SURFACE_WITH_KNOTS('',1,1,(
    (#154,#155)
    ,(#156,#157
    )),.UNSPECIFIED.,.F.,.F.,.F.,(2,2),(2,2),(0.,4.5),(-6.,0.),
  .PIECEWISE_BEZIER_KNOTS.);
#154 = CARTESIAN_POINT('',(8.9625,-2.8,6.));
#155 = CARTESIAN_POINT('',(8.9625,-2.8,0.));
#156 = CARTESIAN_POINT('',(8.9625,1.7,6.));
#157 = CARTESIAN_POINT('',(8.9625,1.7,0.));
#158 = ADVANCED_FACE('',(#159),#343,.F.);
#159 = FACE_BOUND('',#160,.F.);
#160 = EDGE_LOOP('',(#161,#170,#177,#182,#183,#184,#191,#198,#205,#212,
    #219,#226,#233,#240,#247,#254,#261,#268,#275,#282,#289,#296,#303,
    #310,#317,#324,#331,#338));
#161 = ORIENTED_EDGE('',*,*,#162,.F.);
#162 = EDGE_CURVE('',#163,#165,#167,.T.);
#163 = VERTEX_POINT('',#164);
#164 = CARTESIAN_POINT('',(-1.4625,-2.8,0.));
#165 = VERTEX_POINT('',#166);
#166 = CARTESIAN_POINT('',(-0.5625,-2.8,0.));
#167 = B_SPLINE_CURVE_WITH_KNOTS('',1,(#168,#169),.UNSPECIFIED.,.F.,.F.,
  (2,2),(0.,1.2),.PIECEWISE_BEZIER_KNOTS.);
#168 = CARTESIAN_POINT('',(-1.4625,-2.8,0.));
#169 = CARTESIAN_POINT('',(-0.5625,-2.8,0.));
#170 = ORIENTED_EDGE('',*,*,#171,.T.);
#171 = EDGE_CURVE('',#163,#172,#174,.T.);
#172 = VERTEX_POINT('',#173);
#173 = CARTESIAN_POINT('',(-1.4625,-2.8,6.));
#174 = B_SPLINE_CURVE_WITH_KNOTS('',1,(#175,#176),.UNSPECIFIED.,.F.,.F.,
  (2,2),(0.,6.),.PIECEWISE_BEZIER_KNOTS.);
#175 = CARTESIAN_POINT('',(-1.4625,-2.8,0.));
#176 = CARTESIAN_POINT('',(-1.4625,-2.8,6.));
#177 = ORIENTED_EDGE('',*,*,#178,.T.);
#178 = EDGE_CURVE('',#172,#105,#179,.T.);
#179 = B_SPLINE_CURVE_WITH_KNOTS('',1,(#180,#181),.UNSPECIFIED.,.F.,.F.,
  (2,2),(0.,13.9),.PIECEWISE_BEZIER_KNOTS.);
#180 = CARTESIAN_POINT('',(-1.4625,-2.8,6.));
#181 = CARTESIAN_POINT('',(8.9625,-2.8,6.));
#182 = ORIENTED_EDGE('',*,*,#104,.F.);
#183 = ORIENTED_EDGE('',*,*,#90,.F.);
#184 = ORIENTED_EDGE('',*,*,#185,.F.);
#185 = EDGE_CURVE('',#186,#84,#188,.T.);
#186 = VERTEX_POINT('',#187);
#187 = CARTESIAN_POINT('',(8.0625,-2.8,0.2));
#188 = B_SPLINE_CURVE_WITH_KNOTS('',1,(#189,#190),.UNSPECIFIED.,.F.,.F.,
  (2,2),(0.,0.2),.PIECEWISE_BEZIER_KNOTS.);
#189 = CARTESIAN_POINT('',(8.0625,-2.8,0.2));
#190 = CARTESIAN_POINT('',(8.0625,-2.8,0.));
#191 = ORIENTED_EDGE('',*,*,#192,.T.);
#192 = EDGE_CURVE('',#186,#193,#195,.T.);
#193 = VERTEX_POINT('',#194);
#194 = CARTESIAN_POINT('',(6.9375,-2.8,0.2));
#195 = B_SPLINE_CURVE_WITH_KNOTS('',1,(#196,#197),.UNSPECIFIED.,.F.,.F.,
  (2,2),(0.,1.5),.PIECEWISE_BEZIER_KNOTS.);
#196 = CARTESIAN_POINT('',(8.0625,-2.8,0.2));
#197 = CARTESIAN_POINT('',(6.9375,-2.8,0.2));
#198 = ORIENTED_EDGE('',*,*,#199,.T.);
#199 = EDGE_CURVE('',#193,#200,#202,.T.);
#200 = VERTEX_POINT('',#201);
#201 = CARTESIAN_POINT('',(6.9375,-2.8,0.));
#202 = B_SPLINE_CURVE_WITH_KNOTS('',1,(#203,#204),.UNSPECIFIED.,.F.,.F.,
  (2,2),(0.,0.2),.PIECEWISE_BEZIER_KNOTS.);
#203 = CARTESIAN_POINT('',(6.9375,-2.8,0.2));
#204 = CARTESIAN_POINT('',(6.9375,-2.8,0.));
#205 = ORIENTED_EDGE('',*,*,#206,.F.);
#206 = EDGE_CURVE('',#207,#200,#209,.T.);
#207 = VERTEX_POINT('',#208);
#208 = CARTESIAN_POINT('',(6.5625,-2.8,0.));
#209 = B_SPLINE_CURVE_WITH_KNOTS('',1,(#210,#211),.UNSPECIFIED.,.F.,.F.,
  (2,2),(10.7,11.2),.PIECEWISE_BEZIER_KNOTS.);
#210 = CARTESIAN_POINT('',(6.5625,-2.8,0.));
#211 = CARTESIAN_POINT('',(6.9375,-2.8,0.));
#212 = ORIENTED_EDGE('',*,*,#213,.F.);
#213 = EDGE_CURVE('',#214,#207,#216,.T.);
#214 = VERTEX_POINT('',#215);
#215 = CARTESIAN_POINT('',(6.5625,-2.8,0.2));
#216 = B_SPLINE_CURVE_WITH_KNOTS('',1,(#217,#218),.UNSPECIFIED.,.F.,.F.,
  (2,2),(0.,0.2),.PIECEWISE_BEZIER_KNOTS.);
#217 = CARTESIAN_POINT('',(6.5625,-2.8,0.2));
#218 = CARTESIAN_POINT('',(6.5625,-2.8,0.));
#219 = ORIENTED_EDGE('',*,*,#220,.T.);
#220 = EDGE_CURVE('',#214,#221,#223,.T.);
#221 = VERTEX_POINT('',#222);
#222 = CARTESIAN_POINT('',(5.4375,-2.8,0.2));
#223 = B_SPLINE_CURVE_WITH_KNOTS('',1,(#224,#225),.UNSPECIFIED.,.F.,.F.,
  (2,2),(0.,1.5),.PIECEWISE_BEZIER_KNOTS.);
#224 = CARTESIAN_POINT('',(6.5625,-2.8,0.2));
#225 = CARTESIAN_POINT('',(5.4375,-2.8,0.2));
#226 = ORIENTED_EDGE('',*,*,#227,.T.);
#227 = EDGE_CURVE('',#221,#228,#230,.T.);
#228 = VERTEX_POINT('',#229);
#229 = CARTESIAN_POINT('',(5.4375,-2.8,0.));
#230 = B_SPLINE_CURVE_WITH_KNOTS('',1,(#231,#232),.UNSPECIFIED.,.F.,.F.,
  (2,2),(0.,0.2),.PIECEWISE_BEZIER_KNOTS.);
#231 = CARTESIAN_POINT('',(5.4375,-2.8,0.2));
#232 = CARTESIAN_POINT('',(5.4375,-2.8,0.));
#233 = ORIENTED_EDGE('',*,*,#234,.F.);
#234 = EDGE_CURVE('',#235,#228,#237,.T.);
#235 = VERTEX_POINT('',#236);
#236 = CARTESIAN_POINT('',(5.0625,-2.8,0.));
#237 = B_SPLINE_CURVE_WITH_KNOTS('',1,(#238,#239),.UNSPECIFIED.,.F.,.F.,
  (2,2),(8.7,9.2),.PIECEWISE_BEZIER_KNOTS.);
#238 = CARTESIAN_POINT('',(5.0625,-2.8,0.));
#239 = CARTESIAN_POINT('',(5.4375,-2.8,0.));
#240 = ORIENTED_EDGE('',*,*,#241,.F.);
#241 = EDGE_CURVE('',#242,#235,#244,.T.);
#242 = VERTEX_POINT('',#243);
#243 = CARTESIAN_POINT('',(5.0625,-2.8,0.2));
#244 = B_SPLINE_CURVE_WITH_KNOTS('',1,(#245,#246),.UNSPECIFIED.,.F.,.F.,
  (2,2),(0.,0.2),.PIECEWISE_BEZIER_KNOTS.);
#245 = CARTESIAN_POINT('',(5.0625,-2.8,0.2));
#246 = CARTESIAN_POINT('',(5.0625,-2.8,0.));
#247 = ORIENTED_EDGE('',*,*,#248,.T.);
#248 = EDGE_CURVE('',#242,#249,#251,.T.);
#249 = VERTEX_POINT('',#250);
#250 = CARTESIAN_POINT('',(3.9375,-2.8,0.2));
#251 = B_SPLINE_CURVE_WITH_KNOTS('',1,(#252,#253),.UNSPECIFIED.,.F.,.F.,
  (2,2),(0.,1.5),.PIECEWISE_BEZIER_KNOTS.);
#252 = CARTESIAN_POINT('',(5.0625,-2.8,0.2));
#253 = CARTESIAN_POINT('',(3.9375,-2.8,0.2));
#254 = ORIENTED_EDGE('',*,*,#255,.T.);
#255 = EDGE_CURVE('',#249,#256,#258,.T.);
#256 = VERTEX_POINT('',#257);
#257 = CARTESIAN_POINT('',(3.9375,-2.8,0.));
#258 = B_SPLINE_CURVE_WITH_KNOTS('',1,(#259,#260),.UNSPECIFIED.,.F.,.F.,
  (2,2),(0.,0.2),.PIECEWISE_BEZIER_KNOTS.);
#259 = CARTESIAN_POINT('',(3.9375,-2.8,0.2));
#260 = CARTESIAN_POINT('',(3.9375,-2.8,0.));
#261 = ORIENTED_EDGE('',*,*,#262,.F.);
#262 = EDGE_CURVE('',#263,#256,#265,.T.);
#263 = VERTEX_POINT('',#264);
#264 = CARTESIAN_POINT('',(3.5625,-2.8,0.));
#265 = B_SPLINE_CURVE_WITH_KNOTS('',1,(#266,#267),.UNSPECIFIED.,.F.,.F.,
  (2,2),(6.7,7.2),.PIECEWISE_BEZIER_KNOTS.);
#266 = CARTESIAN_POINT('',(3.5625,-2.8,0.));
#267 = CARTESIAN_POINT('',(3.9375,-2.8,0.));
#268 = ORIENTED_EDGE('',*,*,#269,.F.);
#269 = EDGE_CURVE('',#270,#263,#272,.T.);
#270 = VERTEX_POINT('',#271);
#271 = CARTESIAN_POINT('',(3.5625,-2.8,0.2));
#272 = B_SPLINE_CURVE_WITH_KNOTS('',1,(#273,#274),.UNSPECIFIED.,.F.,.F.,
  (2,2),(0.,0.2),.PIECEWISE_BEZIER_KNOTS.);
#273 = CARTESIAN_POINT('',(3.5625,-2.8,0.2));
#274 = CARTESIAN_POINT('',(3.5625,-2.8,0.));
#275 = ORIENTED_EDGE('',*,*,#276,.T.);
#276 = EDGE_CURVE('',#270,#277,#279,.T.);
#277 = VERTEX_POINT('',#278);
#278 = CARTESIAN_POINT('',(2.4375,-2.8,0.2));
#279 = B_SPLINE_CURVE_WITH_KNOTS('',1,(#280,#281),.UNSPECIFIED.,.F.,.F.,
  (2,2),(0.,1.5),.PIECEWISE_BEZIER_KNOTS.);
#280 = CARTESIAN_POINT('',(3.5625,-2.8,0.2));
#281 = CARTESIAN_POINT('',(2.4375,-2.8,0.2));
#282 = ORIENTED_EDGE('',*,*,#283,.T.);
#283 = EDGE_CURVE('',#277,#284,#286,.T.);
#284 = VERTEX_POINT('',#285);
#285 = CARTESIAN_POINT('',(2.4375,-2.8,0.));
#286 = B_SPLINE_CURVE_WITH_KNOTS('',1,(#287,#288),.UNSPECIFIED.,.F.,.F.,
  (2,2),(0.,0.2),.PIECEWISE_BEZIER_KNOTS.);
#287 = CARTESIAN_POINT('',(2.4375,-2.8,0.2));
#288 = CARTESIAN_POINT('',(2.4375,-2.8,0.));
#289 = ORIENTED_EDGE('',*,*,#290,.F.);
#290 = EDGE_CURVE('',#291,#284,#293,.T.);
#291 = VERTEX_POINT('',#292);
#292 = CARTESIAN_POINT('',(2.0625,-2.8,0.));
#293 = B_SPLINE_CURVE_WITH_KNOTS('',1,(#294,#295),.UNSPECIFIED.,.F.,.F.,
  (2,2),(4.7,5.2),.PIECEWISE_BEZIER_KNOTS.);
#294 = CARTESIAN_POINT('',(2.0625,-2.8,0.));
#295 = CARTESIAN_POINT('',(2.4375,-2.8,0.));
#296 = ORIENTED_EDGE('',*,*,#297,.F.);
#297 = EDGE_CURVE('',#298,#291,#300,.T.);
#298 = VERTEX_POINT('',#299);
#299 = CARTESIAN_POINT('',(2.0625,-2.8,0.2));
#300 = B_SPLINE_CURVE_WITH_KNOTS('',1,(#301,#302),.UNSPECIFIED.,.F.,.F.,
  (2,2),(0.,0.2),.PIECEWISE_BEZIER_KNOTS.);
#301 = CARTESIAN_POINT('',(2.0625,-2.8,0.2));
#302 = CARTESIAN_POINT('',(2.0625,-2.8,0.));
#303 = ORIENTED_EDGE('',*,*,#304,.T.);
#304 = EDGE_CURVE('',#298,#305,#307,.T.);
#305 = VERTEX_POINT('',#306);
#306 = CARTESIAN_POINT('',(0.9375,-2.8,0.2));
#307 = B_SPLINE_CURVE_WITH_KNOTS('',1,(#308,#309),.UNSPECIFIED.,.F.,.F.,
  (2,2),(0.,1.5),.PIECEWISE_BEZIER_KNOTS.);
#308 = CARTESIAN_POINT('',(2.0625,-2.8,0.2));
#309 = CARTESIAN_POINT('',(0.9375,-2.8,0.2));
#310 = ORIENTED_EDGE('',*,*,#311,.T.);
#311 = EDGE_CURVE('',#305,#312,#314,.T.);
#312 = VERTEX_POINT('',#313);
#313 = CARTESIAN_POINT('',(0.9375,-2.8,0.));
#314 = B_SPLINE_CURVE_WITH_KNOTS('',1,(#315,#316),.UNSPECIFIED.,.F.,.F.,
  (2,2),(0.,0.2),.PIECEWISE_BEZIER_KNOTS.);
#315 = CARTESIAN_POINT('',(0.9375,-2.8,0.2));
#316 = CARTESIAN_POINT('',(0.9375,-2.8,0.));
#317 = ORIENTED_EDGE('',*,*,#318,.F.);
#318 = EDGE_CURVE('',#319,#312,#321,.T.);
#319 = VERTEX_POINT('',#320);
#320 = CARTESIAN_POINT('',(0.5625,-2.8,0.));
#321 = B_SPLINE_CURVE_WITH_KNOTS('',1,(#322,#323),.UNSPECIFIED.,.F.,.F.,
  (2,2),(2.7,3.2),.PIECEWISE_BEZIER_KNOTS.);
#322 = CARTESIAN_POINT('',(0.5625,-2.8,0.));
#323 = CARTESIAN_POINT('',(0.9375,-2.8,0.));
#324 = ORIENTED_EDGE('',*,*,#325,.F.);
#325 = EDGE_CURVE('',#326,#319,#328,.T.);
#326 = VERTEX_POINT('',#327);
#327 = CARTESIAN_POINT('',(0.5625,-2.8,0.2));
#328 = B_SPLINE_CURVE_WITH_KNOTS('',1,(#329,#330),.UNSPECIFIED.,.F.,.F.,
  (2,2),(0.,0.2),.PIECEWISE_BEZIER_KNOTS.);
#329 = CARTESIAN_POINT('',(0.5625,-2.8,0.2));
#330 = CARTESIAN_POINT('',(0.5625,-2.8,0.));
#331 = ORIENTED_EDGE('',*,*,#332,.T.);
#332 = EDGE_CURVE('',#326,#333,#335,.T.);
#333 = VERTEX_POINT('',#334);
#334 = CARTESIAN_POINT('',(-0.5625,-2.8,0.2));
#335 = B_SPLINE_CURVE_WITH_KNOTS('',1,(#336,#337),.UNSPECIFIED.,.F.,.F.,
  (2,2),(0.,1.5),.PIECEWISE_BEZIER_KNOTS.);
#336 = CARTESIAN_POINT('',(0.5625,-2.8,0.2));
#337 = CARTESIAN_POINT('',(-0.5625,-2.8,0.2));
#338 = ORIENTED_EDGE('',*,*,#339,.T.);
#339 = EDGE_CURVE('',#333,#165,#340,.T.);
#340 = B_SPLINE_CURVE_WITH_KNOTS('',1,(#341,#342),.UNSPECIFIED.,.F.,.F.,
  (2,2),(0.,0.2),.PIECEWISE_BEZIER_KNOTS.);
#341 = CARTESIAN_POINT('',(-0.5625,-2.8,0.2));
#342 = CARTESIAN_POINT('',(-0.5625,-2.8,0.));
#343 = B_SPLINE_SURFACE_WITH_KNOTS('',1,1,(
    (#344,#345)
    ,(#346,#347
    )),.UNSPECIFIED.,.F.,.F.,.F.,(2,2),(2,2),(0.,13.9),(-6.,0.),
  .PIECEWISE_BEZIER_KNOTS.);
#344 = CARTESIAN_POINT('',(-1.4625,-2.8,6.));
#345 = CARTESIAN_POINT('',(-1.4625,-2.8,0.));
#346 = CARTESIAN_POINT('',(8.9625,-2.8,6.));
#347 = CARTESIAN_POINT('',(8.9625,-2.8,0.));
#348 = ADVANCED_FACE('',(#349),#379,.F.);
#349 = FACE_BOUND('',#350,.F.);
#350 = EDGE_LOOP('',(#351,#358,#365,#372,#377,#378));
#351 = ORIENTED_EDGE('',*,*,#352,.T.);
#352 = EDGE_CURVE('',#77,#353,#355,.T.);
#353 = VERTEX_POINT('',#354);
#354 = CARTESIAN_POINT('',(8.0625,1.7,0.2));
#355 = B_SPLINE_CURVE_WITH_KNOTS('',1,(#356,#357),.UNSPECIFIED.,.F.,.F.,
  (2,2),(0.,0.2),.PIECEWISE_BEZIER_KNOTS.);
#356 = CARTESIAN_POINT('',(8.0625,1.7,0.));
#357 = CARTESIAN_POINT('',(8.0625,1.7,0.2));
#358 = ORIENTED_EDGE('',*,*,#359,.T.);
#359 = EDGE_CURVE('',#353,#360,#362,.T.);
#360 = VERTEX_POINT('',#361);
#361 = CARTESIAN_POINT('',(8.0625,0.5,0.1));
#362 = B_SPLINE_CURVE_WITH_KNOTS('',1,(#363,#364),.UNSPECIFIED.,.F.,.F.,
  (2,2),(-0.,1.204159457879),.PIECEWISE_BEZIER_KNOTS.);
#363 = CARTESIAN_POINT('',(8.0625,1.7,0.2));
#364 = CARTESIAN_POINT('',(8.0625,0.5,0.1));
#365 = ORIENTED_EDGE('',*,*,#366,.T.);
#366 = EDGE_CURVE('',#360,#367,#369,.T.);
#367 = VERTEX_POINT('',#368);
#368 = CARTESIAN_POINT('',(8.0625,-0.5,0.1));
#369 = B_SPLINE_CURVE_WITH_KNOTS('',1,(#370,#371),.UNSPECIFIED.,.F.,.F.,
  (2,2),(0.,1.),.PIECEWISE_BEZIER_KNOTS.);
#370 = CARTESIAN_POINT('',(8.0625,0.5,0.1));
#371 = CARTESIAN_POINT('',(8.0625,-0.5,0.1));
#372 = ORIENTED_EDGE('',*,*,#373,.T.);
#373 = EDGE_CURVE('',#367,#186,#374,.T.);
#374 = B_SPLINE_CURVE_WITH_KNOTS('',1,(#375,#376),.UNSPECIFIED.,.F.,.F.,
  (2,2),(0.,2.302172886644),.PIECEWISE_BEZIER_KNOTS.);
#375 = CARTESIAN_POINT('',(8.0625,-0.5,0.1));
#376 = CARTESIAN_POINT('',(8.0625,-2.8,0.2));
#377 = ORIENTED_EDGE('',*,*,#185,.T.);
#378 = ORIENTED_EDGE('',*,*,#83,.T.);
#379 = B_SPLINE_SURFACE_WITH_KNOTS('',1,1,(
    (#380,#381)
    ,(#382,#383
    )),.UNSPECIFIED.,.F.,.F.,.F.,(2,2),(2,2),(-0.129201964455,
    7.07980355453E-02),(-2.250475523299,2.249524476701),
  .PIECEWISE_BEZIER_KNOTS.);
#380 = CARTESIAN_POINT('',(8.0625,-2.8,0.2));
#381 = CARTESIAN_POINT('',(8.0625,1.7,0.2));
#382 = CARTESIAN_POINT('',(8.0625,-2.8,-1.387778780781E-17));
#383 = CARTESIAN_POINT('',(8.0625,1.7,-1.387778780781E-17));
#384 = ADVANCED_FACE('',(#385,#647),#677,.F.);
#385 = FACE_BOUND('',#386,.F.);
#386 = EDGE_LOOP('',(#387,#388,#389,#396,#403,#410,#417,#424,#431,#438,
    #445,#452,#459,#466,#473,#480,#487,#494,#501,#508,#515,#522,#529,
    #536,#543,#550,#557,#564,#571,#578,#585,#592,#599,#606,#613,#620,
    #627,#634,#641,#646));
#387 = ORIENTED_EDGE('',*,*,#76,.F.);
#388 = ORIENTED_EDGE('',*,*,#149,.T.);
#389 = ORIENTED_EDGE('',*,*,#390,.T.);
#390 = EDGE_CURVE('',#143,#391,#393,.T.);
#391 = VERTEX_POINT('',#392);
#392 = CARTESIAN_POINT('',(7.0875,1.7,6.));
#393 = B_SPLINE_CURVE_WITH_KNOTS('',1,(#394,#395),.UNSPECIFIED.,.F.,.F.,
  (2,2),(0.,2.5),.PIECEWISE_BEZIER_KNOTS.);
#394 = CARTESIAN_POINT('',(8.9625,1.7,6.));
#395 = CARTESIAN_POINT('',(7.0875,1.7,6.));
#396 = ORIENTED_EDGE('',*,*,#397,.T.);
#397 = EDGE_CURVE('',#391,#398,#400,.T.);
#398 = VERTEX_POINT('',#399);
#399 = CARTESIAN_POINT('',(7.0875,1.7,2.1));
#400 = B_SPLINE_CURVE_WITH_KNOTS('',1,(#401,#402),.UNSPECIFIED.,.F.,.F.,
  (2,2),(0.,3.9),.PIECEWISE_BEZIER_KNOTS.);
#401 = CARTESIAN_POINT('',(7.0875,1.7,6.));
#402 = CARTESIAN_POINT('',(7.0875,1.7,2.1));
#403 = ORIENTED_EDGE('',*,*,#404,.T.);
#404 = EDGE_CURVE('',#398,#405,#407,.T.);
#405 = VERTEX_POINT('',#406);
#406 = CARTESIAN_POINT('',(0.4125,1.7,2.1));
#407 = B_SPLINE_CURVE_WITH_KNOTS('',1,(#408,#409),.UNSPECIFIED.,.F.,.F.,
  (2,2),(0.,8.9),.PIECEWISE_BEZIER_KNOTS.);
#408 = CARTESIAN_POINT('',(7.0875,1.7,2.1));
#409 = CARTESIAN_POINT('',(0.4125,1.7,2.1));
#410 = ORIENTED_EDGE('',*,*,#411,.T.);
#411 = EDGE_CURVE('',#405,#412,#414,.T.);
#412 = VERTEX_POINT('',#413);
#413 = CARTESIAN_POINT('',(0.4125,1.7,6.));
#414 = B_SPLINE_CURVE_WITH_KNOTS('',1,(#415,#416),.UNSPECIFIED.,.F.,.F.,
  (2,2),(0.,3.9),.PIECEWISE_BEZIER_KNOTS.);
#415 = CARTESIAN_POINT('',(0.4125,1.7,2.1));
#416 = CARTESIAN_POINT('',(0.4125,1.7,6.));
#417 = ORIENTED_EDGE('',*,*,#418,.T.);
#418 = EDGE_CURVE('',#412,#419,#421,.T.);
#419 = VERTEX_POINT('',#420);
#420 = CARTESIAN_POINT('',(-0.3375,1.7,6.));
#421 = B_SPLINE_CURVE_WITH_KNOTS('',1,(#422,#423),.UNSPECIFIED.,.F.,.F.,
  (2,2),(11.4,12.4),.PIECEWISE_BEZIER_KNOTS.);
#422 = CARTESIAN_POINT('',(0.4125,1.7,6.));
#423 = CARTESIAN_POINT('',(-0.3375,1.7,6.));
#424 = ORIENTED_EDGE('',*,*,#425,.F.);
#425 = EDGE_CURVE('',#426,#419,#428,.T.);
#426 = VERTEX_POINT('',#427);
#427 = CARTESIAN_POINT('',(-0.3375,1.7,4.2));
#428 = B_SPLINE_CURVE_WITH_KNOTS('',1,(#429,#430),.UNSPECIFIED.,.F.,.F.,
  (2,2),(0.,1.8),.PIECEWISE_BEZIER_KNOTS.);
#429 = CARTESIAN_POINT('',(-0.3375,1.7,4.2));
#430 = CARTESIAN_POINT('',(-0.3375,1.7,6.));
#431 = ORIENTED_EDGE('',*,*,#432,.F.);
#432 = EDGE_CURVE('',#433,#426,#435,.T.);
#433 = VERTEX_POINT('',#434);
#434 = CARTESIAN_POINT('',(-0.3,1.7,4.2));
#435 = B_SPLINE_CURVE_WITH_KNOTS('',1,(#436,#437),.UNSPECIFIED.,.F.,.F.,
  (2,2),(0.,5.E-02),.PIECEWISE_BEZIER_KNOTS.);
#436 = CARTESIAN_POINT('',(-0.3,1.7,4.2));
#437 = CARTESIAN_POINT('',(-0.3375,1.7,4.2));
#438 = ORIENTED_EDGE('',*,*,#439,.F.);
#439 = EDGE_CURVE('',#440,#433,#442,.T.);
#440 = VERTEX_POINT('',#441);
#441 = CARTESIAN_POINT('',(-0.3,1.7,2.4));
#442 = B_SPLINE_CURVE_WITH_KNOTS('',1,(#443,#444),.UNSPECIFIED.,.F.,.F.,
  (2,2),(0.,1.8),.PIECEWISE_BEZIER_KNOTS.);
#443 = CARTESIAN_POINT('',(-0.3,1.7,2.4));
#444 = CARTESIAN_POINT('',(-0.3,1.7,4.2));
#445 = ORIENTED_EDGE('',*,*,#446,.F.);
#446 = EDGE_CURVE('',#447,#440,#449,.T.);
#447 = VERTEX_POINT('',#448);
#448 = CARTESIAN_POINT('',(-1.05,1.7,2.4));
#449 = B_SPLINE_CURVE_WITH_KNOTS('',1,(#450,#451),.UNSPECIFIED.,.F.,.F.,
  (2,2),(0.,1.),.PIECEWISE_BEZIER_KNOTS.);
#450 = CARTESIAN_POINT('',(-1.05,1.7,2.4));
#451 = CARTESIAN_POINT('',(-0.3,1.7,2.4));
#452 = ORIENTED_EDGE('',*,*,#453,.F.);
#453 = EDGE_CURVE('',#454,#447,#456,.T.);
#454 = VERTEX_POINT('',#455);
#455 = CARTESIAN_POINT('',(-1.05,1.7,4.2));
#456 = B_SPLINE_CURVE_WITH_KNOTS('',1,(#457,#458),.UNSPECIFIED.,.F.,.F.,
  (2,2),(0.,1.8),.PIECEWISE_BEZIER_KNOTS.);
#457 = CARTESIAN_POINT('',(-1.05,1.7,4.2));
#458 = CARTESIAN_POINT('',(-1.05,1.7,2.4));
#459 = ORIENTED_EDGE('',*,*,#460,.F.);
#460 = EDGE_CURVE('',#461,#454,#463,.T.);
#461 = VERTEX_POINT('',#462);
#462 = CARTESIAN_POINT('',(-0.7125,1.7,4.2));
#463 = B_SPLINE_CURVE_WITH_KNOTS('',1,(#464,#465),.UNSPECIFIED.,.F.,.F.,
  (2,2),(0.55,1.),.PIECEWISE_BEZIER_KNOTS.);
#464 = CARTESIAN_POINT('',(-0.7125,1.7,4.2));
#465 = CARTESIAN_POINT('',(-1.05,1.7,4.2));
#466 = ORIENTED_EDGE('',*,*,#467,.T.);
#467 = EDGE_CURVE('',#461,#468,#470,.T.);
#468 = VERTEX_POINT('',#469);
#469 = CARTESIAN_POINT('',(-0.7125,1.7,6.));
#470 = B_SPLINE_CURVE_WITH_KNOTS('',1,(#471,#472),.UNSPECIFIED.,.F.,.F.,
  (2,2),(0.,1.8),.PIECEWISE_BEZIER_KNOTS.);
#471 = CARTESIAN_POINT('',(-0.7125,1.7,4.2));
#472 = CARTESIAN_POINT('',(-0.7125,1.7,6.));
#473 = ORIENTED_EDGE('',*,*,#474,.T.);
#474 = EDGE_CURVE('',#468,#475,#477,.T.);
#475 = VERTEX_POINT('',#476);
#476 = CARTESIAN_POINT('',(-1.4625,1.7,6.));
#477 = B_SPLINE_CURVE_WITH_KNOTS('',1,(#478,#479),.UNSPECIFIED.,.F.,.F.,
  (2,2),(12.9,13.9),.PIECEWISE_BEZIER_KNOTS.);
#478 = CARTESIAN_POINT('',(-0.7125,1.7,6.));
#479 = CARTESIAN_POINT('',(-1.4625,1.7,6.));
#480 = ORIENTED_EDGE('',*,*,#481,.F.);
#481 = EDGE_CURVE('',#482,#475,#484,.T.);
#482 = VERTEX_POINT('',#483);
#483 = CARTESIAN_POINT('',(-1.4625,1.7,0.));
#484 = B_SPLINE_CURVE_WITH_KNOTS('',1,(#485,#486),.UNSPECIFIED.,.F.,.F.,
  (2,2),(0.,6.),.PIECEWISE_BEZIER_KNOTS.);
#485 = CARTESIAN_POINT('',(-1.4625,1.7,0.));
#486 = CARTESIAN_POINT('',(-1.4625,1.7,6.));
#487 = ORIENTED_EDGE('',*,*,#488,.F.);
#488 = EDGE_CURVE('',#489,#482,#491,.T.);
#489 = VERTEX_POINT('',#490);
#490 = CARTESIAN_POINT('',(-0.5625,1.7,0.));
#491 = B_SPLINE_CURVE_WITH_KNOTS('',1,(#492,#493),.UNSPECIFIED.,.F.,.F.,
  (2,2),(12.7,13.9),.PIECEWISE_BEZIER_KNOTS.);
#492 = CARTESIAN_POINT('',(-0.5625,1.7,0.));
#493 = CARTESIAN_POINT('',(-1.4625,1.7,0.));
#494 = ORIENTED_EDGE('',*,*,#495,.T.);
#495 = EDGE_CURVE('',#489,#496,#498,.T.);
#496 = VERTEX_POINT('',#497);
#497 = CARTESIAN_POINT('',(-0.5625,1.7,0.2));
#498 = B_SPLINE_CURVE_WITH_KNOTS('',1,(#499,#500),.UNSPECIFIED.,.F.,.F.,
  (2,2),(0.,0.2),.PIECEWISE_BEZIER_KNOTS.);
#499 = CARTESIAN_POINT('',(-0.5625,1.7,0.));
#500 = CARTESIAN_POINT('',(-0.5625,1.7,0.2));
#501 = ORIENTED_EDGE('',*,*,#502,.F.);
#502 = EDGE_CURVE('',#503,#496,#505,.T.);
#503 = VERTEX_POINT('',#504);
#504 = CARTESIAN_POINT('',(0.5625,1.7,0.2));
#505 = B_SPLINE_CURVE_WITH_KNOTS('',1,(#506,#507),.UNSPECIFIED.,.F.,.F.,
  (2,2),(0.,1.5),.PIECEWISE_BEZIER_KNOTS.);
#506 = CARTESIAN_POINT('',(0.5625,1.7,0.2));
#507 = CARTESIAN_POINT('',(-0.5625,1.7,0.2));
#508 = ORIENTED_EDGE('',*,*,#509,.F.);
#509 = EDGE_CURVE('',#510,#503,#512,.T.);
#510 = VERTEX_POINT('',#511);
#511 = CARTESIAN_POINT('',(0.5625,1.7,0.));
#512 = B_SPLINE_CURVE_WITH_KNOTS('',1,(#513,#514),.UNSPECIFIED.,.F.,.F.,
  (2,2),(0.,0.2),.PIECEWISE_BEZIER_KNOTS.);
#513 = CARTESIAN_POINT('',(0.5625,1.7,0.));
#514 = CARTESIAN_POINT('',(0.5625,1.7,0.2));
#515 = ORIENTED_EDGE('',*,*,#516,.F.);
#516 = EDGE_CURVE('',#517,#510,#519,.T.);
#517 = VERTEX_POINT('',#518);
#518 = CARTESIAN_POINT('',(0.9375,1.7,0.));
#519 = B_SPLINE_CURVE_WITH_KNOTS('',1,(#520,#521),.UNSPECIFIED.,.F.,.F.,
  (2,2),(10.7,11.2),.PIECEWISE_BEZIER_KNOTS.);
#520 = CARTESIAN_POINT('',(0.9375,1.7,0.));
#521 = CARTESIAN_POINT('',(0.5625,1.7,0.));
#522 = ORIENTED_EDGE('',*,*,#523,.T.);
#523 = EDGE_CURVE('',#517,#524,#526,.T.);
#524 = VERTEX_POINT('',#525);
#525 = CARTESIAN_POINT('',(0.9375,1.7,0.2));
#526 = B_SPLINE_CURVE_WITH_KNOTS('',1,(#527,#528),.UNSPECIFIED.,.F.,.F.,
  (2,2),(0.,0.2),.PIECEWISE_BEZIER_KNOTS.);
#527 = CARTESIAN_POINT('',(0.9375,1.7,0.));
#528 = CARTESIAN_POINT('',(0.9375,1.7,0.2));
#529 = ORIENTED_EDGE('',*,*,#530,.F.);
#530 = EDGE_CURVE('',#531,#524,#533,.T.);
#531 = VERTEX_POINT('',#532);
#532 = CARTESIAN_POINT('',(2.0625,1.7,0.2));
#533 = B_SPLINE_CURVE_WITH_KNOTS('',1,(#534,#535),.UNSPECIFIED.,.F.,.F.,
  (2,2),(0.,1.5),.PIECEWISE_BEZIER_KNOTS.);
#534 = CARTESIAN_POINT('',(2.0625,1.7,0.2));
#535 = CARTESIAN_POINT('',(0.9375,1.7,0.2));
#536 = ORIENTED_EDGE('',*,*,#537,.F.);
#537 = EDGE_CURVE('',#538,#531,#540,.T.);
#538 = VERTEX_POINT('',#539);
#539 = CARTESIAN_POINT('',(2.0625,1.7,0.));
#540 = B_SPLINE_CURVE_WITH_KNOTS('',1,(#541,#542),.UNSPECIFIED.,.F.,.F.,
  (2,2),(0.,0.2),.PIECEWISE_BEZIER_KNOTS.);
#541 = CARTESIAN_POINT('',(2.0625,1.7,0.));
#542 = CARTESIAN_POINT('',(2.0625,1.7,0.2));
#543 = ORIENTED_EDGE('',*,*,#544,.F.);
#544 = EDGE_CURVE('',#545,#538,#547,.T.);
#545 = VERTEX_POINT('',#546);
#546 = CARTESIAN_POINT('',(2.4375,1.7,0.));
#547 = B_SPLINE_CURVE_WITH_KNOTS('',1,(#548,#549),.UNSPECIFIED.,.F.,.F.,
  (2,2),(8.7,9.2),.PIECEWISE_BEZIER_KNOTS.);
#548 = CARTESIAN_POINT('',(2.4375,1.7,0.));
#549 = CARTESIAN_POINT('',(2.0625,1.7,0.));
#550 = ORIENTED_EDGE('',*,*,#551,.T.);
#551 = EDGE_CURVE('',#545,#552,#554,.T.);
#552 = VERTEX_POINT('',#553);
#553 = CARTESIAN_POINT('',(2.4375,1.7,0.2));
#554 = B_SPLINE_CURVE_WITH_KNOTS('',1,(#555,#556),.UNSPECIFIED.,.F.,.F.,
  (2,2),(0.,0.2),.PIECEWISE_BEZIER_KNOTS.);
#555 = CARTESIAN_POINT('',(2.4375,1.7,0.));
#556 = CARTESIAN_POINT('',(2.4375,1.7,0.2));
#557 = ORIENTED_EDGE('',*,*,#558,.F.);
#558 = EDGE_CURVE('',#559,#552,#561,.T.);
#559 = VERTEX_POINT('',#560);
#560 = CARTESIAN_POINT('',(3.5625,1.7,0.2));
#561 = B_SPLINE_CURVE_WITH_KNOTS('',1,(#562,#563),.UNSPECIFIED.,.F.,.F.,
  (2,2),(0.,1.5),.PIECEWISE_BEZIER_KNOTS.);
#562 = CARTESIAN_POINT('',(3.5625,1.7,0.2));
#563 = CARTESIAN_POINT('',(2.4375,1.7,0.2));
#564 = ORIENTED_EDGE('',*,*,#565,.F.);
#565 = EDGE_CURVE('',#566,#559,#568,.T.);
#566 = VERTEX_POINT('',#567);
#567 = CARTESIAN_POINT('',(3.5625,1.7,0.));
#568 = B_SPLINE_CURVE_WITH_KNOTS('',1,(#569,#570),.UNSPECIFIED.,.F.,.F.,
  (2,2),(0.,0.2),.PIECEWISE_BEZIER_KNOTS.);
#569 = CARTESIAN_POINT('',(3.5625,1.7,0.));
#570 = CARTESIAN_POINT('',(3.5625,1.7,0.2));
#571 = ORIENTED_EDGE('',*,*,#572,.F.);
#572 = EDGE_CURVE('',#573,#566,#575,.T.);
#573 = VERTEX_POINT('',#574);
#574 = CARTESIAN_POINT('',(3.9375,1.7,0.));
#575 = B_SPLINE_CURVE_WITH_KNOTS('',1,(#576,#577),.UNSPECIFIED.,.F.,.F.,
  (2,2),(6.7,7.2),.PIECEWISE_BEZIER_KNOTS.);
#576 = CARTESIAN_POINT('',(3.9375,1.7,0.));
#577 = CARTESIAN_POINT('',(3.5625,1.7,0.));
#578 = ORIENTED_EDGE('',*,*,#579,.T.);
#579 = EDGE_CURVE('',#573,#580,#582,.T.);
#580 = VERTEX_POINT('',#581);
#581 = CARTESIAN_POINT('',(3.9375,1.7,0.2));
#582 = B_SPLINE_CURVE_WITH_KNOTS('',1,(#583,#584),.UNSPECIFIED.,.F.,.F.,
  (2,2),(0.,0.2),.PIECEWISE_BEZIER_KNOTS.);
#583 = CARTESIAN_POINT('',(3.9375,1.7,0.));
#584 = CARTESIAN_POINT('',(3.9375,1.7,0.2));
#585 = ORIENTED_EDGE('',*,*,#586,.F.);
#586 = EDGE_CURVE('',#587,#580,#589,.T.);
#587 = VERTEX_POINT('',#588);
#588 = CARTESIAN_POINT('',(5.0625,1.7,0.2));
#589 = B_SPLINE_CURVE_WITH_KNOTS('',1,(#590,#591),.UNSPECIFIED.,.F.,.F.,
  (2,2),(0.,1.5),.PIECEWISE_BEZIER_KNOTS.);
#590 = CARTESIAN_POINT('',(5.0625,1.7,0.2));
#591 = CARTESIAN_POINT('',(3.9375,1.7,0.2));
#592 = ORIENTED_EDGE('',*,*,#593,.F.);
#593 = EDGE_CURVE('',#594,#587,#596,.T.);
#594 = VERTEX_POINT('',#595);
#595 = CARTESIAN_POINT('',(5.0625,1.7,0.));
#596 = B_SPLINE_CURVE_WITH_KNOTS('',1,(#597,#598),.UNSPECIFIED.,.F.,.F.,
  (2,2),(0.,0.2),.PIECEWISE_BEZIER_KNOTS.);
#597 = CARTESIAN_POINT('',(5.0625,1.7,0.));
#598 = CARTESIAN_POINT('',(5.0625,1.7,0.2));
#599 = ORIENTED_EDGE('',*,*,#600,.F.);
#600 = EDGE_CURVE('',#601,#594,#603,.T.);
#601 = VERTEX_POINT('',#602);
#602 = CARTESIAN_POINT('',(5.4375,1.7,0.));
#603 = B_SPLINE_CURVE_WITH_KNOTS('',1,(#604,#605),.UNSPECIFIED.,.F.,.F.,
  (2,2),(4.7,5.2),.PIECEWISE_BEZIER_KNOTS.);
#604 = CARTESIAN_POINT('',(5.4375,1.7,0.));
#605 = CARTESIAN_POINT('',(5.0625,1.7,0.));
#606 = ORIENTED_EDGE('',*,*,#607,.T.);
#607 = EDGE_CURVE('',#601,#608,#610,.T.);
#608 = VERTEX_POINT('',#609);
#609 = CARTESIAN_POINT('',(5.4375,1.7,0.2));
#610 = B_SPLINE_CURVE_WITH_KNOTS('',1,(#611,#612),.UNSPECIFIED.,.F.,.F.,
  (2,2),(0.,0.2),.PIECEWISE_BEZIER_KNOTS.);
#611 = CARTESIAN_POINT('',(5.4375,1.7,0.));
#612 = CARTESIAN_POINT('',(5.4375,1.7,0.2));
#613 = ORIENTED_EDGE('',*,*,#614,.F.);
#614 = EDGE_CURVE('',#615,#608,#617,.T.);
#615 = VERTEX_POINT('',#616);
#616 = CARTESIAN_POINT('',(6.5625,1.7,0.2));
#617 = B_SPLINE_CURVE_WITH_KNOTS('',1,(#618,#619),.UNSPECIFIED.,.F.,.F.,
  (2,2),(0.,1.5),.PIECEWISE_BEZIER_KNOTS.);
#618 = CARTESIAN_POINT('',(6.5625,1.7,0.2));
#619 = CARTESIAN_POINT('',(5.4375,1.7,0.2));
#620 = ORIENTED_EDGE('',*,*,#621,.F.);
#621 = EDGE_CURVE('',#622,#615,#624,.T.);
#622 = VERTEX_POINT('',#623);
#623 = CARTESIAN_POINT('',(6.5625,1.7,0.));
#624 = B_SPLINE_CURVE_WITH_KNOTS('',1,(#625,#626),.UNSPECIFIED.,.F.,.F.,
  (2,2),(0.,0.2),.PIECEWISE_BEZIER_KNOTS.);
#625 = CARTESIAN_POINT('',(6.5625,1.7,0.));
#626 = CARTESIAN_POINT('',(6.5625,1.7,0.2));
#627 = ORIENTED_EDGE('',*,*,#628,.F.);
#628 = EDGE_CURVE('',#629,#622,#631,.T.);
#629 = VERTEX_POINT('',#630);
#630 = CARTESIAN_POINT('',(6.9375,1.7,0.));
#631 = B_SPLINE_CURVE_WITH_KNOTS('',1,(#632,#633),.UNSPECIFIED.,.F.,.F.,
  (2,2),(2.7,3.2),.PIECEWISE_BEZIER_KNOTS.);
#632 = CARTESIAN_POINT('',(6.9375,1.7,0.));
#633 = CARTESIAN_POINT('',(6.5625,1.7,0.));
#634 = ORIENTED_EDGE('',*,*,#635,.T.);
#635 = EDGE_CURVE('',#629,#636,#638,.T.);
#636 = VERTEX_POINT('',#637);
#637 = CARTESIAN_POINT('',(6.9375,1.7,0.2));
#638 = B_SPLINE_CURVE_WITH_KNOTS('',1,(#639,#640),.UNSPECIFIED.,.F.,.F.,
  (2,2),(0.,0.2),.PIECEWISE_BEZIER_KNOTS.);
#639 = CARTESIAN_POINT('',(6.9375,1.7,0.));
#640 = CARTESIAN_POINT('',(6.9375,1.7,0.2));
#641 = ORIENTED_EDGE('',*,*,#642,.F.);
#642 = EDGE_CURVE('',#353,#636,#643,.T.);
#643 = B_SPLINE_CURVE_WITH_KNOTS('',1,(#644,#645),.UNSPECIFIED.,.F.,.F.,
  (2,2),(0.,1.5),.PIECEWISE_BEZIER_KNOTS.);
#644 = CARTESIAN_POINT('',(8.0625,1.7,0.2));
#645 = CARTESIAN_POINT('',(6.9375,1.7,0.2));
#646 = ORIENTED_EDGE('',*,*,#352,.F.);
#647 = FACE_BOUND('',#648,.F.);
#648 = EDGE_LOOP('',(#649,#658,#665,#672));
#649 = ORIENTED_EDGE('',*,*,#650,.T.);
#650 = EDGE_CURVE('',#651,#653,#655,.T.);
#651 = VERTEX_POINT('',#652);
#652 = CARTESIAN_POINT('',(7.8,1.7,4.2));
#653 = VERTEX_POINT('',#654);
#654 = CARTESIAN_POINT('',(8.55,1.7,4.2));
#655 = B_SPLINE_CURVE_WITH_KNOTS('',1,(#656,#657),.UNSPECIFIED.,.F.,.F.,
  (2,2),(0.,1.),.PIECEWISE_BEZIER_KNOTS.);
#656 = CARTESIAN_POINT('',(7.8,1.7,4.2));
#657 = CARTESIAN_POINT('',(8.55,1.7,4.2));
#658 = ORIENTED_EDGE('',*,*,#659,.T.);
#659 = EDGE_CURVE('',#653,#660,#662,.T.);
#660 = VERTEX_POINT('',#661);
#661 = CARTESIAN_POINT('',(8.55,1.7,2.4));
#662 = B_SPLINE_CURVE_WITH_KNOTS('',1,(#663,#664),.UNSPECIFIED.,.F.,.F.,
  (2,2),(0.,1.8),.PIECEWISE_BEZIER_KNOTS.);
#663 = CARTESIAN_POINT('',(8.55,1.7,4.2));
#664 = CARTESIAN_POINT('',(8.55,1.7,2.4));
#665 = ORIENTED_EDGE('',*,*,#666,.T.);
#666 = EDGE_CURVE('',#660,#667,#669,.T.);
#667 = VERTEX_POINT('',#668);
#668 = CARTESIAN_POINT('',(7.8,1.7,2.4));
#669 = B_SPLINE_CURVE_WITH_KNOTS('',1,(#670,#671),.UNSPECIFIED.,.F.,.F.,
  (2,2),(0.,1.),.PIECEWISE_BEZIER_KNOTS.);
#670 = CARTESIAN_POINT('',(8.55,1.7,2.4));
#671 = CARTESIAN_POINT('',(7.8,1.7,2.4));
#672 = ORIENTED_EDGE('',*,*,#673,.T.);
#673 = EDGE_CURVE('',#667,#651,#674,.T.);
#674 = B_SPLINE_CURVE_WITH_KNOTS('',1,(#675,#676),.UNSPECIFIED.,.F.,.F.,
  (2,2),(0.,1.8),.PIECEWISE_BEZIER_KNOTS.);
#675 = CARTESIAN_POINT('',(7.8,1.7,2.4));
#676 = CARTESIAN_POINT('',(7.8,1.7,4.2));
#677 = B_SPLINE_SURFACE_WITH_KNOTS('',1,1,(
    (#678,#679)
    ,(#680,#681
    )),.UNSPECIFIED.,.F.,.F.,.F.,(2,2),(2,2),(0.,13.9),(-6.,0.),
  .PIECEWISE_BEZIER_KNOTS.);
#678 = CARTESIAN_POINT('',(8.9625,1.7,6.));
#679 = CARTESIAN_POINT('',(8.9625,1.7,0.));
#680 = CARTESIAN_POINT('',(-1.4625,1.7,6.));
#681 = CARTESIAN_POINT('',(-1.4625,1.7,0.));
#682 = ADVANCED_FACE('',(#683),#713,.T.);
#683 = FACE_BOUND('',#684,.T.);
#684 = EDGE_LOOP('',(#685,#692,#693,#694,#701,#708));
#685 = ORIENTED_EDGE('',*,*,#686,.F.);
#686 = EDGE_CURVE('',#136,#687,#689,.T.);
#687 = VERTEX_POINT('',#688);
#688 = CARTESIAN_POINT('',(8.5875,0.2,6.));
#689 = B_SPLINE_CURVE_WITH_KNOTS('',1,(#690,#691),.UNSPECIFIED.,.F.,.F.,
  (2,2),(0.,0.5),.PIECEWISE_BEZIER_KNOTS.);
#690 = CARTESIAN_POINT('',(8.9625,0.2,6.));
#691 = CARTESIAN_POINT('',(8.5875,0.2,6.));
#692 = ORIENTED_EDGE('',*,*,#142,.T.);
#693 = ORIENTED_EDGE('',*,*,#390,.T.);
#694 = ORIENTED_EDGE('',*,*,#695,.T.);
#695 = EDGE_CURVE('',#391,#696,#698,.T.);
#696 = VERTEX_POINT('',#697);
#697 = CARTESIAN_POINT('',(7.0875,1.1,6.));
#698 = B_SPLINE_CURVE_WITH_KNOTS('',1,(#699,#700),.UNSPECIFIED.,.F.,.F.,
  (2,2),(0.,0.6),.PIECEWISE_BEZIER_KNOTS.);
#699 = CARTESIAN_POINT('',(7.0875,1.7,6.));
#700 = CARTESIAN_POINT('',(7.0875,1.1,6.));
#701 = ORIENTED_EDGE('',*,*,#702,.F.);
#702 = EDGE_CURVE('',#703,#696,#705,.T.);
#703 = VERTEX_POINT('',#704);
#704 = CARTESIAN_POINT('',(8.5875,1.1,6.));
#705 = B_SPLINE_CURVE_WITH_KNOTS('',1,(#706,#707),.UNSPECIFIED.,.F.,.F.,
  (2,2),(0.,2.),.PIECEWISE_BEZIER_KNOTS.);
#706 = CARTESIAN_POINT('',(8.5875,1.1,6.));
#707 = CARTESIAN_POINT('',(7.0875,1.1,6.));
#708 = ORIENTED_EDGE('',*,*,#709,.F.);
#709 = EDGE_CURVE('',#687,#703,#710,.T.);
#710 = B_SPLINE_CURVE_WITH_KNOTS('',1,(#711,#712),.UNSPECIFIED.,.F.,.F.,
  (2,2),(2.5,3.4),.PIECEWISE_BEZIER_KNOTS.);
#711 = CARTESIAN_POINT('',(8.5875,0.2,6.));
#712 = CARTESIAN_POINT('',(8.5875,1.1,6.));
#713 = B_SPLINE_SURFACE_WITH_KNOTS('',1,1,(
    (#714,#715)
    ,(#716,#717
    )),.UNSPECIFIED.,.F.,.F.,.F.,(2,2),(2,2),(-6.95,-4.45),(-2.25,-0.75)
  ,.PIECEWISE_BEZIER_KNOTS.);
#714 = CARTESIAN_POINT('',(8.9625,1.7,6.));
#715 = CARTESIAN_POINT('',(8.9625,0.2,6.));
#716 = CARTESIAN_POINT('',(7.0875,1.7,6.));
#717 = CARTESIAN_POINT('',(7.0875,0.2,6.));
#718 = ADVANCED_FACE('',(#719),#735,.T.);
#719 = FACE_BOUND('',#720,.T.);
#720 = EDGE_LOOP('',(#721,#722,#723,#730));
#721 = ORIENTED_EDGE('',*,*,#135,.F.);
#722 = ORIENTED_EDGE('',*,*,#686,.T.);
#723 = ORIENTED_EDGE('',*,*,#724,.T.);
#724 = EDGE_CURVE('',#687,#725,#727,.T.);
#725 = VERTEX_POINT('',#726);
#726 = CARTESIAN_POINT('',(8.5875,0.2,4.4));
#727 = B_SPLINE_CURVE_WITH_KNOTS('',1,(#728,#729),.UNSPECIFIED.,.F.,.F.,
  (2,2),(0.,1.6),.PIECEWISE_BEZIER_KNOTS.);
#728 = CARTESIAN_POINT('',(8.5875,0.2,6.));
#729 = CARTESIAN_POINT('',(8.5875,0.2,4.4));
#730 = ORIENTED_EDGE('',*,*,#731,.F.);
#731 = EDGE_CURVE('',#126,#725,#732,.T.);
#732 = B_SPLINE_CURVE_WITH_KNOTS('',1,(#733,#734),.UNSPECIFIED.,.F.,.F.,
  (2,2),(0.,0.5),.PIECEWISE_BEZIER_KNOTS.);
#733 = CARTESIAN_POINT('',(8.9625,0.2,4.4));
#734 = CARTESIAN_POINT('',(8.5875,0.2,4.4));
#735 = B_SPLINE_SURFACE_WITH_KNOTS('',1,1,(
    (#736,#737)
    ,(#738,#739
    )),.UNSPECIFIED.,.F.,.F.,.F.,(2,2),(2,2),(0.,1.6),(-0.5,0.),
  .PIECEWISE_BEZIER_KNOTS.);
#736 = CARTESIAN_POINT('',(8.5875,0.2,6.));
#737 = CARTESIAN_POINT('',(8.9625,0.2,6.));
#738 = CARTESIAN_POINT('',(8.5875,0.2,4.4));
#739 = CARTESIAN_POINT('',(8.9625,0.2,4.4));
#740 = ADVANCED_FACE('',(#741),#760,.F.);
#741 = FACE_BOUND('',#742,.F.);
#742 = EDGE_LOOP('',(#743,#750,#758,#759));
#743 = ORIENTED_EDGE('',*,*,#744,.T.);
#744 = EDGE_CURVE('',#119,#745,#747,.T.);
#745 = VERTEX_POINT('',#746);
#746 = CARTESIAN_POINT('',(8.5875,-0.6,4.4));
#747 = B_SPLINE_CURVE_WITH_KNOTS('',1,(#748,#749),.UNSPECIFIED.,.F.,.F.,
  (2,2),(0.,0.5),.PIECEWISE_BEZIER_KNOTS.);
#748 = CARTESIAN_POINT('',(8.9625,-0.6,4.4));
#749 = CARTESIAN_POINT('',(8.5875,-0.6,4.4));
#750 = ORIENTED_EDGE('',*,*,#751,.T.);
#751 = EDGE_CURVE('',#745,#725,#752,.T.);
#752 = ( BOUNDED_CURVE() B_SPLINE_CURVE(2,(#753,#754,#755,#756,#757),
.UNSPECIFIED.,.F.,.F.) B_SPLINE_CURVE_WITH_KNOTS((3,2,3),(3.14159265359,
4.712388980385,6.28318530718),.PIECEWISE_BEZIER_KNOTS.) CURVE() 
GEOMETRIC_REPRESENTATION_ITEM() RATIONAL_B_SPLINE_CURVE((1.,
0.707106781187,1.,0.707106781187,1.)) REPRESENTATION_ITEM('') );
#753 = CARTESIAN_POINT('',(8.5875,-0.6,4.4));
#754 = CARTESIAN_POINT('',(8.5875,-0.6,4.));
#755 = CARTESIAN_POINT('',(8.5875,-0.2,4.));
#756 = CARTESIAN_POINT('',(8.5875,0.2,4.));
#757 = CARTESIAN_POINT('',(8.5875,0.2,4.4));
#758 = ORIENTED_EDGE('',*,*,#731,.F.);
#759 = ORIENTED_EDGE('',*,*,#125,.T.);
#760 = ( BOUNDED_SURFACE() B_SPLINE_SURFACE(2,1,(
    (#761,#762)
    ,(#763,#764)
    ,(#765,#766)
    ,(#767,#768)
,(#769,#770
    )),.UNSPECIFIED.,.F.,.F.,.F.) B_SPLINE_SURFACE_WITH_KNOTS((3,2,3),(2
    ,2),(3.14159265359,4.712388980385,6.28318530718),(-0.5,0.),
.PIECEWISE_BEZIER_KNOTS.) GEOMETRIC_REPRESENTATION_ITEM() 
RATIONAL_B_SPLINE_SURFACE((
    (1.,1.)
    ,(0.707106781187,0.707106781187)
    ,(1.,1.)
    ,(0.707106781187,0.707106781187)
,(1.,1.))) REPRESENTATION_ITEM('') SURFACE() );
#761 = CARTESIAN_POINT('',(8.5875,-0.6,4.4));
#762 = CARTESIAN_POINT('',(8.9625,-0.6,4.4));
#763 = CARTESIAN_POINT('',(8.5875,-0.6,4.));
#764 = CARTESIAN_POINT('',(8.9625,-0.6,4.));
#765 = CARTESIAN_POINT('',(8.5875,-0.2,4.));
#766 = CARTESIAN_POINT('',(8.9625,-0.2,4.));
#767 = CARTESIAN_POINT('',(8.5875,0.2,4.));
#768 = CARTESIAN_POINT('',(8.9625,0.2,4.));
#769 = CARTESIAN_POINT('',(8.5875,0.2,4.4));
#770 = CARTESIAN_POINT('',(8.9625,0.2,4.4));
#771 = ADVANCED_FACE('',(#772),#788,.T.);
#772 = FACE_BOUND('',#773,.T.);
#773 = EDGE_LOOP('',(#774,#775,#776,#783));
#774 = ORIENTED_EDGE('',*,*,#118,.F.);
#775 = ORIENTED_EDGE('',*,*,#744,.T.);
#776 = ORIENTED_EDGE('',*,*,#777,.T.);
#777 = EDGE_CURVE('',#745,#778,#780,.T.);
#778 = VERTEX_POINT('',#779);
#779 = CARTESIAN_POINT('',(8.5875,-0.6,6.));
#780 = B_SPLINE_CURVE_WITH_KNOTS('',1,(#781,#782),.UNSPECIFIED.,.F.,.F.,
  (2,2),(-0.8,0.8),.PIECEWISE_BEZIER_KNOTS.);
#781 = CARTESIAN_POINT('',(8.5875,-0.6,4.4));
#782 = CARTESIAN_POINT('',(8.5875,-0.6,6.));
#783 = ORIENTED_EDGE('',*,*,#784,.F.);
#784 = EDGE_CURVE('',#112,#778,#785,.T.);
#785 = B_SPLINE_CURVE_WITH_KNOTS('',1,(#786,#787),.UNSPECIFIED.,.F.,.F.,
  (2,2),(0.,0.5),.PIECEWISE_BEZIER_KNOTS.);
#786 = CARTESIAN_POINT('',(8.9625,-0.6,6.));
#787 = CARTESIAN_POINT('',(8.5875,-0.6,6.));
#788 = B_SPLINE_SURFACE_WITH_KNOTS('',1,1,(
    (#789,#790)
    ,(#791,#792
    )),.UNSPECIFIED.,.F.,.F.,.F.,(2,2),(2,2),(0.,1.6),(-0.5,0.),
  .PIECEWISE_BEZIER_KNOTS.);
#789 = CARTESIAN_POINT('',(8.5875,-0.6,4.4));
#790 = CARTESIAN_POINT('',(8.9625,-0.6,4.4));
#791 = CARTESIAN_POINT('',(8.5875,-0.6,6.));
#792 = CARTESIAN_POINT('',(8.9625,-0.6,6.));
#793 = ADVANCED_FACE('',(#794),#832,.T.);
#794 = FACE_BOUND('',#795,.T.);
#795 = EDGE_LOOP('',(#796,#797,#798,#805,#812,#819,#826,#831));
#796 = ORIENTED_EDGE('',*,*,#111,.T.);
#797 = ORIENTED_EDGE('',*,*,#784,.T.);
#798 = ORIENTED_EDGE('',*,*,#799,.F.);
#799 = EDGE_CURVE('',#800,#778,#802,.T.);
#800 = VERTEX_POINT('',#801);
#801 = CARTESIAN_POINT('',(8.5875,-2.3,6.));
#802 = B_SPLINE_CURVE_WITH_KNOTS('',1,(#803,#804),.UNSPECIFIED.,.F.,.F.,
  (2,2),(0.,1.7),.PIECEWISE_BEZIER_KNOTS.);
#803 = CARTESIAN_POINT('',(8.5875,-2.3,6.));
#804 = CARTESIAN_POINT('',(8.5875,-0.6,6.));
#805 = ORIENTED_EDGE('',*,*,#806,.F.);
#806 = EDGE_CURVE('',#807,#800,#809,.T.);
#807 = VERTEX_POINT('',#808);
#808 = CARTESIAN_POINT('',(-1.0875,-2.3,6.));
#809 = B_SPLINE_CURVE_WITH_KNOTS('',1,(#810,#811),.UNSPECIFIED.,.F.,.F.,
  (2,2),(0.,12.9),.PIECEWISE_BEZIER_KNOTS.);
#810 = CARTESIAN_POINT('',(-1.0875,-2.3,6.));
#811 = CARTESIAN_POINT('',(8.5875,-2.3,6.));
#812 = ORIENTED_EDGE('',*,*,#813,.F.);
#813 = EDGE_CURVE('',#814,#807,#816,.T.);
#814 = VERTEX_POINT('',#815);
#815 = CARTESIAN_POINT('',(-1.0875,-0.6,6.));
#816 = B_SPLINE_CURVE_WITH_KNOTS('',1,(#817,#818),.UNSPECIFIED.,.F.,.F.,
  (2,2),(1.7,3.4),.PIECEWISE_BEZIER_KNOTS.);
#817 = CARTESIAN_POINT('',(-1.0875,-0.6,6.));
#818 = CARTESIAN_POINT('',(-1.0875,-2.3,6.));
#819 = ORIENTED_EDGE('',*,*,#820,.T.);
#820 = EDGE_CURVE('',#814,#821,#823,.T.);
#821 = VERTEX_POINT('',#822);
#822 = CARTESIAN_POINT('',(-1.4625,-0.6,6.));
#823 = B_SPLINE_CURVE_WITH_KNOTS('',1,(#824,#825),.UNSPECIFIED.,.F.,.F.,
  (2,2),(13.4,13.9),.PIECEWISE_BEZIER_KNOTS.);
#824 = CARTESIAN_POINT('',(-1.0875,-0.6,6.));
#825 = CARTESIAN_POINT('',(-1.4625,-0.6,6.));
#826 = ORIENTED_EDGE('',*,*,#827,.T.);
#827 = EDGE_CURVE('',#821,#172,#828,.T.);
#828 = B_SPLINE_CURVE_WITH_KNOTS('',1,(#829,#830),.UNSPECIFIED.,.F.,.F.,
  (2,2),(2.3,4.5),.PIECEWISE_BEZIER_KNOTS.);
#829 = CARTESIAN_POINT('',(-1.4625,-0.6,6.));
#830 = CARTESIAN_POINT('',(-1.4625,-2.8,6.));
#831 = ORIENTED_EDGE('',*,*,#178,.T.);
#832 = B_SPLINE_SURFACE_WITH_KNOTS('',1,1,(
    (#833,#834)
    ,(#835,#836
    )),.UNSPECIFIED.,.F.,.F.,.F.,(2,2),(2,2),(-6.95,6.95),(5.E-02,2.25),
  .PIECEWISE_BEZIER_KNOTS.);
#833 = CARTESIAN_POINT('',(8.9625,-0.6,6.));
#834 = CARTESIAN_POINT('',(8.9625,-2.8,6.));
#835 = CARTESIAN_POINT('',(-1.4625,-0.6,6.));
#836 = CARTESIAN_POINT('',(-1.4625,-2.8,6.));
#837 = ADVANCED_FACE('',(#838),#852,.F.);
#838 = FACE_BOUND('',#839,.F.);
#839 = EDGE_LOOP('',(#840,#841,#846,#847));
#840 = ORIENTED_EDGE('',*,*,#162,.T.);
#841 = ORIENTED_EDGE('',*,*,#842,.T.);
#842 = EDGE_CURVE('',#165,#489,#843,.T.);
#843 = B_SPLINE_CURVE_WITH_KNOTS('',1,(#844,#845),.UNSPECIFIED.,.F.,.F.,
  (2,2),(0.,4.5),.PIECEWISE_BEZIER_KNOTS.);
#844 = CARTESIAN_POINT('',(-0.5625,-2.8,0.));
#845 = CARTESIAN_POINT('',(-0.5625,1.7,0.));
#846 = ORIENTED_EDGE('',*,*,#488,.T.);
#847 = ORIENTED_EDGE('',*,*,#848,.T.);
#848 = EDGE_CURVE('',#482,#163,#849,.T.);
#849 = B_SPLINE_CURVE_WITH_KNOTS('',1,(#850,#851),.UNSPECIFIED.,.F.,.F.,
  (2,2),(0.,4.5),.PIECEWISE_BEZIER_KNOTS.);
#850 = CARTESIAN_POINT('',(-1.4625,1.7,0.));
#851 = CARTESIAN_POINT('',(-1.4625,-2.8,0.));
#852 = B_SPLINE_SURFACE_WITH_KNOTS('',1,1,(
    (#853,#854)
    ,(#855,#856
    )),.UNSPECIFIED.,.F.,.F.,.F.,(2,2),(2,2),(5.75,6.95),(-2.25,2.25),
  .PIECEWISE_BEZIER_KNOTS.);
#853 = CARTESIAN_POINT('',(-0.5625,1.7,0.));
#854 = CARTESIAN_POINT('',(-0.5625,-2.8,0.));
#855 = CARTESIAN_POINT('',(-1.4625,1.7,0.));
#856 = CARTESIAN_POINT('',(-1.4625,-2.8,0.));
#857 = ADVANCED_FACE('',(#858),#882,.T.);
#858 = FACE_BOUND('',#859,.T.);
#859 = EDGE_LOOP('',(#860,#861,#868,#875,#880,#881));
#860 = ORIENTED_EDGE('',*,*,#495,.T.);
#861 = ORIENTED_EDGE('',*,*,#862,.T.);
#862 = EDGE_CURVE('',#496,#863,#865,.T.);
#863 = VERTEX_POINT('',#864);
#864 = CARTESIAN_POINT('',(-0.5625,0.5,0.1));
#865 = B_SPLINE_CURVE_WITH_KNOTS('',1,(#866,#867),.UNSPECIFIED.,.F.,.F.,
  (2,2),(-0.,1.204159457879),.PIECEWISE_BEZIER_KNOTS.);
#866 = CARTESIAN_POINT('',(-0.5625,1.7,0.2));
#867 = CARTESIAN_POINT('',(-0.5625,0.5,0.1));
#868 = ORIENTED_EDGE('',*,*,#869,.T.);
#869 = EDGE_CURVE('',#863,#870,#872,.T.);
#870 = VERTEX_POINT('',#871);
#871 = CARTESIAN_POINT('',(-0.5625,-0.5,0.1));
#872 = B_SPLINE_CURVE_WITH_KNOTS('',1,(#873,#874),.UNSPECIFIED.,.F.,.F.,
  (2,2),(0.,1.),.PIECEWISE_BEZIER_KNOTS.);
#873 = CARTESIAN_POINT('',(-0.5625,0.5,0.1));
#874 = CARTESIAN_POINT('',(-0.5625,-0.5,0.1));
#875 = ORIENTED_EDGE('',*,*,#876,.T.);
#876 = EDGE_CURVE('',#870,#333,#877,.T.);
#877 = B_SPLINE_CURVE_WITH_KNOTS('',1,(#878,#879),.UNSPECIFIED.,.F.,.F.,
  (2,2),(0.,2.302172886644),.PIECEWISE_BEZIER_KNOTS.);
#878 = CARTESIAN_POINT('',(-0.5625,-0.5,0.1));
#879 = CARTESIAN_POINT('',(-0.5625,-2.8,0.2));
#880 = ORIENTED_EDGE('',*,*,#339,.T.);
#881 = ORIENTED_EDGE('',*,*,#842,.T.);
#882 = B_SPLINE_SURFACE_WITH_KNOTS('',1,1,(
    (#883,#884)
    ,(#885,#886
    )),.UNSPECIFIED.,.F.,.F.,.F.,(2,2),(2,2),(-0.129201964455,
    7.07980355453E-02),(-2.250475523299,2.249524476701),
  .PIECEWISE_BEZIER_KNOTS.);
#883 = CARTESIAN_POINT('',(-0.5625,-2.8,0.2));
#884 = CARTESIAN_POINT('',(-0.5625,1.7,0.2));
#885 = CARTESIAN_POINT('',(-0.5625,-2.8,-1.387778780781E-17));
#886 = CARTESIAN_POINT('',(-0.5625,1.7,-1.387778780781E-17));
#887 = ADVANCED_FACE('',(#888),#904,.F.);
#888 = FACE_BOUND('',#889,.F.);
#889 = EDGE_LOOP('',(#890,#897,#898,#899));
#890 = ORIENTED_EDGE('',*,*,#891,.T.);
#891 = EDGE_CURVE('',#892,#870,#894,.T.);
#892 = VERTEX_POINT('',#893);
#893 = CARTESIAN_POINT('',(0.5625,-0.5,0.1));
#894 = B_SPLINE_CURVE_WITH_KNOTS('',1,(#895,#896),.UNSPECIFIED.,.F.,.F.,
  (2,2),(0.,1.5),.PIECEWISE_BEZIER_KNOTS.);
#895 = CARTESIAN_POINT('',(0.5625,-0.5,0.1));
#896 = CARTESIAN_POINT('',(-0.5625,-0.5,0.1));
#897 = ORIENTED_EDGE('',*,*,#876,.T.);
#898 = ORIENTED_EDGE('',*,*,#332,.F.);
#899 = ORIENTED_EDGE('',*,*,#900,.F.);
#900 = EDGE_CURVE('',#892,#326,#901,.T.);
#901 = B_SPLINE_CURVE_WITH_KNOTS('',1,(#902,#903),.UNSPECIFIED.,.F.,.F.,
  (2,2),(0.,2.302172886644),.PIECEWISE_BEZIER_KNOTS.);
#902 = CARTESIAN_POINT('',(0.5625,-0.5,0.1));
#903 = CARTESIAN_POINT('',(0.5625,-2.8,0.2));
#904 = B_SPLINE_SURFACE_WITH_KNOTS('',1,1,(
    (#905,#906)
    ,(#907,#908
    )),.UNSPECIFIED.,.F.,.F.,.F.,(2,2),(2,2),(0.,2.302172886644),(-1.5,
    2.816687638039E-16),.PIECEWISE_BEZIER_KNOTS.);
#905 = CARTESIAN_POINT('',(-0.5625,-0.5,0.1));
#906 = CARTESIAN_POINT('',(0.5625,-0.5,0.1));
#907 = CARTESIAN_POINT('',(-0.5625,-2.8,0.2));
#908 = CARTESIAN_POINT('',(0.5625,-2.8,0.2));
#909 = ADVANCED_FACE('',(#910),#932,.F.);
#910 = FACE_BOUND('',#911,.F.);
#911 = EDGE_LOOP('',(#912,#913,#920,#925,#926,#927));
#912 = ORIENTED_EDGE('',*,*,#509,.T.);
#913 = ORIENTED_EDGE('',*,*,#914,.T.);
#914 = EDGE_CURVE('',#503,#915,#917,.T.);
#915 = VERTEX_POINT('',#916);
#916 = CARTESIAN_POINT('',(0.5625,0.5,0.1));
#917 = B_SPLINE_CURVE_WITH_KNOTS('',1,(#918,#919),.UNSPECIFIED.,.F.,.F.,
  (2,2),(-0.,1.204159457879),.PIECEWISE_BEZIER_KNOTS.);
#918 = CARTESIAN_POINT('',(0.5625,1.7,0.2));
#919 = CARTESIAN_POINT('',(0.5625,0.5,0.1));
#920 = ORIENTED_EDGE('',*,*,#921,.T.);
#921 = EDGE_CURVE('',#915,#892,#922,.T.);
#922 = B_SPLINE_CURVE_WITH_KNOTS('',1,(#923,#924),.UNSPECIFIED.,.F.,.F.,
  (2,2),(0.,1.),.PIECEWISE_BEZIER_KNOTS.);
#923 = CARTESIAN_POINT('',(0.5625,0.5,0.1));
#924 = CARTESIAN_POINT('',(0.5625,-0.5,0.1));
#925 = ORIENTED_EDGE('',*,*,#900,.T.);
#926 = ORIENTED_EDGE('',*,*,#325,.T.);
#927 = ORIENTED_EDGE('',*,*,#928,.T.);
#928 = EDGE_CURVE('',#319,#510,#929,.T.);
#929 = B_SPLINE_CURVE_WITH_KNOTS('',1,(#930,#931),.UNSPECIFIED.,.F.,.F.,
  (2,2),(0.,4.5),.PIECEWISE_BEZIER_KNOTS.);
#930 = CARTESIAN_POINT('',(0.5625,-2.8,0.));
#931 = CARTESIAN_POINT('',(0.5625,1.7,0.));
#932 = B_SPLINE_SURFACE_WITH_KNOTS('',1,1,(
    (#933,#934)
    ,(#935,#936
    )),.UNSPECIFIED.,.F.,.F.,.F.,(2,2),(2,2),(-0.129201964455,
    7.07980355453E-02),(-2.250475523299,2.249524476701),
  .PIECEWISE_BEZIER_KNOTS.);
#933 = CARTESIAN_POINT('',(0.5625,-2.8,0.2));
#934 = CARTESIAN_POINT('',(0.5625,1.7,0.2));
#935 = CARTESIAN_POINT('',(0.5625,-2.8,-1.387778780781E-17));
#936 = CARTESIAN_POINT('',(0.5625,1.7,-1.387778780781E-17));
#937 = ADVANCED_FACE('',(#938),#948,.F.);
#938 = FACE_BOUND('',#939,.F.);
#939 = EDGE_LOOP('',(#940,#941,#946,#947));
#940 = ORIENTED_EDGE('',*,*,#318,.T.);
#941 = ORIENTED_EDGE('',*,*,#942,.T.);
#942 = EDGE_CURVE('',#312,#517,#943,.T.);
#943 = B_SPLINE_CURVE_WITH_KNOTS('',1,(#944,#945),.UNSPECIFIED.,.F.,.F.,
  (2,2),(0.,4.5),.PIECEWISE_BEZIER_KNOTS.);
#944 = CARTESIAN_POINT('',(0.9375,-2.8,0.));
#945 = CARTESIAN_POINT('',(0.9375,1.7,0.));
#946 = ORIENTED_EDGE('',*,*,#516,.T.);
#947 = ORIENTED_EDGE('',*,*,#928,.F.);
#948 = B_SPLINE_SURFACE_WITH_KNOTS('',1,1,(
    (#949,#950)
    ,(#951,#952
    )),.UNSPECIFIED.,.F.,.F.,.F.,(2,2),(2,2),(3.75,4.25),(-2.25,2.25),
  .PIECEWISE_BEZIER_KNOTS.);
#949 = CARTESIAN_POINT('',(0.9375,1.7,0.));
#950 = CARTESIAN_POINT('',(0.9375,-2.8,0.));
#951 = CARTESIAN_POINT('',(0.5625,1.7,0.));
#952 = CARTESIAN_POINT('',(0.5625,-2.8,0.));
#953 = ADVANCED_FACE('',(#954),#978,.T.);
#954 = FACE_BOUND('',#955,.T.);
#955 = EDGE_LOOP('',(#956,#957,#964,#971,#976,#977));
#956 = ORIENTED_EDGE('',*,*,#523,.T.);
#957 = ORIENTED_EDGE('',*,*,#958,.T.);
#958 = EDGE_CURVE('',#524,#959,#961,.T.);
#959 = VERTEX_POINT('',#960);
#960 = CARTESIAN_POINT('',(0.9375,0.5,0.1));
#961 = B_SPLINE_CURVE_WITH_KNOTS('',1,(#962,#963),.UNSPECIFIED.,.F.,.F.,
  (2,2),(-0.,1.204159457879),.PIECEWISE_BEZIER_KNOTS.);
#962 = CARTESIAN_POINT('',(0.9375,1.7,0.2));
#963 = CARTESIAN_POINT('',(0.9375,0.5,0.1));
#964 = ORIENTED_EDGE('',*,*,#965,.T.);
#965 = EDGE_CURVE('',#959,#966,#968,.T.);
#966 = VERTEX_POINT('',#967);
#967 = CARTESIAN_POINT('',(0.9375,-0.5,0.1));
#968 = B_SPLINE_CURVE_WITH_KNOTS('',1,(#969,#970),.UNSPECIFIED.,.F.,.F.,
  (2,2),(0.,1.),.PIECEWISE_BEZIER_KNOTS.);
#969 = CARTESIAN_POINT('',(0.9375,0.5,0.1));
#970 = CARTESIAN_POINT('',(0.9375,-0.5,0.1));
#971 = ORIENTED_EDGE('',*,*,#972,.T.);
#972 = EDGE_CURVE('',#966,#305,#973,.T.);
#973 = B_SPLINE_CURVE_WITH_KNOTS('',1,(#974,#975),.UNSPECIFIED.,.F.,.F.,
  (2,2),(0.,2.302172886644),.PIECEWISE_BEZIER_KNOTS.);
#974 = CARTESIAN_POINT('',(0.9375,-0.5,0.1));
#975 = CARTESIAN_POINT('',(0.9375,-2.8,0.2));
#976 = ORIENTED_EDGE('',*,*,#311,.T.);
#977 = ORIENTED_EDGE('',*,*,#942,.T.);
#978 = B_SPLINE_SURFACE_WITH_KNOTS('',1,1,(
    (#979,#980)
    ,(#981,#982
    )),.UNSPECIFIED.,.F.,.F.,.F.,(2,2),(2,2),(-0.129201964455,
    7.07980355453E-02),(-2.250475523299,2.249524476701),
  .PIECEWISE_BEZIER_KNOTS.);
#979 = CARTESIAN_POINT('',(0.9375,-2.8,0.2));
#980 = CARTESIAN_POINT('',(0.9375,1.7,0.2));
#981 = CARTESIAN_POINT('',(0.9375,-2.8,-1.387778780781E-17));
#982 = CARTESIAN_POINT('',(0.9375,1.7,-1.387778780781E-17));
#983 = ADVANCED_FACE('',(#984),#1000,.F.);
#984 = FACE_BOUND('',#985,.F.);
#985 = EDGE_LOOP('',(#986,#993,#994,#995));
#986 = ORIENTED_EDGE('',*,*,#987,.T.);
#987 = EDGE_CURVE('',#988,#966,#990,.T.);
#988 = VERTEX_POINT('',#989);
#989 = CARTESIAN_POINT('',(2.0625,-0.5,0.1));
#990 = B_SPLINE_CURVE_WITH_KNOTS('',1,(#991,#992),.UNSPECIFIED.,.F.,.F.,
  (2,2),(0.,1.5),.PIECEWISE_BEZIER_KNOTS.);
#991 = CARTESIAN_POINT('',(2.0625,-0.5,0.1));
#992 = CARTESIAN_POINT('',(0.9375,-0.5,0.1));
#993 = ORIENTED_EDGE('',*,*,#972,.T.);
#994 = ORIENTED_EDGE('',*,*,#304,.F.);
#995 = ORIENTED_EDGE('',*,*,#996,.F.);
#996 = EDGE_CURVE('',#988,#298,#997,.T.);
#997 = B_SPLINE_CURVE_WITH_KNOTS('',1,(#998,#999),.UNSPECIFIED.,.F.,.F.,
  (2,2),(0.,2.302172886644),.PIECEWISE_BEZIER_KNOTS.);
#998 = CARTESIAN_POINT('',(2.0625,-0.5,0.1));
#999 = CARTESIAN_POINT('',(2.0625,-2.8,0.2));
#1000 = B_SPLINE_SURFACE_WITH_KNOTS('',1,1,(
    (#1001,#1002)
    ,(#1003,#1004
    )),.UNSPECIFIED.,.F.,.F.,.F.,(2,2),(2,2),(0.,2.302172886644),(-1.5,
    2.816687638039E-16),.PIECEWISE_BEZIER_KNOTS.);
#1001 = CARTESIAN_POINT('',(0.9375,-0.5,0.1));
#1002 = CARTESIAN_POINT('',(2.0625,-0.5,0.1));
#1003 = CARTESIAN_POINT('',(0.9375,-2.8,0.2));
#1004 = CARTESIAN_POINT('',(2.0625,-2.8,0.2));
#1005 = ADVANCED_FACE('',(#1006),#1028,.F.);
#1006 = FACE_BOUND('',#1007,.F.);
#1007 = EDGE_LOOP('',(#1008,#1009,#1016,#1021,#1022,#1023));
#1008 = ORIENTED_EDGE('',*,*,#537,.T.);
#1009 = ORIENTED_EDGE('',*,*,#1010,.T.);
#1010 = EDGE_CURVE('',#531,#1011,#1013,.T.);
#1011 = VERTEX_POINT('',#1012);
#1012 = CARTESIAN_POINT('',(2.0625,0.5,0.1));
#1013 = B_SPLINE_CURVE_WITH_KNOTS('',1,(#1014,#1015),.UNSPECIFIED.,.F.,
  .F.,(2,2),(-0.,1.204159457879),.PIECEWISE_BEZIER_KNOTS.);
#1014 = CARTESIAN_POINT('',(2.0625,1.7,0.2));
#1015 = CARTESIAN_POINT('',(2.0625,0.5,0.1));
#1016 = ORIENTED_EDGE('',*,*,#1017,.T.);
#1017 = EDGE_CURVE('',#1011,#988,#1018,.T.);
#1018 = B_SPLINE_CURVE_WITH_KNOTS('',1,(#1019,#1020),.UNSPECIFIED.,.F.,
  .F.,(2,2),(0.,1.),.PIECEWISE_BEZIER_KNOTS.);
#1019 = CARTESIAN_POINT('',(2.0625,0.5,0.1));
#1020 = CARTESIAN_POINT('',(2.0625,-0.5,0.1));
#1021 = ORIENTED_EDGE('',*,*,#996,.T.);
#1022 = ORIENTED_EDGE('',*,*,#297,.T.);
#1023 = ORIENTED_EDGE('',*,*,#1024,.T.);
#1024 = EDGE_CURVE('',#291,#538,#1025,.T.);
#1025 = B_SPLINE_CURVE_WITH_KNOTS('',1,(#1026,#1027),.UNSPECIFIED.,.F.,
  .F.,(2,2),(0.,4.5),.PIECEWISE_BEZIER_KNOTS.);
#1026 = CARTESIAN_POINT('',(2.0625,-2.8,0.));
#1027 = CARTESIAN_POINT('',(2.0625,1.7,0.));
#1028 = B_SPLINE_SURFACE_WITH_KNOTS('',1,1,(
    (#1029,#1030)
    ,(#1031,#1032
    )),.UNSPECIFIED.,.F.,.F.,.F.,(2,2),(2,2),(-0.129201964455,
    7.07980355453E-02),(-2.250475523299,2.249524476701),
  .PIECEWISE_BEZIER_KNOTS.);
#1029 = CARTESIAN_POINT('',(2.0625,-2.8,0.2));
#1030 = CARTESIAN_POINT('',(2.0625,1.7,0.2));
#1031 = CARTESIAN_POINT('',(2.0625,-2.8,-1.387778780781E-17));
#1032 = CARTESIAN_POINT('',(2.0625,1.7,-1.387778780781E-17));
#1033 = ADVANCED_FACE('',(#1034),#1044,.F.);
#1034 = FACE_BOUND('',#1035,.F.);
#1035 = EDGE_LOOP('',(#1036,#1041,#1042,#1043));
#1036 = ORIENTED_EDGE('',*,*,#1037,.T.);
#1037 = EDGE_CURVE('',#284,#545,#1038,.T.);
#1038 = B_SPLINE_CURVE_WITH_KNOTS('',1,(#1039,#1040),.UNSPECIFIED.,.F.,
  .F.,(2,2),(0.,4.5),.PIECEWISE_BEZIER_KNOTS.);
#1039 = CARTESIAN_POINT('',(2.4375,-2.8,0.));
#1040 = CARTESIAN_POINT('',(2.4375,1.7,0.));
#1041 = ORIENTED_EDGE('',*,*,#544,.T.);
#1042 = ORIENTED_EDGE('',*,*,#1024,.F.);
#1043 = ORIENTED_EDGE('',*,*,#290,.T.);
#1044 = B_SPLINE_SURFACE_WITH_KNOTS('',1,1,(
    (#1045,#1046)
    ,(#1047,#1048
    )),.UNSPECIFIED.,.F.,.F.,.F.,(2,2),(2,2),(1.75,2.25),(-2.25,2.25),
  .PIECEWISE_BEZIER_KNOTS.);
#1045 = CARTESIAN_POINT('',(2.4375,1.7,0.));
#1046 = CARTESIAN_POINT('',(2.4375,-2.8,0.));
#1047 = CARTESIAN_POINT('',(2.0625,1.7,0.));
#1048 = CARTESIAN_POINT('',(2.0625,-2.8,0.));
#1049 = ADVANCED_FACE('',(#1050),#1074,.T.);
#1050 = FACE_BOUND('',#1051,.T.);
#1051 = EDGE_LOOP('',(#1052,#1053,#1060,#1067,#1072,#1073));
#1052 = ORIENTED_EDGE('',*,*,#551,.T.);
#1053 = ORIENTED_EDGE('',*,*,#1054,.T.);
#1054 = EDGE_CURVE('',#552,#1055,#1057,.T.);
#1055 = VERTEX_POINT('',#1056);
#1056 = CARTESIAN_POINT('',(2.4375,0.5,0.1));
#1057 = B_SPLINE_CURVE_WITH_KNOTS('',1,(#1058,#1059),.UNSPECIFIED.,.F.,
  .F.,(2,2),(-0.,1.204159457879),.PIECEWISE_BEZIER_KNOTS.);
#1058 = CARTESIAN_POINT('',(2.4375,1.7,0.2));
#1059 = CARTESIAN_POINT('',(2.4375,0.5,0.1));
#1060 = ORIENTED_EDGE('',*,*,#1061,.T.);
#1061 = EDGE_CURVE('',#1055,#1062,#1064,.T.);
#1062 = VERTEX_POINT('',#1063);
#1063 = CARTESIAN_POINT('',(2.4375,-0.5,0.1));
#1064 = B_SPLINE_CURVE_WITH_KNOTS('',1,(#1065,#1066),.UNSPECIFIED.,.F.,
  .F.,(2,2),(0.,1.),.PIECEWISE_BEZIER_KNOTS.);
#1065 = CARTESIAN_POINT('',(2.4375,0.5,0.1));
#1066 = CARTESIAN_POINT('',(2.4375,-0.5,0.1));
#1067 = ORIENTED_EDGE('',*,*,#1068,.T.);
#1068 = EDGE_CURVE('',#1062,#277,#1069,.T.);
#1069 = B_SPLINE_CURVE_WITH_KNOTS('',1,(#1070,#1071),.UNSPECIFIED.,.F.,
  .F.,(2,2),(0.,2.302172886644),.PIECEWISE_BEZIER_KNOTS.);
#1070 = CARTESIAN_POINT('',(2.4375,-0.5,0.1));
#1071 = CARTESIAN_POINT('',(2.4375,-2.8,0.2));
#1072 = ORIENTED_EDGE('',*,*,#283,.T.);
#1073 = ORIENTED_EDGE('',*,*,#1037,.T.);
#1074 = B_SPLINE_SURFACE_WITH_KNOTS('',1,1,(
    (#1075,#1076)
    ,(#1077,#1078
    )),.UNSPECIFIED.,.F.,.F.,.F.,(2,2),(2,2),(-0.129201964455,
    7.07980355453E-02),(-2.250475523299,2.249524476701),
  .PIECEWISE_BEZIER_KNOTS.);
#1075 = CARTESIAN_POINT('',(2.4375,-2.8,0.2));
#1076 = CARTESIAN_POINT('',(2.4375,1.7,0.2));
#1077 = CARTESIAN_POINT('',(2.4375,-2.8,-1.387778780781E-17));
#1078 = CARTESIAN_POINT('',(2.4375,1.7,-1.387778780781E-17));
#1079 = ADVANCED_FACE('',(#1080),#1096,.F.);
#1080 = FACE_BOUND('',#1081,.F.);
#1081 = EDGE_LOOP('',(#1082,#1089,#1090,#1091));
#1082 = ORIENTED_EDGE('',*,*,#1083,.T.);
#1083 = EDGE_CURVE('',#1084,#1062,#1086,.T.);
#1084 = VERTEX_POINT('',#1085);
#1085 = CARTESIAN_POINT('',(3.5625,-0.5,0.1));
#1086 = B_SPLINE_CURVE_WITH_KNOTS('',1,(#1087,#1088),.UNSPECIFIED.,.F.,
  .F.,(2,2),(0.,1.5),.PIECEWISE_BEZIER_KNOTS.);
#1087 = CARTESIAN_POINT('',(3.5625,-0.5,0.1));
#1088 = CARTESIAN_POINT('',(2.4375,-0.5,0.1));
#1089 = ORIENTED_EDGE('',*,*,#1068,.T.);
#1090 = ORIENTED_EDGE('',*,*,#276,.F.);
#1091 = ORIENTED_EDGE('',*,*,#1092,.F.);
#1092 = EDGE_CURVE('',#1084,#270,#1093,.T.);
#1093 = B_SPLINE_CURVE_WITH_KNOTS('',1,(#1094,#1095),.UNSPECIFIED.,.F.,
  .F.,(2,2),(0.,2.302172886644),.PIECEWISE_BEZIER_KNOTS.);
#1094 = CARTESIAN_POINT('',(3.5625,-0.5,0.1));
#1095 = CARTESIAN_POINT('',(3.5625,-2.8,0.2));
#1096 = B_SPLINE_SURFACE_WITH_KNOTS('',1,1,(
    (#1097,#1098)
    ,(#1099,#1100
    )),.UNSPECIFIED.,.F.,.F.,.F.,(2,2),(2,2),(0.,2.302172886644),(-1.5,
    2.816687638039E-16),.PIECEWISE_BEZIER_KNOTS.);
#1097 = CARTESIAN_POINT('',(2.4375,-0.5,0.1));
#1098 = CARTESIAN_POINT('',(3.5625,-0.5,0.1));
#1099 = CARTESIAN_POINT('',(2.4375,-2.8,0.2));
#1100 = CARTESIAN_POINT('',(3.5625,-2.8,0.2));
#1101 = ADVANCED_FACE('',(#1102),#1124,.F.);
#1102 = FACE_BOUND('',#1103,.F.);
#1103 = EDGE_LOOP('',(#1104,#1105,#1112,#1117,#1118,#1119));
#1104 = ORIENTED_EDGE('',*,*,#565,.T.);
#1105 = ORIENTED_EDGE('',*,*,#1106,.T.);
#1106 = EDGE_CURVE('',#559,#1107,#1109,.T.);
#1107 = VERTEX_POINT('',#1108);
#1108 = CARTESIAN_POINT('',(3.5625,0.5,0.1));
#1109 = B_SPLINE_CURVE_WITH_KNOTS('',1,(#1110,#1111),.UNSPECIFIED.,.F.,
  .F.,(2,2),(-0.,1.204159457879),.PIECEWISE_BEZIER_KNOTS.);
#1110 = CARTESIAN_POINT('',(3.5625,1.7,0.2));
#1111 = CARTESIAN_POINT('',(3.5625,0.5,0.1));
#1112 = ORIENTED_EDGE('',*,*,#1113,.T.);
#1113 = EDGE_CURVE('',#1107,#1084,#1114,.T.);
#1114 = B_SPLINE_CURVE_WITH_KNOTS('',1,(#1115,#1116),.UNSPECIFIED.,.F.,
  .F.,(2,2),(0.,1.),.PIECEWISE_BEZIER_KNOTS.);
#1115 = CARTESIAN_POINT('',(3.5625,0.5,0.1));
#1116 = CARTESIAN_POINT('',(3.5625,-0.5,0.1));
#1117 = ORIENTED_EDGE('',*,*,#1092,.T.);
#1118 = ORIENTED_EDGE('',*,*,#269,.T.);
#1119 = ORIENTED_EDGE('',*,*,#1120,.T.);
#1120 = EDGE_CURVE('',#263,#566,#1121,.T.);
#1121 = B_SPLINE_CURVE_WITH_KNOTS('',1,(#1122,#1123),.UNSPECIFIED.,.F.,
  .F.,(2,2),(0.,4.5),.PIECEWISE_BEZIER_KNOTS.);
#1122 = CARTESIAN_POINT('',(3.5625,-2.8,0.));
#1123 = CARTESIAN_POINT('',(3.5625,1.7,0.));
#1124 = B_SPLINE_SURFACE_WITH_KNOTS('',1,1,(
    (#1125,#1126)
    ,(#1127,#1128
    )),.UNSPECIFIED.,.F.,.F.,.F.,(2,2),(2,2),(-0.129201964455,
    7.07980355453E-02),(-2.250475523299,2.249524476701),
  .PIECEWISE_BEZIER_KNOTS.);
#1125 = CARTESIAN_POINT('',(3.5625,-2.8,0.2));
#1126 = CARTESIAN_POINT('',(3.5625,1.7,0.2));
#1127 = CARTESIAN_POINT('',(3.5625,-2.8,-1.387778780781E-17));
#1128 = CARTESIAN_POINT('',(3.5625,1.7,-1.387778780781E-17));
#1129 = ADVANCED_FACE('',(#1130),#1140,.F.);
#1130 = FACE_BOUND('',#1131,.F.);
#1131 = EDGE_LOOP('',(#1132,#1133,#1134,#1135));
#1132 = ORIENTED_EDGE('',*,*,#572,.T.);
#1133 = ORIENTED_EDGE('',*,*,#1120,.F.);
#1134 = ORIENTED_EDGE('',*,*,#262,.T.);
#1135 = ORIENTED_EDGE('',*,*,#1136,.T.);
#1136 = EDGE_CURVE('',#256,#573,#1137,.T.);
#1137 = B_SPLINE_CURVE_WITH_KNOTS('',1,(#1138,#1139),.UNSPECIFIED.,.F.,
  .F.,(2,2),(0.,4.5),.PIECEWISE_BEZIER_KNOTS.);
#1138 = CARTESIAN_POINT('',(3.9375,-2.8,0.));
#1139 = CARTESIAN_POINT('',(3.9375,1.7,0.));
#1140 = B_SPLINE_SURFACE_WITH_KNOTS('',1,1,(
    (#1141,#1142)
    ,(#1143,#1144
    )),.UNSPECIFIED.,.F.,.F.,.F.,(2,2),(2,2),(-0.25,0.25),(-2.25,2.25),
  .PIECEWISE_BEZIER_KNOTS.);
#1141 = CARTESIAN_POINT('',(3.9375,1.7,0.));
#1142 = CARTESIAN_POINT('',(3.9375,-2.8,0.));
#1143 = CARTESIAN_POINT('',(3.5625,1.7,0.));
#1144 = CARTESIAN_POINT('',(3.5625,-2.8,0.));
#1145 = ADVANCED_FACE('',(#1146),#1170,.T.);
#1146 = FACE_BOUND('',#1147,.T.);
#1147 = EDGE_LOOP('',(#1148,#1149,#1156,#1163,#1168,#1169));
#1148 = ORIENTED_EDGE('',*,*,#579,.T.);
#1149 = ORIENTED_EDGE('',*,*,#1150,.T.);
#1150 = EDGE_CURVE('',#580,#1151,#1153,.T.);
#1151 = VERTEX_POINT('',#1152);
#1152 = CARTESIAN_POINT('',(3.9375,0.5,0.1));
#1153 = B_SPLINE_CURVE_WITH_KNOTS('',1,(#1154,#1155),.UNSPECIFIED.,.F.,
  .F.,(2,2),(-0.,1.204159457879),.PIECEWISE_BEZIER_KNOTS.);
#1154 = CARTESIAN_POINT('',(3.9375,1.7,0.2));
#1155 = CARTESIAN_POINT('',(3.9375,0.5,0.1));
#1156 = ORIENTED_EDGE('',*,*,#1157,.T.);
#1157 = EDGE_CURVE('',#1151,#1158,#1160,.T.);
#1158 = VERTEX_POINT('',#1159);
#1159 = CARTESIAN_POINT('',(3.9375,-0.5,0.1));
#1160 = B_SPLINE_CURVE_WITH_KNOTS('',1,(#1161,#1162),.UNSPECIFIED.,.F.,
  .F.,(2,2),(0.,1.),.PIECEWISE_BEZIER_KNOTS.);
#1161 = CARTESIAN_POINT('',(3.9375,0.5,0.1));
#1162 = CARTESIAN_POINT('',(3.9375,-0.5,0.1));
#1163 = ORIENTED_EDGE('',*,*,#1164,.T.);
#1164 = EDGE_CURVE('',#1158,#249,#1165,.T.);
#1165 = B_SPLINE_CURVE_WITH_KNOTS('',1,(#1166,#1167),.UNSPECIFIED.,.F.,
  .F.,(2,2),(0.,2.302172886644),.PIECEWISE_BEZIER_KNOTS.);
#1166 = CARTESIAN_POINT('',(3.9375,-0.5,0.1));
#1167 = CARTESIAN_POINT('',(3.9375,-2.8,0.2));
#1168 = ORIENTED_EDGE('',*,*,#255,.T.);
#1169 = ORIENTED_EDGE('',*,*,#1136,.T.);
#1170 = B_SPLINE_SURFACE_WITH_KNOTS('',1,1,(
    (#1171,#1172)
    ,(#1173,#1174
    )),.UNSPECIFIED.,.F.,.F.,.F.,(2,2),(2,2),(-0.129201964455,
    7.07980355453E-02),(-2.250475523299,2.249524476701),
  .PIECEWISE_BEZIER_KNOTS.);
#1171 = CARTESIAN_POINT('',(3.9375,-2.8,0.2));
#1172 = CARTESIAN_POINT('',(3.9375,1.7,0.2));
#1173 = CARTESIAN_POINT('',(3.9375,-2.8,-1.387778780781E-17));
#1174 = CARTESIAN_POINT('',(3.9375,1.7,-1.387778780781E-17));
#1175 = ADVANCED_FACE('',(#1176),#1192,.F.);
#1176 = FACE_BOUND('',#1177,.F.);
#1177 = EDGE_LOOP('',(#1178,#1185,#1186,#1187));
#1178 = ORIENTED_EDGE('',*,*,#1179,.T.);
#1179 = EDGE_CURVE('',#1180,#1158,#1182,.T.);
#1180 = VERTEX_POINT('',#1181);
#1181 = CARTESIAN_POINT('',(5.0625,-0.5,0.1));
#1182 = B_SPLINE_CURVE_WITH_KNOTS('',1,(#1183,#1184),.UNSPECIFIED.,.F.,
  .F.,(2,2),(0.,1.5),.PIECEWISE_BEZIER_KNOTS.);
#1183 = CARTESIAN_POINT('',(5.0625,-0.5,0.1));
#1184 = CARTESIAN_POINT('',(3.9375,-0.5,0.1));
#1185 = ORIENTED_EDGE('',*,*,#1164,.T.);
#1186 = ORIENTED_EDGE('',*,*,#248,.F.);
#1187 = ORIENTED_EDGE('',*,*,#1188,.F.);
#1188 = EDGE_CURVE('',#1180,#242,#1189,.T.);
#1189 = B_SPLINE_CURVE_WITH_KNOTS('',1,(#1190,#1191),.UNSPECIFIED.,.F.,
  .F.,(2,2),(0.,2.302172886644),.PIECEWISE_BEZIER_KNOTS.);
#1190 = CARTESIAN_POINT('',(5.0625,-0.5,0.1));
#1191 = CARTESIAN_POINT('',(5.0625,-2.8,0.2));
#1192 = B_SPLINE_SURFACE_WITH_KNOTS('',1,1,(
    (#1193,#1194)
    ,(#1195,#1196
    )),.UNSPECIFIED.,.F.,.F.,.F.,(2,2),(2,2),(0.,2.302172886644),(-1.5,
    2.816687638039E-16),.PIECEWISE_BEZIER_KNOTS.);
#1193 = CARTESIAN_POINT('',(3.9375,-0.5,0.1));
#1194 = CARTESIAN_POINT('',(5.0625,-0.5,0.1));
#1195 = CARTESIAN_POINT('',(3.9375,-2.8,0.2));
#1196 = CARTESIAN_POINT('',(5.0625,-2.8,0.2));
#1197 = ADVANCED_FACE('',(#1198),#1220,.F.);
#1198 = FACE_BOUND('',#1199,.F.);
#1199 = EDGE_LOOP('',(#1200,#1201,#1208,#1213,#1214,#1215));
#1200 = ORIENTED_EDGE('',*,*,#593,.T.);
#1201 = ORIENTED_EDGE('',*,*,#1202,.T.);
#1202 = EDGE_CURVE('',#587,#1203,#1205,.T.);
#1203 = VERTEX_POINT('',#1204);
#1204 = CARTESIAN_POINT('',(5.0625,0.5,0.1));
#1205 = B_SPLINE_CURVE_WITH_KNOTS('',1,(#1206,#1207),.UNSPECIFIED.,.F.,
  .F.,(2,2),(-0.,1.204159457879),.PIECEWISE_BEZIER_KNOTS.);
#1206 = CARTESIAN_POINT('',(5.0625,1.7,0.2));
#1207 = CARTESIAN_POINT('',(5.0625,0.5,0.1));
#1208 = ORIENTED_EDGE('',*,*,#1209,.T.);
#1209 = EDGE_CURVE('',#1203,#1180,#1210,.T.);
#1210 = B_SPLINE_CURVE_WITH_KNOTS('',1,(#1211,#1212),.UNSPECIFIED.,.F.,
  .F.,(2,2),(0.,1.),.PIECEWISE_BEZIER_KNOTS.);
#1211 = CARTESIAN_POINT('',(5.0625,0.5,0.1));
#1212 = CARTESIAN_POINT('',(5.0625,-0.5,0.1));
#1213 = ORIENTED_EDGE('',*,*,#1188,.T.);
#1214 = ORIENTED_EDGE('',*,*,#241,.T.);
#1215 = ORIENTED_EDGE('',*,*,#1216,.T.);
#1216 = EDGE_CURVE('',#235,#594,#1217,.T.);
#1217 = B_SPLINE_CURVE_WITH_KNOTS('',1,(#1218,#1219),.UNSPECIFIED.,.F.,
  .F.,(2,2),(0.,4.5),.PIECEWISE_BEZIER_KNOTS.);
#1218 = CARTESIAN_POINT('',(5.0625,-2.8,0.));
#1219 = CARTESIAN_POINT('',(5.0625,1.7,0.));
#1220 = B_SPLINE_SURFACE_WITH_KNOTS('',1,1,(
    (#1221,#1222)
    ,(#1223,#1224
    )),.UNSPECIFIED.,.F.,.F.,.F.,(2,2),(2,2),(-0.129201964455,
    7.07980355453E-02),(-2.250475523299,2.249524476701),
  .PIECEWISE_BEZIER_KNOTS.);
#1221 = CARTESIAN_POINT('',(5.0625,-2.8,0.2));
#1222 = CARTESIAN_POINT('',(5.0625,1.7,0.2));
#1223 = CARTESIAN_POINT('',(5.0625,-2.8,-1.387778780781E-17));
#1224 = CARTESIAN_POINT('',(5.0625,1.7,-1.387778780781E-17));
#1225 = ADVANCED_FACE('',(#1226),#1236,.F.);
#1226 = FACE_BOUND('',#1227,.F.);
#1227 = EDGE_LOOP('',(#1228,#1229,#1230,#1235));
#1228 = ORIENTED_EDGE('',*,*,#1216,.F.);
#1229 = ORIENTED_EDGE('',*,*,#234,.T.);
#1230 = ORIENTED_EDGE('',*,*,#1231,.T.);
#1231 = EDGE_CURVE('',#228,#601,#1232,.T.);
#1232 = B_SPLINE_CURVE_WITH_KNOTS('',1,(#1233,#1234),.UNSPECIFIED.,.F.,
  .F.,(2,2),(0.,4.5),.PIECEWISE_BEZIER_KNOTS.);
#1233 = CARTESIAN_POINT('',(5.4375,-2.8,0.));
#1234 = CARTESIAN_POINT('',(5.4375,1.7,0.));
#1235 = ORIENTED_EDGE('',*,*,#600,.T.);
#1236 = B_SPLINE_SURFACE_WITH_KNOTS('',1,1,(
    (#1237,#1238)
    ,(#1239,#1240
  )),.UNSPECIFIED.,.F.,.F.,.F.,(2,2),(2,2),(-2.25,-1.75),(-2.25,2.25),
  .PIECEWISE_BEZIER_KNOTS.);
#1237 = CARTESIAN_POINT('',(5.4375,1.7,0.));
#1238 = CARTESIAN_POINT('',(5.4375,-2.8,0.));
#1239 = CARTESIAN_POINT('',(5.0625,1.7,0.));
#1240 = CARTESIAN_POINT('',(5.0625,-2.8,0.));
#1241 = ADVANCED_FACE('',(#1242),#1266,.T.);
#1242 = FACE_BOUND('',#1243,.T.);
#1243 = EDGE_LOOP('',(#1244,#1245,#1252,#1259,#1264,#1265));
#1244 = ORIENTED_EDGE('',*,*,#607,.T.);
#1245 = ORIENTED_EDGE('',*,*,#1246,.T.);
#1246 = EDGE_CURVE('',#608,#1247,#1249,.T.);
#1247 = VERTEX_POINT('',#1248);
#1248 = CARTESIAN_POINT('',(5.4375,0.5,0.1));
#1249 = B_SPLINE_CURVE_WITH_KNOTS('',1,(#1250,#1251),.UNSPECIFIED.,.F.,
  .F.,(2,2),(-0.,1.204159457879),.PIECEWISE_BEZIER_KNOTS.);
#1250 = CARTESIAN_POINT('',(5.4375,1.7,0.2));
#1251 = CARTESIAN_POINT('',(5.4375,0.5,0.1));
#1252 = ORIENTED_EDGE('',*,*,#1253,.T.);
#1253 = EDGE_CURVE('',#1247,#1254,#1256,.T.);
#1254 = VERTEX_POINT('',#1255);
#1255 = CARTESIAN_POINT('',(5.4375,-0.5,0.1));
#1256 = B_SPLINE_CURVE_WITH_KNOTS('',1,(#1257,#1258),.UNSPECIFIED.,.F.,
  .F.,(2,2),(0.,1.),.PIECEWISE_BEZIER_KNOTS.);
#1257 = CARTESIAN_POINT('',(5.4375,0.5,0.1));
#1258 = CARTESIAN_POINT('',(5.4375,-0.5,0.1));
#1259 = ORIENTED_EDGE('',*,*,#1260,.T.);
#1260 = EDGE_CURVE('',#1254,#221,#1261,.T.);
#1261 = B_SPLINE_CURVE_WITH_KNOTS('',1,(#1262,#1263),.UNSPECIFIED.,.F.,
  .F.,(2,2),(0.,2.302172886644),.PIECEWISE_BEZIER_KNOTS.);
#1262 = CARTESIAN_POINT('',(5.4375,-0.5,0.1));
#1263 = CARTESIAN_POINT('',(5.4375,-2.8,0.2));
#1264 = ORIENTED_EDGE('',*,*,#227,.T.);
#1265 = ORIENTED_EDGE('',*,*,#1231,.T.);
#1266 = B_SPLINE_SURFACE_WITH_KNOTS('',1,1,(
    (#1267,#1268)
    ,(#1269,#1270
    )),.UNSPECIFIED.,.F.,.F.,.F.,(2,2),(2,2),(-0.129201964455,
    7.07980355453E-02),(-2.250475523299,2.249524476701),
  .PIECEWISE_BEZIER_KNOTS.);
#1267 = CARTESIAN_POINT('',(5.4375,-2.8,0.2));
#1268 = CARTESIAN_POINT('',(5.4375,1.7,0.2));
#1269 = CARTESIAN_POINT('',(5.4375,-2.8,-1.387778780781E-17));
#1270 = CARTESIAN_POINT('',(5.4375,1.7,-1.387778780781E-17));
#1271 = ADVANCED_FACE('',(#1272),#1288,.F.);
#1272 = FACE_BOUND('',#1273,.F.);
#1273 = EDGE_LOOP('',(#1274,#1281,#1282,#1283));
#1274 = ORIENTED_EDGE('',*,*,#1275,.T.);
#1275 = EDGE_CURVE('',#1276,#1254,#1278,.T.);
#1276 = VERTEX_POINT('',#1277);
#1277 = CARTESIAN_POINT('',(6.5625,-0.5,0.1));
#1278 = B_SPLINE_CURVE_WITH_KNOTS('',1,(#1279,#1280),.UNSPECIFIED.,.F.,
  .F.,(2,2),(0.,1.5),.PIECEWISE_BEZIER_KNOTS.);
#1279 = CARTESIAN_POINT('',(6.5625,-0.5,0.1));
#1280 = CARTESIAN_POINT('',(5.4375,-0.5,0.1));
#1281 = ORIENTED_EDGE('',*,*,#1260,.T.);
#1282 = ORIENTED_EDGE('',*,*,#220,.F.);
#1283 = ORIENTED_EDGE('',*,*,#1284,.F.);
#1284 = EDGE_CURVE('',#1276,#214,#1285,.T.);
#1285 = B_SPLINE_CURVE_WITH_KNOTS('',1,(#1286,#1287),.UNSPECIFIED.,.F.,
  .F.,(2,2),(0.,2.302172886644),.PIECEWISE_BEZIER_KNOTS.);
#1286 = CARTESIAN_POINT('',(6.5625,-0.5,0.1));
#1287 = CARTESIAN_POINT('',(6.5625,-2.8,0.2));
#1288 = B_SPLINE_SURFACE_WITH_KNOTS('',1,1,(
    (#1289,#1290)
    ,(#1291,#1292
    )),.UNSPECIFIED.,.F.,.F.,.F.,(2,2),(2,2),(0.,2.302172886644),(-1.5,
    2.816687638039E-16),.PIECEWISE_BEZIER_KNOTS.);
#1289 = CARTESIAN_POINT('',(5.4375,-0.5,0.1));
#1290 = CARTESIAN_POINT('',(6.5625,-0.5,0.1));
#1291 = CARTESIAN_POINT('',(5.4375,-2.8,0.2));
#1292 = CARTESIAN_POINT('',(6.5625,-2.8,0.2));
#1293 = ADVANCED_FACE('',(#1294),#1316,.F.);
#1294 = FACE_BOUND('',#1295,.F.);
#1295 = EDGE_LOOP('',(#1296,#1297,#1304,#1309,#1310,#1311));
#1296 = ORIENTED_EDGE('',*,*,#621,.T.);
#1297 = ORIENTED_EDGE('',*,*,#1298,.T.);
#1298 = EDGE_CURVE('',#615,#1299,#1301,.T.);
#1299 = VERTEX_POINT('',#1300);
#1300 = CARTESIAN_POINT('',(6.5625,0.5,0.1));
#1301 = B_SPLINE_CURVE_WITH_KNOTS('',1,(#1302,#1303),.UNSPECIFIED.,.F.,
  .F.,(2,2),(-0.,1.204159457879),.PIECEWISE_BEZIER_KNOTS.);
#1302 = CARTESIAN_POINT('',(6.5625,1.7,0.2));
#1303 = CARTESIAN_POINT('',(6.5625,0.5,0.1));
#1304 = ORIENTED_EDGE('',*,*,#1305,.T.);
#1305 = EDGE_CURVE('',#1299,#1276,#1306,.T.);
#1306 = B_SPLINE_CURVE_WITH_KNOTS('',1,(#1307,#1308),.UNSPECIFIED.,.F.,
  .F.,(2,2),(0.,1.),.PIECEWISE_BEZIER_KNOTS.);
#1307 = CARTESIAN_POINT('',(6.5625,0.5,0.1));
#1308 = CARTESIAN_POINT('',(6.5625,-0.5,0.1));
#1309 = ORIENTED_EDGE('',*,*,#1284,.T.);
#1310 = ORIENTED_EDGE('',*,*,#213,.T.);
#1311 = ORIENTED_EDGE('',*,*,#1312,.T.);
#1312 = EDGE_CURVE('',#207,#622,#1313,.T.);
#1313 = B_SPLINE_CURVE_WITH_KNOTS('',1,(#1314,#1315),.UNSPECIFIED.,.F.,
  .F.,(2,2),(0.,4.5),.PIECEWISE_BEZIER_KNOTS.);
#1314 = CARTESIAN_POINT('',(6.5625,-2.8,0.));
#1315 = CARTESIAN_POINT('',(6.5625,1.7,0.));
#1316 = B_SPLINE_SURFACE_WITH_KNOTS('',1,1,(
    (#1317,#1318)
    ,(#1319,#1320
    )),.UNSPECIFIED.,.F.,.F.,.F.,(2,2),(2,2),(-0.129201964455,
    7.07980355453E-02),(-2.250475523299,2.249524476701),
  .PIECEWISE_BEZIER_KNOTS.);
#1317 = CARTESIAN_POINT('',(6.5625,-2.8,0.2));
#1318 = CARTESIAN_POINT('',(6.5625,1.7,0.2));
#1319 = CARTESIAN_POINT('',(6.5625,-2.8,-1.387778780781E-17));
#1320 = CARTESIAN_POINT('',(6.5625,1.7,-1.387778780781E-17));
#1321 = ADVANCED_FACE('',(#1322),#1332,.F.);
#1322 = FACE_BOUND('',#1323,.F.);
#1323 = EDGE_LOOP('',(#1324,#1325,#1330,#1331));
#1324 = ORIENTED_EDGE('',*,*,#206,.T.);
#1325 = ORIENTED_EDGE('',*,*,#1326,.T.);
#1326 = EDGE_CURVE('',#200,#629,#1327,.T.);
#1327 = B_SPLINE_CURVE_WITH_KNOTS('',1,(#1328,#1329),.UNSPECIFIED.,.F.,
  .F.,(2,2),(0.,4.5),.PIECEWISE_BEZIER_KNOTS.);
#1328 = CARTESIAN_POINT('',(6.9375,-2.8,0.));
#1329 = CARTESIAN_POINT('',(6.9375,1.7,0.));
#1330 = ORIENTED_EDGE('',*,*,#628,.T.);
#1331 = ORIENTED_EDGE('',*,*,#1312,.F.);
#1332 = B_SPLINE_SURFACE_WITH_KNOTS('',1,1,(
    (#1333,#1334)
    ,(#1335,#1336
  )),.UNSPECIFIED.,.F.,.F.,.F.,(2,2),(2,2),(-4.25,-3.75),(-2.25,2.25),
  .PIECEWISE_BEZIER_KNOTS.);
#1333 = CARTESIAN_POINT('',(6.9375,1.7,0.));
#1334 = CARTESIAN_POINT('',(6.9375,-2.8,0.));
#1335 = CARTESIAN_POINT('',(6.5625,1.7,0.));
#1336 = CARTESIAN_POINT('',(6.5625,-2.8,0.));
#1337 = ADVANCED_FACE('',(#1338),#1362,.T.);
#1338 = FACE_BOUND('',#1339,.T.);
#1339 = EDGE_LOOP('',(#1340,#1341,#1348,#1355,#1360,#1361));
#1340 = ORIENTED_EDGE('',*,*,#635,.T.);
#1341 = ORIENTED_EDGE('',*,*,#1342,.T.);
#1342 = EDGE_CURVE('',#636,#1343,#1345,.T.);
#1343 = VERTEX_POINT('',#1344);
#1344 = CARTESIAN_POINT('',(6.9375,0.5,0.1));
#1345 = B_SPLINE_CURVE_WITH_KNOTS('',1,(#1346,#1347),.UNSPECIFIED.,.F.,
  .F.,(2,2),(-0.,1.204159457879),.PIECEWISE_BEZIER_KNOTS.);
#1346 = CARTESIAN_POINT('',(6.9375,1.7,0.2));
#1347 = CARTESIAN_POINT('',(6.9375,0.5,0.1));
#1348 = ORIENTED_EDGE('',*,*,#1349,.T.);
#1349 = EDGE_CURVE('',#1343,#1350,#1352,.T.);
#1350 = VERTEX_POINT('',#1351);
#1351 = CARTESIAN_POINT('',(6.9375,-0.5,0.1));
#1352 = B_SPLINE_CURVE_WITH_KNOTS('',1,(#1353,#1354),.UNSPECIFIED.,.F.,
  .F.,(2,2),(0.,1.),.PIECEWISE_BEZIER_KNOTS.);
#1353 = CARTESIAN_POINT('',(6.9375,0.5,0.1));
#1354 = CARTESIAN_POINT('',(6.9375,-0.5,0.1));
#1355 = ORIENTED_EDGE('',*,*,#1356,.T.);
#1356 = EDGE_CURVE('',#1350,#193,#1357,.T.);
#1357 = B_SPLINE_CURVE_WITH_KNOTS('',1,(#1358,#1359),.UNSPECIFIED.,.F.,
  .F.,(2,2),(0.,2.302172886644),.PIECEWISE_BEZIER_KNOTS.);
#1358 = CARTESIAN_POINT('',(6.9375,-0.5,0.1));
#1359 = CARTESIAN_POINT('',(6.9375,-2.8,0.2));
#1360 = ORIENTED_EDGE('',*,*,#199,.T.);
#1361 = ORIENTED_EDGE('',*,*,#1326,.T.);
#1362 = B_SPLINE_SURFACE_WITH_KNOTS('',1,1,(
    (#1363,#1364)
    ,(#1365,#1366
    )),.UNSPECIFIED.,.F.,.F.,.F.,(2,2),(2,2),(-0.129201964455,
    7.07980355453E-02),(-2.250475523299,2.249524476701),
  .PIECEWISE_BEZIER_KNOTS.);
#1363 = CARTESIAN_POINT('',(6.9375,-2.8,0.2));
#1364 = CARTESIAN_POINT('',(6.9375,1.7,0.2));
#1365 = CARTESIAN_POINT('',(6.9375,-2.8,-1.387778780781E-17));
#1366 = CARTESIAN_POINT('',(6.9375,1.7,-1.387778780781E-17));
#1367 = ADVANCED_FACE('',(#1368),#1378,.F.);
#1368 = FACE_BOUND('',#1369,.F.);
#1369 = EDGE_LOOP('',(#1370,#1375,#1376,#1377));
#1370 = ORIENTED_EDGE('',*,*,#1371,.T.);
#1371 = EDGE_CURVE('',#367,#1350,#1372,.T.);
#1372 = B_SPLINE_CURVE_WITH_KNOTS('',1,(#1373,#1374),.UNSPECIFIED.,.F.,
  .F.,(2,2),(0.,1.5),.PIECEWISE_BEZIER_KNOTS.);
#1373 = CARTESIAN_POINT('',(8.0625,-0.5,0.1));
#1374 = CARTESIAN_POINT('',(6.9375,-0.5,0.1));
#1375 = ORIENTED_EDGE('',*,*,#1356,.T.);
#1376 = ORIENTED_EDGE('',*,*,#192,.F.);
#1377 = ORIENTED_EDGE('',*,*,#373,.F.);
#1378 = B_SPLINE_SURFACE_WITH_KNOTS('',1,1,(
    (#1379,#1380)
    ,(#1381,#1382
    )),.UNSPECIFIED.,.F.,.F.,.F.,(2,2),(2,2),(0.,2.302172886644),(-1.5,
    2.816687638039E-16),.PIECEWISE_BEZIER_KNOTS.);
#1379 = CARTESIAN_POINT('',(6.9375,-0.5,0.1));
#1380 = CARTESIAN_POINT('',(8.0625,-0.5,0.1));
#1381 = CARTESIAN_POINT('',(6.9375,-2.8,0.2));
#1382 = CARTESIAN_POINT('',(8.0625,-2.8,0.2));
#1383 = ADVANCED_FACE('',(#1384),#1419,.F.);
#1384 = FACE_BOUND('',#1385,.F.);
#1385 = EDGE_LOOP('',(#1386,#1387,#1388,#1395,#1402,#1412,#1417,#1418));
#1386 = ORIENTED_EDGE('',*,*,#848,.F.);
#1387 = ORIENTED_EDGE('',*,*,#481,.T.);
#1388 = ORIENTED_EDGE('',*,*,#1389,.T.);
#1389 = EDGE_CURVE('',#475,#1390,#1392,.T.);
#1390 = VERTEX_POINT('',#1391);
#1391 = CARTESIAN_POINT('',(-1.4625,0.2,6.));
#1392 = B_SPLINE_CURVE_WITH_KNOTS('',1,(#1393,#1394),.UNSPECIFIED.,.F.,
  .F.,(2,2),(0.,1.5),.PIECEWISE_BEZIER_KNOTS.);
#1393 = CARTESIAN_POINT('',(-1.4625,1.7,6.));
#1394 = CARTESIAN_POINT('',(-1.4625,0.2,6.));
#1395 = ORIENTED_EDGE('',*,*,#1396,.T.);
#1396 = EDGE_CURVE('',#1390,#1397,#1399,.T.);
#1397 = VERTEX_POINT('',#1398);
#1398 = CARTESIAN_POINT('',(-1.4625,0.2,4.4));
#1399 = B_SPLINE_CURVE_WITH_KNOTS('',1,(#1400,#1401),.UNSPECIFIED.,.F.,
  .F.,(2,2),(-3.,-1.4),.PIECEWISE_BEZIER_KNOTS.);
#1400 = CARTESIAN_POINT('',(-1.4625,0.2,6.));
#1401 = CARTESIAN_POINT('',(-1.4625,0.2,4.4));
#1402 = ORIENTED_EDGE('',*,*,#1403,.F.);
#1403 = EDGE_CURVE('',#1404,#1397,#1406,.T.);
#1404 = VERTEX_POINT('',#1405);
#1405 = CARTESIAN_POINT('',(-1.4625,-0.6,4.4));
#1406 = ( BOUNDED_CURVE() B_SPLINE_CURVE(2,(#1407,#1408,#1409,#1410,
#1411),.UNSPECIFIED.,.F.,.F.) B_SPLINE_CURVE_WITH_KNOTS((3,2,3),(
    3.14159265359,4.712388980385,6.28318530718),
.PIECEWISE_BEZIER_KNOTS.) CURVE() GEOMETRIC_REPRESENTATION_ITEM() 
RATIONAL_B_SPLINE_CURVE((1.,0.707106781187,1.,0.707106781187,1.)) 
REPRESENTATION_ITEM('') );
#1407 = CARTESIAN_POINT('',(-1.4625,-0.6,4.4));
#1408 = CARTESIAN_POINT('',(-1.4625,-0.6,4.));
#1409 = CARTESIAN_POINT('',(-1.4625,-0.2,4.));
#1410 = CARTESIAN_POINT('',(-1.4625,0.2,4.));
#1411 = CARTESIAN_POINT('',(-1.4625,0.2,4.4));
#1412 = ORIENTED_EDGE('',*,*,#1413,.T.);
#1413 = EDGE_CURVE('',#1404,#821,#1414,.T.);
#1414 = B_SPLINE_CURVE_WITH_KNOTS('',1,(#1415,#1416),.UNSPECIFIED.,.F.,
  .F.,(2,2),(2.2,3.8),.PIECEWISE_BEZIER_KNOTS.);
#1415 = CARTESIAN_POINT('',(-1.4625,-0.6,4.4));
#1416 = CARTESIAN_POINT('',(-1.4625,-0.6,6.));
#1417 = ORIENTED_EDGE('',*,*,#827,.T.);
#1418 = ORIENTED_EDGE('',*,*,#171,.F.);
#1419 = B_SPLINE_SURFACE_WITH_KNOTS('',1,1,(
    (#1420,#1421)
    ,(#1422,#1423
    )),.UNSPECIFIED.,.F.,.F.,.F.,(2,2),(2,2),(0.,4.5),(-6.,0.),
  .PIECEWISE_BEZIER_KNOTS.);
#1420 = CARTESIAN_POINT('',(-1.4625,1.7,6.));
#1421 = CARTESIAN_POINT('',(-1.4625,1.7,0.));
#1422 = CARTESIAN_POINT('',(-1.4625,-2.8,6.));
#1423 = CARTESIAN_POINT('',(-1.4625,-2.8,0.));
#1424 = ADVANCED_FACE('',(#1425),#1435,.F.);
#1425 = FACE_BOUND('',#1426,.F.);
#1426 = EDGE_LOOP('',(#1427,#1428,#1429,#1434));
#1427 = ORIENTED_EDGE('',*,*,#642,.T.);
#1428 = ORIENTED_EDGE('',*,*,#1342,.T.);
#1429 = ORIENTED_EDGE('',*,*,#1430,.F.);
#1430 = EDGE_CURVE('',#360,#1343,#1431,.T.);
#1431 = B_SPLINE_CURVE_WITH_KNOTS('',1,(#1432,#1433),.UNSPECIFIED.,.F.,
  .F.,(2,2),(0.,1.5),.PIECEWISE_BEZIER_KNOTS.);
#1432 = CARTESIAN_POINT('',(8.0625,0.5,0.1));
#1433 = CARTESIAN_POINT('',(6.9375,0.5,0.1));
#1434 = ORIENTED_EDGE('',*,*,#359,.F.);
#1435 = B_SPLINE_SURFACE_WITH_KNOTS('',1,1,(
    (#1436,#1437)
    ,(#1438,#1439
    )),.UNSPECIFIED.,.F.,.F.,.F.,(2,2),(2,2),(-3.901680110221E-29,
    1.204159457879),(-1.5,1.469576158976E-16),.PIECEWISE_BEZIER_KNOTS.);
#1436 = CARTESIAN_POINT('',(6.9375,1.7,0.2));
#1437 = CARTESIAN_POINT('',(8.0625,1.7,0.2));
#1438 = CARTESIAN_POINT('',(6.9375,0.5,0.1));
#1439 = CARTESIAN_POINT('',(8.0625,0.5,0.1));
#1440 = ADVANCED_FACE('',(#1441,#1447),#1477,.F.);
#1441 = FACE_BOUND('',#1442,.F.);
#1442 = EDGE_LOOP('',(#1443,#1444,#1445,#1446));
#1443 = ORIENTED_EDGE('',*,*,#1430,.T.);
#1444 = ORIENTED_EDGE('',*,*,#1349,.T.);
#1445 = ORIENTED_EDGE('',*,*,#1371,.F.);
#1446 = ORIENTED_EDGE('',*,*,#366,.F.);
#1447 = FACE_BOUND('',#1448,.F.);
#1448 = EDGE_LOOP('',(#1449,#1458,#1465,#1472));
#1449 = ORIENTED_EDGE('',*,*,#1450,.T.);
#1450 = EDGE_CURVE('',#1451,#1453,#1455,.T.);
#1451 = VERTEX_POINT('',#1452);
#1452 = CARTESIAN_POINT('',(7.3125,0.25,0.1));
#1453 = VERTEX_POINT('',#1454);
#1454 = CARTESIAN_POINT('',(7.6875,0.25,0.1));
#1455 = B_SPLINE_CURVE_WITH_KNOTS('',1,(#1456,#1457),.UNSPECIFIED.,.F.,
  .F.,(2,2),(-0.75,-0.25),.PIECEWISE_BEZIER_KNOTS.);
#1456 = CARTESIAN_POINT('',(7.3125,0.25,0.1));
#1457 = CARTESIAN_POINT('',(7.6875,0.25,0.1));
#1458 = ORIENTED_EDGE('',*,*,#1459,.T.);
#1459 = EDGE_CURVE('',#1453,#1460,#1462,.T.);
#1460 = VERTEX_POINT('',#1461);
#1461 = CARTESIAN_POINT('',(7.6875,-0.25,0.1));
#1462 = B_SPLINE_CURVE_WITH_KNOTS('',1,(#1463,#1464),.UNSPECIFIED.,.F.,
  .F.,(2,2),(2.1633216363E-02,0.521633216363),.PIECEWISE_BEZIER_KNOTS.);
#1463 = CARTESIAN_POINT('',(7.6875,0.25,0.1));
#1464 = CARTESIAN_POINT('',(7.6875,-0.25,0.1));
#1465 = ORIENTED_EDGE('',*,*,#1466,.T.);
#1466 = EDGE_CURVE('',#1460,#1467,#1469,.T.);
#1467 = VERTEX_POINT('',#1468);
#1468 = CARTESIAN_POINT('',(7.3125,-0.25,0.1));
#1469 = B_SPLINE_CURVE_WITH_KNOTS('',1,(#1470,#1471),.UNSPECIFIED.,.F.,
  .F.,(2,2),(0.25,0.75),.PIECEWISE_BEZIER_KNOTS.);
#1470 = CARTESIAN_POINT('',(7.6875,-0.25,0.1));
#1471 = CARTESIAN_POINT('',(7.3125,-0.25,0.1));
#1472 = ORIENTED_EDGE('',*,*,#1473,.F.);
#1473 = EDGE_CURVE('',#1451,#1467,#1474,.T.);
#1474 = B_SPLINE_CURVE_WITH_KNOTS('',1,(#1475,#1476),.UNSPECIFIED.,.F.,
  .F.,(2,2),(2.1633216363E-02,0.521633216363),.PIECEWISE_BEZIER_KNOTS.);
#1475 = CARTESIAN_POINT('',(7.3125,0.25,0.1));
#1476 = CARTESIAN_POINT('',(7.3125,-0.25,0.1));
#1477 = B_SPLINE_SURFACE_WITH_KNOTS('',1,1,(
    (#1478,#1479)
    ,(#1480,#1481)),.UNSPECIFIED.,.F.,.F.,.F.,(2,2),(2,2),(0.,1.),(-1.5,
    1.224646799147E-16),.PIECEWISE_BEZIER_KNOTS.);
#1478 = CARTESIAN_POINT('',(6.9375,0.5,0.1));
#1479 = CARTESIAN_POINT('',(8.0625,0.5,0.1));
#1480 = CARTESIAN_POINT('',(6.9375,-0.5,0.1));
#1481 = CARTESIAN_POINT('',(8.0625,-0.5,0.1));
#1482 = ADVANCED_FACE('',(#1483),#1493,.F.);
#1483 = FACE_BOUND('',#1484,.F.);
#1484 = EDGE_LOOP('',(#1485,#1486,#1487,#1492));
#1485 = ORIENTED_EDGE('',*,*,#614,.T.);
#1486 = ORIENTED_EDGE('',*,*,#1246,.T.);
#1487 = ORIENTED_EDGE('',*,*,#1488,.F.);
#1488 = EDGE_CURVE('',#1299,#1247,#1489,.T.);
#1489 = B_SPLINE_CURVE_WITH_KNOTS('',1,(#1490,#1491),.UNSPECIFIED.,.F.,
  .F.,(2,2),(0.,1.5),.PIECEWISE_BEZIER_KNOTS.);
#1490 = CARTESIAN_POINT('',(6.5625,0.5,0.1));
#1491 = CARTESIAN_POINT('',(5.4375,0.5,0.1));
#1492 = ORIENTED_EDGE('',*,*,#1298,.F.);
#1493 = B_SPLINE_SURFACE_WITH_KNOTS('',1,1,(
    (#1494,#1495)
    ,(#1496,#1497
    )),.UNSPECIFIED.,.F.,.F.,.F.,(2,2),(2,2),(-3.901680110221E-29,
    1.204159457879),(-1.5,1.469576158976E-16),.PIECEWISE_BEZIER_KNOTS.);
#1494 = CARTESIAN_POINT('',(5.4375,1.7,0.2));
#1495 = CARTESIAN_POINT('',(6.5625,1.7,0.2));
#1496 = CARTESIAN_POINT('',(5.4375,0.5,0.1));
#1497 = CARTESIAN_POINT('',(6.5625,0.5,0.1));
#1498 = ADVANCED_FACE('',(#1499),#1509,.F.);
#1499 = FACE_BOUND('',#1500,.F.);
#1500 = EDGE_LOOP('',(#1501,#1502,#1503,#1508));
#1501 = ORIENTED_EDGE('',*,*,#586,.T.);
#1502 = ORIENTED_EDGE('',*,*,#1150,.T.);
#1503 = ORIENTED_EDGE('',*,*,#1504,.F.);
#1504 = EDGE_CURVE('',#1203,#1151,#1505,.T.);
#1505 = B_SPLINE_CURVE_WITH_KNOTS('',1,(#1506,#1507),.UNSPECIFIED.,.F.,
  .F.,(2,2),(0.,1.5),.PIECEWISE_BEZIER_KNOTS.);
#1506 = CARTESIAN_POINT('',(5.0625,0.5,0.1));
#1507 = CARTESIAN_POINT('',(3.9375,0.5,0.1));
#1508 = ORIENTED_EDGE('',*,*,#1202,.F.);
#1509 = B_SPLINE_SURFACE_WITH_KNOTS('',1,1,(
    (#1510,#1511)
    ,(#1512,#1513
    )),.UNSPECIFIED.,.F.,.F.,.F.,(2,2),(2,2),(-3.901680110221E-29,
    1.204159457879),(-1.5,1.469576158976E-16),.PIECEWISE_BEZIER_KNOTS.);
#1510 = CARTESIAN_POINT('',(3.9375,1.7,0.2));
#1511 = CARTESIAN_POINT('',(5.0625,1.7,0.2));
#1512 = CARTESIAN_POINT('',(3.9375,0.5,0.1));
#1513 = CARTESIAN_POINT('',(5.0625,0.5,0.1));
#1514 = ADVANCED_FACE('',(#1515),#1525,.F.);
#1515 = FACE_BOUND('',#1516,.F.);
#1516 = EDGE_LOOP('',(#1517,#1518,#1519,#1524));
#1517 = ORIENTED_EDGE('',*,*,#558,.T.);
#1518 = ORIENTED_EDGE('',*,*,#1054,.T.);
#1519 = ORIENTED_EDGE('',*,*,#1520,.F.);
#1520 = EDGE_CURVE('',#1107,#1055,#1521,.T.);
#1521 = B_SPLINE_CURVE_WITH_KNOTS('',1,(#1522,#1523),.UNSPECIFIED.,.F.,
  .F.,(2,2),(0.,1.5),.PIECEWISE_BEZIER_KNOTS.);
#1522 = CARTESIAN_POINT('',(3.5625,0.5,0.1));
#1523 = CARTESIAN_POINT('',(2.4375,0.5,0.1));
#1524 = ORIENTED_EDGE('',*,*,#1106,.F.);
#1525 = B_SPLINE_SURFACE_WITH_KNOTS('',1,1,(
    (#1526,#1527)
    ,(#1528,#1529
    )),.UNSPECIFIED.,.F.,.F.,.F.,(2,2),(2,2),(-3.901680110221E-29,
    1.204159457879),(-1.5,1.469576158976E-16),.PIECEWISE_BEZIER_KNOTS.);
#1526 = CARTESIAN_POINT('',(2.4375,1.7,0.2));
#1527 = CARTESIAN_POINT('',(3.5625,1.7,0.2));
#1528 = CARTESIAN_POINT('',(2.4375,0.5,0.1));
#1529 = CARTESIAN_POINT('',(3.5625,0.5,0.1));
#1530 = ADVANCED_FACE('',(#1531),#1541,.F.);
#1531 = FACE_BOUND('',#1532,.F.);
#1532 = EDGE_LOOP('',(#1533,#1534,#1535,#1540));
#1533 = ORIENTED_EDGE('',*,*,#530,.T.);
#1534 = ORIENTED_EDGE('',*,*,#958,.T.);
#1535 = ORIENTED_EDGE('',*,*,#1536,.F.);
#1536 = EDGE_CURVE('',#1011,#959,#1537,.T.);
#1537 = B_SPLINE_CURVE_WITH_KNOTS('',1,(#1538,#1539),.UNSPECIFIED.,.F.,
  .F.,(2,2),(0.,1.5),.PIECEWISE_BEZIER_KNOTS.);
#1538 = CARTESIAN_POINT('',(2.0625,0.5,0.1));
#1539 = CARTESIAN_POINT('',(0.9375,0.5,0.1));
#1540 = ORIENTED_EDGE('',*,*,#1010,.F.);
#1541 = B_SPLINE_SURFACE_WITH_KNOTS('',1,1,(
    (#1542,#1543)
    ,(#1544,#1545
    )),.UNSPECIFIED.,.F.,.F.,.F.,(2,2),(2,2),(-3.901680110221E-29,
    1.204159457879),(-1.5,1.469576158976E-16),.PIECEWISE_BEZIER_KNOTS.);
#1542 = CARTESIAN_POINT('',(0.9375,1.7,0.2));
#1543 = CARTESIAN_POINT('',(2.0625,1.7,0.2));
#1544 = CARTESIAN_POINT('',(0.9375,0.5,0.1));
#1545 = CARTESIAN_POINT('',(2.0625,0.5,0.1));
#1546 = ADVANCED_FACE('',(#1547),#1557,.F.);
#1547 = FACE_BOUND('',#1548,.F.);
#1548 = EDGE_LOOP('',(#1549,#1550,#1551,#1556));
#1549 = ORIENTED_EDGE('',*,*,#502,.T.);
#1550 = ORIENTED_EDGE('',*,*,#862,.T.);
#1551 = ORIENTED_EDGE('',*,*,#1552,.F.);
#1552 = EDGE_CURVE('',#915,#863,#1553,.T.);
#1553 = B_SPLINE_CURVE_WITH_KNOTS('',1,(#1554,#1555),.UNSPECIFIED.,.F.,
  .F.,(2,2),(0.,1.5),.PIECEWISE_BEZIER_KNOTS.);
#1554 = CARTESIAN_POINT('',(0.5625,0.5,0.1));
#1555 = CARTESIAN_POINT('',(-0.5625,0.5,0.1));
#1556 = ORIENTED_EDGE('',*,*,#914,.F.);
#1557 = B_SPLINE_SURFACE_WITH_KNOTS('',1,1,(
    (#1558,#1559)
    ,(#1560,#1561
    )),.UNSPECIFIED.,.F.,.F.,.F.,(2,2),(2,2),(-3.901680110221E-29,
    1.204159457879),(-1.5,1.469576158976E-16),.PIECEWISE_BEZIER_KNOTS.);
#1558 = CARTESIAN_POINT('',(-0.5625,1.7,0.2));
#1559 = CARTESIAN_POINT('',(0.5625,1.7,0.2));
#1560 = CARTESIAN_POINT('',(-0.5625,0.5,0.1));
#1561 = CARTESIAN_POINT('',(0.5625,0.5,0.1));
#1562 = ADVANCED_FACE('',(#1563),#1613,.T.);
#1563 = FACE_BOUND('',#1564,.T.);
#1564 = EDGE_LOOP('',(#1565,#1572,#1573,#1580,#1587,#1592,#1593,#1594,
    #1601,#1608));
#1565 = ORIENTED_EDGE('',*,*,#1566,.F.);
#1566 = EDGE_CURVE('',#412,#1567,#1569,.T.);
#1567 = VERTEX_POINT('',#1568);
#1568 = CARTESIAN_POINT('',(0.4125,1.1,6.));
#1569 = B_SPLINE_CURVE_WITH_KNOTS('',1,(#1570,#1571),.UNSPECIFIED.,.F.,
  .F.,(2,2),(0.,0.6),.PIECEWISE_BEZIER_KNOTS.);
#1570 = CARTESIAN_POINT('',(0.4125,1.7,6.));
#1571 = CARTESIAN_POINT('',(0.4125,1.1,6.));
#1572 = ORIENTED_EDGE('',*,*,#418,.T.);
#1573 = ORIENTED_EDGE('',*,*,#1574,.T.);
#1574 = EDGE_CURVE('',#419,#1575,#1577,.T.);
#1575 = VERTEX_POINT('',#1576);
#1576 = CARTESIAN_POINT('',(-0.3375,1.75,6.));
#1577 = B_SPLINE_CURVE_WITH_KNOTS('',1,(#1578,#1579),.UNSPECIFIED.,.F.,
  .F.,(2,2),(0.,5.E-02),.PIECEWISE_BEZIER_KNOTS.);
#1578 = CARTESIAN_POINT('',(-0.3375,1.7,6.));
#1579 = CARTESIAN_POINT('',(-0.3375,1.75,6.));
#1580 = ORIENTED_EDGE('',*,*,#1581,.T.);
#1581 = EDGE_CURVE('',#1575,#1582,#1584,.T.);
#1582 = VERTEX_POINT('',#1583);
#1583 = CARTESIAN_POINT('',(-0.7125,1.75,6.));
#1584 = B_SPLINE_CURVE_WITH_KNOTS('',1,(#1585,#1586),.UNSPECIFIED.,.F.,
  .F.,(2,2),(0.,0.5),.PIECEWISE_BEZIER_KNOTS.);
#1585 = CARTESIAN_POINT('',(-0.3375,1.75,6.));
#1586 = CARTESIAN_POINT('',(-0.7125,1.75,6.));
#1587 = ORIENTED_EDGE('',*,*,#1588,.T.);
#1588 = EDGE_CURVE('',#1582,#468,#1589,.T.);
#1589 = B_SPLINE_CURVE_WITH_KNOTS('',1,(#1590,#1591),.UNSPECIFIED.,.F.,
  .F.,(2,2),(0.,5.E-02),.PIECEWISE_BEZIER_KNOTS.);
#1590 = CARTESIAN_POINT('',(-0.7125,1.75,6.));
#1591 = CARTESIAN_POINT('',(-0.7125,1.7,6.));
#1592 = ORIENTED_EDGE('',*,*,#474,.T.);
#1593 = ORIENTED_EDGE('',*,*,#1389,.T.);
#1594 = ORIENTED_EDGE('',*,*,#1595,.F.);
#1595 = EDGE_CURVE('',#1596,#1390,#1598,.T.);
#1596 = VERTEX_POINT('',#1597);
#1597 = CARTESIAN_POINT('',(-1.0875,0.2,6.));
#1598 = B_SPLINE_CURVE_WITH_KNOTS('',1,(#1599,#1600),.UNSPECIFIED.,.F.,
  .F.,(2,2),(13.4,13.9),.PIECEWISE_BEZIER_KNOTS.);
#1599 = CARTESIAN_POINT('',(-1.0875,0.2,6.));
#1600 = CARTESIAN_POINT('',(-1.4625,0.2,6.));
#1601 = ORIENTED_EDGE('',*,*,#1602,.F.);
#1602 = EDGE_CURVE('',#1603,#1596,#1605,.T.);
#1603 = VERTEX_POINT('',#1604);
#1604 = CARTESIAN_POINT('',(-1.0875,1.1,6.));
#1605 = B_SPLINE_CURVE_WITH_KNOTS('',1,(#1606,#1607),.UNSPECIFIED.,.F.,
  .F.,(2,2),(0.,0.9),.PIECEWISE_BEZIER_KNOTS.);
#1606 = CARTESIAN_POINT('',(-1.0875,1.1,6.));
#1607 = CARTESIAN_POINT('',(-1.0875,0.2,6.));
#1608 = ORIENTED_EDGE('',*,*,#1609,.F.);
#1609 = EDGE_CURVE('',#1567,#1603,#1610,.T.);
#1610 = B_SPLINE_CURVE_WITH_KNOTS('',1,(#1611,#1612),.UNSPECIFIED.,.F.,
  .F.,(2,2),(10.9,12.9),.PIECEWISE_BEZIER_KNOTS.);
#1611 = CARTESIAN_POINT('',(0.4125,1.1,6.));
#1612 = CARTESIAN_POINT('',(-1.0875,1.1,6.));
#1613 = B_SPLINE_SURFACE_WITH_KNOTS('',1,1,(
    (#1614,#1615)
    ,(#1616,#1617
    )),.UNSPECIFIED.,.F.,.F.,.F.,(2,2),(2,2),(-1.472222222222,
    1.027777777778),(-0.56512345679,0.98487654321),
  .PIECEWISE_BEZIER_KNOTS.);
#1614 = CARTESIAN_POINT('',(0.4125,1.75,6.));
#1615 = CARTESIAN_POINT('',(0.4125,0.2,6.));
#1616 = CARTESIAN_POINT('',(-1.4625,1.75,6.));
#1617 = CARTESIAN_POINT('',(-1.4625,0.2,6.));
#1618 = ADVANCED_FACE('',(#1619),#1635,.F.);
#1619 = FACE_BOUND('',#1620,.F.);
#1620 = EDGE_LOOP('',(#1621,#1628,#1629,#1630));
#1621 = ORIENTED_EDGE('',*,*,#1622,.T.);
#1622 = EDGE_CURVE('',#1623,#1582,#1625,.T.);
#1623 = VERTEX_POINT('',#1624);
#1624 = CARTESIAN_POINT('',(-0.7125,1.75,4.2));
#1625 = B_SPLINE_CURVE_WITH_KNOTS('',1,(#1626,#1627),.UNSPECIFIED.,.F.,
  .F.,(2,2),(0.,1.8),.PIECEWISE_BEZIER_KNOTS.);
#1626 = CARTESIAN_POINT('',(-0.7125,1.75,4.2));
#1627 = CARTESIAN_POINT('',(-0.7125,1.75,6.));
#1628 = ORIENTED_EDGE('',*,*,#1588,.T.);
#1629 = ORIENTED_EDGE('',*,*,#467,.F.);
#1630 = ORIENTED_EDGE('',*,*,#1631,.F.);
#1631 = EDGE_CURVE('',#1623,#461,#1632,.T.);
#1632 = B_SPLINE_CURVE_WITH_KNOTS('',1,(#1633,#1634),.UNSPECIFIED.,.F.,
  .F.,(2,2),(0.,5.E-02),.PIECEWISE_BEZIER_KNOTS.);
#1633 = CARTESIAN_POINT('',(-0.7125,1.75,4.2));
#1634 = CARTESIAN_POINT('',(-0.7125,1.7,4.2));
#1635 = B_SPLINE_SURFACE_WITH_KNOTS('',1,1,(
    (#1636,#1637)
    ,(#1638,#1639
    )),.UNSPECIFIED.,.F.,.F.,.F.,(2,2),(2,2),(0.,5.E-02),(-1.8,0.),
  .PIECEWISE_BEZIER_KNOTS.);
#1636 = CARTESIAN_POINT('',(-0.7125,1.75,6.));
#1637 = CARTESIAN_POINT('',(-0.7125,1.75,4.2));
#1638 = CARTESIAN_POINT('',(-0.7125,1.7,6.));
#1639 = CARTESIAN_POINT('',(-0.7125,1.7,4.2));
#1640 = ADVANCED_FACE('',(#1641),#1677,.T.);
#1641 = FACE_BOUND('',#1642,.T.);
#1642 = EDGE_LOOP('',(#1643,#1644,#1651,#1658,#1663,#1664,#1665,#1672));
#1643 = ORIENTED_EDGE('',*,*,#432,.F.);
#1644 = ORIENTED_EDGE('',*,*,#1645,.T.);
#1645 = EDGE_CURVE('',#433,#1646,#1648,.T.);
#1646 = VERTEX_POINT('',#1647);
#1647 = CARTESIAN_POINT('',(-0.3,1.1,4.2));
#1648 = B_SPLINE_CURVE_WITH_KNOTS('',1,(#1649,#1650),.UNSPECIFIED.,.F.,
  .F.,(2,2),(0.,0.6),.PIECEWISE_BEZIER_KNOTS.);
#1649 = CARTESIAN_POINT('',(-0.3,1.7,4.2));
#1650 = CARTESIAN_POINT('',(-0.3,1.1,4.2));
#1651 = ORIENTED_EDGE('',*,*,#1652,.T.);
#1652 = EDGE_CURVE('',#1646,#1653,#1655,.T.);
#1653 = VERTEX_POINT('',#1654);
#1654 = CARTESIAN_POINT('',(-1.05,1.1,4.2));
#1655 = B_SPLINE_CURVE_WITH_KNOTS('',1,(#1656,#1657),.UNSPECIFIED.,.F.,
  .F.,(2,2),(5.925,6.925),.PIECEWISE_BEZIER_KNOTS.);
#1656 = CARTESIAN_POINT('',(-0.3,1.1,4.2));
#1657 = CARTESIAN_POINT('',(-1.05,1.1,4.2));
#1658 = ORIENTED_EDGE('',*,*,#1659,.F.);
#1659 = EDGE_CURVE('',#454,#1653,#1660,.T.);
#1660 = B_SPLINE_CURVE_WITH_KNOTS('',1,(#1661,#1662),.UNSPECIFIED.,.F.,
  .F.,(2,2),(0.,0.6),.PIECEWISE_BEZIER_KNOTS.);
#1661 = CARTESIAN_POINT('',(-1.05,1.7,4.2));
#1662 = CARTESIAN_POINT('',(-1.05,1.1,4.2));
#1663 = ORIENTED_EDGE('',*,*,#460,.F.);
#1664 = ORIENTED_EDGE('',*,*,#1631,.F.);
#1665 = ORIENTED_EDGE('',*,*,#1666,.F.);
#1666 = EDGE_CURVE('',#1667,#1623,#1669,.T.);
#1667 = VERTEX_POINT('',#1668);
#1668 = CARTESIAN_POINT('',(-0.3375,1.75,4.2));
#1669 = B_SPLINE_CURVE_WITH_KNOTS('',1,(#1670,#1671),.UNSPECIFIED.,.F.,
  .F.,(2,2),(0.,0.5),.PIECEWISE_BEZIER_KNOTS.);
#1670 = CARTESIAN_POINT('',(-0.3375,1.75,4.2));
#1671 = CARTESIAN_POINT('',(-0.7125,1.75,4.2));
#1672 = ORIENTED_EDGE('',*,*,#1673,.F.);
#1673 = EDGE_CURVE('',#426,#1667,#1674,.T.);
#1674 = B_SPLINE_CURVE_WITH_KNOTS('',1,(#1675,#1676),.UNSPECIFIED.,.F.,
  .F.,(2,2),(0.,5.E-02),.PIECEWISE_BEZIER_KNOTS.);
#1675 = CARTESIAN_POINT('',(-0.3375,1.7,4.2));
#1676 = CARTESIAN_POINT('',(-0.3375,1.75,4.2));
#1677 = B_SPLINE_SURFACE_WITH_KNOTS('',1,1,(
    (#1678,#1679)
    ,(#1680,#1681
    )),.UNSPECIFIED.,.F.,.F.,.F.,(2,2),(2,2),(-0.506060606061,
    0.493939393939),(-0.332575757576,0.317424242424),
  .PIECEWISE_BEZIER_KNOTS.);
#1678 = CARTESIAN_POINT('',(-1.05,1.75,4.2));
#1679 = CARTESIAN_POINT('',(-1.05,1.1,4.2));
#1680 = CARTESIAN_POINT('',(-0.3,1.75,4.2));
#1681 = CARTESIAN_POINT('',(-0.3,1.1,4.2));
#1682 = ADVANCED_FACE('',(#1683),#1699,.T.);
#1683 = FACE_BOUND('',#1684,.T.);
#1684 = EDGE_LOOP('',(#1685,#1686,#1687,#1694));
#1685 = ORIENTED_EDGE('',*,*,#453,.F.);
#1686 = ORIENTED_EDGE('',*,*,#1659,.T.);
#1687 = ORIENTED_EDGE('',*,*,#1688,.T.);
#1688 = EDGE_CURVE('',#1653,#1689,#1691,.T.);
#1689 = VERTEX_POINT('',#1690);
#1690 = CARTESIAN_POINT('',(-1.05,1.1,2.4));
#1691 = B_SPLINE_CURVE_WITH_KNOTS('',1,(#1692,#1693),.UNSPECIFIED.,.F.,
  .F.,(2,2),(0.9,2.7),.PIECEWISE_BEZIER_KNOTS.);
#1692 = CARTESIAN_POINT('',(-1.05,1.1,4.2));
#1693 = CARTESIAN_POINT('',(-1.05,1.1,2.4));
#1694 = ORIENTED_EDGE('',*,*,#1695,.F.);
#1695 = EDGE_CURVE('',#447,#1689,#1696,.T.);
#1696 = B_SPLINE_CURVE_WITH_KNOTS('',1,(#1697,#1698),.UNSPECIFIED.,.F.,
  .F.,(2,2),(0.,0.6),.PIECEWISE_BEZIER_KNOTS.);
#1697 = CARTESIAN_POINT('',(-1.05,1.7,2.4));
#1698 = CARTESIAN_POINT('',(-1.05,1.1,2.4));
#1699 = B_SPLINE_SURFACE_WITH_KNOTS('',1,1,(
    (#1700,#1701)
    ,(#1702,#1703
    )),.UNSPECIFIED.,.F.,.F.,.F.,(2,2),(2,2),(0.,1.8),(-0.6,0.),
  .PIECEWISE_BEZIER_KNOTS.);
#1700 = CARTESIAN_POINT('',(-1.05,1.1,4.2));
#1701 = CARTESIAN_POINT('',(-1.05,1.7,4.2));
#1702 = CARTESIAN_POINT('',(-1.05,1.1,2.4));
#1703 = CARTESIAN_POINT('',(-1.05,1.7,2.4));
#1704 = ADVANCED_FACE('',(#1705),#1721,.T.);
#1705 = FACE_BOUND('',#1706,.T.);
#1706 = EDGE_LOOP('',(#1707,#1708,#1709,#1716));
#1707 = ORIENTED_EDGE('',*,*,#446,.F.);
#1708 = ORIENTED_EDGE('',*,*,#1695,.T.);
#1709 = ORIENTED_EDGE('',*,*,#1710,.T.);
#1710 = EDGE_CURVE('',#1689,#1711,#1713,.T.);
#1711 = VERTEX_POINT('',#1712);
#1712 = CARTESIAN_POINT('',(-0.3,1.1,2.4));
#1713 = B_SPLINE_CURVE_WITH_KNOTS('',1,(#1714,#1715),.UNSPECIFIED.,.F.,
  .F.,(2,2),(-6.425,-5.425),.PIECEWISE_BEZIER_KNOTS.);
#1714 = CARTESIAN_POINT('',(-1.05,1.1,2.4));
#1715 = CARTESIAN_POINT('',(-0.3,1.1,2.4));
#1716 = ORIENTED_EDGE('',*,*,#1717,.F.);
#1717 = EDGE_CURVE('',#440,#1711,#1718,.T.);
#1718 = B_SPLINE_CURVE_WITH_KNOTS('',1,(#1719,#1720),.UNSPECIFIED.,.F.,
  .F.,(2,2),(0.,0.6),.PIECEWISE_BEZIER_KNOTS.);
#1719 = CARTESIAN_POINT('',(-0.3,1.7,2.4));
#1720 = CARTESIAN_POINT('',(-0.3,1.1,2.4));
#1721 = B_SPLINE_SURFACE_WITH_KNOTS('',1,1,(
    (#1722,#1723)
    ,(#1724,#1725)),.UNSPECIFIED.,.F.,.F.,.F.,(2,2),(2,2),(0.,1.),(-0.6,
    1.224646799147E-16),.PIECEWISE_BEZIER_KNOTS.);
#1722 = CARTESIAN_POINT('',(-1.05,1.1,2.4));
#1723 = CARTESIAN_POINT('',(-1.05,1.7,2.4));
#1724 = CARTESIAN_POINT('',(-0.3,1.1,2.4));
#1725 = CARTESIAN_POINT('',(-0.3,1.7,2.4));
#1726 = ADVANCED_FACE('',(#1727),#1737,.T.);
#1727 = FACE_BOUND('',#1728,.T.);
#1728 = EDGE_LOOP('',(#1729,#1730,#1731,#1736));
#1729 = ORIENTED_EDGE('',*,*,#439,.F.);
#1730 = ORIENTED_EDGE('',*,*,#1717,.T.);
#1731 = ORIENTED_EDGE('',*,*,#1732,.T.);
#1732 = EDGE_CURVE('',#1711,#1646,#1733,.T.);
#1733 = B_SPLINE_CURVE_WITH_KNOTS('',1,(#1734,#1735),.UNSPECIFIED.,.F.,
  .F.,(2,2),(-1.8,0.),.PIECEWISE_BEZIER_KNOTS.);
#1734 = CARTESIAN_POINT('',(-0.3,1.1,2.4));
#1735 = CARTESIAN_POINT('',(-0.3,1.1,4.2));
#1736 = ORIENTED_EDGE('',*,*,#1645,.F.);
#1737 = B_SPLINE_SURFACE_WITH_KNOTS('',1,1,(
    (#1738,#1739)
    ,(#1740,#1741
    )),.UNSPECIFIED.,.F.,.F.,.F.,(2,2),(2,2),(0.,1.8),(-0.6,0.),
  .PIECEWISE_BEZIER_KNOTS.);
#1738 = CARTESIAN_POINT('',(-0.3,1.1,2.4));
#1739 = CARTESIAN_POINT('',(-0.3,1.7,2.4));
#1740 = CARTESIAN_POINT('',(-0.3,1.1,4.2));
#1741 = CARTESIAN_POINT('',(-0.3,1.7,4.2));
#1742 = ADVANCED_FACE('',(#1743),#1753,.F.);
#1743 = FACE_BOUND('',#1744,.F.);
#1744 = EDGE_LOOP('',(#1745,#1746,#1747,#1752));
#1745 = ORIENTED_EDGE('',*,*,#425,.T.);
#1746 = ORIENTED_EDGE('',*,*,#1574,.T.);
#1747 = ORIENTED_EDGE('',*,*,#1748,.F.);
#1748 = EDGE_CURVE('',#1667,#1575,#1749,.T.);
#1749 = B_SPLINE_CURVE_WITH_KNOTS('',1,(#1750,#1751),.UNSPECIFIED.,.F.,
  .F.,(2,2),(0.,1.8),.PIECEWISE_BEZIER_KNOTS.);
#1750 = CARTESIAN_POINT('',(-0.3375,1.75,4.2));
#1751 = CARTESIAN_POINT('',(-0.3375,1.75,6.));
#1752 = ORIENTED_EDGE('',*,*,#1673,.F.);
#1753 = B_SPLINE_SURFACE_WITH_KNOTS('',1,1,(
    (#1754,#1755)
    ,(#1756,#1757
    )),.UNSPECIFIED.,.F.,.F.,.F.,(2,2),(2,2),(0.,5.E-02),(-1.8,0.),
  .PIECEWISE_BEZIER_KNOTS.);
#1754 = CARTESIAN_POINT('',(-0.3375,1.7,6.));
#1755 = CARTESIAN_POINT('',(-0.3375,1.7,4.2));
#1756 = CARTESIAN_POINT('',(-0.3375,1.75,6.));
#1757 = CARTESIAN_POINT('',(-0.3375,1.75,4.2));
#1758 = ADVANCED_FACE('',(#1759),#1775,.F.);
#1759 = FACE_BOUND('',#1760,.F.);
#1760 = EDGE_LOOP('',(#1761,#1762,#1769,#1774));
#1761 = ORIENTED_EDGE('',*,*,#411,.F.);
#1762 = ORIENTED_EDGE('',*,*,#1763,.T.);
#1763 = EDGE_CURVE('',#405,#1764,#1766,.T.);
#1764 = VERTEX_POINT('',#1765);
#1765 = CARTESIAN_POINT('',(0.4125,1.1,2.1));
#1766 = B_SPLINE_CURVE_WITH_KNOTS('',1,(#1767,#1768),.UNSPECIFIED.,.F.,
  .F.,(2,2),(0.,0.6),.PIECEWISE_BEZIER_KNOTS.);
#1767 = CARTESIAN_POINT('',(0.4125,1.7,2.1));
#1768 = CARTESIAN_POINT('',(0.4125,1.1,2.1));
#1769 = ORIENTED_EDGE('',*,*,#1770,.T.);
#1770 = EDGE_CURVE('',#1764,#1567,#1771,.T.);
#1771 = B_SPLINE_CURVE_WITH_KNOTS('',1,(#1772,#1773),.UNSPECIFIED.,.F.,
  .F.,(2,2),(-1.95,1.95),.PIECEWISE_BEZIER_KNOTS.);
#1772 = CARTESIAN_POINT('',(0.4125,1.1,2.1));
#1773 = CARTESIAN_POINT('',(0.4125,1.1,6.));
#1774 = ORIENTED_EDGE('',*,*,#1566,.F.);
#1775 = B_SPLINE_SURFACE_WITH_KNOTS('',1,1,(
    (#1776,#1777)
    ,(#1778,#1779
    )),.UNSPECIFIED.,.F.,.F.,.F.,(2,2),(2,2),(0.,3.9),(-0.6,0.),
  .PIECEWISE_BEZIER_KNOTS.);
#1776 = CARTESIAN_POINT('',(0.4125,1.1,2.1));
#1777 = CARTESIAN_POINT('',(0.4125,1.7,2.1));
#1778 = CARTESIAN_POINT('',(0.4125,1.1,6.));
#1779 = CARTESIAN_POINT('',(0.4125,1.7,6.));
#1780 = ADVANCED_FACE('',(#1781),#1797,.F.);
#1781 = FACE_BOUND('',#1782,.F.);
#1782 = EDGE_LOOP('',(#1783,#1784,#1791,#1796));
#1783 = ORIENTED_EDGE('',*,*,#404,.F.);
#1784 = ORIENTED_EDGE('',*,*,#1785,.T.);
#1785 = EDGE_CURVE('',#398,#1786,#1788,.T.);
#1786 = VERTEX_POINT('',#1787);
#1787 = CARTESIAN_POINT('',(7.0875,1.1,2.1));
#1788 = B_SPLINE_CURVE_WITH_KNOTS('',1,(#1789,#1790),.UNSPECIFIED.,.F.,
  .F.,(2,2),(0.,0.6),.PIECEWISE_BEZIER_KNOTS.);
#1789 = CARTESIAN_POINT('',(7.0875,1.7,2.1));
#1790 = CARTESIAN_POINT('',(7.0875,1.1,2.1));
#1791 = ORIENTED_EDGE('',*,*,#1792,.T.);
#1792 = EDGE_CURVE('',#1786,#1764,#1793,.T.);
#1793 = B_SPLINE_CURVE_WITH_KNOTS('',1,(#1794,#1795),.UNSPECIFIED.,.F.,
  .F.,(2,2),(1.,9.9),.PIECEWISE_BEZIER_KNOTS.);
#1794 = CARTESIAN_POINT('',(7.0875,1.1,2.1));
#1795 = CARTESIAN_POINT('',(0.4125,1.1,2.1));
#1796 = ORIENTED_EDGE('',*,*,#1763,.F.);
#1797 = B_SPLINE_SURFACE_WITH_KNOTS('',1,1,(
    (#1798,#1799)
    ,(#1800,#1801
    )),.UNSPECIFIED.,.F.,.F.,.F.,(2,2),(2,2),(-4.473145828656E-62,8.9),(
    -0.6,6.635166312506E-61),.PIECEWISE_BEZIER_KNOTS.);
#1798 = CARTESIAN_POINT('',(7.0875,1.1,2.1));
#1799 = CARTESIAN_POINT('',(7.0875,1.7,2.1));
#1800 = CARTESIAN_POINT('',(0.4125,1.1,2.1));
#1801 = CARTESIAN_POINT('',(0.4125,1.7,2.1));
#1802 = ADVANCED_FACE('',(#1803),#1813,.F.);
#1803 = FACE_BOUND('',#1804,.F.);
#1804 = EDGE_LOOP('',(#1805,#1806,#1807,#1812));
#1805 = ORIENTED_EDGE('',*,*,#397,.F.);
#1806 = ORIENTED_EDGE('',*,*,#695,.T.);
#1807 = ORIENTED_EDGE('',*,*,#1808,.T.);
#1808 = EDGE_CURVE('',#696,#1786,#1809,.T.);
#1809 = B_SPLINE_CURVE_WITH_KNOTS('',1,(#1810,#1811),.UNSPECIFIED.,.F.,
  .F.,(2,2),(0.,3.9),.PIECEWISE_BEZIER_KNOTS.);
#1810 = CARTESIAN_POINT('',(7.0875,1.1,6.));
#1811 = CARTESIAN_POINT('',(7.0875,1.1,2.1));
#1812 = ORIENTED_EDGE('',*,*,#1785,.F.);
#1813 = B_SPLINE_SURFACE_WITH_KNOTS('',1,1,(
    (#1814,#1815)
    ,(#1816,#1817
    )),.UNSPECIFIED.,.F.,.F.,.F.,(2,2),(2,2),(0.,3.9),(-0.6,0.),
  .PIECEWISE_BEZIER_KNOTS.);
#1814 = CARTESIAN_POINT('',(7.0875,1.1,6.));
#1815 = CARTESIAN_POINT('',(7.0875,1.7,6.));
#1816 = CARTESIAN_POINT('',(7.0875,1.1,2.1));
#1817 = CARTESIAN_POINT('',(7.0875,1.7,2.1));
#1818 = ADVANCED_FACE('',(#1819),#1841,.F.);
#1819 = FACE_BOUND('',#1820,.F.);
#1820 = EDGE_LOOP('',(#1821,#1822,#1829,#1836));
#1821 = ORIENTED_EDGE('',*,*,#650,.F.);
#1822 = ORIENTED_EDGE('',*,*,#1823,.T.);
#1823 = EDGE_CURVE('',#651,#1824,#1826,.T.);
#1824 = VERTEX_POINT('',#1825);
#1825 = CARTESIAN_POINT('',(7.8,1.1,4.2));
#1826 = B_SPLINE_CURVE_WITH_KNOTS('',1,(#1827,#1828),.UNSPECIFIED.,.F.,
  .F.,(2,2),(0.,0.6),.PIECEWISE_BEZIER_KNOTS.);
#1827 = CARTESIAN_POINT('',(7.8,1.7,4.2));
#1828 = CARTESIAN_POINT('',(7.8,1.1,4.2));
#1829 = ORIENTED_EDGE('',*,*,#1830,.T.);
#1830 = EDGE_CURVE('',#1824,#1831,#1833,.T.);
#1831 = VERTEX_POINT('',#1832);
#1832 = CARTESIAN_POINT('',(8.55,1.1,4.2));
#1833 = B_SPLINE_CURVE_WITH_KNOTS('',1,(#1834,#1835),.UNSPECIFIED.,.F.,
  .F.,(2,2),(-0.525,0.475),.PIECEWISE_BEZIER_KNOTS.);
#1834 = CARTESIAN_POINT('',(7.8,1.1,4.2));
#1835 = CARTESIAN_POINT('',(8.55,1.1,4.2));
#1836 = ORIENTED_EDGE('',*,*,#1837,.F.);
#1837 = EDGE_CURVE('',#653,#1831,#1838,.T.);
#1838 = B_SPLINE_CURVE_WITH_KNOTS('',1,(#1839,#1840),.UNSPECIFIED.,.F.,
  .F.,(2,2),(0.,0.6),.PIECEWISE_BEZIER_KNOTS.);
#1839 = CARTESIAN_POINT('',(8.55,1.7,4.2));
#1840 = CARTESIAN_POINT('',(8.55,1.1,4.2));
#1841 = B_SPLINE_SURFACE_WITH_KNOTS('',1,1,(
    (#1842,#1843)
    ,(#1844,#1845)),.UNSPECIFIED.,.F.,.F.,.F.,(2,2),(2,2),(0.,1.),(-0.6,
    1.224646799147E-16),.PIECEWISE_BEZIER_KNOTS.);
#1842 = CARTESIAN_POINT('',(7.8,1.1,4.2));
#1843 = CARTESIAN_POINT('',(7.8,1.7,4.2));
#1844 = CARTESIAN_POINT('',(8.55,1.1,4.2));
#1845 = CARTESIAN_POINT('',(8.55,1.7,4.2));
#1846 = ADVANCED_FACE('',(#1847),#1863,.F.);
#1847 = FACE_BOUND('',#1848,.F.);
#1848 = EDGE_LOOP('',(#1849,#1850,#1857,#1862));
#1849 = ORIENTED_EDGE('',*,*,#673,.F.);
#1850 = ORIENTED_EDGE('',*,*,#1851,.T.);
#1851 = EDGE_CURVE('',#667,#1852,#1854,.T.);
#1852 = VERTEX_POINT('',#1853);
#1853 = CARTESIAN_POINT('',(7.8,1.1,2.4));
#1854 = B_SPLINE_CURVE_WITH_KNOTS('',1,(#1855,#1856),.UNSPECIFIED.,.F.,
  .F.,(2,2),(0.,0.6),.PIECEWISE_BEZIER_KNOTS.);
#1855 = CARTESIAN_POINT('',(7.8,1.7,2.4));
#1856 = CARTESIAN_POINT('',(7.8,1.1,2.4));
#1857 = ORIENTED_EDGE('',*,*,#1858,.T.);
#1858 = EDGE_CURVE('',#1852,#1824,#1859,.T.);
#1859 = B_SPLINE_CURVE_WITH_KNOTS('',1,(#1860,#1861),.UNSPECIFIED.,.F.,
  .F.,(2,2),(-1.8,0.),.PIECEWISE_BEZIER_KNOTS.);
#1860 = CARTESIAN_POINT('',(7.8,1.1,2.4));
#1861 = CARTESIAN_POINT('',(7.8,1.1,4.2));
#1862 = ORIENTED_EDGE('',*,*,#1823,.F.);
#1863 = B_SPLINE_SURFACE_WITH_KNOTS('',1,1,(
    (#1864,#1865)
    ,(#1866,#1867
    )),.UNSPECIFIED.,.F.,.F.,.F.,(2,2),(2,2),(0.,1.8),(-0.6,0.),
  .PIECEWISE_BEZIER_KNOTS.);
#1864 = CARTESIAN_POINT('',(7.8,1.1,2.4));
#1865 = CARTESIAN_POINT('',(7.8,1.7,2.4));
#1866 = CARTESIAN_POINT('',(7.8,1.1,4.2));
#1867 = CARTESIAN_POINT('',(7.8,1.7,4.2));
#1868 = ADVANCED_FACE('',(#1869),#1885,.F.);
#1869 = FACE_BOUND('',#1870,.F.);
#1870 = EDGE_LOOP('',(#1871,#1872,#1873,#1880));
#1871 = ORIENTED_EDGE('',*,*,#659,.F.);
#1872 = ORIENTED_EDGE('',*,*,#1837,.T.);
#1873 = ORIENTED_EDGE('',*,*,#1874,.T.);
#1874 = EDGE_CURVE('',#1831,#1875,#1877,.T.);
#1875 = VERTEX_POINT('',#1876);
#1876 = CARTESIAN_POINT('',(8.55,1.1,2.4));
#1877 = B_SPLINE_CURVE_WITH_KNOTS('',1,(#1878,#1879),.UNSPECIFIED.,.F.,
  .F.,(2,2),(0.9,2.7),.PIECEWISE_BEZIER_KNOTS.);
#1878 = CARTESIAN_POINT('',(8.55,1.1,4.2));
#1879 = CARTESIAN_POINT('',(8.55,1.1,2.4));
#1880 = ORIENTED_EDGE('',*,*,#1881,.F.);
#1881 = EDGE_CURVE('',#660,#1875,#1882,.T.);
#1882 = B_SPLINE_CURVE_WITH_KNOTS('',1,(#1883,#1884),.UNSPECIFIED.,.F.,
  .F.,(2,2),(0.,0.6),.PIECEWISE_BEZIER_KNOTS.);
#1883 = CARTESIAN_POINT('',(8.55,1.7,2.4));
#1884 = CARTESIAN_POINT('',(8.55,1.1,2.4));
#1885 = B_SPLINE_SURFACE_WITH_KNOTS('',1,1,(
    (#1886,#1887)
    ,(#1888,#1889
    )),.UNSPECIFIED.,.F.,.F.,.F.,(2,2),(2,2),(0.,1.8),(-0.6,0.),
  .PIECEWISE_BEZIER_KNOTS.);
#1886 = CARTESIAN_POINT('',(8.55,1.1,4.2));
#1887 = CARTESIAN_POINT('',(8.55,1.7,4.2));
#1888 = CARTESIAN_POINT('',(8.55,1.1,2.4));
#1889 = CARTESIAN_POINT('',(8.55,1.7,2.4));
#1890 = ADVANCED_FACE('',(#1891),#1901,.F.);
#1891 = FACE_BOUND('',#1892,.F.);
#1892 = EDGE_LOOP('',(#1893,#1894,#1895,#1900));
#1893 = ORIENTED_EDGE('',*,*,#666,.F.);
#1894 = ORIENTED_EDGE('',*,*,#1881,.T.);
#1895 = ORIENTED_EDGE('',*,*,#1896,.T.);
#1896 = EDGE_CURVE('',#1875,#1852,#1897,.T.);
#1897 = B_SPLINE_CURVE_WITH_KNOTS('',1,(#1898,#1899),.UNSPECIFIED.,.F.,
  .F.,(2,2),(2.5E-02,1.025),.PIECEWISE_BEZIER_KNOTS.);
#1898 = CARTESIAN_POINT('',(8.55,1.1,2.4));
#1899 = CARTESIAN_POINT('',(7.8,1.1,2.4));
#1900 = ORIENTED_EDGE('',*,*,#1851,.F.);
#1901 = B_SPLINE_SURFACE_WITH_KNOTS('',1,1,(
    (#1902,#1903)
    ,(#1904,#1905
    )),.UNSPECIFIED.,.F.,.F.,.F.,(2,2),(2,2),(-7.285838599103E-17,1.),(
    -0.6,0.),.PIECEWISE_BEZIER_KNOTS.);
#1902 = CARTESIAN_POINT('',(8.55,1.1,2.4));
#1903 = CARTESIAN_POINT('',(8.55,1.7,2.4));
#1904 = CARTESIAN_POINT('',(7.8,1.1,2.4));
#1905 = CARTESIAN_POINT('',(7.8,1.7,2.4));
#1906 = ADVANCED_FACE('',(#1907),#1933,.F.);
#1907 = FACE_BOUND('',#1908,.F.);
#1908 = EDGE_LOOP('',(#1909,#1910,#1917,#1924,#1929,#1930,#1931,#1932));
#1909 = ORIENTED_EDGE('',*,*,#799,.F.);
#1910 = ORIENTED_EDGE('',*,*,#1911,.T.);
#1911 = EDGE_CURVE('',#800,#1912,#1914,.T.);
#1912 = VERTEX_POINT('',#1913);
#1913 = CARTESIAN_POINT('',(8.5875,-2.3,1.8));
#1914 = B_SPLINE_CURVE_WITH_KNOTS('',1,(#1915,#1916),.UNSPECIFIED.,.F.,
  .F.,(2,2),(0.,4.2),.PIECEWISE_BEZIER_KNOTS.);
#1915 = CARTESIAN_POINT('',(8.5875,-2.3,6.));
#1916 = CARTESIAN_POINT('',(8.5875,-2.3,1.8));
#1917 = ORIENTED_EDGE('',*,*,#1918,.T.);
#1918 = EDGE_CURVE('',#1912,#1919,#1921,.T.);
#1919 = VERTEX_POINT('',#1920);
#1920 = CARTESIAN_POINT('',(8.5875,1.1,1.8));
#1921 = B_SPLINE_CURVE_WITH_KNOTS('',1,(#1922,#1923),.UNSPECIFIED.,.F.,
  .F.,(2,2),(0.,3.4),.PIECEWISE_BEZIER_KNOTS.);
#1922 = CARTESIAN_POINT('',(8.5875,-2.3,1.8));
#1923 = CARTESIAN_POINT('',(8.5875,1.1,1.8));
#1924 = ORIENTED_EDGE('',*,*,#1925,.F.);
#1925 = EDGE_CURVE('',#703,#1919,#1926,.T.);
#1926 = B_SPLINE_CURVE_WITH_KNOTS('',1,(#1927,#1928),.UNSPECIFIED.,.F.,
  .F.,(2,2),(0.,4.2),.PIECEWISE_BEZIER_KNOTS.);
#1927 = CARTESIAN_POINT('',(8.5875,1.1,6.));
#1928 = CARTESIAN_POINT('',(8.5875,1.1,1.8));
#1929 = ORIENTED_EDGE('',*,*,#709,.F.);
#1930 = ORIENTED_EDGE('',*,*,#724,.T.);
#1931 = ORIENTED_EDGE('',*,*,#751,.F.);
#1932 = ORIENTED_EDGE('',*,*,#777,.T.);
#1933 = B_SPLINE_SURFACE_WITH_KNOTS('',1,1,(
    (#1934,#1935)
    ,(#1936,#1937
    )),.UNSPECIFIED.,.F.,.F.,.F.,(2,2),(2,2),(0.,3.4),(-4.2,0.),
  .PIECEWISE_BEZIER_KNOTS.);
#1934 = CARTESIAN_POINT('',(8.5875,-2.3,1.8));
#1935 = CARTESIAN_POINT('',(8.5875,-2.3,6.));
#1936 = CARTESIAN_POINT('',(8.5875,1.1,1.8));
#1937 = CARTESIAN_POINT('',(8.5875,1.1,6.));
#1938 = ADVANCED_FACE('',(#1939,#1959,#1965),#1971,.F.);
#1939 = FACE_BOUND('',#1940,.F.);
#1940 = EDGE_LOOP('',(#1941,#1942,#1943,#1950,#1955,#1956,#1957,#1958));
#1941 = ORIENTED_EDGE('',*,*,#702,.F.);
#1942 = ORIENTED_EDGE('',*,*,#1925,.T.);
#1943 = ORIENTED_EDGE('',*,*,#1944,.T.);
#1944 = EDGE_CURVE('',#1919,#1945,#1947,.T.);
#1945 = VERTEX_POINT('',#1946);
#1946 = CARTESIAN_POINT('',(-1.0875,1.1,1.8));
#1947 = B_SPLINE_CURVE_WITH_KNOTS('',1,(#1948,#1949),.UNSPECIFIED.,.F.,
  .F.,(2,2),(0.,12.9),.PIECEWISE_BEZIER_KNOTS.);
#1948 = CARTESIAN_POINT('',(8.5875,1.1,1.8));
#1949 = CARTESIAN_POINT('',(-1.0875,1.1,1.8));
#1950 = ORIENTED_EDGE('',*,*,#1951,.F.);
#1951 = EDGE_CURVE('',#1603,#1945,#1952,.T.);
#1952 = B_SPLINE_CURVE_WITH_KNOTS('',1,(#1953,#1954),.UNSPECIFIED.,.F.,
  .F.,(2,2),(0.,4.2),.PIECEWISE_BEZIER_KNOTS.);
#1953 = CARTESIAN_POINT('',(-1.0875,1.1,6.));
#1954 = CARTESIAN_POINT('',(-1.0875,1.1,1.8));
#1955 = ORIENTED_EDGE('',*,*,#1609,.F.);
#1956 = ORIENTED_EDGE('',*,*,#1770,.F.);
#1957 = ORIENTED_EDGE('',*,*,#1792,.F.);
#1958 = ORIENTED_EDGE('',*,*,#1808,.F.);
#1959 = FACE_BOUND('',#1960,.F.);
#1960 = EDGE_LOOP('',(#1961,#1962,#1963,#1964));
#1961 = ORIENTED_EDGE('',*,*,#1688,.T.);
#1962 = ORIENTED_EDGE('',*,*,#1710,.T.);
#1963 = ORIENTED_EDGE('',*,*,#1732,.T.);
#1964 = ORIENTED_EDGE('',*,*,#1652,.T.);
#1965 = FACE_BOUND('',#1966,.F.);
#1966 = EDGE_LOOP('',(#1967,#1968,#1969,#1970));
#1967 = ORIENTED_EDGE('',*,*,#1896,.F.);
#1968 = ORIENTED_EDGE('',*,*,#1874,.F.);
#1969 = ORIENTED_EDGE('',*,*,#1830,.F.);
#1970 = ORIENTED_EDGE('',*,*,#1858,.F.);
#1971 = B_SPLINE_SURFACE_WITH_KNOTS('',1,1,(
    (#1972,#1973)
    ,(#1974,#1975
    )),.UNSPECIFIED.,.F.,.F.,.F.,(2,2),(2,2),(0.,12.9),(-4.2,0.),
  .PIECEWISE_BEZIER_KNOTS.);
#1972 = CARTESIAN_POINT('',(8.5875,1.1,1.8));
#1973 = CARTESIAN_POINT('',(8.5875,1.1,6.));
#1974 = CARTESIAN_POINT('',(-1.0875,1.1,1.8));
#1975 = CARTESIAN_POINT('',(-1.0875,1.1,6.));
#1976 = ADVANCED_FACE('',(#1977),#1993,.T.);
#1977 = FACE_BOUND('',#1978,.T.);
#1978 = EDGE_LOOP('',(#1979,#1986,#1991,#1992));
#1979 = ORIENTED_EDGE('',*,*,#1980,.T.);
#1980 = EDGE_CURVE('',#814,#1981,#1983,.T.);
#1981 = VERTEX_POINT('',#1982);
#1982 = CARTESIAN_POINT('',(-1.0875,-0.6,4.4));
#1983 = B_SPLINE_CURVE_WITH_KNOTS('',1,(#1984,#1985),.UNSPECIFIED.,.F.,
  .F.,(2,2),(-0.8,0.8),.PIECEWISE_BEZIER_KNOTS.);
#1984 = CARTESIAN_POINT('',(-1.0875,-0.6,6.));
#1985 = CARTESIAN_POINT('',(-1.0875,-0.6,4.4));
#1986 = ORIENTED_EDGE('',*,*,#1987,.T.);
#1987 = EDGE_CURVE('',#1981,#1404,#1988,.T.);
#1988 = B_SPLINE_CURVE_WITH_KNOTS('',1,(#1989,#1990),.UNSPECIFIED.,.F.,
  .F.,(2,2),(13.4,13.9),.PIECEWISE_BEZIER_KNOTS.);
#1989 = CARTESIAN_POINT('',(-1.0875,-0.6,4.4));
#1990 = CARTESIAN_POINT('',(-1.4625,-0.6,4.4));
#1991 = ORIENTED_EDGE('',*,*,#1413,.T.);
#1992 = ORIENTED_EDGE('',*,*,#820,.F.);
#1993 = B_SPLINE_SURFACE_WITH_KNOTS('',1,1,(
    (#1994,#1995)
    ,(#1996,#1997
    )),.UNSPECIFIED.,.F.,.F.,.F.,(2,2),(2,2),(0.,1.6),(-13.9,-13.4),
  .PIECEWISE_BEZIER_KNOTS.);
#1994 = CARTESIAN_POINT('',(-1.4625,-0.6,4.4));
#1995 = CARTESIAN_POINT('',(-1.0875,-0.6,4.4));
#1996 = CARTESIAN_POINT('',(-1.4625,-0.6,6.));
#1997 = CARTESIAN_POINT('',(-1.0875,-0.6,6.));
#1998 = ADVANCED_FACE('',(#1999),#2032,.F.);
#1999 = FACE_BOUND('',#2000,.F.);
#2000 = EDGE_LOOP('',(#2001,#2002,#2003,#2010,#2015,#2016,#2017,#2027));
#2001 = ORIENTED_EDGE('',*,*,#1602,.F.);
#2002 = ORIENTED_EDGE('',*,*,#1951,.T.);
#2003 = ORIENTED_EDGE('',*,*,#2004,.T.);
#2004 = EDGE_CURVE('',#1945,#2005,#2007,.T.);
#2005 = VERTEX_POINT('',#2006);
#2006 = CARTESIAN_POINT('',(-1.0875,-2.3,1.8));
#2007 = B_SPLINE_CURVE_WITH_KNOTS('',1,(#2008,#2009),.UNSPECIFIED.,.F.,
  .F.,(2,2),(0.,3.4),.PIECEWISE_BEZIER_KNOTS.);
#2008 = CARTESIAN_POINT('',(-1.0875,1.1,1.8));
#2009 = CARTESIAN_POINT('',(-1.0875,-2.3,1.8));
#2010 = ORIENTED_EDGE('',*,*,#2011,.F.);
#2011 = EDGE_CURVE('',#807,#2005,#2012,.T.);
#2012 = B_SPLINE_CURVE_WITH_KNOTS('',1,(#2013,#2014),.UNSPECIFIED.,.F.,
  .F.,(2,2),(0.,4.2),.PIECEWISE_BEZIER_KNOTS.);
#2013 = CARTESIAN_POINT('',(-1.0875,-2.3,6.));
#2014 = CARTESIAN_POINT('',(-1.0875,-2.3,1.8));
#2015 = ORIENTED_EDGE('',*,*,#813,.F.);
#2016 = ORIENTED_EDGE('',*,*,#1980,.T.);
#2017 = ORIENTED_EDGE('',*,*,#2018,.T.);
#2018 = EDGE_CURVE('',#1981,#2019,#2021,.T.);
#2019 = VERTEX_POINT('',#2020);
#2020 = CARTESIAN_POINT('',(-1.0875,0.2,4.4));
#2021 = ( BOUNDED_CURVE() B_SPLINE_CURVE(2,(#2022,#2023,#2024,#2025,
#2026),.UNSPECIFIED.,.F.,.F.) B_SPLINE_CURVE_WITH_KNOTS((3,2,3),(
    3.14159265359,4.712388980385,6.28318530718),
.PIECEWISE_BEZIER_KNOTS.) CURVE() GEOMETRIC_REPRESENTATION_ITEM() 
RATIONAL_B_SPLINE_CURVE((1.,0.707106781187,1.,0.707106781187,1.)) 
REPRESENTATION_ITEM('') );
#2022 = CARTESIAN_POINT('',(-1.0875,-0.6,4.4));
#2023 = CARTESIAN_POINT('',(-1.0875,-0.6,4.));
#2024 = CARTESIAN_POINT('',(-1.0875,-0.2,4.));
#2025 = CARTESIAN_POINT('',(-1.0875,0.2,4.));
#2026 = CARTESIAN_POINT('',(-1.0875,0.2,4.4));
#2027 = ORIENTED_EDGE('',*,*,#2028,.T.);
#2028 = EDGE_CURVE('',#2019,#1596,#2029,.T.);
#2029 = B_SPLINE_CURVE_WITH_KNOTS('',1,(#2030,#2031),.UNSPECIFIED.,.F.,
  .F.,(2,2),(-1.6,0.),.PIECEWISE_BEZIER_KNOTS.);
#2030 = CARTESIAN_POINT('',(-1.0875,0.2,4.4));
#2031 = CARTESIAN_POINT('',(-1.0875,0.2,6.));
#2032 = B_SPLINE_SURFACE_WITH_KNOTS('',1,1,(
    (#2033,#2034)
    ,(#2035,#2036
    )),.UNSPECIFIED.,.F.,.F.,.F.,(2,2),(2,2),(0.,3.4),(-4.2,0.),
  .PIECEWISE_BEZIER_KNOTS.);
#2033 = CARTESIAN_POINT('',(-1.0875,1.1,1.8));
#2034 = CARTESIAN_POINT('',(-1.0875,1.1,6.));
#2035 = CARTESIAN_POINT('',(-1.0875,-2.3,1.8));
#2036 = CARTESIAN_POINT('',(-1.0875,-2.3,6.));
#2037 = ADVANCED_FACE('',(#2038),#2188,.F.);
#2038 = FACE_BOUND('',#2039,.F.);
#2039 = EDGE_LOOP('',(#2040,#2041,#2042,#2049,#2056,#2063,#2070,#2077,
    #2084,#2091,#2098,#2105,#2112,#2119,#2126,#2133,#2140,#2147,#2154,
    #2161,#2168,#2175,#2182,#2187));
#2040 = ORIENTED_EDGE('',*,*,#806,.F.);
#2041 = ORIENTED_EDGE('',*,*,#2011,.T.);
#2042 = ORIENTED_EDGE('',*,*,#2043,.T.);
#2043 = EDGE_CURVE('',#2005,#2044,#2046,.T.);
#2044 = VERTEX_POINT('',#2045);
#2045 = CARTESIAN_POINT('',(0.6,-2.3,1.8));
#2046 = B_SPLINE_CURVE_WITH_KNOTS('',1,(#2047,#2048),.UNSPECIFIED.,.F.,
  .F.,(2,2),(0.,2.25),.PIECEWISE_BEZIER_KNOTS.);
#2047 = CARTESIAN_POINT('',(-1.0875,-2.3,1.8));
#2048 = CARTESIAN_POINT('',(0.6,-2.3,1.8));
#2049 = ORIENTED_EDGE('',*,*,#2050,.T.);
#2050 = EDGE_CURVE('',#2044,#2051,#2053,.T.);
#2051 = VERTEX_POINT('',#2052);
#2052 = CARTESIAN_POINT('',(0.6,-2.3,3.7));
#2053 = B_SPLINE_CURVE_WITH_KNOTS('',1,(#2054,#2055),.UNSPECIFIED.,.F.,
  .F.,(2,2),(0.,1.9),.PIECEWISE_BEZIER_KNOTS.);
#2054 = CARTESIAN_POINT('',(0.6,-2.3,1.8));
#2055 = CARTESIAN_POINT('',(0.6,-2.3,3.7));
#2056 = ORIENTED_EDGE('',*,*,#2057,.T.);
#2057 = EDGE_CURVE('',#2051,#2058,#2060,.T.);
#2058 = VERTEX_POINT('',#2059);
#2059 = CARTESIAN_POINT('',(0.9,-2.3,3.7));
#2060 = B_SPLINE_CURVE_WITH_KNOTS('',1,(#2061,#2062),.UNSPECIFIED.,.F.,
  .F.,(2,2),(0.,0.4),.PIECEWISE_BEZIER_KNOTS.);
#2061 = CARTESIAN_POINT('',(0.6,-2.3,3.7));
#2062 = CARTESIAN_POINT('',(0.9,-2.3,3.7));
#2063 = ORIENTED_EDGE('',*,*,#2064,.F.);
#2064 = EDGE_CURVE('',#2065,#2058,#2067,.T.);
#2065 = VERTEX_POINT('',#2066);
#2066 = CARTESIAN_POINT('',(0.9,-2.3,1.8));
#2067 = B_SPLINE_CURVE_WITH_KNOTS('',1,(#2068,#2069),.UNSPECIFIED.,.F.,
  .F.,(2,2),(0.,1.9),.PIECEWISE_BEZIER_KNOTS.);
#2068 = CARTESIAN_POINT('',(0.9,-2.3,1.8));
#2069 = CARTESIAN_POINT('',(0.9,-2.3,3.7));
#2070 = ORIENTED_EDGE('',*,*,#2071,.T.);
#2071 = EDGE_CURVE('',#2065,#2072,#2074,.T.);
#2072 = VERTEX_POINT('',#2073);
#2073 = CARTESIAN_POINT('',(2.1,-2.3,1.8));
#2074 = B_SPLINE_CURVE_WITH_KNOTS('',1,(#2075,#2076),.UNSPECIFIED.,.F.,
  .F.,(2,2),(2.65,4.25),.PIECEWISE_BEZIER_KNOTS.);
#2075 = CARTESIAN_POINT('',(0.9,-2.3,1.8));
#2076 = CARTESIAN_POINT('',(2.1,-2.3,1.8));
#2077 = ORIENTED_EDGE('',*,*,#2078,.T.);
#2078 = EDGE_CURVE('',#2072,#2079,#2081,.T.);
#2079 = VERTEX_POINT('',#2080);
#2080 = CARTESIAN_POINT('',(2.1,-2.3,3.7));
#2081 = B_SPLINE_CURVE_WITH_KNOTS('',1,(#2082,#2083),.UNSPECIFIED.,.F.,
  .F.,(2,2),(0.,1.9),.PIECEWISE_BEZIER_KNOTS.);
#2082 = CARTESIAN_POINT('',(2.1,-2.3,1.8));
#2083 = CARTESIAN_POINT('',(2.1,-2.3,3.7));
#2084 = ORIENTED_EDGE('',*,*,#2085,.T.);
#2085 = EDGE_CURVE('',#2079,#2086,#2088,.T.);
#2086 = VERTEX_POINT('',#2087);
#2087 = CARTESIAN_POINT('',(2.4,-2.3,3.7));
#2088 = B_SPLINE_CURVE_WITH_KNOTS('',1,(#2089,#2090),.UNSPECIFIED.,.F.,
  .F.,(2,2),(0.,0.4),.PIECEWISE_BEZIER_KNOTS.);
#2089 = CARTESIAN_POINT('',(2.1,-2.3,3.7));
#2090 = CARTESIAN_POINT('',(2.4,-2.3,3.7));
#2091 = ORIENTED_EDGE('',*,*,#2092,.F.);
#2092 = EDGE_CURVE('',#2093,#2086,#2095,.T.);
#2093 = VERTEX_POINT('',#2094);
#2094 = CARTESIAN_POINT('',(2.4,-2.3,1.8));
#2095 = B_SPLINE_CURVE_WITH_KNOTS('',1,(#2096,#2097),.UNSPECIFIED.,.F.,
  .F.,(2,2),(0.,1.9),.PIECEWISE_BEZIER_KNOTS.);
#2096 = CARTESIAN_POINT('',(2.4,-2.3,1.8));
#2097 = CARTESIAN_POINT('',(2.4,-2.3,3.7));
#2098 = ORIENTED_EDGE('',*,*,#2099,.T.);
#2099 = EDGE_CURVE('',#2093,#2100,#2102,.T.);
#2100 = VERTEX_POINT('',#2101);
#2101 = CARTESIAN_POINT('',(3.6,-2.3,1.8));
#2102 = B_SPLINE_CURVE_WITH_KNOTS('',1,(#2103,#2104),.UNSPECIFIED.,.F.,
  .F.,(2,2),(4.65,6.25),.PIECEWISE_BEZIER_KNOTS.);
#2103 = CARTESIAN_POINT('',(2.4,-2.3,1.8));
#2104 = CARTESIAN_POINT('',(3.6,-2.3,1.8));
#2105 = ORIENTED_EDGE('',*,*,#2106,.T.);
#2106 = EDGE_CURVE('',#2100,#2107,#2109,.T.);
#2107 = VERTEX_POINT('',#2108);
#2108 = CARTESIAN_POINT('',(3.6,-2.3,3.7));
#2109 = B_SPLINE_CURVE_WITH_KNOTS('',1,(#2110,#2111),.UNSPECIFIED.,.F.,
  .F.,(2,2),(0.,1.9),.PIECEWISE_BEZIER_KNOTS.);
#2110 = CARTESIAN_POINT('',(3.6,-2.3,1.8));
#2111 = CARTESIAN_POINT('',(3.6,-2.3,3.7));
#2112 = ORIENTED_EDGE('',*,*,#2113,.T.);
#2113 = EDGE_CURVE('',#2107,#2114,#2116,.T.);
#2114 = VERTEX_POINT('',#2115);
#2115 = CARTESIAN_POINT('',(3.9,-2.3,3.7));
#2116 = B_SPLINE_CURVE_WITH_KNOTS('',1,(#2117,#2118),.UNSPECIFIED.,.F.,
  .F.,(2,2),(0.,0.4),.PIECEWISE_BEZIER_KNOTS.);
#2117 = CARTESIAN_POINT('',(3.6,-2.3,3.7));
#2118 = CARTESIAN_POINT('',(3.9,-2.3,3.7));
#2119 = ORIENTED_EDGE('',*,*,#2120,.F.);
#2120 = EDGE_CURVE('',#2121,#2114,#2123,.T.);
#2121 = VERTEX_POINT('',#2122);
#2122 = CARTESIAN_POINT('',(3.9,-2.3,1.8));
#2123 = B_SPLINE_CURVE_WITH_KNOTS('',1,(#2124,#2125),.UNSPECIFIED.,.F.,
  .F.,(2,2),(0.,1.9),.PIECEWISE_BEZIER_KNOTS.);
#2124 = CARTESIAN_POINT('',(3.9,-2.3,1.8));
#2125 = CARTESIAN_POINT('',(3.9,-2.3,3.7));
#2126 = ORIENTED_EDGE('',*,*,#2127,.T.);
#2127 = EDGE_CURVE('',#2121,#2128,#2130,.T.);
#2128 = VERTEX_POINT('',#2129);
#2129 = CARTESIAN_POINT('',(5.1,-2.3,1.8));
#2130 = B_SPLINE_CURVE_WITH_KNOTS('',1,(#2131,#2132),.UNSPECIFIED.,.F.,
  .F.,(2,2),(6.65,8.25),.PIECEWISE_BEZIER_KNOTS.);
#2131 = CARTESIAN_POINT('',(3.9,-2.3,1.8));
#2132 = CARTESIAN_POINT('',(5.1,-2.3,1.8));
#2133 = ORIENTED_EDGE('',*,*,#2134,.T.);
#2134 = EDGE_CURVE('',#2128,#2135,#2137,.T.);
#2135 = VERTEX_POINT('',#2136);
#2136 = CARTESIAN_POINT('',(5.1,-2.3,3.7));
#2137 = B_SPLINE_CURVE_WITH_KNOTS('',1,(#2138,#2139),.UNSPECIFIED.,.F.,
  .F.,(2,2),(0.,1.9),.PIECEWISE_BEZIER_KNOTS.);
#2138 = CARTESIAN_POINT('',(5.1,-2.3,1.8));
#2139 = CARTESIAN_POINT('',(5.1,-2.3,3.7));
#2140 = ORIENTED_EDGE('',*,*,#2141,.T.);
#2141 = EDGE_CURVE('',#2135,#2142,#2144,.T.);
#2142 = VERTEX_POINT('',#2143);
#2143 = CARTESIAN_POINT('',(5.4,-2.3,3.7));
#2144 = B_SPLINE_CURVE_WITH_KNOTS('',1,(#2145,#2146),.UNSPECIFIED.,.F.,
  .F.,(2,2),(0.,0.4),.PIECEWISE_BEZIER_KNOTS.);
#2145 = CARTESIAN_POINT('',(5.1,-2.3,3.7));
#2146 = CARTESIAN_POINT('',(5.4,-2.3,3.7));
#2147 = ORIENTED_EDGE('',*,*,#2148,.F.);
#2148 = EDGE_CURVE('',#2149,#2142,#2151,.T.);
#2149 = VERTEX_POINT('',#2150);
#2150 = CARTESIAN_POINT('',(5.4,-2.3,1.8));
#2151 = B_SPLINE_CURVE_WITH_KNOTS('',1,(#2152,#2153),.UNSPECIFIED.,.F.,
  .F.,(2,2),(0.,1.9),.PIECEWISE_BEZIER_KNOTS.);
#2152 = CARTESIAN_POINT('',(5.4,-2.3,1.8));
#2153 = CARTESIAN_POINT('',(5.4,-2.3,3.7));
#2154 = ORIENTED_EDGE('',*,*,#2155,.T.);
#2155 = EDGE_CURVE('',#2149,#2156,#2158,.T.);
#2156 = VERTEX_POINT('',#2157);
#2157 = CARTESIAN_POINT('',(6.6,-2.3,1.8));
#2158 = B_SPLINE_CURVE_WITH_KNOTS('',1,(#2159,#2160),.UNSPECIFIED.,.F.,
  .F.,(2,2),(8.65,10.25),.PIECEWISE_BEZIER_KNOTS.);
#2159 = CARTESIAN_POINT('',(5.4,-2.3,1.8));
#2160 = CARTESIAN_POINT('',(6.6,-2.3,1.8));
#2161 = ORIENTED_EDGE('',*,*,#2162,.T.);
#2162 = EDGE_CURVE('',#2156,#2163,#2165,.T.);
#2163 = VERTEX_POINT('',#2164);
#2164 = CARTESIAN_POINT('',(6.6,-2.3,3.7));
#2165 = B_SPLINE_CURVE_WITH_KNOTS('',1,(#2166,#2167),.UNSPECIFIED.,.F.,
  .F.,(2,2),(0.,1.9),.PIECEWISE_BEZIER_KNOTS.);
#2166 = CARTESIAN_POINT('',(6.6,-2.3,1.8));
#2167 = CARTESIAN_POINT('',(6.6,-2.3,3.7));
#2168 = ORIENTED_EDGE('',*,*,#2169,.T.);
#2169 = EDGE_CURVE('',#2163,#2170,#2172,.T.);
#2170 = VERTEX_POINT('',#2171);
#2171 = CARTESIAN_POINT('',(6.9,-2.3,3.7));
#2172 = B_SPLINE_CURVE_WITH_KNOTS('',1,(#2173,#2174),.UNSPECIFIED.,.F.,
  .F.,(2,2),(0.,0.4),.PIECEWISE_BEZIER_KNOTS.);
#2173 = CARTESIAN_POINT('',(6.6,-2.3,3.7));
#2174 = CARTESIAN_POINT('',(6.9,-2.3,3.7));
#2175 = ORIENTED_EDGE('',*,*,#2176,.F.);
#2176 = EDGE_CURVE('',#2177,#2170,#2179,.T.);
#2177 = VERTEX_POINT('',#2178);
#2178 = CARTESIAN_POINT('',(6.9,-2.3,1.8));
#2179 = B_SPLINE_CURVE_WITH_KNOTS('',1,(#2180,#2181),.UNSPECIFIED.,.F.,
  .F.,(2,2),(0.,1.9),.PIECEWISE_BEZIER_KNOTS.);
#2180 = CARTESIAN_POINT('',(6.9,-2.3,1.8));
#2181 = CARTESIAN_POINT('',(6.9,-2.3,3.7));
#2182 = ORIENTED_EDGE('',*,*,#2183,.T.);
#2183 = EDGE_CURVE('',#2177,#1912,#2184,.T.);
#2184 = B_SPLINE_CURVE_WITH_KNOTS('',1,(#2185,#2186),.UNSPECIFIED.,.F.,
  .F.,(2,2),(10.65,12.9),.PIECEWISE_BEZIER_KNOTS.);
#2185 = CARTESIAN_POINT('',(6.9,-2.3,1.8));
#2186 = CARTESIAN_POINT('',(8.5875,-2.3,1.8));
#2187 = ORIENTED_EDGE('',*,*,#1911,.F.);
#2188 = B_SPLINE_SURFACE_WITH_KNOTS('',1,1,(
    (#2189,#2190)
    ,(#2191,#2192
    )),.UNSPECIFIED.,.F.,.F.,.F.,(2,2),(2,2),(0.,12.9),(-4.2,0.),
  .PIECEWISE_BEZIER_KNOTS.);
#2189 = CARTESIAN_POINT('',(-1.0875,-2.3,1.8));
#2190 = CARTESIAN_POINT('',(-1.0875,-2.3,6.));
#2191 = CARTESIAN_POINT('',(8.5875,-2.3,1.8));
#2192 = CARTESIAN_POINT('',(8.5875,-2.3,6.));
#2193 = ADVANCED_FACE('',(#2194,#2200),#2230,.F.);
#2194 = FACE_BOUND('',#2195,.F.);
#2195 = EDGE_LOOP('',(#2196,#2197,#2198,#2199));
#2196 = ORIENTED_EDGE('',*,*,#1552,.T.);
#2197 = ORIENTED_EDGE('',*,*,#869,.T.);
#2198 = ORIENTED_EDGE('',*,*,#891,.F.);
#2199 = ORIENTED_EDGE('',*,*,#921,.F.);
#2200 = FACE_BOUND('',#2201,.F.);
#2201 = EDGE_LOOP('',(#2202,#2211,#2218,#2225));
#2202 = ORIENTED_EDGE('',*,*,#2203,.F.);
#2203 = EDGE_CURVE('',#2204,#2206,#2208,.T.);
#2204 = VERTEX_POINT('',#2205);
#2205 = CARTESIAN_POINT('',(-0.1875,0.25,0.1));
#2206 = VERTEX_POINT('',#2207);
#2207 = CARTESIAN_POINT('',(-0.1875,-0.25,0.1));
#2208 = B_SPLINE_CURVE_WITH_KNOTS('',1,(#2209,#2210),.UNSPECIFIED.,.F.,
  .F.,(2,2),(2.1633216363E-02,0.521633216363),.PIECEWISE_BEZIER_KNOTS.);
#2209 = CARTESIAN_POINT('',(-0.1875,0.25,0.1));
#2210 = CARTESIAN_POINT('',(-0.1875,-0.25,0.1));
#2211 = ORIENTED_EDGE('',*,*,#2212,.T.);
#2212 = EDGE_CURVE('',#2204,#2213,#2215,.T.);
#2213 = VERTEX_POINT('',#2214);
#2214 = CARTESIAN_POINT('',(0.1875,0.25,0.1));
#2215 = B_SPLINE_CURVE_WITH_KNOTS('',1,(#2216,#2217),.UNSPECIFIED.,.F.,
  .F.,(2,2),(-0.75,-0.25),.PIECEWISE_BEZIER_KNOTS.);
#2216 = CARTESIAN_POINT('',(-0.1875,0.25,0.1));
#2217 = CARTESIAN_POINT('',(0.1875,0.25,0.1));
#2218 = ORIENTED_EDGE('',*,*,#2219,.T.);
#2219 = EDGE_CURVE('',#2213,#2220,#2222,.T.);
#2220 = VERTEX_POINT('',#2221);
#2221 = CARTESIAN_POINT('',(0.1875,-0.25,0.1));
#2222 = B_SPLINE_CURVE_WITH_KNOTS('',1,(#2223,#2224),.UNSPECIFIED.,.F.,
  .F.,(2,2),(2.1633216363E-02,0.521633216363),.PIECEWISE_BEZIER_KNOTS.);
#2223 = CARTESIAN_POINT('',(0.1875,0.25,0.1));
#2224 = CARTESIAN_POINT('',(0.1875,-0.25,0.1));
#2225 = ORIENTED_EDGE('',*,*,#2226,.T.);
#2226 = EDGE_CURVE('',#2220,#2206,#2227,.T.);
#2227 = B_SPLINE_CURVE_WITH_KNOTS('',1,(#2228,#2229),.UNSPECIFIED.,.F.,
  .F.,(2,2),(0.25,0.75),.PIECEWISE_BEZIER_KNOTS.);
#2228 = CARTESIAN_POINT('',(0.1875,-0.25,0.1));
#2229 = CARTESIAN_POINT('',(-0.1875,-0.25,0.1));
#2230 = B_SPLINE_SURFACE_WITH_KNOTS('',1,1,(
    (#2231,#2232)
    ,(#2233,#2234)),.UNSPECIFIED.,.F.,.F.,.F.,(2,2),(2,2),(0.,1.),(-1.5,
    1.224646799147E-16),.PIECEWISE_BEZIER_KNOTS.);
#2231 = CARTESIAN_POINT('',(-0.5625,0.5,0.1));
#2232 = CARTESIAN_POINT('',(0.5625,0.5,0.1));
#2233 = CARTESIAN_POINT('',(-0.5625,-0.5,0.1));
#2234 = CARTESIAN_POINT('',(0.5625,-0.5,0.1));
#2235 = ADVANCED_FACE('',(#2236,#2242),#2272,.F.);
#2236 = FACE_BOUND('',#2237,.F.);
#2237 = EDGE_LOOP('',(#2238,#2239,#2240,#2241));
#2238 = ORIENTED_EDGE('',*,*,#1536,.T.);
#2239 = ORIENTED_EDGE('',*,*,#965,.T.);
#2240 = ORIENTED_EDGE('',*,*,#987,.F.);
#2241 = ORIENTED_EDGE('',*,*,#1017,.F.);
#2242 = FACE_BOUND('',#2243,.F.);
#2243 = EDGE_LOOP('',(#2244,#2253,#2260,#2267));
#2244 = ORIENTED_EDGE('',*,*,#2245,.T.);
#2245 = EDGE_CURVE('',#2246,#2248,#2250,.T.);
#2246 = VERTEX_POINT('',#2247);
#2247 = CARTESIAN_POINT('',(1.3125,0.25,0.1));
#2248 = VERTEX_POINT('',#2249);
#2249 = CARTESIAN_POINT('',(1.6875,0.25,0.1));
#2250 = B_SPLINE_CURVE_WITH_KNOTS('',1,(#2251,#2252),.UNSPECIFIED.,.F.,
  .F.,(2,2),(-0.75,-0.25),.PIECEWISE_BEZIER_KNOTS.);
#2251 = CARTESIAN_POINT('',(1.3125,0.25,0.1));
#2252 = CARTESIAN_POINT('',(1.6875,0.25,0.1));
#2253 = ORIENTED_EDGE('',*,*,#2254,.T.);
#2254 = EDGE_CURVE('',#2248,#2255,#2257,.T.);
#2255 = VERTEX_POINT('',#2256);
#2256 = CARTESIAN_POINT('',(1.6875,-0.25,0.1));
#2257 = B_SPLINE_CURVE_WITH_KNOTS('',1,(#2258,#2259),.UNSPECIFIED.,.F.,
  .F.,(2,2),(0.,0.5),.PIECEWISE_BEZIER_KNOTS.);
#2258 = CARTESIAN_POINT('',(1.6875,0.25,0.1));
#2259 = CARTESIAN_POINT('',(1.6875,-0.25,0.1));
#2260 = ORIENTED_EDGE('',*,*,#2261,.T.);
#2261 = EDGE_CURVE('',#2255,#2262,#2264,.T.);
#2262 = VERTEX_POINT('',#2263);
#2263 = CARTESIAN_POINT('',(1.3125,-0.25,0.1));
#2264 = B_SPLINE_CURVE_WITH_KNOTS('',1,(#2265,#2266),.UNSPECIFIED.,.F.,
  .F.,(2,2),(0.25,0.75),.PIECEWISE_BEZIER_KNOTS.);
#2265 = CARTESIAN_POINT('',(1.6875,-0.25,0.1));
#2266 = CARTESIAN_POINT('',(1.3125,-0.25,0.1));
#2267 = ORIENTED_EDGE('',*,*,#2268,.F.);
#2268 = EDGE_CURVE('',#2246,#2262,#2269,.T.);
#2269 = B_SPLINE_CURVE_WITH_KNOTS('',1,(#2270,#2271),.UNSPECIFIED.,.F.,
  .F.,(2,2),(0.,0.5),.PIECEWISE_BEZIER_KNOTS.);
#2270 = CARTESIAN_POINT('',(1.3125,0.25,0.1));
#2271 = CARTESIAN_POINT('',(1.3125,-0.25,0.1));
#2272 = B_SPLINE_SURFACE_WITH_KNOTS('',1,1,(
    (#2273,#2274)
    ,(#2275,#2276)),.UNSPECIFIED.,.F.,.F.,.F.,(2,2),(2,2),(0.,1.),(-1.5,
    1.224646799147E-16),.PIECEWISE_BEZIER_KNOTS.);
#2273 = CARTESIAN_POINT('',(0.9375,0.5,0.1));
#2274 = CARTESIAN_POINT('',(2.0625,0.5,0.1));
#2275 = CARTESIAN_POINT('',(0.9375,-0.5,0.1));
#2276 = CARTESIAN_POINT('',(2.0625,-0.5,0.1));
#2277 = ADVANCED_FACE('',(#2278,#2284),#2314,.F.);
#2278 = FACE_BOUND('',#2279,.F.);
#2279 = EDGE_LOOP('',(#2280,#2281,#2282,#2283));
#2280 = ORIENTED_EDGE('',*,*,#1520,.T.);
#2281 = ORIENTED_EDGE('',*,*,#1061,.T.);
#2282 = ORIENTED_EDGE('',*,*,#1083,.F.);
#2283 = ORIENTED_EDGE('',*,*,#1113,.F.);
#2284 = FACE_BOUND('',#2285,.F.);
#2285 = EDGE_LOOP('',(#2286,#2295,#2302,#2309));
#2286 = ORIENTED_EDGE('',*,*,#2287,.T.);
#2287 = EDGE_CURVE('',#2288,#2290,#2292,.T.);
#2288 = VERTEX_POINT('',#2289);
#2289 = CARTESIAN_POINT('',(2.8125,0.25,0.1));
#2290 = VERTEX_POINT('',#2291);
#2291 = CARTESIAN_POINT('',(3.1875,0.25,0.1));
#2292 = B_SPLINE_CURVE_WITH_KNOTS('',1,(#2293,#2294),.UNSPECIFIED.,.F.,
  .F.,(2,2),(-0.75,-0.25),.PIECEWISE_BEZIER_KNOTS.);
#2293 = CARTESIAN_POINT('',(2.8125,0.25,0.1));
#2294 = CARTESIAN_POINT('',(3.1875,0.25,0.1));
#2295 = ORIENTED_EDGE('',*,*,#2296,.T.);
#2296 = EDGE_CURVE('',#2290,#2297,#2299,.T.);
#2297 = VERTEX_POINT('',#2298);
#2298 = CARTESIAN_POINT('',(3.1875,-0.25,0.1));
#2299 = B_SPLINE_CURVE_WITH_KNOTS('',1,(#2300,#2301),.UNSPECIFIED.,.F.,
  .F.,(2,2),(0.,0.5),.PIECEWISE_BEZIER_KNOTS.);
#2300 = CARTESIAN_POINT('',(3.1875,0.25,0.1));
#2301 = CARTESIAN_POINT('',(3.1875,-0.25,0.1));
#2302 = ORIENTED_EDGE('',*,*,#2303,.T.);
#2303 = EDGE_CURVE('',#2297,#2304,#2306,.T.);
#2304 = VERTEX_POINT('',#2305);
#2305 = CARTESIAN_POINT('',(2.8125,-0.25,0.1));
#2306 = B_SPLINE_CURVE_WITH_KNOTS('',1,(#2307,#2308),.UNSPECIFIED.,.F.,
  .F.,(2,2),(0.25,0.75),.PIECEWISE_BEZIER_KNOTS.);
#2307 = CARTESIAN_POINT('',(3.1875,-0.25,0.1));
#2308 = CARTESIAN_POINT('',(2.8125,-0.25,0.1));
#2309 = ORIENTED_EDGE('',*,*,#2310,.F.);
#2310 = EDGE_CURVE('',#2288,#2304,#2311,.T.);
#2311 = B_SPLINE_CURVE_WITH_KNOTS('',1,(#2312,#2313),.UNSPECIFIED.,.F.,
  .F.,(2,2),(0.,0.5),.PIECEWISE_BEZIER_KNOTS.);
#2312 = CARTESIAN_POINT('',(2.8125,0.25,0.1));
#2313 = CARTESIAN_POINT('',(2.8125,-0.25,0.1));
#2314 = B_SPLINE_SURFACE_WITH_KNOTS('',1,1,(
    (#2315,#2316)
    ,(#2317,#2318)),.UNSPECIFIED.,.F.,.F.,.F.,(2,2),(2,2),(0.,1.),(-1.5,
    1.224646799147E-16),.PIECEWISE_BEZIER_KNOTS.);
#2315 = CARTESIAN_POINT('',(2.4375,0.5,0.1));
#2316 = CARTESIAN_POINT('',(3.5625,0.5,0.1));
#2317 = CARTESIAN_POINT('',(2.4375,-0.5,0.1));
#2318 = CARTESIAN_POINT('',(3.5625,-0.5,0.1));
#2319 = ADVANCED_FACE('',(#2320,#2326),#2356,.F.);
#2320 = FACE_BOUND('',#2321,.F.);
#2321 = EDGE_LOOP('',(#2322,#2323,#2324,#2325));
#2322 = ORIENTED_EDGE('',*,*,#1504,.T.);
#2323 = ORIENTED_EDGE('',*,*,#1157,.T.);
#2324 = ORIENTED_EDGE('',*,*,#1179,.F.);
#2325 = ORIENTED_EDGE('',*,*,#1209,.F.);
#2326 = FACE_BOUND('',#2327,.F.);
#2327 = EDGE_LOOP('',(#2328,#2337,#2344,#2351));
#2328 = ORIENTED_EDGE('',*,*,#2329,.T.);
#2329 = EDGE_CURVE('',#2330,#2332,#2334,.T.);
#2330 = VERTEX_POINT('',#2331);
#2331 = CARTESIAN_POINT('',(4.3125,0.25,0.1));
#2332 = VERTEX_POINT('',#2333);
#2333 = CARTESIAN_POINT('',(4.6875,0.25,0.1));
#2334 = B_SPLINE_CURVE_WITH_KNOTS('',1,(#2335,#2336),.UNSPECIFIED.,.F.,
  .F.,(2,2),(-0.75,-0.25),.PIECEWISE_BEZIER_KNOTS.);
#2335 = CARTESIAN_POINT('',(4.3125,0.25,0.1));
#2336 = CARTESIAN_POINT('',(4.6875,0.25,0.1));
#2337 = ORIENTED_EDGE('',*,*,#2338,.T.);
#2338 = EDGE_CURVE('',#2332,#2339,#2341,.T.);
#2339 = VERTEX_POINT('',#2340);
#2340 = CARTESIAN_POINT('',(4.6875,-0.25,0.1));
#2341 = B_SPLINE_CURVE_WITH_KNOTS('',1,(#2342,#2343),.UNSPECIFIED.,.F.,
  .F.,(2,2),(0.,0.5),.PIECEWISE_BEZIER_KNOTS.);
#2342 = CARTESIAN_POINT('',(4.6875,0.25,0.1));
#2343 = CARTESIAN_POINT('',(4.6875,-0.25,0.1));
#2344 = ORIENTED_EDGE('',*,*,#2345,.T.);
#2345 = EDGE_CURVE('',#2339,#2346,#2348,.T.);
#2346 = VERTEX_POINT('',#2347);
#2347 = CARTESIAN_POINT('',(4.3125,-0.25,0.1));
#2348 = B_SPLINE_CURVE_WITH_KNOTS('',1,(#2349,#2350),.UNSPECIFIED.,.F.,
  .F.,(2,2),(0.25,0.75),.PIECEWISE_BEZIER_KNOTS.);
#2349 = CARTESIAN_POINT('',(4.6875,-0.25,0.1));
#2350 = CARTESIAN_POINT('',(4.3125,-0.25,0.1));
#2351 = ORIENTED_EDGE('',*,*,#2352,.F.);
#2352 = EDGE_CURVE('',#2330,#2346,#2353,.T.);
#2353 = B_SPLINE_CURVE_WITH_KNOTS('',1,(#2354,#2355),.UNSPECIFIED.,.F.,
  .F.,(2,2),(0.,0.5),.PIECEWISE_BEZIER_KNOTS.);
#2354 = CARTESIAN_POINT('',(4.3125,0.25,0.1));
#2355 = CARTESIAN_POINT('',(4.3125,-0.25,0.1));
#2356 = B_SPLINE_SURFACE_WITH_KNOTS('',1,1,(
    (#2357,#2358)
    ,(#2359,#2360)),.UNSPECIFIED.,.F.,.F.,.F.,(2,2),(2,2),(0.,1.),(-1.5,
    1.224646799147E-16),.PIECEWISE_BEZIER_KNOTS.);
#2357 = CARTESIAN_POINT('',(3.9375,0.5,0.1));
#2358 = CARTESIAN_POINT('',(5.0625,0.5,0.1));
#2359 = CARTESIAN_POINT('',(3.9375,-0.5,0.1));
#2360 = CARTESIAN_POINT('',(5.0625,-0.5,0.1));
#2361 = ADVANCED_FACE('',(#2362,#2368),#2398,.F.);
#2362 = FACE_BOUND('',#2363,.F.);
#2363 = EDGE_LOOP('',(#2364,#2365,#2366,#2367));
#2364 = ORIENTED_EDGE('',*,*,#1488,.T.);
#2365 = ORIENTED_EDGE('',*,*,#1253,.T.);
#2366 = ORIENTED_EDGE('',*,*,#1275,.F.);
#2367 = ORIENTED_EDGE('',*,*,#1305,.F.);
#2368 = FACE_BOUND('',#2369,.F.);
#2369 = EDGE_LOOP('',(#2370,#2379,#2386,#2393));
#2370 = ORIENTED_EDGE('',*,*,#2371,.F.);
#2371 = EDGE_CURVE('',#2372,#2374,#2376,.T.);
#2372 = VERTEX_POINT('',#2373);
#2373 = CARTESIAN_POINT('',(5.8125,0.25,0.1));
#2374 = VERTEX_POINT('',#2375);
#2375 = CARTESIAN_POINT('',(5.8125,-0.25,0.1));
#2376 = B_SPLINE_CURVE_WITH_KNOTS('',1,(#2377,#2378),.UNSPECIFIED.,.F.,
  .F.,(2,2),(0.,0.5),.PIECEWISE_BEZIER_KNOTS.);
#2377 = CARTESIAN_POINT('',(5.8125,0.25,0.1));
#2378 = CARTESIAN_POINT('',(5.8125,-0.25,0.1));
#2379 = ORIENTED_EDGE('',*,*,#2380,.T.);
#2380 = EDGE_CURVE('',#2372,#2381,#2383,.T.);
#2381 = VERTEX_POINT('',#2382);
#2382 = CARTESIAN_POINT('',(6.1875,0.25,0.1));
#2383 = B_SPLINE_CURVE_WITH_KNOTS('',1,(#2384,#2385),.UNSPECIFIED.,.F.,
  .F.,(2,2),(-0.75,-0.25),.PIECEWISE_BEZIER_KNOTS.);
#2384 = CARTESIAN_POINT('',(5.8125,0.25,0.1));
#2385 = CARTESIAN_POINT('',(6.1875,0.25,0.1));
#2386 = ORIENTED_EDGE('',*,*,#2387,.T.);
#2387 = EDGE_CURVE('',#2381,#2388,#2390,.T.);
#2388 = VERTEX_POINT('',#2389);
#2389 = CARTESIAN_POINT('',(6.1875,-0.25,0.1));
#2390 = B_SPLINE_CURVE_WITH_KNOTS('',1,(#2391,#2392),.UNSPECIFIED.,.F.,
  .F.,(2,2),(0.,0.5),.PIECEWISE_BEZIER_KNOTS.);
#2391 = CARTESIAN_POINT('',(6.1875,0.25,0.1));
#2392 = CARTESIAN_POINT('',(6.1875,-0.25,0.1));
#2393 = ORIENTED_EDGE('',*,*,#2394,.T.);
#2394 = EDGE_CURVE('',#2388,#2374,#2395,.T.);
#2395 = B_SPLINE_CURVE_WITH_KNOTS('',1,(#2396,#2397),.UNSPECIFIED.,.F.,
  .F.,(2,2),(0.25,0.75),.PIECEWISE_BEZIER_KNOTS.);
#2396 = CARTESIAN_POINT('',(6.1875,-0.25,0.1));
#2397 = CARTESIAN_POINT('',(5.8125,-0.25,0.1));
#2398 = B_SPLINE_SURFACE_WITH_KNOTS('',1,1,(
    (#2399,#2400)
    ,(#2401,#2402)),.UNSPECIFIED.,.F.,.F.,.F.,(2,2),(2,2),(0.,1.),(-1.5,
    1.224646799147E-16),.PIECEWISE_BEZIER_KNOTS.);
#2399 = CARTESIAN_POINT('',(5.4375,0.5,0.1));
#2400 = CARTESIAN_POINT('',(6.5625,0.5,0.1));
#2401 = CARTESIAN_POINT('',(5.4375,-0.5,0.1));
#2402 = CARTESIAN_POINT('',(6.5625,-0.5,0.1));
#2403 = ADVANCED_FACE('',(#2404),#2414,.F.);
#2404 = FACE_BOUND('',#2405,.F.);
#2405 = EDGE_LOOP('',(#2406,#2407,#2408,#2413));
#2406 = ORIENTED_EDGE('',*,*,#1987,.T.);
#2407 = ORIENTED_EDGE('',*,*,#1403,.T.);
#2408 = ORIENTED_EDGE('',*,*,#2409,.F.);
#2409 = EDGE_CURVE('',#2019,#1397,#2410,.T.);
#2410 = B_SPLINE_CURVE_WITH_KNOTS('',1,(#2411,#2412),.UNSPECIFIED.,.F.,
  .F.,(2,2),(13.4,13.9),.PIECEWISE_BEZIER_KNOTS.);
#2411 = CARTESIAN_POINT('',(-1.0875,0.2,4.4));
#2412 = CARTESIAN_POINT('',(-1.4625,0.2,4.4));
#2413 = ORIENTED_EDGE('',*,*,#2018,.F.);
#2414 = ( BOUNDED_SURFACE() B_SPLINE_SURFACE(2,1,(
    (#2415,#2416)
    ,(#2417,#2418)
    ,(#2419,#2420)
    ,(#2421,#2422)
    ,(#2423,#2424
)),.UNSPECIFIED.,.F.,.F.,.F.) B_SPLINE_SURFACE_WITH_KNOTS((3,2,3),(2,2),
  (3.14159265359,4.712388980385,6.28318530718),(-13.9,-13.4),
.PIECEWISE_BEZIER_KNOTS.) GEOMETRIC_REPRESENTATION_ITEM() 
RATIONAL_B_SPLINE_SURFACE((
    (1.,1.)
    ,(0.707106781187,0.707106781187)
    ,(1.,1.)
    ,(0.707106781187,0.707106781187)
,(1.,1.))) REPRESENTATION_ITEM('') SURFACE() );
#2415 = CARTESIAN_POINT('',(-1.4625,-0.6,4.4));
#2416 = CARTESIAN_POINT('',(-1.0875,-0.6,4.4));
#2417 = CARTESIAN_POINT('',(-1.4625,-0.6,4.));
#2418 = CARTESIAN_POINT('',(-1.0875,-0.6,4.));
#2419 = CARTESIAN_POINT('',(-1.4625,-0.2,4.));
#2420 = CARTESIAN_POINT('',(-1.0875,-0.2,4.));
#2421 = CARTESIAN_POINT('',(-1.4625,0.2,4.));
#2422 = CARTESIAN_POINT('',(-1.0875,0.2,4.));
#2423 = CARTESIAN_POINT('',(-1.4625,0.2,4.4));
#2424 = CARTESIAN_POINT('',(-1.0875,0.2,4.4));
#2425 = ADVANCED_FACE('',(#2426),#2432,.T.);
#2426 = FACE_BOUND('',#2427,.T.);
#2427 = EDGE_LOOP('',(#2428,#2429,#2430,#2431));
#2428 = ORIENTED_EDGE('',*,*,#2028,.T.);
#2429 = ORIENTED_EDGE('',*,*,#1595,.T.);
#2430 = ORIENTED_EDGE('',*,*,#1396,.T.);
#2431 = ORIENTED_EDGE('',*,*,#2409,.F.);
#2432 = B_SPLINE_SURFACE_WITH_KNOTS('',1,1,(
    (#2433,#2434)
    ,(#2435,#2436
    )),.UNSPECIFIED.,.F.,.F.,.F.,(2,2),(2,2),(0.,1.6),(-13.9,-13.4),
  .PIECEWISE_BEZIER_KNOTS.);
#2433 = CARTESIAN_POINT('',(-1.4625,0.2,6.));
#2434 = CARTESIAN_POINT('',(-1.0875,0.2,6.));
#2435 = CARTESIAN_POINT('',(-1.4625,0.2,4.4));
#2436 = CARTESIAN_POINT('',(-1.0875,0.2,4.4));
#2437 = ADVANCED_FACE('',(#2438),#2460,.F.);
#2438 = FACE_BOUND('',#2439,.F.);
#2439 = EDGE_LOOP('',(#2440,#2447,#2448,#2455));
#2440 = ORIENTED_EDGE('',*,*,#2441,.F.);
#2441 = EDGE_CURVE('',#1453,#2442,#2444,.T.);
#2442 = VERTEX_POINT('',#2443);
#2443 = CARTESIAN_POINT('',(7.6875,0.25,-0.9));
#2444 = B_SPLINE_CURVE_WITH_KNOTS('',1,(#2445,#2446),.UNSPECIFIED.,.F.,
  .F.,(2,2),(4.9,5.9),.PIECEWISE_BEZIER_KNOTS.);
#2445 = CARTESIAN_POINT('',(7.6875,0.25,1.E-01));
#2446 = CARTESIAN_POINT('',(7.6875,0.25,-0.9));
#2447 = ORIENTED_EDGE('',*,*,#1450,.F.);
#2448 = ORIENTED_EDGE('',*,*,#2449,.T.);
#2449 = EDGE_CURVE('',#1451,#2450,#2452,.T.);
#2450 = VERTEX_POINT('',#2451);
#2451 = CARTESIAN_POINT('',(7.3125,0.25,-0.9));
#2452 = B_SPLINE_CURVE_WITH_KNOTS('',1,(#2453,#2454),.UNSPECIFIED.,.F.,
  .F.,(2,2),(4.9,5.9),.PIECEWISE_BEZIER_KNOTS.);
#2453 = CARTESIAN_POINT('',(7.3125,0.25,1.E-01));
#2454 = CARTESIAN_POINT('',(7.3125,0.25,-0.9));
#2455 = ORIENTED_EDGE('',*,*,#2456,.F.);
#2456 = EDGE_CURVE('',#2442,#2450,#2457,.T.);
#2457 = B_SPLINE_CURVE_WITH_KNOTS('',1,(#2458,#2459),.UNSPECIFIED.,.F.,
  .F.,(2,2),(0.,0.5),.PIECEWISE_BEZIER_KNOTS.);
#2458 = CARTESIAN_POINT('',(7.6875,0.25,-0.9));
#2459 = CARTESIAN_POINT('',(7.3125,0.25,-0.9));
#2460 = B_SPLINE_SURFACE_WITH_KNOTS('',1,1,(
    (#2461,#2462)
    ,(#2463,#2464
    )),.UNSPECIFIED.,.F.,.F.,.F.,(2,2),(2,2),(4.9,5.9),(-0.5,0.),
  .PIECEWISE_BEZIER_KNOTS.);
#2461 = CARTESIAN_POINT('',(7.3125,0.25,1.E-01));
#2462 = CARTESIAN_POINT('',(7.6875,0.25,1.E-01));
#2463 = CARTESIAN_POINT('',(7.3125,0.25,-0.9));
#2464 = CARTESIAN_POINT('',(7.6875,0.25,-0.9));
#2465 = ADVANCED_FACE('',(#2466),#2510,.T.);
#2466 = FACE_BOUND('',#2467,.T.);
#2467 = EDGE_LOOP('',(#2468,#2477,#2484,#2491,#2496,#2497,#2498,#2505));
#2468 = ORIENTED_EDGE('',*,*,#2469,.T.);
#2469 = EDGE_CURVE('',#2470,#2472,#2474,.T.);
#2470 = VERTEX_POINT('',#2471);
#2471 = CARTESIAN_POINT('',(7.3125,0.281578947368,-3.2));
#2472 = VERTEX_POINT('',#2473);
#2473 = CARTESIAN_POINT('',(7.3125,-0.218421052632,-3.2));
#2474 = B_SPLINE_CURVE_WITH_KNOTS('',1,(#2475,#2476),.UNSPECIFIED.,.F.,
  .F.,(2,2),(-3.1578947368E-02,0.468421052632),
  .PIECEWISE_BEZIER_KNOTS.);
#2475 = CARTESIAN_POINT('',(7.3125,0.281578947368,-3.2));
#2476 = CARTESIAN_POINT('',(7.3125,-0.218421052632,-3.2));
#2477 = ORIENTED_EDGE('',*,*,#2478,.T.);
#2478 = EDGE_CURVE('',#2472,#2479,#2481,.T.);
#2479 = VERTEX_POINT('',#2480);
#2480 = CARTESIAN_POINT('',(7.3125,5.E-02,-1.5));
#2481 = B_SPLINE_CURVE_WITH_KNOTS('',1,(#2482,#2483),.UNSPECIFIED.,.F.,
  .F.,(2,2),(0.202477726965,1.923538406167),.PIECEWISE_BEZIER_KNOTS.);
#2482 = CARTESIAN_POINT('',(7.3125,-0.218421052632,-3.2));
#2483 = CARTESIAN_POINT('',(7.3125,5.E-02,-1.5));
#2484 = ORIENTED_EDGE('',*,*,#2485,.T.);
#2485 = EDGE_CURVE('',#2479,#2486,#2488,.T.);
#2486 = VERTEX_POINT('',#2487);
#2487 = CARTESIAN_POINT('',(7.3125,-0.25,-0.9));
#2488 = B_SPLINE_CURVE_WITH_KNOTS('',1,(#2489,#2490),.UNSPECIFIED.,.F.,
  .F.,(2,2),(0.,0.67082039325),.PIECEWISE_BEZIER_KNOTS.);
#2489 = CARTESIAN_POINT('',(7.3125,5.E-02,-1.5));
#2490 = CARTESIAN_POINT('',(7.3125,-0.25,-0.9));
#2491 = ORIENTED_EDGE('',*,*,#2492,.T.);
#2492 = EDGE_CURVE('',#2486,#1467,#2493,.T.);
#2493 = B_SPLINE_CURVE_WITH_KNOTS('',1,(#2494,#2495),.UNSPECIFIED.,.F.,
  .F.,(2,2),(0.,1.),.PIECEWISE_BEZIER_KNOTS.);
#2494 = CARTESIAN_POINT('',(7.3125,-0.25,-0.9));
#2495 = CARTESIAN_POINT('',(7.3125,-0.25,1.E-01));
#2496 = ORIENTED_EDGE('',*,*,#1473,.F.);
#2497 = ORIENTED_EDGE('',*,*,#2449,.T.);
#2498 = ORIENTED_EDGE('',*,*,#2499,.T.);
#2499 = EDGE_CURVE('',#2450,#2500,#2502,.T.);
#2500 = VERTEX_POINT('',#2501);
#2501 = CARTESIAN_POINT('',(7.3125,0.55,-1.5));
#2502 = B_SPLINE_CURVE_WITH_KNOTS('',1,(#2503,#2504),.UNSPECIFIED.,.F.,
  .F.,(2,2),(0.,0.67082039325),.PIECEWISE_BEZIER_KNOTS.);
#2503 = CARTESIAN_POINT('',(7.3125,0.25,-0.9));
#2504 = CARTESIAN_POINT('',(7.3125,0.55,-1.5));
#2505 = ORIENTED_EDGE('',*,*,#2506,.T.);
#2506 = EDGE_CURVE('',#2500,#2470,#2507,.T.);
#2507 = B_SPLINE_CURVE_WITH_KNOTS('',1,(#2508,#2509),.UNSPECIFIED.,.F.,
  .F.,(2,2),(-0.,1.721060679202),.PIECEWISE_BEZIER_KNOTS.);
#2508 = CARTESIAN_POINT('',(7.3125,0.55,-1.5));
#2509 = CARTESIAN_POINT('',(7.3125,0.281578947368,-3.2));
#2510 = B_SPLINE_SURFACE_WITH_KNOTS('',1,1,(
    (#2511,#2512)
    ,(#2513,#2514
    )),.UNSPECIFIED.,.F.,.F.,.F.,(2,2),(2,2),(-3.975746953017,
    -0.675746953017),(-0.293266432726,0.506733567274),
  .PIECEWISE_BEZIER_KNOTS.);
#2511 = CARTESIAN_POINT('',(7.3125,-0.25,-3.2));
#2512 = CARTESIAN_POINT('',(7.3125,0.55,-3.2));
#2513 = CARTESIAN_POINT('',(7.3125,-0.25,1.E-01));
#2514 = CARTESIAN_POINT('',(7.3125,0.55,1.E-01));
#2515 = ADVANCED_FACE('',(#2516),#2532,.F.);
#2516 = FACE_BOUND('',#2517,.F.);
#2517 = EDGE_LOOP('',(#2518,#2525,#2530,#2531));
#2518 = ORIENTED_EDGE('',*,*,#2519,.F.);
#2519 = EDGE_CURVE('',#2520,#1460,#2522,.T.);
#2520 = VERTEX_POINT('',#2521);
#2521 = CARTESIAN_POINT('',(7.6875,-0.25,-0.9));
#2522 = B_SPLINE_CURVE_WITH_KNOTS('',1,(#2523,#2524),.UNSPECIFIED.,.F.,
  .F.,(2,2),(0.,1.),.PIECEWISE_BEZIER_KNOTS.);
#2523 = CARTESIAN_POINT('',(7.6875,-0.25,-0.9));
#2524 = CARTESIAN_POINT('',(7.6875,-0.25,1.E-01));
#2525 = ORIENTED_EDGE('',*,*,#2526,.T.);
#2526 = EDGE_CURVE('',#2520,#2486,#2527,.T.);
#2527 = B_SPLINE_CURVE_WITH_KNOTS('',1,(#2528,#2529),.UNSPECIFIED.,.F.,
  .F.,(2,2),(0.,0.5),.PIECEWISE_BEZIER_KNOTS.);
#2528 = CARTESIAN_POINT('',(7.6875,-0.25,-0.9));
#2529 = CARTESIAN_POINT('',(7.3125,-0.25,-0.9));
#2530 = ORIENTED_EDGE('',*,*,#2492,.T.);
#2531 = ORIENTED_EDGE('',*,*,#1466,.F.);
#2532 = B_SPLINE_SURFACE_WITH_KNOTS('',1,1,(
    (#2533,#2534)
    ,(#2535,#2536
    )),.UNSPECIFIED.,.F.,.F.,.F.,(2,2),(2,2),(0.,1.),(-0.5,0.),
  .PIECEWISE_BEZIER_KNOTS.);
#2533 = CARTESIAN_POINT('',(7.3125,-0.25,-0.9));
#2534 = CARTESIAN_POINT('',(7.6875,-0.25,-0.9));
#2535 = CARTESIAN_POINT('',(7.3125,-0.25,1.E-01));
#2536 = CARTESIAN_POINT('',(7.6875,-0.25,1.E-01));
#2537 = ADVANCED_FACE('',(#2538),#2576,.F.);
#2538 = FACE_BOUND('',#2539,.F.);
#2539 = EDGE_LOOP('',(#2540,#2549,#2556,#2561,#2562,#2563,#2564,#2571));
#2540 = ORIENTED_EDGE('',*,*,#2541,.T.);
#2541 = EDGE_CURVE('',#2542,#2544,#2546,.T.);
#2542 = VERTEX_POINT('',#2543);
#2543 = CARTESIAN_POINT('',(7.6875,0.281578947368,-3.2));
#2544 = VERTEX_POINT('',#2545);
#2545 = CARTESIAN_POINT('',(7.6875,-0.218421052632,-3.2));
#2546 = B_SPLINE_CURVE_WITH_KNOTS('',1,(#2547,#2548),.UNSPECIFIED.,.F.,
  .F.,(2,2),(-3.1578947368E-02,0.468421052632),
  .PIECEWISE_BEZIER_KNOTS.);
#2547 = CARTESIAN_POINT('',(7.6875,0.281578947368,-3.2));
#2548 = CARTESIAN_POINT('',(7.6875,-0.218421052632,-3.2));
#2549 = ORIENTED_EDGE('',*,*,#2550,.T.);
#2550 = EDGE_CURVE('',#2544,#2551,#2553,.T.);
#2551 = VERTEX_POINT('',#2552);
#2552 = CARTESIAN_POINT('',(7.6875,5.E-02,-1.5));
#2553 = B_SPLINE_CURVE_WITH_KNOTS('',1,(#2554,#2555),.UNSPECIFIED.,.F.,
  .F.,(2,2),(0.202477726965,1.923538406167),.PIECEWISE_BEZIER_KNOTS.);
#2554 = CARTESIAN_POINT('',(7.6875,-0.218421052632,-3.2));
#2555 = CARTESIAN_POINT('',(7.6875,5.E-02,-1.5));
#2556 = ORIENTED_EDGE('',*,*,#2557,.T.);
#2557 = EDGE_CURVE('',#2551,#2520,#2558,.T.);
#2558 = B_SPLINE_CURVE_WITH_KNOTS('',1,(#2559,#2560),.UNSPECIFIED.,.F.,
  .F.,(2,2),(0.,0.67082039325),.PIECEWISE_BEZIER_KNOTS.);
#2559 = CARTESIAN_POINT('',(7.6875,5.E-02,-1.5));
#2560 = CARTESIAN_POINT('',(7.6875,-0.25,-0.9));
#2561 = ORIENTED_EDGE('',*,*,#2519,.T.);
#2562 = ORIENTED_EDGE('',*,*,#1459,.F.);
#2563 = ORIENTED_EDGE('',*,*,#2441,.T.);
#2564 = ORIENTED_EDGE('',*,*,#2565,.T.);
#2565 = EDGE_CURVE('',#2442,#2566,#2568,.T.);
#2566 = VERTEX_POINT('',#2567);
#2567 = CARTESIAN_POINT('',(7.6875,0.55,-1.5));
#2568 = B_SPLINE_CURVE_WITH_KNOTS('',1,(#2569,#2570),.UNSPECIFIED.,.F.,
  .F.,(2,2),(0.,0.67082039325),.PIECEWISE_BEZIER_KNOTS.);
#2569 = CARTESIAN_POINT('',(7.6875,0.25,-0.9));
#2570 = CARTESIAN_POINT('',(7.6875,0.55,-1.5));
#2571 = ORIENTED_EDGE('',*,*,#2572,.T.);
#2572 = EDGE_CURVE('',#2566,#2542,#2573,.T.);
#2573 = B_SPLINE_CURVE_WITH_KNOTS('',1,(#2574,#2575),.UNSPECIFIED.,.F.,
  .F.,(2,2),(-0.,1.721060679202),.PIECEWISE_BEZIER_KNOTS.);
#2574 = CARTESIAN_POINT('',(7.6875,0.55,-1.5));
#2575 = CARTESIAN_POINT('',(7.6875,0.281578947368,-3.2));
#2576 = B_SPLINE_SURFACE_WITH_KNOTS('',1,1,(
    (#2577,#2578)
    ,(#2579,#2580
    )),.UNSPECIFIED.,.F.,.F.,.F.,(2,2),(2,2),(-3.975746953017,
    -0.675746953017),(-0.293266432726,0.506733567274),
  .PIECEWISE_BEZIER_KNOTS.);
#2577 = CARTESIAN_POINT('',(7.6875,-0.25,-3.2));
#2578 = CARTESIAN_POINT('',(7.6875,0.55,-3.2));
#2579 = CARTESIAN_POINT('',(7.6875,-0.25,1.E-01));
#2580 = CARTESIAN_POINT('',(7.6875,0.55,1.E-01));
#2581 = ADVANCED_FACE('',(#2582),#2588,.F.);
#2582 = FACE_BOUND('',#2583,.F.);
#2583 = EDGE_LOOP('',(#2584,#2585,#2586,#2587));
#2584 = ORIENTED_EDGE('',*,*,#1748,.T.);
#2585 = ORIENTED_EDGE('',*,*,#1581,.T.);
#2586 = ORIENTED_EDGE('',*,*,#1622,.F.);
#2587 = ORIENTED_EDGE('',*,*,#1666,.F.);
#2588 = B_SPLINE_SURFACE_WITH_KNOTS('',1,1,(
    (#2589,#2590)
    ,(#2591,#2592
    )),.UNSPECIFIED.,.F.,.F.,.F.,(2,2),(2,2),(0.,0.5),(-1.8,0.),
  .PIECEWISE_BEZIER_KNOTS.);
#2589 = CARTESIAN_POINT('',(-0.3375,1.75,6.));
#2590 = CARTESIAN_POINT('',(-0.3375,1.75,4.2));
#2591 = CARTESIAN_POINT('',(-0.7125,1.75,6.));
#2592 = CARTESIAN_POINT('',(-0.7125,1.75,4.2));
#2593 = ADVANCED_FACE('',(#2594,#2700,#2730,#2760,#2790,#2820,#2850),
  #2880,.T.);
#2594 = FACE_BOUND('',#2595,.T.);
#2595 = EDGE_LOOP('',(#2596,#2603,#2604,#2605,#2606,#2607,#2608,#2615,
    #2622,#2627,#2628,#2635,#2642,#2647,#2648,#2655,#2662,#2667,#2668,
    #2675,#2682,#2687,#2688,#2695));
#2596 = ORIENTED_EDGE('',*,*,#2597,.F.);
#2597 = EDGE_CURVE('',#2177,#2598,#2600,.T.);
#2598 = VERTEX_POINT('',#2599);
#2599 = CARTESIAN_POINT('',(6.9,-2.,1.8));
#2600 = B_SPLINE_CURVE_WITH_KNOTS('',1,(#2601,#2602),.UNSPECIFIED.,.F.,
  .F.,(2,2),(0.,0.3),.PIECEWISE_BEZIER_KNOTS.);
#2601 = CARTESIAN_POINT('',(6.9,-2.3,1.8));
#2602 = CARTESIAN_POINT('',(6.9,-2.,1.8));
#2603 = ORIENTED_EDGE('',*,*,#2183,.T.);
#2604 = ORIENTED_EDGE('',*,*,#1918,.T.);
#2605 = ORIENTED_EDGE('',*,*,#1944,.T.);
#2606 = ORIENTED_EDGE('',*,*,#2004,.T.);
#2607 = ORIENTED_EDGE('',*,*,#2043,.T.);
#2608 = ORIENTED_EDGE('',*,*,#2609,.F.);
#2609 = EDGE_CURVE('',#2610,#2044,#2612,.T.);
#2610 = VERTEX_POINT('',#2611);
#2611 = CARTESIAN_POINT('',(0.6,-2.,1.8));
#2612 = B_SPLINE_CURVE_WITH_KNOTS('',1,(#2613,#2614),.UNSPECIFIED.,.F.,
  .F.,(2,2),(0.,0.3),.PIECEWISE_BEZIER_KNOTS.);
#2613 = CARTESIAN_POINT('',(0.6,-2.,1.8));
#2614 = CARTESIAN_POINT('',(0.6,-2.3,1.8));
#2615 = ORIENTED_EDGE('',*,*,#2616,.F.);
#2616 = EDGE_CURVE('',#2617,#2610,#2619,.T.);
#2617 = VERTEX_POINT('',#2618);
#2618 = CARTESIAN_POINT('',(0.9,-2.,1.8));
#2619 = B_SPLINE_CURVE_WITH_KNOTS('',1,(#2620,#2621),.UNSPECIFIED.,.F.,
  .F.,(2,2),(0.,0.4),.PIECEWISE_BEZIER_KNOTS.);
#2620 = CARTESIAN_POINT('',(0.9,-2.,1.8));
#2621 = CARTESIAN_POINT('',(0.6,-2.,1.8));
#2622 = ORIENTED_EDGE('',*,*,#2623,.F.);
#2623 = EDGE_CURVE('',#2065,#2617,#2624,.T.);
#2624 = B_SPLINE_CURVE_WITH_KNOTS('',1,(#2625,#2626),.UNSPECIFIED.,.F.,
  .F.,(2,2),(0.,0.3),.PIECEWISE_BEZIER_KNOTS.);
#2625 = CARTESIAN_POINT('',(0.9,-2.3,1.8));
#2626 = CARTESIAN_POINT('',(0.9,-2.,1.8));
#2627 = ORIENTED_EDGE('',*,*,#2071,.T.);
#2628 = ORIENTED_EDGE('',*,*,#2629,.F.);
#2629 = EDGE_CURVE('',#2630,#2072,#2632,.T.);
#2630 = VERTEX_POINT('',#2631);
#2631 = CARTESIAN_POINT('',(2.1,-2.,1.8));
#2632 = B_SPLINE_CURVE_WITH_KNOTS('',1,(#2633,#2634),.UNSPECIFIED.,.F.,
  .F.,(2,2),(0.,0.3),.PIECEWISE_BEZIER_KNOTS.);
#2633 = CARTESIAN_POINT('',(2.1,-2.,1.8));
#2634 = CARTESIAN_POINT('',(2.1,-2.3,1.8));
#2635 = ORIENTED_EDGE('',*,*,#2636,.F.);
#2636 = EDGE_CURVE('',#2637,#2630,#2639,.T.);
#2637 = VERTEX_POINT('',#2638);
#2638 = CARTESIAN_POINT('',(2.4,-2.,1.8));
#2639 = B_SPLINE_CURVE_WITH_KNOTS('',1,(#2640,#2641),.UNSPECIFIED.,.F.,
  .F.,(2,2),(0.,0.4),.PIECEWISE_BEZIER_KNOTS.);
#2640 = CARTESIAN_POINT('',(2.4,-2.,1.8));
#2641 = CARTESIAN_POINT('',(2.1,-2.,1.8));
#2642 = ORIENTED_EDGE('',*,*,#2643,.F.);
#2643 = EDGE_CURVE('',#2093,#2637,#2644,.T.);
#2644 = B_SPLINE_CURVE_WITH_KNOTS('',1,(#2645,#2646),.UNSPECIFIED.,.F.,
  .F.,(2,2),(0.,0.3),.PIECEWISE_BEZIER_KNOTS.);
#2645 = CARTESIAN_POINT('',(2.4,-2.3,1.8));
#2646 = CARTESIAN_POINT('',(2.4,-2.,1.8));
#2647 = ORIENTED_EDGE('',*,*,#2099,.T.);
#2648 = ORIENTED_EDGE('',*,*,#2649,.F.);
#2649 = EDGE_CURVE('',#2650,#2100,#2652,.T.);
#2650 = VERTEX_POINT('',#2651);
#2651 = CARTESIAN_POINT('',(3.6,-2.,1.8));
#2652 = B_SPLINE_CURVE_WITH_KNOTS('',1,(#2653,#2654),.UNSPECIFIED.,.F.,
  .F.,(2,2),(0.,0.3),.PIECEWISE_BEZIER_KNOTS.);
#2653 = CARTESIAN_POINT('',(3.6,-2.,1.8));
#2654 = CARTESIAN_POINT('',(3.6,-2.3,1.8));
#2655 = ORIENTED_EDGE('',*,*,#2656,.F.);
#2656 = EDGE_CURVE('',#2657,#2650,#2659,.T.);
#2657 = VERTEX_POINT('',#2658);
#2658 = CARTESIAN_POINT('',(3.9,-2.,1.8));
#2659 = B_SPLINE_CURVE_WITH_KNOTS('',1,(#2660,#2661),.UNSPECIFIED.,.F.,
  .F.,(2,2),(0.,0.4),.PIECEWISE_BEZIER_KNOTS.);
#2660 = CARTESIAN_POINT('',(3.9,-2.,1.8));
#2661 = CARTESIAN_POINT('',(3.6,-2.,1.8));
#2662 = ORIENTED_EDGE('',*,*,#2663,.F.);
#2663 = EDGE_CURVE('',#2121,#2657,#2664,.T.);
#2664 = B_SPLINE_CURVE_WITH_KNOTS('',1,(#2665,#2666),.UNSPECIFIED.,.F.,
  .F.,(2,2),(0.,0.3),.PIECEWISE_BEZIER_KNOTS.);
#2665 = CARTESIAN_POINT('',(3.9,-2.3,1.8));
#2666 = CARTESIAN_POINT('',(3.9,-2.,1.8));
#2667 = ORIENTED_EDGE('',*,*,#2127,.T.);
#2668 = ORIENTED_EDGE('',*,*,#2669,.F.);
#2669 = EDGE_CURVE('',#2670,#2128,#2672,.T.);
#2670 = VERTEX_POINT('',#2671);
#2671 = CARTESIAN_POINT('',(5.1,-2.,1.8));
#2672 = B_SPLINE_CURVE_WITH_KNOTS('',1,(#2673,#2674),.UNSPECIFIED.,.F.,
  .F.,(2,2),(0.,0.3),.PIECEWISE_BEZIER_KNOTS.);
#2673 = CARTESIAN_POINT('',(5.1,-2.,1.8));
#2674 = CARTESIAN_POINT('',(5.1,-2.3,1.8));
#2675 = ORIENTED_EDGE('',*,*,#2676,.F.);
#2676 = EDGE_CURVE('',#2677,#2670,#2679,.T.);
#2677 = VERTEX_POINT('',#2678);
#2678 = CARTESIAN_POINT('',(5.4,-2.,1.8));
#2679 = B_SPLINE_CURVE_WITH_KNOTS('',1,(#2680,#2681),.UNSPECIFIED.,.F.,
  .F.,(2,2),(0.,0.4),.PIECEWISE_BEZIER_KNOTS.);
#2680 = CARTESIAN_POINT('',(5.4,-2.,1.8));
#2681 = CARTESIAN_POINT('',(5.1,-2.,1.8));
#2682 = ORIENTED_EDGE('',*,*,#2683,.F.);
#2683 = EDGE_CURVE('',#2149,#2677,#2684,.T.);
#2684 = B_SPLINE_CURVE_WITH_KNOTS('',1,(#2685,#2686),.UNSPECIFIED.,.F.,
  .F.,(2,2),(0.,0.3),.PIECEWISE_BEZIER_KNOTS.);
#2685 = CARTESIAN_POINT('',(5.4,-2.3,1.8));
#2686 = CARTESIAN_POINT('',(5.4,-2.,1.8));
#2687 = ORIENTED_EDGE('',*,*,#2155,.T.);
#2688 = ORIENTED_EDGE('',*,*,#2689,.F.);
#2689 = EDGE_CURVE('',#2690,#2156,#2692,.T.);
#2690 = VERTEX_POINT('',#2691);
#2691 = CARTESIAN_POINT('',(6.6,-2.,1.8));
#2692 = B_SPLINE_CURVE_WITH_KNOTS('',1,(#2693,#2694),.UNSPECIFIED.,.F.,
  .F.,(2,2),(0.,0.3),.PIECEWISE_BEZIER_KNOTS.);
#2693 = CARTESIAN_POINT('',(6.6,-2.,1.8));
#2694 = CARTESIAN_POINT('',(6.6,-2.3,1.8));
#2695 = ORIENTED_EDGE('',*,*,#2696,.F.);
#2696 = EDGE_CURVE('',#2598,#2690,#2697,.T.);
#2697 = B_SPLINE_CURVE_WITH_KNOTS('',1,(#2698,#2699),.UNSPECIFIED.,.F.,
  .F.,(2,2),(0.,0.4),.PIECEWISE_BEZIER_KNOTS.);
#2698 = CARTESIAN_POINT('',(6.9,-2.,1.8));
#2699 = CARTESIAN_POINT('',(6.6,-2.,1.8));
#2700 = FACE_BOUND('',#2701,.T.);
#2701 = EDGE_LOOP('',(#2702,#2711,#2718,#2725));
#2702 = ORIENTED_EDGE('',*,*,#2703,.T.);
#2703 = EDGE_CURVE('',#2704,#2706,#2708,.T.);
#2704 = VERTEX_POINT('',#2705);
#2705 = CARTESIAN_POINT('',(1.3125,0.25,1.8));
#2706 = VERTEX_POINT('',#2707);
#2707 = CARTESIAN_POINT('',(1.6875,0.25,1.8));
#2708 = B_SPLINE_CURVE_WITH_KNOTS('',1,(#2709,#2710),.UNSPECIFIED.,.F.,
  .F.,(2,2),(-1.875,-1.375),.PIECEWISE_BEZIER_KNOTS.);
#2709 = CARTESIAN_POINT('',(1.3125,0.25,1.8));
#2710 = CARTESIAN_POINT('',(1.6875,0.25,1.8));
#2711 = ORIENTED_EDGE('',*,*,#2712,.T.);
#2712 = EDGE_CURVE('',#2706,#2713,#2715,.T.);
#2713 = VERTEX_POINT('',#2714);
#2714 = CARTESIAN_POINT('',(1.6875,-0.25,1.8));
#2715 = B_SPLINE_CURVE_WITH_KNOTS('',1,(#2716,#2717),.UNSPECIFIED.,.F.,
  .F.,(2,2),(-0.55,-5.E-02),.PIECEWISE_BEZIER_KNOTS.);
#2716 = CARTESIAN_POINT('',(1.6875,0.25,1.8));
#2717 = CARTESIAN_POINT('',(1.6875,-0.25,1.8));
#2718 = ORIENTED_EDGE('',*,*,#2719,.T.);
#2719 = EDGE_CURVE('',#2713,#2720,#2722,.T.);
#2720 = VERTEX_POINT('',#2721);
#2721 = CARTESIAN_POINT('',(1.3125,-0.25,1.8));
#2722 = B_SPLINE_CURVE_WITH_KNOTS('',1,(#2723,#2724),.UNSPECIFIED.,.F.,
  .F.,(2,2),(1.375,1.875),.PIECEWISE_BEZIER_KNOTS.);
#2723 = CARTESIAN_POINT('',(1.6875,-0.25,1.8));
#2724 = CARTESIAN_POINT('',(1.3125,-0.25,1.8));
#2725 = ORIENTED_EDGE('',*,*,#2726,.F.);
#2726 = EDGE_CURVE('',#2704,#2720,#2727,.T.);
#2727 = B_SPLINE_CURVE_WITH_KNOTS('',1,(#2728,#2729),.UNSPECIFIED.,.F.,
  .F.,(2,2),(-0.55,-5.E-02),.PIECEWISE_BEZIER_KNOTS.);
#2728 = CARTESIAN_POINT('',(1.3125,0.25,1.8));
#2729 = CARTESIAN_POINT('',(1.3125,-0.25,1.8));
#2730 = FACE_BOUND('',#2731,.T.);
#2731 = EDGE_LOOP('',(#2732,#2741,#2748,#2755));
#2732 = ORIENTED_EDGE('',*,*,#2733,.T.);
#2733 = EDGE_CURVE('',#2734,#2736,#2738,.T.);
#2734 = VERTEX_POINT('',#2735);
#2735 = CARTESIAN_POINT('',(2.8125,0.25,1.8));
#2736 = VERTEX_POINT('',#2737);
#2737 = CARTESIAN_POINT('',(3.1875,0.25,1.8));
#2738 = B_SPLINE_CURVE_WITH_KNOTS('',1,(#2739,#2740),.UNSPECIFIED.,.F.,
  .F.,(2,2),(-0.875,-0.375),.PIECEWISE_BEZIER_KNOTS.);
#2739 = CARTESIAN_POINT('',(2.8125,0.25,1.8));
#2740 = CARTESIAN_POINT('',(3.1875,0.25,1.8));
#2741 = ORIENTED_EDGE('',*,*,#2742,.T.);
#2742 = EDGE_CURVE('',#2736,#2743,#2745,.T.);
#2743 = VERTEX_POINT('',#2744);
#2744 = CARTESIAN_POINT('',(3.1875,-0.25,1.8));
#2745 = B_SPLINE_CURVE_WITH_KNOTS('',1,(#2746,#2747),.UNSPECIFIED.,.F.,
  .F.,(2,2),(-0.55,-5.E-02),.PIECEWISE_BEZIER_KNOTS.);
#2746 = CARTESIAN_POINT('',(3.1875,0.25,1.8));
#2747 = CARTESIAN_POINT('',(3.1875,-0.25,1.8));
#2748 = ORIENTED_EDGE('',*,*,#2749,.T.);
#2749 = EDGE_CURVE('',#2743,#2750,#2752,.T.);
#2750 = VERTEX_POINT('',#2751);
#2751 = CARTESIAN_POINT('',(2.8125,-0.25,1.8));
#2752 = B_SPLINE_CURVE_WITH_KNOTS('',1,(#2753,#2754),.UNSPECIFIED.,.F.,
  .F.,(2,2),(0.375,0.875),.PIECEWISE_BEZIER_KNOTS.);
#2753 = CARTESIAN_POINT('',(3.1875,-0.25,1.8));
#2754 = CARTESIAN_POINT('',(2.8125,-0.25,1.8));
#2755 = ORIENTED_EDGE('',*,*,#2756,.F.);
#2756 = EDGE_CURVE('',#2734,#2750,#2757,.T.);
#2757 = B_SPLINE_CURVE_WITH_KNOTS('',1,(#2758,#2759),.UNSPECIFIED.,.F.,
  .F.,(2,2),(-0.55,-5.E-02),.PIECEWISE_BEZIER_KNOTS.);
#2758 = CARTESIAN_POINT('',(2.8125,0.25,1.8));
#2759 = CARTESIAN_POINT('',(2.8125,-0.25,1.8));
#2760 = FACE_BOUND('',#2761,.T.);
#2761 = EDGE_LOOP('',(#2762,#2771,#2778,#2785));
#2762 = ORIENTED_EDGE('',*,*,#2763,.T.);
#2763 = EDGE_CURVE('',#2764,#2766,#2768,.T.);
#2764 = VERTEX_POINT('',#2765);
#2765 = CARTESIAN_POINT('',(4.3125,0.25,1.8));
#2766 = VERTEX_POINT('',#2767);
#2767 = CARTESIAN_POINT('',(4.6875,0.25,1.8));
#2768 = B_SPLINE_CURVE_WITH_KNOTS('',1,(#2769,#2770),.UNSPECIFIED.,.F.,
  .F.,(2,2),(0.125,0.625),.PIECEWISE_BEZIER_KNOTS.);
#2769 = CARTESIAN_POINT('',(4.3125,0.25,1.8));
#2770 = CARTESIAN_POINT('',(4.6875,0.25,1.8));
#2771 = ORIENTED_EDGE('',*,*,#2772,.T.);
#2772 = EDGE_CURVE('',#2766,#2773,#2775,.T.);
#2773 = VERTEX_POINT('',#2774);
#2774 = CARTESIAN_POINT('',(4.6875,-0.25,1.8));
#2775 = B_SPLINE_CURVE_WITH_KNOTS('',1,(#2776,#2777),.UNSPECIFIED.,.F.,
  .F.,(2,2),(-0.55,-5.E-02),.PIECEWISE_BEZIER_KNOTS.);
#2776 = CARTESIAN_POINT('',(4.6875,0.25,1.8));
#2777 = CARTESIAN_POINT('',(4.6875,-0.25,1.8));
#2778 = ORIENTED_EDGE('',*,*,#2779,.T.);
#2779 = EDGE_CURVE('',#2773,#2780,#2782,.T.);
#2780 = VERTEX_POINT('',#2781);
#2781 = CARTESIAN_POINT('',(4.3125,-0.25,1.8));
#2782 = B_SPLINE_CURVE_WITH_KNOTS('',1,(#2783,#2784),.UNSPECIFIED.,.F.,
  .F.,(2,2),(-0.625,-0.125),.PIECEWISE_BEZIER_KNOTS.);
#2783 = CARTESIAN_POINT('',(4.6875,-0.25,1.8));
#2784 = CARTESIAN_POINT('',(4.3125,-0.25,1.8));
#2785 = ORIENTED_EDGE('',*,*,#2786,.F.);
#2786 = EDGE_CURVE('',#2764,#2780,#2787,.T.);
#2787 = B_SPLINE_CURVE_WITH_KNOTS('',1,(#2788,#2789),.UNSPECIFIED.,.F.,
  .F.,(2,2),(-0.55,-5.E-02),.PIECEWISE_BEZIER_KNOTS.);
#2788 = CARTESIAN_POINT('',(4.3125,0.25,1.8));
#2789 = CARTESIAN_POINT('',(4.3125,-0.25,1.8));
#2790 = FACE_BOUND('',#2791,.T.);
#2791 = EDGE_LOOP('',(#2792,#2801,#2808,#2815));
#2792 = ORIENTED_EDGE('',*,*,#2793,.T.);
#2793 = EDGE_CURVE('',#2794,#2796,#2798,.T.);
#2794 = VERTEX_POINT('',#2795);
#2795 = CARTESIAN_POINT('',(7.3125,0.25,1.8));
#2796 = VERTEX_POINT('',#2797);
#2797 = CARTESIAN_POINT('',(7.6875,0.25,1.8));
#2798 = B_SPLINE_CURVE_WITH_KNOTS('',1,(#2799,#2800),.UNSPECIFIED.,.F.,
  .F.,(2,2),(2.125,2.625),.PIECEWISE_BEZIER_KNOTS.);
#2799 = CARTESIAN_POINT('',(7.3125,0.25,1.8));
#2800 = CARTESIAN_POINT('',(7.6875,0.25,1.8));
#2801 = ORIENTED_EDGE('',*,*,#2802,.T.);
#2802 = EDGE_CURVE('',#2796,#2803,#2805,.T.);
#2803 = VERTEX_POINT('',#2804);
#2804 = CARTESIAN_POINT('',(7.6875,-0.25,1.8));
#2805 = B_SPLINE_CURVE_WITH_KNOTS('',1,(#2806,#2807),.UNSPECIFIED.,.F.,
  .F.,(2,2),(-0.528366783637,-2.8366783637E-02),
  .PIECEWISE_BEZIER_KNOTS.);
#2806 = CARTESIAN_POINT('',(7.6875,0.25,1.8));
#2807 = CARTESIAN_POINT('',(7.6875,-0.25,1.8));
#2808 = ORIENTED_EDGE('',*,*,#2809,.T.);
#2809 = EDGE_CURVE('',#2803,#2810,#2812,.T.);
#2810 = VERTEX_POINT('',#2811);
#2811 = CARTESIAN_POINT('',(7.3125,-0.25,1.8));
#2812 = B_SPLINE_CURVE_WITH_KNOTS('',1,(#2813,#2814),.UNSPECIFIED.,.F.,
  .F.,(2,2),(-2.625,-2.125),.PIECEWISE_BEZIER_KNOTS.);
#2813 = CARTESIAN_POINT('',(7.6875,-0.25,1.8));
#2814 = CARTESIAN_POINT('',(7.3125,-0.25,1.8));
#2815 = ORIENTED_EDGE('',*,*,#2816,.F.);
#2816 = EDGE_CURVE('',#2794,#2810,#2817,.T.);
#2817 = B_SPLINE_CURVE_WITH_KNOTS('',1,(#2818,#2819),.UNSPECIFIED.,.F.,
  .F.,(2,2),(-0.528366783637,-2.8366783637E-02),
  .PIECEWISE_BEZIER_KNOTS.);
#2818 = CARTESIAN_POINT('',(7.3125,0.25,1.8));
#2819 = CARTESIAN_POINT('',(7.3125,-0.25,1.8));
#2820 = FACE_BOUND('',#2821,.T.);
#2821 = EDGE_LOOP('',(#2822,#2831,#2838,#2845));
#2822 = ORIENTED_EDGE('',*,*,#2823,.F.);
#2823 = EDGE_CURVE('',#2824,#2826,#2828,.T.);
#2824 = VERTEX_POINT('',#2825);
#2825 = CARTESIAN_POINT('',(5.8125,0.25,1.8));
#2826 = VERTEX_POINT('',#2827);
#2827 = CARTESIAN_POINT('',(5.8125,-0.25,1.8));
#2828 = B_SPLINE_CURVE_WITH_KNOTS('',1,(#2829,#2830),.UNSPECIFIED.,.F.,
  .F.,(2,2),(-0.55,-5.E-02),.PIECEWISE_BEZIER_KNOTS.);
#2829 = CARTESIAN_POINT('',(5.8125,0.25,1.8));
#2830 = CARTESIAN_POINT('',(5.8125,-0.25,1.8));
#2831 = ORIENTED_EDGE('',*,*,#2832,.T.);
#2832 = EDGE_CURVE('',#2824,#2833,#2835,.T.);
#2833 = VERTEX_POINT('',#2834);
#2834 = CARTESIAN_POINT('',(6.1875,0.25,1.8));
#2835 = B_SPLINE_CURVE_WITH_KNOTS('',1,(#2836,#2837),.UNSPECIFIED.,.F.,
  .F.,(2,2),(1.125,1.625),.PIECEWISE_BEZIER_KNOTS.);
#2836 = CARTESIAN_POINT('',(5.8125,0.25,1.8));
#2837 = CARTESIAN_POINT('',(6.1875,0.25,1.8));
#2838 = ORIENTED_EDGE('',*,*,#2839,.T.);
#2839 = EDGE_CURVE('',#2833,#2840,#2842,.T.);
#2840 = VERTEX_POINT('',#2841);
#2841 = CARTESIAN_POINT('',(6.1875,-0.25,1.8));
#2842 = B_SPLINE_CURVE_WITH_KNOTS('',1,(#2843,#2844),.UNSPECIFIED.,.F.,
  .F.,(2,2),(-0.55,-5.E-02),.PIECEWISE_BEZIER_KNOTS.);
#2843 = CARTESIAN_POINT('',(6.1875,0.25,1.8));
#2844 = CARTESIAN_POINT('',(6.1875,-0.25,1.8));
#2845 = ORIENTED_EDGE('',*,*,#2846,.T.);
#2846 = EDGE_CURVE('',#2840,#2826,#2847,.T.);
#2847 = B_SPLINE_CURVE_WITH_KNOTS('',1,(#2848,#2849),.UNSPECIFIED.,.F.,
  .F.,(2,2),(-1.625,-1.125),.PIECEWISE_BEZIER_KNOTS.);
#2848 = CARTESIAN_POINT('',(6.1875,-0.25,1.8));
#2849 = CARTESIAN_POINT('',(5.8125,-0.25,1.8));
#2850 = FACE_BOUND('',#2851,.T.);
#2851 = EDGE_LOOP('',(#2852,#2861,#2868,#2875));
#2852 = ORIENTED_EDGE('',*,*,#2853,.F.);
#2853 = EDGE_CURVE('',#2854,#2856,#2858,.T.);
#2854 = VERTEX_POINT('',#2855);
#2855 = CARTESIAN_POINT('',(-0.1875,0.25,1.8));
#2856 = VERTEX_POINT('',#2857);
#2857 = CARTESIAN_POINT('',(-0.1875,-0.25,1.8));
#2858 = B_SPLINE_CURVE_WITH_KNOTS('',1,(#2859,#2860),.UNSPECIFIED.,.F.,
  .F.,(2,2),(-0.528366783637,-2.8366783637E-02),
  .PIECEWISE_BEZIER_KNOTS.);
#2859 = CARTESIAN_POINT('',(-0.1875,0.25,1.8));
#2860 = CARTESIAN_POINT('',(-0.1875,-0.25,1.8));
#2861 = ORIENTED_EDGE('',*,*,#2862,.T.);
#2862 = EDGE_CURVE('',#2854,#2863,#2865,.T.);
#2863 = VERTEX_POINT('',#2864);
#2864 = CARTESIAN_POINT('',(0.1875,0.25,1.8));
#2865 = B_SPLINE_CURVE_WITH_KNOTS('',1,(#2866,#2867),.UNSPECIFIED.,.F.,
  .F.,(2,2),(-2.875,-2.375),.PIECEWISE_BEZIER_KNOTS.);
#2866 = CARTESIAN_POINT('',(-0.1875,0.25,1.8));
#2867 = CARTESIAN_POINT('',(0.1875,0.25,1.8));
#2868 = ORIENTED_EDGE('',*,*,#2869,.T.);
#2869 = EDGE_CURVE('',#2863,#2870,#2872,.T.);
#2870 = VERTEX_POINT('',#2871);
#2871 = CARTESIAN_POINT('',(0.1875,-0.25,1.8));
#2872 = B_SPLINE_CURVE_WITH_KNOTS('',1,(#2873,#2874),.UNSPECIFIED.,.F.,
  .F.,(2,2),(-0.528366783637,-2.8366783637E-02),
  .PIECEWISE_BEZIER_KNOTS.);
#2873 = CARTESIAN_POINT('',(0.1875,0.25,1.8));
#2874 = CARTESIAN_POINT('',(0.1875,-0.25,1.8));
#2875 = ORIENTED_EDGE('',*,*,#2876,.T.);
#2876 = EDGE_CURVE('',#2870,#2856,#2877,.T.);
#2877 = B_SPLINE_CURVE_WITH_KNOTS('',1,(#2878,#2879),.UNSPECIFIED.,.F.,
  .F.,(2,2),(2.375,2.875),.PIECEWISE_BEZIER_KNOTS.);
#2878 = CARTESIAN_POINT('',(0.1875,-0.25,1.8));
#2879 = CARTESIAN_POINT('',(-0.1875,-0.25,1.8));
#2880 = B_SPLINE_SURFACE_WITH_KNOTS('',1,1,(
    (#2881,#2882)
    ,(#2883,#2884
    )),.UNSPECIFIED.,.F.,.F.,.F.,(2,2),(2,2),(-1.7,1.7),(-6.45,6.45),
  .PIECEWISE_BEZIER_KNOTS.);
#2881 = CARTESIAN_POINT('',(-1.0875,1.1,1.8));
#2882 = CARTESIAN_POINT('',(8.5875,1.1,1.8));
#2883 = CARTESIAN_POINT('',(-1.0875,-2.3,1.8));
#2884 = CARTESIAN_POINT('',(8.5875,-2.3,1.8));
#2885 = ADVANCED_FACE('',(#2886),#2902,.F.);
#2886 = FACE_BOUND('',#2887,.F.);
#2887 = EDGE_LOOP('',(#2888,#2889,#2896,#2901));
#2888 = ORIENTED_EDGE('',*,*,#2176,.T.);
#2889 = ORIENTED_EDGE('',*,*,#2890,.T.);
#2890 = EDGE_CURVE('',#2170,#2891,#2893,.T.);
#2891 = VERTEX_POINT('',#2892);
#2892 = CARTESIAN_POINT('',(6.9,-2.,3.7));
#2893 = B_SPLINE_CURVE_WITH_KNOTS('',1,(#2894,#2895),.UNSPECIFIED.,.F.,
  .F.,(2,2),(0.,0.3),.PIECEWISE_BEZIER_KNOTS.);
#2894 = CARTESIAN_POINT('',(6.9,-2.3,3.7));
#2895 = CARTESIAN_POINT('',(6.9,-2.,3.7));
#2896 = ORIENTED_EDGE('',*,*,#2897,.F.);
#2897 = EDGE_CURVE('',#2598,#2891,#2898,.T.);
#2898 = B_SPLINE_CURVE_WITH_KNOTS('',1,(#2899,#2900),.UNSPECIFIED.,.F.,
  .F.,(2,2),(0.,1.9),.PIECEWISE_BEZIER_KNOTS.);
#2899 = CARTESIAN_POINT('',(6.9,-2.,1.8));
#2900 = CARTESIAN_POINT('',(6.9,-2.,3.7));
#2901 = ORIENTED_EDGE('',*,*,#2597,.F.);
#2902 = B_SPLINE_SURFACE_WITH_KNOTS('',1,1,(
    (#2903,#2904)
    ,(#2905,#2906
    )),.UNSPECIFIED.,.F.,.F.,.F.,(2,2),(2,2),(0.,0.3),(-1.9,0.),
  .PIECEWISE_BEZIER_KNOTS.);
#2903 = CARTESIAN_POINT('',(6.9,-2.3,3.7));
#2904 = CARTESIAN_POINT('',(6.9,-2.3,1.8));
#2905 = CARTESIAN_POINT('',(6.9,-2.,3.7));
#2906 = CARTESIAN_POINT('',(6.9,-2.,1.8));
#2907 = ADVANCED_FACE('',(#2908),#2924,.T.);
#2908 = FACE_BOUND('',#2909,.T.);
#2909 = EDGE_LOOP('',(#2910,#2917,#2922,#2923));
#2910 = ORIENTED_EDGE('',*,*,#2911,.T.);
#2911 = EDGE_CURVE('',#2891,#2912,#2914,.T.);
#2912 = VERTEX_POINT('',#2913);
#2913 = CARTESIAN_POINT('',(6.6,-2.,3.7));
#2914 = B_SPLINE_CURVE_WITH_KNOTS('',1,(#2915,#2916),.UNSPECIFIED.,.F.,
  .F.,(2,2),(0.,0.4),.PIECEWISE_BEZIER_KNOTS.);
#2915 = CARTESIAN_POINT('',(6.9,-2.,3.7));
#2916 = CARTESIAN_POINT('',(6.6,-2.,3.7));
#2917 = ORIENTED_EDGE('',*,*,#2918,.T.);
#2918 = EDGE_CURVE('',#2912,#2163,#2919,.T.);
#2919 = B_SPLINE_CURVE_WITH_KNOTS('',1,(#2920,#2921),.UNSPECIFIED.,.F.,
  .F.,(2,2),(0.,0.3),.PIECEWISE_BEZIER_KNOTS.);
#2920 = CARTESIAN_POINT('',(6.6,-2.,3.7));
#2921 = CARTESIAN_POINT('',(6.6,-2.3,3.7));
#2922 = ORIENTED_EDGE('',*,*,#2169,.T.);
#2923 = ORIENTED_EDGE('',*,*,#2890,.T.);
#2924 = B_SPLINE_SURFACE_WITH_KNOTS('',1,1,(
    (#2925,#2926)
    ,(#2927,#2928
    )),.UNSPECIFIED.,.F.,.F.,.F.,(2,2),(2,2),(-0.2,0.2),(-0.15,0.15),
  .PIECEWISE_BEZIER_KNOTS.);
#2925 = CARTESIAN_POINT('',(6.9,-2.,3.7));
#2926 = CARTESIAN_POINT('',(6.9,-2.3,3.7));
#2927 = CARTESIAN_POINT('',(6.6,-2.,3.7));
#2928 = CARTESIAN_POINT('',(6.6,-2.3,3.7));
#2929 = ADVANCED_FACE('',(#2930),#2940,.F.);
#2930 = FACE_BOUND('',#2931,.F.);
#2931 = EDGE_LOOP('',(#2932,#2937,#2938,#2939));
#2932 = ORIENTED_EDGE('',*,*,#2933,.T.);
#2933 = EDGE_CURVE('',#2690,#2912,#2934,.T.);
#2934 = B_SPLINE_CURVE_WITH_KNOTS('',1,(#2935,#2936),.UNSPECIFIED.,.F.,
  .F.,(2,2),(0.,1.9),.PIECEWISE_BEZIER_KNOTS.);
#2935 = CARTESIAN_POINT('',(6.6,-2.,1.8));
#2936 = CARTESIAN_POINT('',(6.6,-2.,3.7));
#2937 = ORIENTED_EDGE('',*,*,#2918,.T.);
#2938 = ORIENTED_EDGE('',*,*,#2162,.F.);
#2939 = ORIENTED_EDGE('',*,*,#2689,.F.);
#2940 = B_SPLINE_SURFACE_WITH_KNOTS('',1,1,(
    (#2941,#2942)
    ,(#2943,#2944
    )),.UNSPECIFIED.,.F.,.F.,.F.,(2,2),(2,2),(0.,0.3),(-1.9,0.),
  .PIECEWISE_BEZIER_KNOTS.);
#2941 = CARTESIAN_POINT('',(6.6,-2.,3.7));
#2942 = CARTESIAN_POINT('',(6.6,-2.,1.8));
#2943 = CARTESIAN_POINT('',(6.6,-2.3,3.7));
#2944 = CARTESIAN_POINT('',(6.6,-2.3,1.8));
#2945 = ADVANCED_FACE('',(#2946),#2962,.F.);
#2946 = FACE_BOUND('',#2947,.F.);
#2947 = EDGE_LOOP('',(#2948,#2949,#2956,#2961));
#2948 = ORIENTED_EDGE('',*,*,#2148,.T.);
#2949 = ORIENTED_EDGE('',*,*,#2950,.T.);
#2950 = EDGE_CURVE('',#2142,#2951,#2953,.T.);
#2951 = VERTEX_POINT('',#2952);
#2952 = CARTESIAN_POINT('',(5.4,-2.,3.7));
#2953 = B_SPLINE_CURVE_WITH_KNOTS('',1,(#2954,#2955),.UNSPECIFIED.,.F.,
  .F.,(2,2),(0.,0.3),.PIECEWISE_BEZIER_KNOTS.);
#2954 = CARTESIAN_POINT('',(5.4,-2.3,3.7));
#2955 = CARTESIAN_POINT('',(5.4,-2.,3.7));
#2956 = ORIENTED_EDGE('',*,*,#2957,.F.);
#2957 = EDGE_CURVE('',#2677,#2951,#2958,.T.);
#2958 = B_SPLINE_CURVE_WITH_KNOTS('',1,(#2959,#2960),.UNSPECIFIED.,.F.,
  .F.,(2,2),(0.,1.9),.PIECEWISE_BEZIER_KNOTS.);
#2959 = CARTESIAN_POINT('',(5.4,-2.,1.8));
#2960 = CARTESIAN_POINT('',(5.4,-2.,3.7));
#2961 = ORIENTED_EDGE('',*,*,#2683,.F.);
#2962 = B_SPLINE_SURFACE_WITH_KNOTS('',1,1,(
    (#2963,#2964)
    ,(#2965,#2966
    )),.UNSPECIFIED.,.F.,.F.,.F.,(2,2),(2,2),(0.,0.3),(-1.9,0.),
  .PIECEWISE_BEZIER_KNOTS.);
#2963 = CARTESIAN_POINT('',(5.4,-2.3,3.7));
#2964 = CARTESIAN_POINT('',(5.4,-2.3,1.8));
#2965 = CARTESIAN_POINT('',(5.4,-2.,3.7));
#2966 = CARTESIAN_POINT('',(5.4,-2.,1.8));
#2967 = ADVANCED_FACE('',(#2968),#2984,.T.);
#2968 = FACE_BOUND('',#2969,.T.);
#2969 = EDGE_LOOP('',(#2970,#2977,#2982,#2983));
#2970 = ORIENTED_EDGE('',*,*,#2971,.T.);
#2971 = EDGE_CURVE('',#2951,#2972,#2974,.T.);
#2972 = VERTEX_POINT('',#2973);
#2973 = CARTESIAN_POINT('',(5.1,-2.,3.7));
#2974 = B_SPLINE_CURVE_WITH_KNOTS('',1,(#2975,#2976),.UNSPECIFIED.,.F.,
  .F.,(2,2),(0.,0.4),.PIECEWISE_BEZIER_KNOTS.);
#2975 = CARTESIAN_POINT('',(5.4,-2.,3.7));
#2976 = CARTESIAN_POINT('',(5.1,-2.,3.7));
#2977 = ORIENTED_EDGE('',*,*,#2978,.T.);
#2978 = EDGE_CURVE('',#2972,#2135,#2979,.T.);
#2979 = B_SPLINE_CURVE_WITH_KNOTS('',1,(#2980,#2981),.UNSPECIFIED.,.F.,
  .F.,(2,2),(0.,0.3),.PIECEWISE_BEZIER_KNOTS.);
#2980 = CARTESIAN_POINT('',(5.1,-2.,3.7));
#2981 = CARTESIAN_POINT('',(5.1,-2.3,3.7));
#2982 = ORIENTED_EDGE('',*,*,#2141,.T.);
#2983 = ORIENTED_EDGE('',*,*,#2950,.T.);
#2984 = B_SPLINE_SURFACE_WITH_KNOTS('',1,1,(
    (#2985,#2986)
    ,(#2987,#2988
    )),.UNSPECIFIED.,.F.,.F.,.F.,(2,2),(2,2),(-0.2,0.2),(-0.15,0.15),
  .PIECEWISE_BEZIER_KNOTS.);
#2985 = CARTESIAN_POINT('',(5.4,-2.,3.7));
#2986 = CARTESIAN_POINT('',(5.4,-2.3,3.7));
#2987 = CARTESIAN_POINT('',(5.1,-2.,3.7));
#2988 = CARTESIAN_POINT('',(5.1,-2.3,3.7));
#2989 = ADVANCED_FACE('',(#2990),#3000,.F.);
#2990 = FACE_BOUND('',#2991,.F.);
#2991 = EDGE_LOOP('',(#2992,#2997,#2998,#2999));
#2992 = ORIENTED_EDGE('',*,*,#2993,.T.);
#2993 = EDGE_CURVE('',#2670,#2972,#2994,.T.);
#2994 = B_SPLINE_CURVE_WITH_KNOTS('',1,(#2995,#2996),.UNSPECIFIED.,.F.,
  .F.,(2,2),(0.,1.9),.PIECEWISE_BEZIER_KNOTS.);
#2995 = CARTESIAN_POINT('',(5.1,-2.,1.8));
#2996 = CARTESIAN_POINT('',(5.1,-2.,3.7));
#2997 = ORIENTED_EDGE('',*,*,#2978,.T.);
#2998 = ORIENTED_EDGE('',*,*,#2134,.F.);
#2999 = ORIENTED_EDGE('',*,*,#2669,.F.);
#3000 = B_SPLINE_SURFACE_WITH_KNOTS('',1,1,(
    (#3001,#3002)
    ,(#3003,#3004
    )),.UNSPECIFIED.,.F.,.F.,.F.,(2,2),(2,2),(0.,0.3),(-1.9,0.),
  .PIECEWISE_BEZIER_KNOTS.);
#3001 = CARTESIAN_POINT('',(5.1,-2.,3.7));
#3002 = CARTESIAN_POINT('',(5.1,-2.,1.8));
#3003 = CARTESIAN_POINT('',(5.1,-2.3,3.7));
#3004 = CARTESIAN_POINT('',(5.1,-2.3,1.8));
#3005 = ADVANCED_FACE('',(#3006),#3022,.F.);
#3006 = FACE_BOUND('',#3007,.F.);
#3007 = EDGE_LOOP('',(#3008,#3009,#3016,#3021));
#3008 = ORIENTED_EDGE('',*,*,#2120,.T.);
#3009 = ORIENTED_EDGE('',*,*,#3010,.T.);
#3010 = EDGE_CURVE('',#2114,#3011,#3013,.T.);
#3011 = VERTEX_POINT('',#3012);
#3012 = CARTESIAN_POINT('',(3.9,-2.,3.7));
#3013 = B_SPLINE_CURVE_WITH_KNOTS('',1,(#3014,#3015),.UNSPECIFIED.,.F.,
  .F.,(2,2),(0.,0.3),.PIECEWISE_BEZIER_KNOTS.);
#3014 = CARTESIAN_POINT('',(3.9,-2.3,3.7));
#3015 = CARTESIAN_POINT('',(3.9,-2.,3.7));
#3016 = ORIENTED_EDGE('',*,*,#3017,.F.);
#3017 = EDGE_CURVE('',#2657,#3011,#3018,.T.);
#3018 = B_SPLINE_CURVE_WITH_KNOTS('',1,(#3019,#3020),.UNSPECIFIED.,.F.,
  .F.,(2,2),(0.,1.9),.PIECEWISE_BEZIER_KNOTS.);
#3019 = CARTESIAN_POINT('',(3.9,-2.,1.8));
#3020 = CARTESIAN_POINT('',(3.9,-2.,3.7));
#3021 = ORIENTED_EDGE('',*,*,#2663,.F.);
#3022 = B_SPLINE_SURFACE_WITH_KNOTS('',1,1,(
    (#3023,#3024)
    ,(#3025,#3026
    )),.UNSPECIFIED.,.F.,.F.,.F.,(2,2),(2,2),(0.,0.3),(-1.9,0.),
  .PIECEWISE_BEZIER_KNOTS.);
#3023 = CARTESIAN_POINT('',(3.9,-2.3,3.7));
#3024 = CARTESIAN_POINT('',(3.9,-2.3,1.8));
#3025 = CARTESIAN_POINT('',(3.9,-2.,3.7));
#3026 = CARTESIAN_POINT('',(3.9,-2.,1.8));
#3027 = ADVANCED_FACE('',(#3028),#3044,.T.);
#3028 = FACE_BOUND('',#3029,.T.);
#3029 = EDGE_LOOP('',(#3030,#3037,#3042,#3043));
#3030 = ORIENTED_EDGE('',*,*,#3031,.T.);
#3031 = EDGE_CURVE('',#3011,#3032,#3034,.T.);
#3032 = VERTEX_POINT('',#3033);
#3033 = CARTESIAN_POINT('',(3.6,-2.,3.7));
#3034 = B_SPLINE_CURVE_WITH_KNOTS('',1,(#3035,#3036),.UNSPECIFIED.,.F.,
  .F.,(2,2),(0.,0.4),.PIECEWISE_BEZIER_KNOTS.);
#3035 = CARTESIAN_POINT('',(3.9,-2.,3.7));
#3036 = CARTESIAN_POINT('',(3.6,-2.,3.7));
#3037 = ORIENTED_EDGE('',*,*,#3038,.T.);
#3038 = EDGE_CURVE('',#3032,#2107,#3039,.T.);
#3039 = B_SPLINE_CURVE_WITH_KNOTS('',1,(#3040,#3041),.UNSPECIFIED.,.F.,
  .F.,(2,2),(0.,0.3),.PIECEWISE_BEZIER_KNOTS.);
#3040 = CARTESIAN_POINT('',(3.6,-2.,3.7));
#3041 = CARTESIAN_POINT('',(3.6,-2.3,3.7));
#3042 = ORIENTED_EDGE('',*,*,#2113,.T.);
#3043 = ORIENTED_EDGE('',*,*,#3010,.T.);
#3044 = B_SPLINE_SURFACE_WITH_KNOTS('',1,1,(
    (#3045,#3046)
    ,(#3047,#3048
    )),.UNSPECIFIED.,.F.,.F.,.F.,(2,2),(2,2),(-0.2,0.2),(-0.15,0.15),
  .PIECEWISE_BEZIER_KNOTS.);
#3045 = CARTESIAN_POINT('',(3.9,-2.,3.7));
#3046 = CARTESIAN_POINT('',(3.9,-2.3,3.7));
#3047 = CARTESIAN_POINT('',(3.6,-2.,3.7));
#3048 = CARTESIAN_POINT('',(3.6,-2.3,3.7));
#3049 = ADVANCED_FACE('',(#3050),#3060,.F.);
#3050 = FACE_BOUND('',#3051,.F.);
#3051 = EDGE_LOOP('',(#3052,#3057,#3058,#3059));
#3052 = ORIENTED_EDGE('',*,*,#3053,.T.);
#3053 = EDGE_CURVE('',#2650,#3032,#3054,.T.);
#3054 = B_SPLINE_CURVE_WITH_KNOTS('',1,(#3055,#3056),.UNSPECIFIED.,.F.,
  .F.,(2,2),(0.,1.9),.PIECEWISE_BEZIER_KNOTS.);
#3055 = CARTESIAN_POINT('',(3.6,-2.,1.8));
#3056 = CARTESIAN_POINT('',(3.6,-2.,3.7));
#3057 = ORIENTED_EDGE('',*,*,#3038,.T.);
#3058 = ORIENTED_EDGE('',*,*,#2106,.F.);
#3059 = ORIENTED_EDGE('',*,*,#2649,.F.);
#3060 = B_SPLINE_SURFACE_WITH_KNOTS('',1,1,(
    (#3061,#3062)
    ,(#3063,#3064
    )),.UNSPECIFIED.,.F.,.F.,.F.,(2,2),(2,2),(0.,0.3),(-1.9,0.),
  .PIECEWISE_BEZIER_KNOTS.);
#3061 = CARTESIAN_POINT('',(3.6,-2.,3.7));
#3062 = CARTESIAN_POINT('',(3.6,-2.,1.8));
#3063 = CARTESIAN_POINT('',(3.6,-2.3,3.7));
#3064 = CARTESIAN_POINT('',(3.6,-2.3,1.8));
#3065 = ADVANCED_FACE('',(#3066),#3082,.F.);
#3066 = FACE_BOUND('',#3067,.F.);
#3067 = EDGE_LOOP('',(#3068,#3069,#3076,#3081));
#3068 = ORIENTED_EDGE('',*,*,#2092,.T.);
#3069 = ORIENTED_EDGE('',*,*,#3070,.T.);
#3070 = EDGE_CURVE('',#2086,#3071,#3073,.T.);
#3071 = VERTEX_POINT('',#3072);
#3072 = CARTESIAN_POINT('',(2.4,-2.,3.7));
#3073 = B_SPLINE_CURVE_WITH_KNOTS('',1,(#3074,#3075),.UNSPECIFIED.,.F.,
  .F.,(2,2),(0.,0.3),.PIECEWISE_BEZIER_KNOTS.);
#3074 = CARTESIAN_POINT('',(2.4,-2.3,3.7));
#3075 = CARTESIAN_POINT('',(2.4,-2.,3.7));
#3076 = ORIENTED_EDGE('',*,*,#3077,.F.);
#3077 = EDGE_CURVE('',#2637,#3071,#3078,.T.);
#3078 = B_SPLINE_CURVE_WITH_KNOTS('',1,(#3079,#3080),.UNSPECIFIED.,.F.,
  .F.,(2,2),(0.,1.9),.PIECEWISE_BEZIER_KNOTS.);
#3079 = CARTESIAN_POINT('',(2.4,-2.,1.8));
#3080 = CARTESIAN_POINT('',(2.4,-2.,3.7));
#3081 = ORIENTED_EDGE('',*,*,#2643,.F.);
#3082 = B_SPLINE_SURFACE_WITH_KNOTS('',1,1,(
    (#3083,#3084)
    ,(#3085,#3086
    )),.UNSPECIFIED.,.F.,.F.,.F.,(2,2),(2,2),(0.,0.3),(-1.9,0.),
  .PIECEWISE_BEZIER_KNOTS.);
#3083 = CARTESIAN_POINT('',(2.4,-2.3,3.7));
#3084 = CARTESIAN_POINT('',(2.4,-2.3,1.8));
#3085 = CARTESIAN_POINT('',(2.4,-2.,3.7));
#3086 = CARTESIAN_POINT('',(2.4,-2.,1.8));
#3087 = ADVANCED_FACE('',(#3088),#3104,.T.);
#3088 = FACE_BOUND('',#3089,.T.);
#3089 = EDGE_LOOP('',(#3090,#3097,#3102,#3103));
#3090 = ORIENTED_EDGE('',*,*,#3091,.T.);
#3091 = EDGE_CURVE('',#3071,#3092,#3094,.T.);
#3092 = VERTEX_POINT('',#3093);
#3093 = CARTESIAN_POINT('',(2.1,-2.,3.7));
#3094 = B_SPLINE_CURVE_WITH_KNOTS('',1,(#3095,#3096),.UNSPECIFIED.,.F.,
  .F.,(2,2),(0.,0.4),.PIECEWISE_BEZIER_KNOTS.);
#3095 = CARTESIAN_POINT('',(2.4,-2.,3.7));
#3096 = CARTESIAN_POINT('',(2.1,-2.,3.7));
#3097 = ORIENTED_EDGE('',*,*,#3098,.T.);
#3098 = EDGE_CURVE('',#3092,#2079,#3099,.T.);
#3099 = B_SPLINE_CURVE_WITH_KNOTS('',1,(#3100,#3101),.UNSPECIFIED.,.F.,
  .F.,(2,2),(0.,0.3),.PIECEWISE_BEZIER_KNOTS.);
#3100 = CARTESIAN_POINT('',(2.1,-2.,3.7));
#3101 = CARTESIAN_POINT('',(2.1,-2.3,3.7));
#3102 = ORIENTED_EDGE('',*,*,#2085,.T.);
#3103 = ORIENTED_EDGE('',*,*,#3070,.T.);
#3104 = B_SPLINE_SURFACE_WITH_KNOTS('',1,1,(
    (#3105,#3106)
    ,(#3107,#3108
    )),.UNSPECIFIED.,.F.,.F.,.F.,(2,2),(2,2),(-0.2,0.2),(-0.15,0.15),
  .PIECEWISE_BEZIER_KNOTS.);
#3105 = CARTESIAN_POINT('',(2.4,-2.,3.7));
#3106 = CARTESIAN_POINT('',(2.4,-2.3,3.7));
#3107 = CARTESIAN_POINT('',(2.1,-2.,3.7));
#3108 = CARTESIAN_POINT('',(2.1,-2.3,3.7));
#3109 = ADVANCED_FACE('',(#3110),#3120,.F.);
#3110 = FACE_BOUND('',#3111,.F.);
#3111 = EDGE_LOOP('',(#3112,#3117,#3118,#3119));
#3112 = ORIENTED_EDGE('',*,*,#3113,.T.);
#3113 = EDGE_CURVE('',#2630,#3092,#3114,.T.);
#3114 = B_SPLINE_CURVE_WITH_KNOTS('',1,(#3115,#3116),.UNSPECIFIED.,.F.,
  .F.,(2,2),(0.,1.9),.PIECEWISE_BEZIER_KNOTS.);
#3115 = CARTESIAN_POINT('',(2.1,-2.,1.8));
#3116 = CARTESIAN_POINT('',(2.1,-2.,3.7));
#3117 = ORIENTED_EDGE('',*,*,#3098,.T.);
#3118 = ORIENTED_EDGE('',*,*,#2078,.F.);
#3119 = ORIENTED_EDGE('',*,*,#2629,.F.);
#3120 = B_SPLINE_SURFACE_WITH_KNOTS('',1,1,(
    (#3121,#3122)
    ,(#3123,#3124
    )),.UNSPECIFIED.,.F.,.F.,.F.,(2,2),(2,2),(0.,0.3),(-1.9,0.),
  .PIECEWISE_BEZIER_KNOTS.);
#3121 = CARTESIAN_POINT('',(2.1,-2.,3.7));
#3122 = CARTESIAN_POINT('',(2.1,-2.,1.8));
#3123 = CARTESIAN_POINT('',(2.1,-2.3,3.7));
#3124 = CARTESIAN_POINT('',(2.1,-2.3,1.8));
#3125 = ADVANCED_FACE('',(#3126),#3142,.F.);
#3126 = FACE_BOUND('',#3127,.F.);
#3127 = EDGE_LOOP('',(#3128,#3129,#3136,#3141));
#3128 = ORIENTED_EDGE('',*,*,#2064,.T.);
#3129 = ORIENTED_EDGE('',*,*,#3130,.T.);
#3130 = EDGE_CURVE('',#2058,#3131,#3133,.T.);
#3131 = VERTEX_POINT('',#3132);
#3132 = CARTESIAN_POINT('',(0.9,-2.,3.7));
#3133 = B_SPLINE_CURVE_WITH_KNOTS('',1,(#3134,#3135),.UNSPECIFIED.,.F.,
  .F.,(2,2),(0.,0.3),.PIECEWISE_BEZIER_KNOTS.);
#3134 = CARTESIAN_POINT('',(0.9,-2.3,3.7));
#3135 = CARTESIAN_POINT('',(0.9,-2.,3.7));
#3136 = ORIENTED_EDGE('',*,*,#3137,.F.);
#3137 = EDGE_CURVE('',#2617,#3131,#3138,.T.);
#3138 = B_SPLINE_CURVE_WITH_KNOTS('',1,(#3139,#3140),.UNSPECIFIED.,.F.,
  .F.,(2,2),(0.,1.9),.PIECEWISE_BEZIER_KNOTS.);
#3139 = CARTESIAN_POINT('',(0.9,-2.,1.8));
#3140 = CARTESIAN_POINT('',(0.9,-2.,3.7));
#3141 = ORIENTED_EDGE('',*,*,#2623,.F.);
#3142 = B_SPLINE_SURFACE_WITH_KNOTS('',1,1,(
    (#3143,#3144)
    ,(#3145,#3146
    )),.UNSPECIFIED.,.F.,.F.,.F.,(2,2),(2,2),(0.,0.3),(-1.9,0.),
  .PIECEWISE_BEZIER_KNOTS.);
#3143 = CARTESIAN_POINT('',(0.9,-2.3,3.7));
#3144 = CARTESIAN_POINT('',(0.9,-2.3,1.8));
#3145 = CARTESIAN_POINT('',(0.9,-2.,3.7));
#3146 = CARTESIAN_POINT('',(0.9,-2.,1.8));
#3147 = ADVANCED_FACE('',(#3148),#3164,.T.);
#3148 = FACE_BOUND('',#3149,.T.);
#3149 = EDGE_LOOP('',(#3150,#3157,#3162,#3163));
#3150 = ORIENTED_EDGE('',*,*,#3151,.T.);
#3151 = EDGE_CURVE('',#3131,#3152,#3154,.T.);
#3152 = VERTEX_POINT('',#3153);
#3153 = CARTESIAN_POINT('',(0.6,-2.,3.7));
#3154 = B_SPLINE_CURVE_WITH_KNOTS('',1,(#3155,#3156),.UNSPECIFIED.,.F.,
  .F.,(2,2),(0.,0.4),.PIECEWISE_BEZIER_KNOTS.);
#3155 = CARTESIAN_POINT('',(0.9,-2.,3.7));
#3156 = CARTESIAN_POINT('',(0.6,-2.,3.7));
#3157 = ORIENTED_EDGE('',*,*,#3158,.T.);
#3158 = EDGE_CURVE('',#3152,#2051,#3159,.T.);
#3159 = B_SPLINE_CURVE_WITH_KNOTS('',1,(#3160,#3161),.UNSPECIFIED.,.F.,
  .F.,(2,2),(0.,0.3),.PIECEWISE_BEZIER_KNOTS.);
#3160 = CARTESIAN_POINT('',(0.6,-2.,3.7));
#3161 = CARTESIAN_POINT('',(0.6,-2.3,3.7));
#3162 = ORIENTED_EDGE('',*,*,#2057,.T.);
#3163 = ORIENTED_EDGE('',*,*,#3130,.T.);
#3164 = B_SPLINE_SURFACE_WITH_KNOTS('',1,1,(
    (#3165,#3166)
    ,(#3167,#3168
    )),.UNSPECIFIED.,.F.,.F.,.F.,(2,2),(2,2),(-0.2,0.2),(-0.15,0.15),
  .PIECEWISE_BEZIER_KNOTS.);
#3165 = CARTESIAN_POINT('',(0.9,-2.,3.7));
#3166 = CARTESIAN_POINT('',(0.9,-2.3,3.7));
#3167 = CARTESIAN_POINT('',(0.6,-2.,3.7));
#3168 = CARTESIAN_POINT('',(0.6,-2.3,3.7));
#3169 = ADVANCED_FACE('',(#3170),#3180,.F.);
#3170 = FACE_BOUND('',#3171,.F.);
#3171 = EDGE_LOOP('',(#3172,#3177,#3178,#3179));
#3172 = ORIENTED_EDGE('',*,*,#3173,.T.);
#3173 = EDGE_CURVE('',#2610,#3152,#3174,.T.);
#3174 = B_SPLINE_CURVE_WITH_KNOTS('',1,(#3175,#3176),.UNSPECIFIED.,.F.,
  .F.,(2,2),(0.,1.9),.PIECEWISE_BEZIER_KNOTS.);
#3175 = CARTESIAN_POINT('',(0.6,-2.,1.8));
#3176 = CARTESIAN_POINT('',(0.6,-2.,3.7));
#3177 = ORIENTED_EDGE('',*,*,#3158,.T.);
#3178 = ORIENTED_EDGE('',*,*,#2050,.F.);
#3179 = ORIENTED_EDGE('',*,*,#2609,.F.);
#3180 = B_SPLINE_SURFACE_WITH_KNOTS('',1,1,(
    (#3181,#3182)
    ,(#3183,#3184
    )),.UNSPECIFIED.,.F.,.F.,.F.,(2,2),(2,2),(0.,0.3),(-1.9,0.),
  .PIECEWISE_BEZIER_KNOTS.);
#3181 = CARTESIAN_POINT('',(0.6,-2.,3.7));
#3182 = CARTESIAN_POINT('',(0.6,-2.,1.8));
#3183 = CARTESIAN_POINT('',(0.6,-2.3,3.7));
#3184 = CARTESIAN_POINT('',(0.6,-2.3,1.8));
#3185 = ADVANCED_FACE('',(#3186),#3236,.T.);
#3186 = FACE_BOUND('',#3187,.T.);
#3187 = EDGE_LOOP('',(#3188,#3197,#3204,#3211,#3216,#3217,#3224,#3231));
#3188 = ORIENTED_EDGE('',*,*,#3189,.T.);
#3189 = EDGE_CURVE('',#3190,#3192,#3194,.T.);
#3190 = VERTEX_POINT('',#3191);
#3191 = CARTESIAN_POINT('',(-0.1875,0.281578947368,-3.2));
#3192 = VERTEX_POINT('',#3193);
#3193 = CARTESIAN_POINT('',(-0.1875,-0.218421052632,-3.2));
#3194 = B_SPLINE_CURVE_WITH_KNOTS('',1,(#3195,#3196),.UNSPECIFIED.,.F.,
  .F.,(2,2),(-3.1578947368E-02,0.468421052632),
  .PIECEWISE_BEZIER_KNOTS.);
#3195 = CARTESIAN_POINT('',(-0.1875,0.281578947368,-3.2));
#3196 = CARTESIAN_POINT('',(-0.1875,-0.218421052632,-3.2));
#3197 = ORIENTED_EDGE('',*,*,#3198,.T.);
#3198 = EDGE_CURVE('',#3192,#3199,#3201,.T.);
#3199 = VERTEX_POINT('',#3200);
#3200 = CARTESIAN_POINT('',(-0.1875,5.E-02,-1.5));
#3201 = B_SPLINE_CURVE_WITH_KNOTS('',1,(#3202,#3203),.UNSPECIFIED.,.F.,
  .F.,(2,2),(0.202477726965,1.923538406167),.PIECEWISE_BEZIER_KNOTS.);
#3202 = CARTESIAN_POINT('',(-0.1875,-0.218421052632,-3.2));
#3203 = CARTESIAN_POINT('',(-0.1875,5.E-02,-1.5));
#3204 = ORIENTED_EDGE('',*,*,#3205,.T.);
#3205 = EDGE_CURVE('',#3199,#3206,#3208,.T.);
#3206 = VERTEX_POINT('',#3207);
#3207 = CARTESIAN_POINT('',(-0.1875,-0.25,-0.9));
#3208 = B_SPLINE_CURVE_WITH_KNOTS('',1,(#3209,#3210),.UNSPECIFIED.,.F.,
  .F.,(2,2),(0.,0.67082039325),.PIECEWISE_BEZIER_KNOTS.);
#3209 = CARTESIAN_POINT('',(-0.1875,5.E-02,-1.5));
#3210 = CARTESIAN_POINT('',(-0.1875,-0.25,-0.9));
#3211 = ORIENTED_EDGE('',*,*,#3212,.T.);
#3212 = EDGE_CURVE('',#3206,#2206,#3213,.T.);
#3213 = B_SPLINE_CURVE_WITH_KNOTS('',1,(#3214,#3215),.UNSPECIFIED.,.F.,
  .F.,(2,2),(0.,1.),.PIECEWISE_BEZIER_KNOTS.);
#3214 = CARTESIAN_POINT('',(-0.1875,-0.25,-0.9));
#3215 = CARTESIAN_POINT('',(-0.1875,-0.25,1.E-01));
#3216 = ORIENTED_EDGE('',*,*,#2203,.F.);
#3217 = ORIENTED_EDGE('',*,*,#3218,.T.);
#3218 = EDGE_CURVE('',#2204,#3219,#3221,.T.);
#3219 = VERTEX_POINT('',#3220);
#3220 = CARTESIAN_POINT('',(-0.1875,0.25,-0.9));
#3221 = B_SPLINE_CURVE_WITH_KNOTS('',1,(#3222,#3223),.UNSPECIFIED.,.F.,
  .F.,(2,2),(4.9,5.9),.PIECEWISE_BEZIER_KNOTS.);
#3222 = CARTESIAN_POINT('',(-0.1875,0.25,1.E-01));
#3223 = CARTESIAN_POINT('',(-0.1875,0.25,-0.9));
#3224 = ORIENTED_EDGE('',*,*,#3225,.T.);
#3225 = EDGE_CURVE('',#3219,#3226,#3228,.T.);
#3226 = VERTEX_POINT('',#3227);
#3227 = CARTESIAN_POINT('',(-0.1875,0.55,-1.5));
#3228 = B_SPLINE_CURVE_WITH_KNOTS('',1,(#3229,#3230),.UNSPECIFIED.,.F.,
  .F.,(2,2),(0.,0.67082039325),.PIECEWISE_BEZIER_KNOTS.);
#3229 = CARTESIAN_POINT('',(-0.1875,0.25,-0.9));
#3230 = CARTESIAN_POINT('',(-0.1875,0.55,-1.5));
#3231 = ORIENTED_EDGE('',*,*,#3232,.T.);
#3232 = EDGE_CURVE('',#3226,#3190,#3233,.T.);
#3233 = B_SPLINE_CURVE_WITH_KNOTS('',1,(#3234,#3235),.UNSPECIFIED.,.F.,
  .F.,(2,2),(-0.,1.721060679202),.PIECEWISE_BEZIER_KNOTS.);
#3234 = CARTESIAN_POINT('',(-0.1875,0.55,-1.5));
#3235 = CARTESIAN_POINT('',(-0.1875,0.281578947368,-3.2));
#3236 = B_SPLINE_SURFACE_WITH_KNOTS('',1,1,(
    (#3237,#3238)
    ,(#3239,#3240
    )),.UNSPECIFIED.,.F.,.F.,.F.,(2,2),(2,2),(-3.975746953017,
    -0.675746953017),(-0.293266432726,0.506733567274),
  .PIECEWISE_BEZIER_KNOTS.);
#3237 = CARTESIAN_POINT('',(-0.1875,-0.25,-3.2));
#3238 = CARTESIAN_POINT('',(-0.1875,0.55,-3.2));
#3239 = CARTESIAN_POINT('',(-0.1875,-0.25,1.E-01));
#3240 = CARTESIAN_POINT('',(-0.1875,0.55,1.E-01));
#3241 = ADVANCED_FACE('',(#3242),#3258,.F.);
#3242 = FACE_BOUND('',#3243,.F.);
#3243 = EDGE_LOOP('',(#3244,#3251,#3256,#3257));
#3244 = ORIENTED_EDGE('',*,*,#3245,.F.);
#3245 = EDGE_CURVE('',#3246,#2220,#3248,.T.);
#3246 = VERTEX_POINT('',#3247);
#3247 = CARTESIAN_POINT('',(0.1875,-0.25,-0.9));
#3248 = B_SPLINE_CURVE_WITH_KNOTS('',1,(#3249,#3250),.UNSPECIFIED.,.F.,
  .F.,(2,2),(0.,1.),.PIECEWISE_BEZIER_KNOTS.);
#3249 = CARTESIAN_POINT('',(0.1875,-0.25,-0.9));
#3250 = CARTESIAN_POINT('',(0.1875,-0.25,1.E-01));
#3251 = ORIENTED_EDGE('',*,*,#3252,.T.);
#3252 = EDGE_CURVE('',#3246,#3206,#3253,.T.);
#3253 = B_SPLINE_CURVE_WITH_KNOTS('',1,(#3254,#3255),.UNSPECIFIED.,.F.,
  .F.,(2,2),(0.,0.5),.PIECEWISE_BEZIER_KNOTS.);
#3254 = CARTESIAN_POINT('',(0.1875,-0.25,-0.9));
#3255 = CARTESIAN_POINT('',(-0.1875,-0.25,-0.9));
#3256 = ORIENTED_EDGE('',*,*,#3212,.T.);
#3257 = ORIENTED_EDGE('',*,*,#2226,.F.);
#3258 = B_SPLINE_SURFACE_WITH_KNOTS('',1,1,(
    (#3259,#3260)
    ,(#3261,#3262
    )),.UNSPECIFIED.,.F.,.F.,.F.,(2,2),(2,2),(0.,1.),(-0.5,0.),
  .PIECEWISE_BEZIER_KNOTS.);
#3259 = CARTESIAN_POINT('',(-0.1875,-0.25,-0.9));
#3260 = CARTESIAN_POINT('',(0.1875,-0.25,-0.9));
#3261 = CARTESIAN_POINT('',(-0.1875,-0.25,1.E-01));
#3262 = CARTESIAN_POINT('',(0.1875,-0.25,1.E-01));
#3263 = ADVANCED_FACE('',(#3264),#3308,.F.);
#3264 = FACE_BOUND('',#3265,.F.);
#3265 = EDGE_LOOP('',(#3266,#3275,#3282,#3287,#3288,#3289,#3296,#3303));
#3266 = ORIENTED_EDGE('',*,*,#3267,.T.);
#3267 = EDGE_CURVE('',#3268,#3270,#3272,.T.);
#3268 = VERTEX_POINT('',#3269);
#3269 = CARTESIAN_POINT('',(0.1875,0.281578947368,-3.2));
#3270 = VERTEX_POINT('',#3271);
#3271 = CARTESIAN_POINT('',(0.1875,-0.218421052632,-3.2));
#3272 = B_SPLINE_CURVE_WITH_KNOTS('',1,(#3273,#3274),.UNSPECIFIED.,.F.,
  .F.,(2,2),(-3.1578947368E-02,0.468421052632),
  .PIECEWISE_BEZIER_KNOTS.);
#3273 = CARTESIAN_POINT('',(0.1875,0.281578947368,-3.2));
#3274 = CARTESIAN_POINT('',(0.1875,-0.218421052632,-3.2));
#3275 = ORIENTED_EDGE('',*,*,#3276,.T.);
#3276 = EDGE_CURVE('',#3270,#3277,#3279,.T.);
#3277 = VERTEX_POINT('',#3278);
#3278 = CARTESIAN_POINT('',(0.1875,5.E-02,-1.5));
#3279 = B_SPLINE_CURVE_WITH_KNOTS('',1,(#3280,#3281),.UNSPECIFIED.,.F.,
  .F.,(2,2),(0.202477726965,1.923538406167),.PIECEWISE_BEZIER_KNOTS.);
#3280 = CARTESIAN_POINT('',(0.1875,-0.218421052632,-3.2));
#3281 = CARTESIAN_POINT('',(0.1875,5.E-02,-1.5));
#3282 = ORIENTED_EDGE('',*,*,#3283,.T.);
#3283 = EDGE_CURVE('',#3277,#3246,#3284,.T.);
#3284 = B_SPLINE_CURVE_WITH_KNOTS('',1,(#3285,#3286),.UNSPECIFIED.,.F.,
  .F.,(2,2),(0.,0.67082039325),.PIECEWISE_BEZIER_KNOTS.);
#3285 = CARTESIAN_POINT('',(0.1875,5.E-02,-1.5));
#3286 = CARTESIAN_POINT('',(0.1875,-0.25,-0.9));
#3287 = ORIENTED_EDGE('',*,*,#3245,.T.);
#3288 = ORIENTED_EDGE('',*,*,#2219,.F.);
#3289 = ORIENTED_EDGE('',*,*,#3290,.T.);
#3290 = EDGE_CURVE('',#2213,#3291,#3293,.T.);
#3291 = VERTEX_POINT('',#3292);
#3292 = CARTESIAN_POINT('',(0.1875,0.25,-0.9));
#3293 = B_SPLINE_CURVE_WITH_KNOTS('',1,(#3294,#3295),.UNSPECIFIED.,.F.,
  .F.,(2,2),(4.9,5.9),.PIECEWISE_BEZIER_KNOTS.);
#3294 = CARTESIAN_POINT('',(0.1875,0.25,1.E-01));
#3295 = CARTESIAN_POINT('',(0.1875,0.25,-0.9));
#3296 = ORIENTED_EDGE('',*,*,#3297,.T.);
#3297 = EDGE_CURVE('',#3291,#3298,#3300,.T.);
#3298 = VERTEX_POINT('',#3299);
#3299 = CARTESIAN_POINT('',(0.1875,0.55,-1.5));
#3300 = B_SPLINE_CURVE_WITH_KNOTS('',1,(#3301,#3302),.UNSPECIFIED.,.F.,
  .F.,(2,2),(0.,0.67082039325),.PIECEWISE_BEZIER_KNOTS.);
#3301 = CARTESIAN_POINT('',(0.1875,0.25,-0.9));
#3302 = CARTESIAN_POINT('',(0.1875,0.55,-1.5));
#3303 = ORIENTED_EDGE('',*,*,#3304,.T.);
#3304 = EDGE_CURVE('',#3298,#3268,#3305,.T.);
#3305 = B_SPLINE_CURVE_WITH_KNOTS('',1,(#3306,#3307),.UNSPECIFIED.,.F.,
  .F.,(2,2),(-0.,1.721060679202),.PIECEWISE_BEZIER_KNOTS.);
#3306 = CARTESIAN_POINT('',(0.1875,0.55,-1.5));
#3307 = CARTESIAN_POINT('',(0.1875,0.281578947368,-3.2));
#3308 = B_SPLINE_SURFACE_WITH_KNOTS('',1,1,(
    (#3309,#3310)
    ,(#3311,#3312
    )),.UNSPECIFIED.,.F.,.F.,.F.,(2,2),(2,2),(-3.975746953017,
    -0.675746953017),(-0.293266432726,0.506733567274),
  .PIECEWISE_BEZIER_KNOTS.);
#3309 = CARTESIAN_POINT('',(0.1875,-0.25,-3.2));
#3310 = CARTESIAN_POINT('',(0.1875,0.55,-3.2));
#3311 = CARTESIAN_POINT('',(0.1875,-0.25,1.E-01));
#3312 = CARTESIAN_POINT('',(0.1875,0.55,1.E-01));
#3313 = ADVANCED_FACE('',(#3314),#3324,.F.);
#3314 = FACE_BOUND('',#3315,.F.);
#3315 = EDGE_LOOP('',(#3316,#3317,#3318,#3319));
#3316 = ORIENTED_EDGE('',*,*,#3290,.F.);
#3317 = ORIENTED_EDGE('',*,*,#2212,.F.);
#3318 = ORIENTED_EDGE('',*,*,#3218,.T.);
#3319 = ORIENTED_EDGE('',*,*,#3320,.F.);
#3320 = EDGE_CURVE('',#3291,#3219,#3321,.T.);
#3321 = B_SPLINE_CURVE_WITH_KNOTS('',1,(#3322,#3323),.UNSPECIFIED.,.F.,
  .F.,(2,2),(0.,0.5),.PIECEWISE_BEZIER_KNOTS.);
#3322 = CARTESIAN_POINT('',(0.1875,0.25,-0.9));
#3323 = CARTESIAN_POINT('',(-0.1875,0.25,-0.9));
#3324 = B_SPLINE_SURFACE_WITH_KNOTS('',1,1,(
    (#3325,#3326)
    ,(#3327,#3328
    )),.UNSPECIFIED.,.F.,.F.,.F.,(2,2),(2,2),(4.9,5.9),(-0.5,0.),
  .PIECEWISE_BEZIER_KNOTS.);
#3325 = CARTESIAN_POINT('',(-0.1875,0.25,1.E-01));
#3326 = CARTESIAN_POINT('',(0.1875,0.25,1.E-01));
#3327 = CARTESIAN_POINT('',(-0.1875,0.25,-0.9));
#3328 = CARTESIAN_POINT('',(0.1875,0.25,-0.9));
#3329 = ADVANCED_FACE('',(#3330),#3352,.F.);
#3330 = FACE_BOUND('',#3331,.F.);
#3331 = EDGE_LOOP('',(#3332,#3339,#3340,#3347));
#3332 = ORIENTED_EDGE('',*,*,#3333,.F.);
#3333 = EDGE_CURVE('',#2248,#3334,#3336,.T.);
#3334 = VERTEX_POINT('',#3335);
#3335 = CARTESIAN_POINT('',(1.6875,0.25,-3.2));
#3336 = B_SPLINE_CURVE_WITH_KNOTS('',1,(#3337,#3338),.UNSPECIFIED.,.F.,
  .F.,(2,2),(4.9,8.2),.PIECEWISE_BEZIER_KNOTS.);
#3337 = CARTESIAN_POINT('',(1.6875,0.25,1.E-01));
#3338 = CARTESIAN_POINT('',(1.6875,0.25,-3.2));
#3339 = ORIENTED_EDGE('',*,*,#2245,.F.);
#3340 = ORIENTED_EDGE('',*,*,#3341,.T.);
#3341 = EDGE_CURVE('',#2246,#3342,#3344,.T.);
#3342 = VERTEX_POINT('',#3343);
#3343 = CARTESIAN_POINT('',(1.3125,0.25,-3.2));
#3344 = B_SPLINE_CURVE_WITH_KNOTS('',1,(#3345,#3346),.UNSPECIFIED.,.F.,
  .F.,(2,2),(4.9,8.2),.PIECEWISE_BEZIER_KNOTS.);
#3345 = CARTESIAN_POINT('',(1.3125,0.25,1.E-01));
#3346 = CARTESIAN_POINT('',(1.3125,0.25,-3.2));
#3347 = ORIENTED_EDGE('',*,*,#3348,.F.);
#3348 = EDGE_CURVE('',#3334,#3342,#3349,.T.);
#3349 = B_SPLINE_CURVE_WITH_KNOTS('',1,(#3350,#3351),.UNSPECIFIED.,.F.,
  .F.,(2,2),(0.,0.5),.PIECEWISE_BEZIER_KNOTS.);
#3350 = CARTESIAN_POINT('',(1.6875,0.25,-3.2));
#3351 = CARTESIAN_POINT('',(1.3125,0.25,-3.2));
#3352 = B_SPLINE_SURFACE_WITH_KNOTS('',1,1,(
    (#3353,#3354)
    ,(#3355,#3356
    )),.UNSPECIFIED.,.F.,.F.,.F.,(2,2),(2,2),(4.9,8.2),(-0.5,0.),
  .PIECEWISE_BEZIER_KNOTS.);
#3353 = CARTESIAN_POINT('',(1.3125,0.25,1.E-01));
#3354 = CARTESIAN_POINT('',(1.6875,0.25,1.E-01));
#3355 = CARTESIAN_POINT('',(1.3125,0.25,-3.2));
#3356 = CARTESIAN_POINT('',(1.6875,0.25,-3.2));
#3357 = ADVANCED_FACE('',(#3358),#3374,.T.);
#3358 = FACE_BOUND('',#3359,.T.);
#3359 = EDGE_LOOP('',(#3360,#3367,#3372,#3373));
#3360 = ORIENTED_EDGE('',*,*,#3361,.T.);
#3361 = EDGE_CURVE('',#3342,#3362,#3364,.T.);
#3362 = VERTEX_POINT('',#3363);
#3363 = CARTESIAN_POINT('',(1.3125,-0.25,-3.2));
#3364 = B_SPLINE_CURVE_WITH_KNOTS('',1,(#3365,#3366),.UNSPECIFIED.,.F.,
  .F.,(2,2),(0.,0.5),.PIECEWISE_BEZIER_KNOTS.);
#3365 = CARTESIAN_POINT('',(1.3125,0.25,-3.2));
#3366 = CARTESIAN_POINT('',(1.3125,-0.25,-3.2));
#3367 = ORIENTED_EDGE('',*,*,#3368,.T.);
#3368 = EDGE_CURVE('',#3362,#2262,#3369,.T.);
#3369 = B_SPLINE_CURVE_WITH_KNOTS('',1,(#3370,#3371),.UNSPECIFIED.,.F.,
  .F.,(2,2),(0.2,3.5),.PIECEWISE_BEZIER_KNOTS.);
#3370 = CARTESIAN_POINT('',(1.3125,-0.25,-3.2));
#3371 = CARTESIAN_POINT('',(1.3125,-0.25,0.1));
#3372 = ORIENTED_EDGE('',*,*,#2268,.F.);
#3373 = ORIENTED_EDGE('',*,*,#3341,.T.);
#3374 = B_SPLINE_SURFACE_WITH_KNOTS('',1,1,(
    (#3375,#3376)
    ,(#3377,#3378
    )),.UNSPECIFIED.,.F.,.F.,.F.,(2,2),(2,2),(-4.,-0.7),(-0.25,0.25),
  .PIECEWISE_BEZIER_KNOTS.);
#3375 = CARTESIAN_POINT('',(1.3125,-0.25,-3.2));
#3376 = CARTESIAN_POINT('',(1.3125,0.25,-3.2));
#3377 = CARTESIAN_POINT('',(1.3125,-0.25,1.E-01));
#3378 = CARTESIAN_POINT('',(1.3125,0.25,1.E-01));
#3379 = ADVANCED_FACE('',(#3380),#3396,.F.);
#3380 = FACE_BOUND('',#3381,.F.);
#3381 = EDGE_LOOP('',(#3382,#3389,#3394,#3395));
#3382 = ORIENTED_EDGE('',*,*,#3383,.F.);
#3383 = EDGE_CURVE('',#3384,#2255,#3386,.T.);
#3384 = VERTEX_POINT('',#3385);
#3385 = CARTESIAN_POINT('',(1.6875,-0.25,-3.2));
#3386 = B_SPLINE_CURVE_WITH_KNOTS('',1,(#3387,#3388),.UNSPECIFIED.,.F.,
  .F.,(2,2),(0.2,3.5),.PIECEWISE_BEZIER_KNOTS.);
#3387 = CARTESIAN_POINT('',(1.6875,-0.25,-3.2));
#3388 = CARTESIAN_POINT('',(1.6875,-0.25,0.1));
#3389 = ORIENTED_EDGE('',*,*,#3390,.T.);
#3390 = EDGE_CURVE('',#3384,#3362,#3391,.T.);
#3391 = B_SPLINE_CURVE_WITH_KNOTS('',1,(#3392,#3393),.UNSPECIFIED.,.F.,
  .F.,(2,2),(0.,0.5),.PIECEWISE_BEZIER_KNOTS.);
#3392 = CARTESIAN_POINT('',(1.6875,-0.25,-3.2));
#3393 = CARTESIAN_POINT('',(1.3125,-0.25,-3.2));
#3394 = ORIENTED_EDGE('',*,*,#3368,.T.);
#3395 = ORIENTED_EDGE('',*,*,#2261,.F.);
#3396 = B_SPLINE_SURFACE_WITH_KNOTS('',1,1,(
    (#3397,#3398)
    ,(#3399,#3400
    )),.UNSPECIFIED.,.F.,.F.,.F.,(2,2),(2,2),(0.2,3.5),(-0.5,0.),
  .PIECEWISE_BEZIER_KNOTS.);
#3397 = CARTESIAN_POINT('',(1.3125,-0.25,-3.2));
#3398 = CARTESIAN_POINT('',(1.6875,-0.25,-3.2));
#3399 = CARTESIAN_POINT('',(1.3125,-0.25,0.1));
#3400 = CARTESIAN_POINT('',(1.6875,-0.25,0.1));
#3401 = ADVANCED_FACE('',(#3402),#3412,.F.);
#3402 = FACE_BOUND('',#3403,.F.);
#3403 = EDGE_LOOP('',(#3404,#3409,#3410,#3411));
#3404 = ORIENTED_EDGE('',*,*,#3405,.T.);
#3405 = EDGE_CURVE('',#3334,#3384,#3406,.T.);
#3406 = B_SPLINE_CURVE_WITH_KNOTS('',1,(#3407,#3408),.UNSPECIFIED.,.F.,
  .F.,(2,2),(0.,0.5),.PIECEWISE_BEZIER_KNOTS.);
#3407 = CARTESIAN_POINT('',(1.6875,0.25,-3.2));
#3408 = CARTESIAN_POINT('',(1.6875,-0.25,-3.2));
#3409 = ORIENTED_EDGE('',*,*,#3383,.T.);
#3410 = ORIENTED_EDGE('',*,*,#2254,.F.);
#3411 = ORIENTED_EDGE('',*,*,#3333,.T.);
#3412 = B_SPLINE_SURFACE_WITH_KNOTS('',1,1,(
    (#3413,#3414)
    ,(#3415,#3416
    )),.UNSPECIFIED.,.F.,.F.,.F.,(2,2),(2,2),(-4.,-0.7),(-0.25,0.25),
  .PIECEWISE_BEZIER_KNOTS.);
#3413 = CARTESIAN_POINT('',(1.6875,-0.25,-3.2));
#3414 = CARTESIAN_POINT('',(1.6875,0.25,-3.2));
#3415 = CARTESIAN_POINT('',(1.6875,-0.25,1.E-01));
#3416 = CARTESIAN_POINT('',(1.6875,0.25,1.E-01));
#3417 = ADVANCED_FACE('',(#3418),#3440,.F.);
#3418 = FACE_BOUND('',#3419,.F.);
#3419 = EDGE_LOOP('',(#3420,#3427,#3428,#3435));
#3420 = ORIENTED_EDGE('',*,*,#3421,.F.);
#3421 = EDGE_CURVE('',#2290,#3422,#3424,.T.);
#3422 = VERTEX_POINT('',#3423);
#3423 = CARTESIAN_POINT('',(3.1875,0.25,-3.2));
#3424 = B_SPLINE_CURVE_WITH_KNOTS('',1,(#3425,#3426),.UNSPECIFIED.,.F.,
  .F.,(2,2),(4.9,8.2),.PIECEWISE_BEZIER_KNOTS.);
#3425 = CARTESIAN_POINT('',(3.1875,0.25,1.E-01));
#3426 = CARTESIAN_POINT('',(3.1875,0.25,-3.2));
#3427 = ORIENTED_EDGE('',*,*,#2287,.F.);
#3428 = ORIENTED_EDGE('',*,*,#3429,.T.);
#3429 = EDGE_CURVE('',#2288,#3430,#3432,.T.);
#3430 = VERTEX_POINT('',#3431);
#3431 = CARTESIAN_POINT('',(2.8125,0.25,-3.2));
#3432 = B_SPLINE_CURVE_WITH_KNOTS('',1,(#3433,#3434),.UNSPECIFIED.,.F.,
  .F.,(2,2),(4.9,8.2),.PIECEWISE_BEZIER_KNOTS.);
#3433 = CARTESIAN_POINT('',(2.8125,0.25,1.E-01));
#3434 = CARTESIAN_POINT('',(2.8125,0.25,-3.2));
#3435 = ORIENTED_EDGE('',*,*,#3436,.F.);
#3436 = EDGE_CURVE('',#3422,#3430,#3437,.T.);
#3437 = B_SPLINE_CURVE_WITH_KNOTS('',1,(#3438,#3439),.UNSPECIFIED.,.F.,
  .F.,(2,2),(0.,0.5),.PIECEWISE_BEZIER_KNOTS.);
#3438 = CARTESIAN_POINT('',(3.1875,0.25,-3.2));
#3439 = CARTESIAN_POINT('',(2.8125,0.25,-3.2));
#3440 = B_SPLINE_SURFACE_WITH_KNOTS('',1,1,(
    (#3441,#3442)
    ,(#3443,#3444
    )),.UNSPECIFIED.,.F.,.F.,.F.,(2,2),(2,2),(4.9,8.2),(-0.5,0.),
  .PIECEWISE_BEZIER_KNOTS.);
#3441 = CARTESIAN_POINT('',(2.8125,0.25,1.E-01));
#3442 = CARTESIAN_POINT('',(3.1875,0.25,1.E-01));
#3443 = CARTESIAN_POINT('',(2.8125,0.25,-3.2));
#3444 = CARTESIAN_POINT('',(3.1875,0.25,-3.2));
#3445 = ADVANCED_FACE('',(#3446),#3462,.T.);
#3446 = FACE_BOUND('',#3447,.T.);
#3447 = EDGE_LOOP('',(#3448,#3455,#3460,#3461));
#3448 = ORIENTED_EDGE('',*,*,#3449,.T.);
#3449 = EDGE_CURVE('',#3430,#3450,#3452,.T.);
#3450 = VERTEX_POINT('',#3451);
#3451 = CARTESIAN_POINT('',(2.8125,-0.25,-3.2));
#3452 = B_SPLINE_CURVE_WITH_KNOTS('',1,(#3453,#3454),.UNSPECIFIED.,.F.,
  .F.,(2,2),(0.,0.5),.PIECEWISE_BEZIER_KNOTS.);
#3453 = CARTESIAN_POINT('',(2.8125,0.25,-3.2));
#3454 = CARTESIAN_POINT('',(2.8125,-0.25,-3.2));
#3455 = ORIENTED_EDGE('',*,*,#3456,.T.);
#3456 = EDGE_CURVE('',#3450,#2304,#3457,.T.);
#3457 = B_SPLINE_CURVE_WITH_KNOTS('',1,(#3458,#3459),.UNSPECIFIED.,.F.,
  .F.,(2,2),(0.2,3.5),.PIECEWISE_BEZIER_KNOTS.);
#3458 = CARTESIAN_POINT('',(2.8125,-0.25,-3.2));
#3459 = CARTESIAN_POINT('',(2.8125,-0.25,0.1));
#3460 = ORIENTED_EDGE('',*,*,#2310,.F.);
#3461 = ORIENTED_EDGE('',*,*,#3429,.T.);
#3462 = B_SPLINE_SURFACE_WITH_KNOTS('',1,1,(
    (#3463,#3464)
    ,(#3465,#3466
    )),.UNSPECIFIED.,.F.,.F.,.F.,(2,2),(2,2),(-4.,-0.7),(-0.25,0.25),
  .PIECEWISE_BEZIER_KNOTS.);
#3463 = CARTESIAN_POINT('',(2.8125,-0.25,-3.2));
#3464 = CARTESIAN_POINT('',(2.8125,0.25,-3.2));
#3465 = CARTESIAN_POINT('',(2.8125,-0.25,1.E-01));
#3466 = CARTESIAN_POINT('',(2.8125,0.25,1.E-01));
#3467 = ADVANCED_FACE('',(#3468),#3484,.F.);
#3468 = FACE_BOUND('',#3469,.F.);
#3469 = EDGE_LOOP('',(#3470,#3477,#3482,#3483));
#3470 = ORIENTED_EDGE('',*,*,#3471,.F.);
#3471 = EDGE_CURVE('',#3472,#2297,#3474,.T.);
#3472 = VERTEX_POINT('',#3473);
#3473 = CARTESIAN_POINT('',(3.1875,-0.25,-3.2));
#3474 = B_SPLINE_CURVE_WITH_KNOTS('',1,(#3475,#3476),.UNSPECIFIED.,.F.,
  .F.,(2,2),(0.2,3.5),.PIECEWISE_BEZIER_KNOTS.);
#3475 = CARTESIAN_POINT('',(3.1875,-0.25,-3.2));
#3476 = CARTESIAN_POINT('',(3.1875,-0.25,0.1));
#3477 = ORIENTED_EDGE('',*,*,#3478,.T.);
#3478 = EDGE_CURVE('',#3472,#3450,#3479,.T.);
#3479 = B_SPLINE_CURVE_WITH_KNOTS('',1,(#3480,#3481),.UNSPECIFIED.,.F.,
  .F.,(2,2),(0.,0.5),.PIECEWISE_BEZIER_KNOTS.);
#3480 = CARTESIAN_POINT('',(3.1875,-0.25,-3.2));
#3481 = CARTESIAN_POINT('',(2.8125,-0.25,-3.2));
#3482 = ORIENTED_EDGE('',*,*,#3456,.T.);
#3483 = ORIENTED_EDGE('',*,*,#2303,.F.);
#3484 = B_SPLINE_SURFACE_WITH_KNOTS('',1,1,(
    (#3485,#3486)
    ,(#3487,#3488
    )),.UNSPECIFIED.,.F.,.F.,.F.,(2,2),(2,2),(0.2,3.5),(-0.5,0.),
  .PIECEWISE_BEZIER_KNOTS.);
#3485 = CARTESIAN_POINT('',(2.8125,-0.25,-3.2));
#3486 = CARTESIAN_POINT('',(3.1875,-0.25,-3.2));
#3487 = CARTESIAN_POINT('',(2.8125,-0.25,0.1));
#3488 = CARTESIAN_POINT('',(3.1875,-0.25,0.1));
#3489 = ADVANCED_FACE('',(#3490),#3500,.F.);
#3490 = FACE_BOUND('',#3491,.F.);
#3491 = EDGE_LOOP('',(#3492,#3497,#3498,#3499));
#3492 = ORIENTED_EDGE('',*,*,#3493,.T.);
#3493 = EDGE_CURVE('',#3422,#3472,#3494,.T.);
#3494 = B_SPLINE_CURVE_WITH_KNOTS('',1,(#3495,#3496),.UNSPECIFIED.,.F.,
  .F.,(2,2),(0.,0.5),.PIECEWISE_BEZIER_KNOTS.);
#3495 = CARTESIAN_POINT('',(3.1875,0.25,-3.2));
#3496 = CARTESIAN_POINT('',(3.1875,-0.25,-3.2));
#3497 = ORIENTED_EDGE('',*,*,#3471,.T.);
#3498 = ORIENTED_EDGE('',*,*,#2296,.F.);
#3499 = ORIENTED_EDGE('',*,*,#3421,.T.);
#3500 = B_SPLINE_SURFACE_WITH_KNOTS('',1,1,(
    (#3501,#3502)
    ,(#3503,#3504
    )),.UNSPECIFIED.,.F.,.F.,.F.,(2,2),(2,2),(-4.,-0.7),(-0.25,0.25),
  .PIECEWISE_BEZIER_KNOTS.);
#3501 = CARTESIAN_POINT('',(3.1875,-0.25,-3.2));
#3502 = CARTESIAN_POINT('',(3.1875,0.25,-3.2));
#3503 = CARTESIAN_POINT('',(3.1875,-0.25,1.E-01));
#3504 = CARTESIAN_POINT('',(3.1875,0.25,1.E-01));
#3505 = ADVANCED_FACE('',(#3506),#3528,.F.);
#3506 = FACE_BOUND('',#3507,.F.);
#3507 = EDGE_LOOP('',(#3508,#3515,#3516,#3523));
#3508 = ORIENTED_EDGE('',*,*,#3509,.F.);
#3509 = EDGE_CURVE('',#2332,#3510,#3512,.T.);
#3510 = VERTEX_POINT('',#3511);
#3511 = CARTESIAN_POINT('',(4.6875,0.25,-3.2));
#3512 = B_SPLINE_CURVE_WITH_KNOTS('',1,(#3513,#3514),.UNSPECIFIED.,.F.,
  .F.,(2,2),(4.9,8.2),.PIECEWISE_BEZIER_KNOTS.);
#3513 = CARTESIAN_POINT('',(4.6875,0.25,1.E-01));
#3514 = CARTESIAN_POINT('',(4.6875,0.25,-3.2));
#3515 = ORIENTED_EDGE('',*,*,#2329,.F.);
#3516 = ORIENTED_EDGE('',*,*,#3517,.T.);
#3517 = EDGE_CURVE('',#2330,#3518,#3520,.T.);
#3518 = VERTEX_POINT('',#3519);
#3519 = CARTESIAN_POINT('',(4.3125,0.25,-3.2));
#3520 = B_SPLINE_CURVE_WITH_KNOTS('',1,(#3521,#3522),.UNSPECIFIED.,.F.,
  .F.,(2,2),(4.9,8.2),.PIECEWISE_BEZIER_KNOTS.);
#3521 = CARTESIAN_POINT('',(4.3125,0.25,1.E-01));
#3522 = CARTESIAN_POINT('',(4.3125,0.25,-3.2));
#3523 = ORIENTED_EDGE('',*,*,#3524,.F.);
#3524 = EDGE_CURVE('',#3510,#3518,#3525,.T.);
#3525 = B_SPLINE_CURVE_WITH_KNOTS('',1,(#3526,#3527),.UNSPECIFIED.,.F.,
  .F.,(2,2),(0.,0.5),.PIECEWISE_BEZIER_KNOTS.);
#3526 = CARTESIAN_POINT('',(4.6875,0.25,-3.2));
#3527 = CARTESIAN_POINT('',(4.3125,0.25,-3.2));
#3528 = B_SPLINE_SURFACE_WITH_KNOTS('',1,1,(
    (#3529,#3530)
    ,(#3531,#3532
    )),.UNSPECIFIED.,.F.,.F.,.F.,(2,2),(2,2),(4.9,8.2),(-0.5,0.),
  .PIECEWISE_BEZIER_KNOTS.);
#3529 = CARTESIAN_POINT('',(4.3125,0.25,1.E-01));
#3530 = CARTESIAN_POINT('',(4.6875,0.25,1.E-01));
#3531 = CARTESIAN_POINT('',(4.3125,0.25,-3.2));
#3532 = CARTESIAN_POINT('',(4.6875,0.25,-3.2));
#3533 = ADVANCED_FACE('',(#3534),#3550,.T.);
#3534 = FACE_BOUND('',#3535,.T.);
#3535 = EDGE_LOOP('',(#3536,#3543,#3548,#3549));
#3536 = ORIENTED_EDGE('',*,*,#3537,.T.);
#3537 = EDGE_CURVE('',#3518,#3538,#3540,.T.);
#3538 = VERTEX_POINT('',#3539);
#3539 = CARTESIAN_POINT('',(4.3125,-0.25,-3.2));
#3540 = B_SPLINE_CURVE_WITH_KNOTS('',1,(#3541,#3542),.UNSPECIFIED.,.F.,
  .F.,(2,2),(0.,0.5),.PIECEWISE_BEZIER_KNOTS.);
#3541 = CARTESIAN_POINT('',(4.3125,0.25,-3.2));
#3542 = CARTESIAN_POINT('',(4.3125,-0.25,-3.2));
#3543 = ORIENTED_EDGE('',*,*,#3544,.T.);
#3544 = EDGE_CURVE('',#3538,#2346,#3545,.T.);
#3545 = B_SPLINE_CURVE_WITH_KNOTS('',1,(#3546,#3547),.UNSPECIFIED.,.F.,
  .F.,(2,2),(0.2,3.5),.PIECEWISE_BEZIER_KNOTS.);
#3546 = CARTESIAN_POINT('',(4.3125,-0.25,-3.2));
#3547 = CARTESIAN_POINT('',(4.3125,-0.25,0.1));
#3548 = ORIENTED_EDGE('',*,*,#2352,.F.);
#3549 = ORIENTED_EDGE('',*,*,#3517,.T.);
#3550 = B_SPLINE_SURFACE_WITH_KNOTS('',1,1,(
    (#3551,#3552)
    ,(#3553,#3554
    )),.UNSPECIFIED.,.F.,.F.,.F.,(2,2),(2,2),(-4.,-0.7),(-0.25,0.25),
  .PIECEWISE_BEZIER_KNOTS.);
#3551 = CARTESIAN_POINT('',(4.3125,-0.25,-3.2));
#3552 = CARTESIAN_POINT('',(4.3125,0.25,-3.2));
#3553 = CARTESIAN_POINT('',(4.3125,-0.25,1.E-01));
#3554 = CARTESIAN_POINT('',(4.3125,0.25,1.E-01));
#3555 = ADVANCED_FACE('',(#3556),#3572,.F.);
#3556 = FACE_BOUND('',#3557,.F.);
#3557 = EDGE_LOOP('',(#3558,#3565,#3570,#3571));
#3558 = ORIENTED_EDGE('',*,*,#3559,.F.);
#3559 = EDGE_CURVE('',#3560,#2339,#3562,.T.);
#3560 = VERTEX_POINT('',#3561);
#3561 = CARTESIAN_POINT('',(4.6875,-0.25,-3.2));
#3562 = B_SPLINE_CURVE_WITH_KNOTS('',1,(#3563,#3564),.UNSPECIFIED.,.F.,
  .F.,(2,2),(0.2,3.5),.PIECEWISE_BEZIER_KNOTS.);
#3563 = CARTESIAN_POINT('',(4.6875,-0.25,-3.2));
#3564 = CARTESIAN_POINT('',(4.6875,-0.25,0.1));
#3565 = ORIENTED_EDGE('',*,*,#3566,.T.);
#3566 = EDGE_CURVE('',#3560,#3538,#3567,.T.);
#3567 = B_SPLINE_CURVE_WITH_KNOTS('',1,(#3568,#3569),.UNSPECIFIED.,.F.,
  .F.,(2,2),(0.,0.5),.PIECEWISE_BEZIER_KNOTS.);
#3568 = CARTESIAN_POINT('',(4.6875,-0.25,-3.2));
#3569 = CARTESIAN_POINT('',(4.3125,-0.25,-3.2));
#3570 = ORIENTED_EDGE('',*,*,#3544,.T.);
#3571 = ORIENTED_EDGE('',*,*,#2345,.F.);
#3572 = B_SPLINE_SURFACE_WITH_KNOTS('',1,1,(
    (#3573,#3574)
    ,(#3575,#3576
    )),.UNSPECIFIED.,.F.,.F.,.F.,(2,2),(2,2),(0.2,3.5),(-0.5,0.),
  .PIECEWISE_BEZIER_KNOTS.);
#3573 = CARTESIAN_POINT('',(4.3125,-0.25,-3.2));
#3574 = CARTESIAN_POINT('',(4.6875,-0.25,-3.2));
#3575 = CARTESIAN_POINT('',(4.3125,-0.25,0.1));
#3576 = CARTESIAN_POINT('',(4.6875,-0.25,0.1));
#3577 = ADVANCED_FACE('',(#3578),#3588,.F.);
#3578 = FACE_BOUND('',#3579,.F.);
#3579 = EDGE_LOOP('',(#3580,#3585,#3586,#3587));
#3580 = ORIENTED_EDGE('',*,*,#3581,.T.);
#3581 = EDGE_CURVE('',#3510,#3560,#3582,.T.);
#3582 = B_SPLINE_CURVE_WITH_KNOTS('',1,(#3583,#3584),.UNSPECIFIED.,.F.,
  .F.,(2,2),(0.,0.5),.PIECEWISE_BEZIER_KNOTS.);
#3583 = CARTESIAN_POINT('',(4.6875,0.25,-3.2));
#3584 = CARTESIAN_POINT('',(4.6875,-0.25,-3.2));
#3585 = ORIENTED_EDGE('',*,*,#3559,.T.);
#3586 = ORIENTED_EDGE('',*,*,#2338,.F.);
#3587 = ORIENTED_EDGE('',*,*,#3509,.T.);
#3588 = B_SPLINE_SURFACE_WITH_KNOTS('',1,1,(
    (#3589,#3590)
    ,(#3591,#3592
    )),.UNSPECIFIED.,.F.,.F.,.F.,(2,2),(2,2),(-4.,-0.7),(-0.25,0.25),
  .PIECEWISE_BEZIER_KNOTS.);
#3589 = CARTESIAN_POINT('',(4.6875,-0.25,-3.2));
#3590 = CARTESIAN_POINT('',(4.6875,0.25,-3.2));
#3591 = CARTESIAN_POINT('',(4.6875,-0.25,1.E-01));
#3592 = CARTESIAN_POINT('',(4.6875,0.25,1.E-01));
#3593 = ADVANCED_FACE('',(#3594),#3616,.T.);
#3594 = FACE_BOUND('',#3595,.T.);
#3595 = EDGE_LOOP('',(#3596,#3605,#3610,#3611));
#3596 = ORIENTED_EDGE('',*,*,#3597,.T.);
#3597 = EDGE_CURVE('',#3598,#3600,#3602,.T.);
#3598 = VERTEX_POINT('',#3599);
#3599 = CARTESIAN_POINT('',(5.8125,0.25,-3.2));
#3600 = VERTEX_POINT('',#3601);
#3601 = CARTESIAN_POINT('',(5.8125,-0.25,-3.2));
#3602 = B_SPLINE_CURVE_WITH_KNOTS('',1,(#3603,#3604),.UNSPECIFIED.,.F.,
  .F.,(2,2),(0.,0.5),.PIECEWISE_BEZIER_KNOTS.);
#3603 = CARTESIAN_POINT('',(5.8125,0.25,-3.2));
#3604 = CARTESIAN_POINT('',(5.8125,-0.25,-3.2));
#3605 = ORIENTED_EDGE('',*,*,#3606,.T.);
#3606 = EDGE_CURVE('',#3600,#2374,#3607,.T.);
#3607 = B_SPLINE_CURVE_WITH_KNOTS('',1,(#3608,#3609),.UNSPECIFIED.,.F.,
  .F.,(2,2),(0.2,3.5),.PIECEWISE_BEZIER_KNOTS.);
#3608 = CARTESIAN_POINT('',(5.8125,-0.25,-3.2));
#3609 = CARTESIAN_POINT('',(5.8125,-0.25,0.1));
#3610 = ORIENTED_EDGE('',*,*,#2371,.F.);
#3611 = ORIENTED_EDGE('',*,*,#3612,.T.);
#3612 = EDGE_CURVE('',#2372,#3598,#3613,.T.);
#3613 = B_SPLINE_CURVE_WITH_KNOTS('',1,(#3614,#3615),.UNSPECIFIED.,.F.,
  .F.,(2,2),(4.9,8.2),.PIECEWISE_BEZIER_KNOTS.);
#3614 = CARTESIAN_POINT('',(5.8125,0.25,1.E-01));
#3615 = CARTESIAN_POINT('',(5.8125,0.25,-3.2));
#3616 = B_SPLINE_SURFACE_WITH_KNOTS('',1,1,(
    (#3617,#3618)
    ,(#3619,#3620
    )),.UNSPECIFIED.,.F.,.F.,.F.,(2,2),(2,2),(-4.,-0.7),(-0.25,0.25),
  .PIECEWISE_BEZIER_KNOTS.);
#3617 = CARTESIAN_POINT('',(5.8125,-0.25,-3.2));
#3618 = CARTESIAN_POINT('',(5.8125,0.25,-3.2));
#3619 = CARTESIAN_POINT('',(5.8125,-0.25,1.E-01));
#3620 = CARTESIAN_POINT('',(5.8125,0.25,1.E-01));
#3621 = ADVANCED_FACE('',(#3622),#3638,.F.);
#3622 = FACE_BOUND('',#3623,.F.);
#3623 = EDGE_LOOP('',(#3624,#3631,#3636,#3637));
#3624 = ORIENTED_EDGE('',*,*,#3625,.F.);
#3625 = EDGE_CURVE('',#3626,#2388,#3628,.T.);
#3626 = VERTEX_POINT('',#3627);
#3627 = CARTESIAN_POINT('',(6.1875,-0.25,-3.2));
#3628 = B_SPLINE_CURVE_WITH_KNOTS('',1,(#3629,#3630),.UNSPECIFIED.,.F.,
  .F.,(2,2),(0.2,3.5),.PIECEWISE_BEZIER_KNOTS.);
#3629 = CARTESIAN_POINT('',(6.1875,-0.25,-3.2));
#3630 = CARTESIAN_POINT('',(6.1875,-0.25,0.1));
#3631 = ORIENTED_EDGE('',*,*,#3632,.T.);
#3632 = EDGE_CURVE('',#3626,#3600,#3633,.T.);
#3633 = B_SPLINE_CURVE_WITH_KNOTS('',1,(#3634,#3635),.UNSPECIFIED.,.F.,
  .F.,(2,2),(0.,0.5),.PIECEWISE_BEZIER_KNOTS.);
#3634 = CARTESIAN_POINT('',(6.1875,-0.25,-3.2));
#3635 = CARTESIAN_POINT('',(5.8125,-0.25,-3.2));
#3636 = ORIENTED_EDGE('',*,*,#3606,.T.);
#3637 = ORIENTED_EDGE('',*,*,#2394,.F.);
#3638 = B_SPLINE_SURFACE_WITH_KNOTS('',1,1,(
    (#3639,#3640)
    ,(#3641,#3642
    )),.UNSPECIFIED.,.F.,.F.,.F.,(2,2),(2,2),(0.2,3.5),(-0.5,0.),
  .PIECEWISE_BEZIER_KNOTS.);
#3639 = CARTESIAN_POINT('',(5.8125,-0.25,-3.2));
#3640 = CARTESIAN_POINT('',(6.1875,-0.25,-3.2));
#3641 = CARTESIAN_POINT('',(5.8125,-0.25,0.1));
#3642 = CARTESIAN_POINT('',(6.1875,-0.25,0.1));
#3643 = ADVANCED_FACE('',(#3644),#3660,.F.);
#3644 = FACE_BOUND('',#3645,.F.);
#3645 = EDGE_LOOP('',(#3646,#3653,#3654,#3655));
#3646 = ORIENTED_EDGE('',*,*,#3647,.T.);
#3647 = EDGE_CURVE('',#3648,#3626,#3650,.T.);
#3648 = VERTEX_POINT('',#3649);
#3649 = CARTESIAN_POINT('',(6.1875,0.25,-3.2));
#3650 = B_SPLINE_CURVE_WITH_KNOTS('',1,(#3651,#3652),.UNSPECIFIED.,.F.,
  .F.,(2,2),(0.,0.5),.PIECEWISE_BEZIER_KNOTS.);
#3651 = CARTESIAN_POINT('',(6.1875,0.25,-3.2));
#3652 = CARTESIAN_POINT('',(6.1875,-0.25,-3.2));
#3653 = ORIENTED_EDGE('',*,*,#3625,.T.);
#3654 = ORIENTED_EDGE('',*,*,#2387,.F.);
#3655 = ORIENTED_EDGE('',*,*,#3656,.T.);
#3656 = EDGE_CURVE('',#2381,#3648,#3657,.T.);
#3657 = B_SPLINE_CURVE_WITH_KNOTS('',1,(#3658,#3659),.UNSPECIFIED.,.F.,
  .F.,(2,2),(4.9,8.2),.PIECEWISE_BEZIER_KNOTS.);
#3658 = CARTESIAN_POINT('',(6.1875,0.25,1.E-01));
#3659 = CARTESIAN_POINT('',(6.1875,0.25,-3.2));
#3660 = B_SPLINE_SURFACE_WITH_KNOTS('',1,1,(
    (#3661,#3662)
    ,(#3663,#3664
    )),.UNSPECIFIED.,.F.,.F.,.F.,(2,2),(2,2),(-4.,-0.7),(-0.25,0.25),
  .PIECEWISE_BEZIER_KNOTS.);
#3661 = CARTESIAN_POINT('',(6.1875,-0.25,-3.2));
#3662 = CARTESIAN_POINT('',(6.1875,0.25,-3.2));
#3663 = CARTESIAN_POINT('',(6.1875,-0.25,1.E-01));
#3664 = CARTESIAN_POINT('',(6.1875,0.25,1.E-01));
#3665 = ADVANCED_FACE('',(#3666),#3676,.F.);
#3666 = FACE_BOUND('',#3667,.F.);
#3667 = EDGE_LOOP('',(#3668,#3669,#3670,#3671));
#3668 = ORIENTED_EDGE('',*,*,#3656,.F.);
#3669 = ORIENTED_EDGE('',*,*,#2380,.F.);
#3670 = ORIENTED_EDGE('',*,*,#3612,.T.);
#3671 = ORIENTED_EDGE('',*,*,#3672,.F.);
#3672 = EDGE_CURVE('',#3648,#3598,#3673,.T.);
#3673 = B_SPLINE_CURVE_WITH_KNOTS('',1,(#3674,#3675),.UNSPECIFIED.,.F.,
  .F.,(2,2),(0.,0.5),.PIECEWISE_BEZIER_KNOTS.);
#3674 = CARTESIAN_POINT('',(6.1875,0.25,-3.2));
#3675 = CARTESIAN_POINT('',(5.8125,0.25,-3.2));
#3676 = B_SPLINE_SURFACE_WITH_KNOTS('',1,1,(
    (#3677,#3678)
    ,(#3679,#3680
    )),.UNSPECIFIED.,.F.,.F.,.F.,(2,2),(2,2),(4.9,8.2),(-0.5,0.),
  .PIECEWISE_BEZIER_KNOTS.);
#3677 = CARTESIAN_POINT('',(5.8125,0.25,1.E-01));
#3678 = CARTESIAN_POINT('',(6.1875,0.25,1.E-01));
#3679 = CARTESIAN_POINT('',(5.8125,0.25,-3.2));
#3680 = CARTESIAN_POINT('',(6.1875,0.25,-3.2));
#3681 = ADVANCED_FACE('',(#3682),#3692,.F.);
#3682 = FACE_BOUND('',#3683,.F.);
#3683 = EDGE_LOOP('',(#3684,#3685,#3686,#3691));
#3684 = ORIENTED_EDGE('',*,*,#2456,.T.);
#3685 = ORIENTED_EDGE('',*,*,#2499,.T.);
#3686 = ORIENTED_EDGE('',*,*,#3687,.F.);
#3687 = EDGE_CURVE('',#2566,#2500,#3688,.T.);
#3688 = B_SPLINE_CURVE_WITH_KNOTS('',1,(#3689,#3690),.UNSPECIFIED.,.F.,
  .F.,(2,2),(0.,0.5),.PIECEWISE_BEZIER_KNOTS.);
#3689 = CARTESIAN_POINT('',(7.6875,0.55,-1.5));
#3690 = CARTESIAN_POINT('',(7.3125,0.55,-1.5));
#3691 = ORIENTED_EDGE('',*,*,#2565,.F.);
#3692 = B_SPLINE_SURFACE_WITH_KNOTS('',1,1,(
    (#3693,#3694)
    ,(#3695,#3696
    )),.UNSPECIFIED.,.F.,.F.,.F.,(2,2),(2,2),(-2.558593380735E-18,
    0.67082039325),(-0.5,6.157472618637E-33),.PIECEWISE_BEZIER_KNOTS.);
#3693 = CARTESIAN_POINT('',(7.3125,0.25,-0.9));
#3694 = CARTESIAN_POINT('',(7.6875,0.25,-0.9));
#3695 = CARTESIAN_POINT('',(7.3125,0.55,-1.5));
#3696 = CARTESIAN_POINT('',(7.6875,0.55,-1.5));
#3697 = ADVANCED_FACE('',(#3698),#3734,.F.);
#3698 = FACE_BOUND('',#3699,.T.);
#3699 = EDGE_LOOP('',(#3700,#3709,#3716,#3723,#3728,#3729));
#3700 = ORIENTED_EDGE('',*,*,#3701,.F.);
#3701 = EDGE_CURVE('',#3702,#3704,#3706,.T.);
#3702 = VERTEX_POINT('',#3703);
#3703 = CARTESIAN_POINT('',(7.4625,5.E-02,-3.4));
#3704 = VERTEX_POINT('',#3705);
#3705 = CARTESIAN_POINT('',(7.3143355552,0.281192514695,-3.202447406934)
  );
#3706 = B_SPLINE_CURVE_WITH_KNOTS('',1,(#3707,#3708),.UNSPECIFIED.,.F.,
  .F.,(2,2),(-0.100268558019,0.262366289872),.PIECEWISE_BEZIER_KNOTS.);
#3707 = CARTESIAN_POINT('',(7.4625,5.000000000015E-02,-3.4));
#3708 = CARTESIAN_POINT('',(7.314335555201,0.281192514695,
    -3.202447406934));
#3709 = ORIENTED_EDGE('',*,*,#3710,.T.);
#3710 = EDGE_CURVE('',#3702,#3711,#3713,.T.);
#3711 = VERTEX_POINT('',#3712);
#3712 = CARTESIAN_POINT('',(7.4625,-5.E-02,-3.4));
#3713 = B_SPLINE_CURVE_WITH_KNOTS('',1,(#3714,#3715),.UNSPECIFIED.,.F.,
  .F.,(2,2),(0.2,0.3),.PIECEWISE_BEZIER_KNOTS.);
#3714 = CARTESIAN_POINT('',(7.4625,5.E-02,-3.4));
#3715 = CARTESIAN_POINT('',(7.4625,-5.E-02,-3.4));
#3716 = ORIENTED_EDGE('',*,*,#3717,.T.);
#3717 = EDGE_CURVE('',#3711,#3718,#3720,.T.);
#3718 = VERTEX_POINT('',#3719);
#3719 = CARTESIAN_POINT('',(7.3143355552,-0.218807485305,-3.202447406934
    ));
#3720 = B_SPLINE_CURVE_WITH_KNOTS('',1,(#3721,#3722),.UNSPECIFIED.,.F.,
  .F.,(2,2),(5.611789568812E-02,0.382537902963),
  .PIECEWISE_BEZIER_KNOTS.);
#3721 = CARTESIAN_POINT('',(7.4625,-5.000000000029E-02,-3.4));
#3722 = CARTESIAN_POINT('',(7.314335555201,-0.218807485306,
    -3.202447406934));
#3723 = ORIENTED_EDGE('',*,*,#3724,.T.);
#3724 = EDGE_CURVE('',#3718,#2472,#3725,.T.);
#3725 = B_SPLINE_CURVE_WITH_KNOTS('',1,(#3726,#3727),.UNSPECIFIED.,.F.,
  .F.,(2,2),(0.288514728478,0.291997390048),.PIECEWISE_BEZIER_KNOTS.);
#3726 = CARTESIAN_POINT('',(7.3143355552,-0.218807485306,-3.202447406934
    ));
#3727 = CARTESIAN_POINT('',(7.3125,-0.218421052632,-3.2));
#3728 = ORIENTED_EDGE('',*,*,#2469,.F.);
#3729 = ORIENTED_EDGE('',*,*,#3730,.F.);
#3730 = EDGE_CURVE('',#3704,#2470,#3731,.T.);
#3731 = B_SPLINE_CURVE_WITH_KNOTS('',1,(#3732,#3733),.UNSPECIFIED.,.F.,
  .F.,(2,2),(-0.367992736813,-0.364510075243),.PIECEWISE_BEZIER_KNOTS.);
#3732 = CARTESIAN_POINT('',(7.3143355552,0.281192514695,-3.202447406934)
  );
#3733 = CARTESIAN_POINT('',(7.3125,0.281578947369,-3.2));
#3734 = B_SPLINE_SURFACE_WITH_KNOTS('',1,1,(
    (#3735,#3736)
    ,(#3737,#3738
    )),.UNSPECIFIED.,.F.,.F.,.F.,(2,2),(2,2),(-0.468807485306,
    3.15789473686E-02),(-0.141421356237,0.141421356237),
  .PIECEWISE_BEZIER_KNOTS.);
#3735 = CARTESIAN_POINT('',(7.4625,-0.218807485306,-3.4));
#3736 = CARTESIAN_POINT('',(7.3125,-0.218807485306,-3.2));
#3737 = CARTESIAN_POINT('',(7.4625,0.281578947369,-3.4));
#3738 = CARTESIAN_POINT('',(7.3125,0.281578947369,-3.2));
#3739 = ADVANCED_FACE('',(#3740),#3758,.F.);
#3740 = FACE_BOUND('',#3741,.F.);
#3741 = EDGE_LOOP('',(#3742,#3743,#3744,#3745,#3746,#3753));
#3742 = ORIENTED_EDGE('',*,*,#2572,.F.);
#3743 = ORIENTED_EDGE('',*,*,#3687,.T.);
#3744 = ORIENTED_EDGE('',*,*,#2506,.T.);
#3745 = ORIENTED_EDGE('',*,*,#3730,.F.);
#3746 = ORIENTED_EDGE('',*,*,#3747,.F.);
#3747 = EDGE_CURVE('',#3748,#3704,#3750,.T.);
#3748 = VERTEX_POINT('',#3749);
#3749 = CARTESIAN_POINT('',(7.6856644448,0.281192514695,-3.202447406934)
  );
#3750 = B_SPLINE_CURVE_WITH_KNOTS('',1,(#3751,#3752),.UNSPECIFIED.,.F.,
  .F.,(2,2),(2.447406933999E-03,0.497552593066),
  .PIECEWISE_BEZIER_KNOTS.);
#3751 = CARTESIAN_POINT('',(7.6856644448,0.281192514695,-3.202447406934)
  );
#3752 = CARTESIAN_POINT('',(7.3143355552,0.281192514695,-3.202447406934)
  );
#3753 = ORIENTED_EDGE('',*,*,#3754,.T.);
#3754 = EDGE_CURVE('',#3748,#2542,#3755,.T.);
#3755 = B_SPLINE_CURVE_WITH_KNOTS('',1,(#3756,#3757),.UNSPECIFIED.,.F.,
  .F.,(2,2),(-0.543677833159,-0.540195171589),.PIECEWISE_BEZIER_KNOTS.);
#3756 = CARTESIAN_POINT('',(7.6856644448,0.281192514695,-3.202447406934)
  );
#3757 = CARTESIAN_POINT('',(7.6875,0.281578947368,-3.2));
#3758 = B_SPLINE_SURFACE_WITH_KNOTS('',1,1,(
    (#3759,#3760)
    ,(#3761,#3762
    )),.UNSPECIFIED.,.F.,.F.,.F.,(2,2),(2,2),(-7.765370685427E-18,
    1.723538406167),(-0.5,0.),.PIECEWISE_BEZIER_KNOTS.);
#3759 = CARTESIAN_POINT('',(7.3125,0.55,-1.5));
#3760 = CARTESIAN_POINT('',(7.6875,0.55,-1.5));
#3761 = CARTESIAN_POINT('',(7.3125,0.281192514695,-3.202447406934));
#3762 = CARTESIAN_POINT('',(7.6875,0.281192514695,-3.202447406934));
#3763 = ADVANCED_FACE('',(#3764),#3774,.F.);
#3764 = FACE_BOUND('',#3765,.F.);
#3765 = EDGE_LOOP('',(#3766,#3771,#3772,#3773));
#3766 = ORIENTED_EDGE('',*,*,#3767,.T.);
#3767 = EDGE_CURVE('',#2551,#2479,#3768,.T.);
#3768 = B_SPLINE_CURVE_WITH_KNOTS('',1,(#3769,#3770),.UNSPECIFIED.,.F.,
  .F.,(2,2),(0.,0.5),.PIECEWISE_BEZIER_KNOTS.);
#3769 = CARTESIAN_POINT('',(7.6875,5.E-02,-1.5));
#3770 = CARTESIAN_POINT('',(7.3125,5.E-02,-1.5));
#3771 = ORIENTED_EDGE('',*,*,#2485,.T.);
#3772 = ORIENTED_EDGE('',*,*,#2526,.F.);
#3773 = ORIENTED_EDGE('',*,*,#2557,.F.);
#3774 = B_SPLINE_SURFACE_WITH_KNOTS('',1,1,(
    (#3775,#3776)
    ,(#3777,#3778
    )),.UNSPECIFIED.,.F.,.F.,.F.,(2,2),(2,2),(0.,0.67082039325),(-0.5,
    3.673940397442E-17),.PIECEWISE_BEZIER_KNOTS.);
#3775 = CARTESIAN_POINT('',(7.3125,5.E-02,-1.5));
#3776 = CARTESIAN_POINT('',(7.6875,5.E-02,-1.5));
#3777 = CARTESIAN_POINT('',(7.3125,-0.25,-0.9));
#3778 = CARTESIAN_POINT('',(7.6875,-0.25,-0.9));
#3779 = ADVANCED_FACE('',(#3780),#3798,.F.);
#3780 = FACE_BOUND('',#3781,.F.);
#3781 = EDGE_LOOP('',(#3782,#3783,#3790,#3795,#3796,#3797));
#3782 = ORIENTED_EDGE('',*,*,#2550,.F.);
#3783 = ORIENTED_EDGE('',*,*,#3784,.F.);
#3784 = EDGE_CURVE('',#3785,#2544,#3787,.T.);
#3785 = VERTEX_POINT('',#3786);
#3786 = CARTESIAN_POINT('',(7.6856644448,-0.218807485305,-3.202447406934
    ));
#3787 = B_SPLINE_CURVE_WITH_KNOTS('',1,(#3788,#3789),.UNSPECIFIED.,.F.,
  .F.,(2,2),(0.112829632132,0.116312293702),.PIECEWISE_BEZIER_KNOTS.);
#3788 = CARTESIAN_POINT('',(7.6856644448,-0.218807485305,-3.202447406934
    ));
#3789 = CARTESIAN_POINT('',(7.6875,-0.218421052631,-3.2));
#3790 = ORIENTED_EDGE('',*,*,#3791,.T.);
#3791 = EDGE_CURVE('',#3785,#3718,#3792,.T.);
#3792 = B_SPLINE_CURVE_WITH_KNOTS('',1,(#3793,#3794),.UNSPECIFIED.,.F.,
  .F.,(2,2),(2.447406933999E-03,0.497552593066),
  .PIECEWISE_BEZIER_KNOTS.);
#3793 = CARTESIAN_POINT('',(7.6856644448,-0.218807485305,-3.202447406934
    ));
#3794 = CARTESIAN_POINT('',(7.3143355552,-0.218807485305,-3.202447406934
    ));
#3795 = ORIENTED_EDGE('',*,*,#3724,.T.);
#3796 = ORIENTED_EDGE('',*,*,#2478,.T.);
#3797 = ORIENTED_EDGE('',*,*,#3767,.F.);
#3798 = B_SPLINE_SURFACE_WITH_KNOTS('',1,1,(
    (#3799,#3800)
    ,(#3801,#3802
    )),.UNSPECIFIED.,.F.,.F.,.F.,(2,2),(2,2),(0.2,1.923538406167),(-0.5,
    7.693359533632E-34),.PIECEWISE_BEZIER_KNOTS.);
#3799 = CARTESIAN_POINT('',(7.3125,-0.218807485305,-3.202447406934));
#3800 = CARTESIAN_POINT('',(7.6875,-0.218807485305,-3.202447406934));
#3801 = CARTESIAN_POINT('',(7.3125,5.E-02,-1.5));
#3802 = CARTESIAN_POINT('',(7.6875,5.E-02,-1.5));
#3803 = ADVANCED_FACE('',(#3804),#3828,.T.);
#3804 = FACE_BOUND('',#3805,.F.);
#3805 = EDGE_LOOP('',(#3806,#3813,#3820,#3825,#3826,#3827));
#3806 = ORIENTED_EDGE('',*,*,#3807,.F.);
#3807 = EDGE_CURVE('',#3808,#3748,#3810,.T.);
#3808 = VERTEX_POINT('',#3809);
#3809 = CARTESIAN_POINT('',(7.5375,5.E-02,-3.4));
#3810 = B_SPLINE_CURVE_WITH_KNOTS('',1,(#3811,#3812),.UNSPECIFIED.,.F.,
  .F.,(2,2),(-0.236461062831,0.12617378506),.PIECEWISE_BEZIER_KNOTS.);
#3811 = CARTESIAN_POINT('',(7.5375,5.000000000024E-02,-3.4));
#3812 = CARTESIAN_POINT('',(7.685664444799,0.281192514695,
    -3.202447406934));
#3813 = ORIENTED_EDGE('',*,*,#3814,.T.);
#3814 = EDGE_CURVE('',#3808,#3815,#3817,.T.);
#3815 = VERTEX_POINT('',#3816);
#3816 = CARTESIAN_POINT('',(7.5375,-5.E-02,-3.4));
#3817 = B_SPLINE_CURVE_WITH_KNOTS('',1,(#3818,#3819),.UNSPECIFIED.,.F.,
  .F.,(2,2),(0.2,0.3),.PIECEWISE_BEZIER_KNOTS.);
#3818 = CARTESIAN_POINT('',(7.5375,5.E-02,-3.4));
#3819 = CARTESIAN_POINT('',(7.5375,-5.E-02,-3.4));
#3820 = ORIENTED_EDGE('',*,*,#3821,.T.);
#3821 = EDGE_CURVE('',#3815,#3785,#3822,.T.);
#3822 = B_SPLINE_CURVE_WITH_KNOTS('',1,(#3823,#3824),.UNSPECIFIED.,.F.,
  .F.,(2,2),(-9.518455871372E-02,0.231235448561),
  .PIECEWISE_BEZIER_KNOTS.);
#3823 = CARTESIAN_POINT('',(7.5375,-5.000000000023E-02,-3.4));
#3824 = CARTESIAN_POINT('',(7.685664444799,-0.218807485306,
    -3.202447406934));
#3825 = ORIENTED_EDGE('',*,*,#3784,.T.);
#3826 = ORIENTED_EDGE('',*,*,#2541,.F.);
#3827 = ORIENTED_EDGE('',*,*,#3754,.F.);
#3828 = B_SPLINE_SURFACE_WITH_KNOTS('',1,1,(
    (#3829,#3830)
    ,(#3831,#3832
    )),.UNSPECIFIED.,.F.,.F.,.F.,(2,2),(2,2),(-0.468807485306,
    3.15789473684E-02),(-0.141421356238,0.141421356237),
  .PIECEWISE_BEZIER_KNOTS.);
#3829 = CARTESIAN_POINT('',(7.5375,-0.218807485306,-3.4));
#3830 = CARTESIAN_POINT('',(7.6875,-0.218807485306,-3.2));
#3831 = CARTESIAN_POINT('',(7.5375,0.281578947368,-3.4));
#3832 = CARTESIAN_POINT('',(7.6875,0.281578947368,-3.2));
#3833 = ADVANCED_FACE('',(#3834),#3840,.F.);
#3834 = FACE_BOUND('',#3835,.F.);
#3835 = EDGE_LOOP('',(#3836,#3837,#3838,#3839));
#3836 = ORIENTED_EDGE('',*,*,#2897,.T.);
#3837 = ORIENTED_EDGE('',*,*,#2911,.T.);
#3838 = ORIENTED_EDGE('',*,*,#2933,.F.);
#3839 = ORIENTED_EDGE('',*,*,#2696,.F.);
#3840 = B_SPLINE_SURFACE_WITH_KNOTS('',1,1,(
    (#3841,#3842)
    ,(#3843,#3844
    )),.UNSPECIFIED.,.F.,.F.,.F.,(2,2),(2,2),(0.,0.4),(-1.9,0.),
  .PIECEWISE_BEZIER_KNOTS.);
#3841 = CARTESIAN_POINT('',(6.9,-2.,3.7));
#3842 = CARTESIAN_POINT('',(6.9,-2.,1.8));
#3843 = CARTESIAN_POINT('',(6.6,-2.,3.7));
#3844 = CARTESIAN_POINT('',(6.6,-2.,1.8));
#3845 = ADVANCED_FACE('',(#3846),#3852,.F.);
#3846 = FACE_BOUND('',#3847,.F.);
#3847 = EDGE_LOOP('',(#3848,#3849,#3850,#3851));
#3848 = ORIENTED_EDGE('',*,*,#2957,.T.);
#3849 = ORIENTED_EDGE('',*,*,#2971,.T.);
#3850 = ORIENTED_EDGE('',*,*,#2993,.F.);
#3851 = ORIENTED_EDGE('',*,*,#2676,.F.);
#3852 = B_SPLINE_SURFACE_WITH_KNOTS('',1,1,(
    (#3853,#3854)
    ,(#3855,#3856
    )),.UNSPECIFIED.,.F.,.F.,.F.,(2,2),(2,2),(0.,0.4),(-1.9,0.),
  .PIECEWISE_BEZIER_KNOTS.);
#3853 = CARTESIAN_POINT('',(5.4,-2.,3.7));
#3854 = CARTESIAN_POINT('',(5.4,-2.,1.8));
#3855 = CARTESIAN_POINT('',(5.1,-2.,3.7));
#3856 = CARTESIAN_POINT('',(5.1,-2.,1.8));
#3857 = ADVANCED_FACE('',(#3858),#3864,.F.);
#3858 = FACE_BOUND('',#3859,.F.);
#3859 = EDGE_LOOP('',(#3860,#3861,#3862,#3863));
#3860 = ORIENTED_EDGE('',*,*,#3137,.T.);
#3861 = ORIENTED_EDGE('',*,*,#3151,.T.);
#3862 = ORIENTED_EDGE('',*,*,#3173,.F.);
#3863 = ORIENTED_EDGE('',*,*,#2616,.F.);
#3864 = B_SPLINE_SURFACE_WITH_KNOTS('',1,1,(
    (#3865,#3866)
    ,(#3867,#3868
    )),.UNSPECIFIED.,.F.,.F.,.F.,(2,2),(2,2),(0.,0.4),(-1.9,0.),
  .PIECEWISE_BEZIER_KNOTS.);
#3865 = CARTESIAN_POINT('',(0.9,-2.,3.7));
#3866 = CARTESIAN_POINT('',(0.9,-2.,1.8));
#3867 = CARTESIAN_POINT('',(0.6,-2.,3.7));
#3868 = CARTESIAN_POINT('',(0.6,-2.,1.8));
#3869 = ADVANCED_FACE('',(#3870),#3876,.F.);
#3870 = FACE_BOUND('',#3871,.F.);
#3871 = EDGE_LOOP('',(#3872,#3873,#3874,#3875));
#3872 = ORIENTED_EDGE('',*,*,#3017,.T.);
#3873 = ORIENTED_EDGE('',*,*,#3031,.T.);
#3874 = ORIENTED_EDGE('',*,*,#3053,.F.);
#3875 = ORIENTED_EDGE('',*,*,#2656,.F.);
#3876 = B_SPLINE_SURFACE_WITH_KNOTS('',1,1,(
    (#3877,#3878)
    ,(#3879,#3880
    )),.UNSPECIFIED.,.F.,.F.,.F.,(2,2),(2,2),(0.,0.4),(-1.9,0.),
  .PIECEWISE_BEZIER_KNOTS.);
#3877 = CARTESIAN_POINT('',(3.9,-2.,3.7));
#3878 = CARTESIAN_POINT('',(3.9,-2.,1.8));
#3879 = CARTESIAN_POINT('',(3.6,-2.,3.7));
#3880 = CARTESIAN_POINT('',(3.6,-2.,1.8));
#3881 = ADVANCED_FACE('',(#3882),#3888,.F.);
#3882 = FACE_BOUND('',#3883,.F.);
#3883 = EDGE_LOOP('',(#3884,#3885,#3886,#3887));
#3884 = ORIENTED_EDGE('',*,*,#3077,.T.);
#3885 = ORIENTED_EDGE('',*,*,#3091,.T.);
#3886 = ORIENTED_EDGE('',*,*,#3113,.F.);
#3887 = ORIENTED_EDGE('',*,*,#2636,.F.);
#3888 = B_SPLINE_SURFACE_WITH_KNOTS('',1,1,(
    (#3889,#3890)
    ,(#3891,#3892
    )),.UNSPECIFIED.,.F.,.F.,.F.,(2,2),(2,2),(0.,0.4),(-1.9,0.),
  .PIECEWISE_BEZIER_KNOTS.);
#3889 = CARTESIAN_POINT('',(2.4,-2.,3.7));
#3890 = CARTESIAN_POINT('',(2.4,-2.,1.8));
#3891 = CARTESIAN_POINT('',(2.1,-2.,3.7));
#3892 = CARTESIAN_POINT('',(2.1,-2.,1.8));
#3893 = ADVANCED_FACE('',(#3894),#3916,.F.);
#3894 = FACE_BOUND('',#3895,.F.);
#3895 = EDGE_LOOP('',(#3896,#3903,#3910,#3915));
#3896 = ORIENTED_EDGE('',*,*,#3897,.F.);
#3897 = EDGE_CURVE('',#3898,#2706,#3900,.T.);
#3898 = VERTEX_POINT('',#3899);
#3899 = CARTESIAN_POINT('',(1.6875,0.25,4.8));
#3900 = B_SPLINE_CURVE_WITH_KNOTS('',1,(#3901,#3902),.UNSPECIFIED.,.F.,
  .F.,(2,2),(0.2,3.2),.PIECEWISE_BEZIER_KNOTS.);
#3901 = CARTESIAN_POINT('',(1.6875,0.25,4.8));
#3902 = CARTESIAN_POINT('',(1.6875,0.25,1.8));
#3903 = ORIENTED_EDGE('',*,*,#3904,.T.);
#3904 = EDGE_CURVE('',#3898,#3905,#3907,.T.);
#3905 = VERTEX_POINT('',#3906);
#3906 = CARTESIAN_POINT('',(1.3125,0.25,4.8));
#3907 = B_SPLINE_CURVE_WITH_KNOTS('',1,(#3908,#3909),.UNSPECIFIED.,.F.,
  .F.,(2,2),(0.,0.5),.PIECEWISE_BEZIER_KNOTS.);
#3908 = CARTESIAN_POINT('',(1.6875,0.25,4.8));
#3909 = CARTESIAN_POINT('',(1.3125,0.25,4.8));
#3910 = ORIENTED_EDGE('',*,*,#3911,.T.);
#3911 = EDGE_CURVE('',#3905,#2704,#3912,.T.);
#3912 = B_SPLINE_CURVE_WITH_KNOTS('',1,(#3913,#3914),.UNSPECIFIED.,.F.,
  .F.,(2,2),(0.2,3.2),.PIECEWISE_BEZIER_KNOTS.);
#3913 = CARTESIAN_POINT('',(1.3125,0.25,4.8));
#3914 = CARTESIAN_POINT('',(1.3125,0.25,1.8));
#3915 = ORIENTED_EDGE('',*,*,#2703,.T.);
#3916 = B_SPLINE_SURFACE_WITH_KNOTS('',1,1,(
    (#3917,#3918)
    ,(#3919,#3920
    )),.UNSPECIFIED.,.F.,.F.,.F.,(2,2),(2,2),(0.2,3.2),(-0.5,0.),
  .PIECEWISE_BEZIER_KNOTS.);
#3917 = CARTESIAN_POINT('',(1.3125,0.25,4.8));
#3918 = CARTESIAN_POINT('',(1.6875,0.25,4.8));
#3919 = CARTESIAN_POINT('',(1.3125,0.25,1.8));
#3920 = CARTESIAN_POINT('',(1.6875,0.25,1.8));
#3921 = ADVANCED_FACE('',(#3922),#3938,.T.);
#3922 = FACE_BOUND('',#3923,.T.);
#3923 = EDGE_LOOP('',(#3924,#3925,#3932,#3937));
#3924 = ORIENTED_EDGE('',*,*,#2726,.T.);
#3925 = ORIENTED_EDGE('',*,*,#3926,.T.);
#3926 = EDGE_CURVE('',#2720,#3927,#3929,.T.);
#3927 = VERTEX_POINT('',#3928);
#3928 = CARTESIAN_POINT('',(1.3125,-0.25,4.8));
#3929 = B_SPLINE_CURVE_WITH_KNOTS('',1,(#3930,#3931),.UNSPECIFIED.,.F.,
  .F.,(2,2),(5.2,8.2),.PIECEWISE_BEZIER_KNOTS.);
#3930 = CARTESIAN_POINT('',(1.3125,-0.25,1.8));
#3931 = CARTESIAN_POINT('',(1.3125,-0.25,4.8));
#3932 = ORIENTED_EDGE('',*,*,#3933,.T.);
#3933 = EDGE_CURVE('',#3927,#3905,#3934,.T.);
#3934 = B_SPLINE_CURVE_WITH_KNOTS('',1,(#3935,#3936),.UNSPECIFIED.,.F.,
  .F.,(2,2),(0.,0.5),.PIECEWISE_BEZIER_KNOTS.);
#3935 = CARTESIAN_POINT('',(1.3125,-0.25,4.8));
#3936 = CARTESIAN_POINT('',(1.3125,0.25,4.8));
#3937 = ORIENTED_EDGE('',*,*,#3911,.T.);
#3938 = B_SPLINE_SURFACE_WITH_KNOTS('',1,1,(
    (#3939,#3940)
    ,(#3941,#3942
    )),.UNSPECIFIED.,.F.,.F.,.F.,(2,2),(2,2),(1.,4.),(-0.25,0.25),
  .PIECEWISE_BEZIER_KNOTS.);
#3939 = CARTESIAN_POINT('',(1.3125,-0.25,1.8));
#3940 = CARTESIAN_POINT('',(1.3125,0.25,1.8));
#3941 = CARTESIAN_POINT('',(1.3125,-0.25,4.8));
#3942 = CARTESIAN_POINT('',(1.3125,0.25,4.8));
#3943 = ADVANCED_FACE('',(#3944),#3960,.F.);
#3944 = FACE_BOUND('',#3945,.F.);
#3945 = EDGE_LOOP('',(#3946,#3953,#3954,#3955));
#3946 = ORIENTED_EDGE('',*,*,#3947,.F.);
#3947 = EDGE_CURVE('',#2713,#3948,#3950,.T.);
#3948 = VERTEX_POINT('',#3949);
#3949 = CARTESIAN_POINT('',(1.6875,-0.25,4.8));
#3950 = B_SPLINE_CURVE_WITH_KNOTS('',1,(#3951,#3952),.UNSPECIFIED.,.F.,
  .F.,(2,2),(5.2,8.2),.PIECEWISE_BEZIER_KNOTS.);
#3951 = CARTESIAN_POINT('',(1.6875,-0.25,1.8));
#3952 = CARTESIAN_POINT('',(1.6875,-0.25,4.8));
#3953 = ORIENTED_EDGE('',*,*,#2719,.T.);
#3954 = ORIENTED_EDGE('',*,*,#3926,.T.);
#3955 = ORIENTED_EDGE('',*,*,#3956,.F.);
#3956 = EDGE_CURVE('',#3948,#3927,#3957,.T.);
#3957 = B_SPLINE_CURVE_WITH_KNOTS('',1,(#3958,#3959),.UNSPECIFIED.,.F.,
  .F.,(2,2),(0.,0.5),.PIECEWISE_BEZIER_KNOTS.);
#3958 = CARTESIAN_POINT('',(1.6875,-0.25,4.8));
#3959 = CARTESIAN_POINT('',(1.3125,-0.25,4.8));
#3960 = B_SPLINE_SURFACE_WITH_KNOTS('',1,1,(
    (#3961,#3962)
    ,(#3963,#3964
    )),.UNSPECIFIED.,.F.,.F.,.F.,(2,2),(2,2),(5.2,8.2),(-0.5,0.),
  .PIECEWISE_BEZIER_KNOTS.);
#3961 = CARTESIAN_POINT('',(1.3125,-0.25,1.8));
#3962 = CARTESIAN_POINT('',(1.6875,-0.25,1.8));
#3963 = CARTESIAN_POINT('',(1.3125,-0.25,4.8));
#3964 = CARTESIAN_POINT('',(1.6875,-0.25,4.8));
#3965 = ADVANCED_FACE('',(#3966),#3976,.F.);
#3966 = FACE_BOUND('',#3967,.F.);
#3967 = EDGE_LOOP('',(#3968,#3969,#3970,#3975));
#3968 = ORIENTED_EDGE('',*,*,#2712,.T.);
#3969 = ORIENTED_EDGE('',*,*,#3947,.T.);
#3970 = ORIENTED_EDGE('',*,*,#3971,.T.);
#3971 = EDGE_CURVE('',#3948,#3898,#3972,.T.);
#3972 = B_SPLINE_CURVE_WITH_KNOTS('',1,(#3973,#3974),.UNSPECIFIED.,.F.,
  .F.,(2,2),(0.,0.5),.PIECEWISE_BEZIER_KNOTS.);
#3973 = CARTESIAN_POINT('',(1.6875,-0.25,4.8));
#3974 = CARTESIAN_POINT('',(1.6875,0.25,4.8));
#3975 = ORIENTED_EDGE('',*,*,#3897,.T.);
#3976 = B_SPLINE_SURFACE_WITH_KNOTS('',1,1,(
    (#3977,#3978)
    ,(#3979,#3980
    )),.UNSPECIFIED.,.F.,.F.,.F.,(2,2),(2,2),(1.,4.),(-0.25,0.25),
  .PIECEWISE_BEZIER_KNOTS.);
#3977 = CARTESIAN_POINT('',(1.6875,-0.25,1.8));
#3978 = CARTESIAN_POINT('',(1.6875,0.25,1.8));
#3979 = CARTESIAN_POINT('',(1.6875,-0.25,4.8));
#3980 = CARTESIAN_POINT('',(1.6875,0.25,4.8));
#3981 = ADVANCED_FACE('',(#3982),#4004,.F.);
#3982 = FACE_BOUND('',#3983,.F.);
#3983 = EDGE_LOOP('',(#3984,#3991,#3998,#4003));
#3984 = ORIENTED_EDGE('',*,*,#3985,.F.);
#3985 = EDGE_CURVE('',#3986,#2736,#3988,.T.);
#3986 = VERTEX_POINT('',#3987);
#3987 = CARTESIAN_POINT('',(3.1875,0.25,4.8));
#3988 = B_SPLINE_CURVE_WITH_KNOTS('',1,(#3989,#3990),.UNSPECIFIED.,.F.,
  .F.,(2,2),(0.2,3.2),.PIECEWISE_BEZIER_KNOTS.);
#3989 = CARTESIAN_POINT('',(3.1875,0.25,4.8));
#3990 = CARTESIAN_POINT('',(3.1875,0.25,1.8));
#3991 = ORIENTED_EDGE('',*,*,#3992,.T.);
#3992 = EDGE_CURVE('',#3986,#3993,#3995,.T.);
#3993 = VERTEX_POINT('',#3994);
#3994 = CARTESIAN_POINT('',(2.8125,0.25,4.8));
#3995 = B_SPLINE_CURVE_WITH_KNOTS('',1,(#3996,#3997),.UNSPECIFIED.,.F.,
  .F.,(2,2),(0.,0.5),.PIECEWISE_BEZIER_KNOTS.);
#3996 = CARTESIAN_POINT('',(3.1875,0.25,4.8));
#3997 = CARTESIAN_POINT('',(2.8125,0.25,4.8));
#3998 = ORIENTED_EDGE('',*,*,#3999,.T.);
#3999 = EDGE_CURVE('',#3993,#2734,#4000,.T.);
#4000 = B_SPLINE_CURVE_WITH_KNOTS('',1,(#4001,#4002),.UNSPECIFIED.,.F.,
  .F.,(2,2),(0.2,3.2),.PIECEWISE_BEZIER_KNOTS.);
#4001 = CARTESIAN_POINT('',(2.8125,0.25,4.8));
#4002 = CARTESIAN_POINT('',(2.8125,0.25,1.8));
#4003 = ORIENTED_EDGE('',*,*,#2733,.T.);
#4004 = B_SPLINE_SURFACE_WITH_KNOTS('',1,1,(
    (#4005,#4006)
    ,(#4007,#4008
    )),.UNSPECIFIED.,.F.,.F.,.F.,(2,2),(2,2),(0.2,3.2),(-0.5,0.),
  .PIECEWISE_BEZIER_KNOTS.);
#4005 = CARTESIAN_POINT('',(2.8125,0.25,4.8));
#4006 = CARTESIAN_POINT('',(3.1875,0.25,4.8));
#4007 = CARTESIAN_POINT('',(2.8125,0.25,1.8));
#4008 = CARTESIAN_POINT('',(3.1875,0.25,1.8));
#4009 = ADVANCED_FACE('',(#4010),#4026,.T.);
#4010 = FACE_BOUND('',#4011,.T.);
#4011 = EDGE_LOOP('',(#4012,#4013,#4020,#4025));
#4012 = ORIENTED_EDGE('',*,*,#2756,.T.);
#4013 = ORIENTED_EDGE('',*,*,#4014,.T.);
#4014 = EDGE_CURVE('',#2750,#4015,#4017,.T.);
#4015 = VERTEX_POINT('',#4016);
#4016 = CARTESIAN_POINT('',(2.8125,-0.25,4.8));
#4017 = B_SPLINE_CURVE_WITH_KNOTS('',1,(#4018,#4019),.UNSPECIFIED.,.F.,
  .F.,(2,2),(5.2,8.2),.PIECEWISE_BEZIER_KNOTS.);
#4018 = CARTESIAN_POINT('',(2.8125,-0.25,1.8));
#4019 = CARTESIAN_POINT('',(2.8125,-0.25,4.8));
#4020 = ORIENTED_EDGE('',*,*,#4021,.T.);
#4021 = EDGE_CURVE('',#4015,#3993,#4022,.T.);
#4022 = B_SPLINE_CURVE_WITH_KNOTS('',1,(#4023,#4024),.UNSPECIFIED.,.F.,
  .F.,(2,2),(0.,0.5),.PIECEWISE_BEZIER_KNOTS.);
#4023 = CARTESIAN_POINT('',(2.8125,-0.25,4.8));
#4024 = CARTESIAN_POINT('',(2.8125,0.25,4.8));
#4025 = ORIENTED_EDGE('',*,*,#3999,.T.);
#4026 = B_SPLINE_SURFACE_WITH_KNOTS('',1,1,(
    (#4027,#4028)
    ,(#4029,#4030
    )),.UNSPECIFIED.,.F.,.F.,.F.,(2,2),(2,2),(1.,4.),(-0.25,0.25),
  .PIECEWISE_BEZIER_KNOTS.);
#4027 = CARTESIAN_POINT('',(2.8125,-0.25,1.8));
#4028 = CARTESIAN_POINT('',(2.8125,0.25,1.8));
#4029 = CARTESIAN_POINT('',(2.8125,-0.25,4.8));
#4030 = CARTESIAN_POINT('',(2.8125,0.25,4.8));
#4031 = ADVANCED_FACE('',(#4032),#4048,.F.);
#4032 = FACE_BOUND('',#4033,.F.);
#4033 = EDGE_LOOP('',(#4034,#4041,#4042,#4043));
#4034 = ORIENTED_EDGE('',*,*,#4035,.F.);
#4035 = EDGE_CURVE('',#2743,#4036,#4038,.T.);
#4036 = VERTEX_POINT('',#4037);
#4037 = CARTESIAN_POINT('',(3.1875,-0.25,4.8));
#4038 = B_SPLINE_CURVE_WITH_KNOTS('',1,(#4039,#4040),.UNSPECIFIED.,.F.,
  .F.,(2,2),(5.2,8.2),.PIECEWISE_BEZIER_KNOTS.);
#4039 = CARTESIAN_POINT('',(3.1875,-0.25,1.8));
#4040 = CARTESIAN_POINT('',(3.1875,-0.25,4.8));
#4041 = ORIENTED_EDGE('',*,*,#2749,.T.);
#4042 = ORIENTED_EDGE('',*,*,#4014,.T.);
#4043 = ORIENTED_EDGE('',*,*,#4044,.F.);
#4044 = EDGE_CURVE('',#4036,#4015,#4045,.T.);
#4045 = B_SPLINE_CURVE_WITH_KNOTS('',1,(#4046,#4047),.UNSPECIFIED.,.F.,
  .F.,(2,2),(0.,0.5),.PIECEWISE_BEZIER_KNOTS.);
#4046 = CARTESIAN_POINT('',(3.1875,-0.25,4.8));
#4047 = CARTESIAN_POINT('',(2.8125,-0.25,4.8));
#4048 = B_SPLINE_SURFACE_WITH_KNOTS('',1,1,(
    (#4049,#4050)
    ,(#4051,#4052
    )),.UNSPECIFIED.,.F.,.F.,.F.,(2,2),(2,2),(5.2,8.2),(-0.5,0.),
  .PIECEWISE_BEZIER_KNOTS.);
#4049 = CARTESIAN_POINT('',(2.8125,-0.25,1.8));
#4050 = CARTESIAN_POINT('',(3.1875,-0.25,1.8));
#4051 = CARTESIAN_POINT('',(2.8125,-0.25,4.8));
#4052 = CARTESIAN_POINT('',(3.1875,-0.25,4.8));
#4053 = ADVANCED_FACE('',(#4054),#4064,.F.);
#4054 = FACE_BOUND('',#4055,.F.);
#4055 = EDGE_LOOP('',(#4056,#4057,#4058,#4063));
#4056 = ORIENTED_EDGE('',*,*,#2742,.T.);
#4057 = ORIENTED_EDGE('',*,*,#4035,.T.);
#4058 = ORIENTED_EDGE('',*,*,#4059,.T.);
#4059 = EDGE_CURVE('',#4036,#3986,#4060,.T.);
#4060 = B_SPLINE_CURVE_WITH_KNOTS('',1,(#4061,#4062),.UNSPECIFIED.,.F.,
  .F.,(2,2),(0.,0.5),.PIECEWISE_BEZIER_KNOTS.);
#4061 = CARTESIAN_POINT('',(3.1875,-0.25,4.8));
#4062 = CARTESIAN_POINT('',(3.1875,0.25,4.8));
#4063 = ORIENTED_EDGE('',*,*,#3985,.T.);
#4064 = B_SPLINE_SURFACE_WITH_KNOTS('',1,1,(
    (#4065,#4066)
    ,(#4067,#4068
    )),.UNSPECIFIED.,.F.,.F.,.F.,(2,2),(2,2),(1.,4.),(-0.25,0.25),
  .PIECEWISE_BEZIER_KNOTS.);
#4065 = CARTESIAN_POINT('',(3.1875,-0.25,1.8));
#4066 = CARTESIAN_POINT('',(3.1875,0.25,1.8));
#4067 = CARTESIAN_POINT('',(3.1875,-0.25,4.8));
#4068 = CARTESIAN_POINT('',(3.1875,0.25,4.8));
#4069 = ADVANCED_FACE('',(#4070),#4092,.F.);
#4070 = FACE_BOUND('',#4071,.F.);
#4071 = EDGE_LOOP('',(#4072,#4079,#4086,#4091));
#4072 = ORIENTED_EDGE('',*,*,#4073,.F.);
#4073 = EDGE_CURVE('',#4074,#2766,#4076,.T.);
#4074 = VERTEX_POINT('',#4075);
#4075 = CARTESIAN_POINT('',(4.6875,0.25,4.8));
#4076 = B_SPLINE_CURVE_WITH_KNOTS('',1,(#4077,#4078),.UNSPECIFIED.,.F.,
  .F.,(2,2),(0.2,3.2),.PIECEWISE_BEZIER_KNOTS.);
#4077 = CARTESIAN_POINT('',(4.6875,0.25,4.8));
#4078 = CARTESIAN_POINT('',(4.6875,0.25,1.8));
#4079 = ORIENTED_EDGE('',*,*,#4080,.T.);
#4080 = EDGE_CURVE('',#4074,#4081,#4083,.T.);
#4081 = VERTEX_POINT('',#4082);
#4082 = CARTESIAN_POINT('',(4.3125,0.25,4.8));
#4083 = B_SPLINE_CURVE_WITH_KNOTS('',1,(#4084,#4085),.UNSPECIFIED.,.F.,
  .F.,(2,2),(0.,0.5),.PIECEWISE_BEZIER_KNOTS.);
#4084 = CARTESIAN_POINT('',(4.6875,0.25,4.8));
#4085 = CARTESIAN_POINT('',(4.3125,0.25,4.8));
#4086 = ORIENTED_EDGE('',*,*,#4087,.T.);
#4087 = EDGE_CURVE('',#4081,#2764,#4088,.T.);
#4088 = B_SPLINE_CURVE_WITH_KNOTS('',1,(#4089,#4090),.UNSPECIFIED.,.F.,
  .F.,(2,2),(0.2,3.2),.PIECEWISE_BEZIER_KNOTS.);
#4089 = CARTESIAN_POINT('',(4.3125,0.25,4.8));
#4090 = CARTESIAN_POINT('',(4.3125,0.25,1.8));
#4091 = ORIENTED_EDGE('',*,*,#2763,.T.);
#4092 = B_SPLINE_SURFACE_WITH_KNOTS('',1,1,(
    (#4093,#4094)
    ,(#4095,#4096
    )),.UNSPECIFIED.,.F.,.F.,.F.,(2,2),(2,2),(0.2,3.2),(-0.5,0.),
  .PIECEWISE_BEZIER_KNOTS.);
#4093 = CARTESIAN_POINT('',(4.3125,0.25,4.8));
#4094 = CARTESIAN_POINT('',(4.6875,0.25,4.8));
#4095 = CARTESIAN_POINT('',(4.3125,0.25,1.8));
#4096 = CARTESIAN_POINT('',(4.6875,0.25,1.8));
#4097 = ADVANCED_FACE('',(#4098),#4114,.T.);
#4098 = FACE_BOUND('',#4099,.T.);
#4099 = EDGE_LOOP('',(#4100,#4101,#4108,#4113));
#4100 = ORIENTED_EDGE('',*,*,#2786,.T.);
#4101 = ORIENTED_EDGE('',*,*,#4102,.T.);
#4102 = EDGE_CURVE('',#2780,#4103,#4105,.T.);
#4103 = VERTEX_POINT('',#4104);
#4104 = CARTESIAN_POINT('',(4.3125,-0.25,4.8));
#4105 = B_SPLINE_CURVE_WITH_KNOTS('',1,(#4106,#4107),.UNSPECIFIED.,.F.,
  .F.,(2,2),(5.2,8.2),.PIECEWISE_BEZIER_KNOTS.);
#4106 = CARTESIAN_POINT('',(4.3125,-0.25,1.8));
#4107 = CARTESIAN_POINT('',(4.3125,-0.25,4.8));
#4108 = ORIENTED_EDGE('',*,*,#4109,.T.);
#4109 = EDGE_CURVE('',#4103,#4081,#4110,.T.);
#4110 = B_SPLINE_CURVE_WITH_KNOTS('',1,(#4111,#4112),.UNSPECIFIED.,.F.,
  .F.,(2,2),(0.,0.5),.PIECEWISE_BEZIER_KNOTS.);
#4111 = CARTESIAN_POINT('',(4.3125,-0.25,4.8));
#4112 = CARTESIAN_POINT('',(4.3125,0.25,4.8));
#4113 = ORIENTED_EDGE('',*,*,#4087,.T.);
#4114 = B_SPLINE_SURFACE_WITH_KNOTS('',1,1,(
    (#4115,#4116)
    ,(#4117,#4118
    )),.UNSPECIFIED.,.F.,.F.,.F.,(2,2),(2,2),(1.,4.),(-0.25,0.25),
  .PIECEWISE_BEZIER_KNOTS.);
#4115 = CARTESIAN_POINT('',(4.3125,-0.25,1.8));
#4116 = CARTESIAN_POINT('',(4.3125,0.25,1.8));
#4117 = CARTESIAN_POINT('',(4.3125,-0.25,4.8));
#4118 = CARTESIAN_POINT('',(4.3125,0.25,4.8));
#4119 = ADVANCED_FACE('',(#4120),#4136,.F.);
#4120 = FACE_BOUND('',#4121,.F.);
#4121 = EDGE_LOOP('',(#4122,#4129,#4130,#4131));
#4122 = ORIENTED_EDGE('',*,*,#4123,.F.);
#4123 = EDGE_CURVE('',#2773,#4124,#4126,.T.);
#4124 = VERTEX_POINT('',#4125);
#4125 = CARTESIAN_POINT('',(4.6875,-0.25,4.8));
#4126 = B_SPLINE_CURVE_WITH_KNOTS('',1,(#4127,#4128),.UNSPECIFIED.,.F.,
  .F.,(2,2),(5.2,8.2),.PIECEWISE_BEZIER_KNOTS.);
#4127 = CARTESIAN_POINT('',(4.6875,-0.25,1.8));
#4128 = CARTESIAN_POINT('',(4.6875,-0.25,4.8));
#4129 = ORIENTED_EDGE('',*,*,#2779,.T.);
#4130 = ORIENTED_EDGE('',*,*,#4102,.T.);
#4131 = ORIENTED_EDGE('',*,*,#4132,.F.);
#4132 = EDGE_CURVE('',#4124,#4103,#4133,.T.);
#4133 = B_SPLINE_CURVE_WITH_KNOTS('',1,(#4134,#4135),.UNSPECIFIED.,.F.,
  .F.,(2,2),(0.,0.5),.PIECEWISE_BEZIER_KNOTS.);
#4134 = CARTESIAN_POINT('',(4.6875,-0.25,4.8));
#4135 = CARTESIAN_POINT('',(4.3125,-0.25,4.8));
#4136 = B_SPLINE_SURFACE_WITH_KNOTS('',1,1,(
    (#4137,#4138)
    ,(#4139,#4140
    )),.UNSPECIFIED.,.F.,.F.,.F.,(2,2),(2,2),(5.2,8.2),(-0.5,0.),
  .PIECEWISE_BEZIER_KNOTS.);
#4137 = CARTESIAN_POINT('',(4.3125,-0.25,1.8));
#4138 = CARTESIAN_POINT('',(4.6875,-0.25,1.8));
#4139 = CARTESIAN_POINT('',(4.3125,-0.25,4.8));
#4140 = CARTESIAN_POINT('',(4.6875,-0.25,4.8));
#4141 = ADVANCED_FACE('',(#4142),#4152,.F.);
#4142 = FACE_BOUND('',#4143,.F.);
#4143 = EDGE_LOOP('',(#4144,#4145,#4146,#4151));
#4144 = ORIENTED_EDGE('',*,*,#2772,.T.);
#4145 = ORIENTED_EDGE('',*,*,#4123,.T.);
#4146 = ORIENTED_EDGE('',*,*,#4147,.T.);
#4147 = EDGE_CURVE('',#4124,#4074,#4148,.T.);
#4148 = B_SPLINE_CURVE_WITH_KNOTS('',1,(#4149,#4150),.UNSPECIFIED.,.F.,
  .F.,(2,2),(0.,0.5),.PIECEWISE_BEZIER_KNOTS.);
#4149 = CARTESIAN_POINT('',(4.6875,-0.25,4.8));
#4150 = CARTESIAN_POINT('',(4.6875,0.25,4.8));
#4151 = ORIENTED_EDGE('',*,*,#4073,.T.);
#4152 = B_SPLINE_SURFACE_WITH_KNOTS('',1,1,(
    (#4153,#4154)
    ,(#4155,#4156
    )),.UNSPECIFIED.,.F.,.F.,.F.,(2,2),(2,2),(1.,4.),(-0.25,0.25),
  .PIECEWISE_BEZIER_KNOTS.);
#4153 = CARTESIAN_POINT('',(4.6875,-0.25,1.8));
#4154 = CARTESIAN_POINT('',(4.6875,0.25,1.8));
#4155 = CARTESIAN_POINT('',(4.6875,-0.25,4.8));
#4156 = CARTESIAN_POINT('',(4.6875,0.25,4.8));
#4157 = ADVANCED_FACE('',(#4158),#4180,.F.);
#4158 = FACE_BOUND('',#4159,.F.);
#4159 = EDGE_LOOP('',(#4160,#4167,#4174,#4179));
#4160 = ORIENTED_EDGE('',*,*,#4161,.F.);
#4161 = EDGE_CURVE('',#4162,#2796,#4164,.T.);
#4162 = VERTEX_POINT('',#4163);
#4163 = CARTESIAN_POINT('',(7.6875,0.25,4.8));
#4164 = B_SPLINE_CURVE_WITH_KNOTS('',1,(#4165,#4166),.UNSPECIFIED.,.F.,
  .F.,(2,2),(0.2,3.2),.PIECEWISE_BEZIER_KNOTS.);
#4165 = CARTESIAN_POINT('',(7.6875,0.25,4.8));
#4166 = CARTESIAN_POINT('',(7.6875,0.25,1.8));
#4167 = ORIENTED_EDGE('',*,*,#4168,.T.);
#4168 = EDGE_CURVE('',#4162,#4169,#4171,.T.);
#4169 = VERTEX_POINT('',#4170);
#4170 = CARTESIAN_POINT('',(7.3125,0.25,4.8));
#4171 = B_SPLINE_CURVE_WITH_KNOTS('',1,(#4172,#4173),.UNSPECIFIED.,.F.,
  .F.,(2,2),(0.,0.5),.PIECEWISE_BEZIER_KNOTS.);
#4172 = CARTESIAN_POINT('',(7.6875,0.25,4.8));
#4173 = CARTESIAN_POINT('',(7.3125,0.25,4.8));
#4174 = ORIENTED_EDGE('',*,*,#4175,.T.);
#4175 = EDGE_CURVE('',#4169,#2794,#4176,.T.);
#4176 = B_SPLINE_CURVE_WITH_KNOTS('',1,(#4177,#4178),.UNSPECIFIED.,.F.,
  .F.,(2,2),(0.2,3.2),.PIECEWISE_BEZIER_KNOTS.);
#4177 = CARTESIAN_POINT('',(7.3125,0.25,4.8));
#4178 = CARTESIAN_POINT('',(7.3125,0.25,1.8));
#4179 = ORIENTED_EDGE('',*,*,#2793,.T.);
#4180 = B_SPLINE_SURFACE_WITH_KNOTS('',1,1,(
    (#4181,#4182)
    ,(#4183,#4184
    )),.UNSPECIFIED.,.F.,.F.,.F.,(2,2),(2,2),(0.2,3.2),(-0.5,0.),
  .PIECEWISE_BEZIER_KNOTS.);
#4181 = CARTESIAN_POINT('',(7.3125,0.25,4.8));
#4182 = CARTESIAN_POINT('',(7.6875,0.25,4.8));
#4183 = CARTESIAN_POINT('',(7.3125,0.25,1.8));
#4184 = CARTESIAN_POINT('',(7.6875,0.25,1.8));
#4185 = ADVANCED_FACE('',(#4186),#4202,.T.);
#4186 = FACE_BOUND('',#4187,.T.);
#4187 = EDGE_LOOP('',(#4188,#4189,#4196,#4201));
#4188 = ORIENTED_EDGE('',*,*,#2816,.T.);
#4189 = ORIENTED_EDGE('',*,*,#4190,.T.);
#4190 = EDGE_CURVE('',#2810,#4191,#4193,.T.);
#4191 = VERTEX_POINT('',#4192);
#4192 = CARTESIAN_POINT('',(7.3125,-0.25,4.8));
#4193 = B_SPLINE_CURVE_WITH_KNOTS('',1,(#4194,#4195),.UNSPECIFIED.,.F.,
  .F.,(2,2),(2.7,5.7),.PIECEWISE_BEZIER_KNOTS.);
#4194 = CARTESIAN_POINT('',(7.3125,-0.25,1.8));
#4195 = CARTESIAN_POINT('',(7.3125,-0.25,4.8));
#4196 = ORIENTED_EDGE('',*,*,#4197,.T.);
#4197 = EDGE_CURVE('',#4191,#4169,#4198,.T.);
#4198 = B_SPLINE_CURVE_WITH_KNOTS('',1,(#4199,#4200),.UNSPECIFIED.,.F.,
  .F.,(2,2),(0.,0.5),.PIECEWISE_BEZIER_KNOTS.);
#4199 = CARTESIAN_POINT('',(7.3125,-0.25,4.8));
#4200 = CARTESIAN_POINT('',(7.3125,0.25,4.8));
#4201 = ORIENTED_EDGE('',*,*,#4175,.T.);
#4202 = B_SPLINE_SURFACE_WITH_KNOTS('',1,1,(
    (#4203,#4204)
    ,(#4205,#4206
    )),.UNSPECIFIED.,.F.,.F.,.F.,(2,2),(2,2),(1.024253046983,
    4.024253046983),(-0.293266432726,0.206733567274),
  .PIECEWISE_BEZIER_KNOTS.);
#4203 = CARTESIAN_POINT('',(7.3125,-0.25,1.8));
#4204 = CARTESIAN_POINT('',(7.3125,0.25,1.8));
#4205 = CARTESIAN_POINT('',(7.3125,-0.25,4.8));
#4206 = CARTESIAN_POINT('',(7.3125,0.25,4.8));
#4207 = ADVANCED_FACE('',(#4208),#4224,.F.);
#4208 = FACE_BOUND('',#4209,.F.);
#4209 = EDGE_LOOP('',(#4210,#4217,#4218,#4219));
#4210 = ORIENTED_EDGE('',*,*,#4211,.F.);
#4211 = EDGE_CURVE('',#2803,#4212,#4214,.T.);
#4212 = VERTEX_POINT('',#4213);
#4213 = CARTESIAN_POINT('',(7.6875,-0.25,4.8));
#4214 = B_SPLINE_CURVE_WITH_KNOTS('',1,(#4215,#4216),.UNSPECIFIED.,.F.,
  .F.,(2,2),(2.7,5.7),.PIECEWISE_BEZIER_KNOTS.);
#4215 = CARTESIAN_POINT('',(7.6875,-0.25,1.8));
#4216 = CARTESIAN_POINT('',(7.6875,-0.25,4.8));
#4217 = ORIENTED_EDGE('',*,*,#2809,.T.);
#4218 = ORIENTED_EDGE('',*,*,#4190,.T.);
#4219 = ORIENTED_EDGE('',*,*,#4220,.F.);
#4220 = EDGE_CURVE('',#4212,#4191,#4221,.T.);
#4221 = B_SPLINE_CURVE_WITH_KNOTS('',1,(#4222,#4223),.UNSPECIFIED.,.F.,
  .F.,(2,2),(0.,0.5),.PIECEWISE_BEZIER_KNOTS.);
#4222 = CARTESIAN_POINT('',(7.6875,-0.25,4.8));
#4223 = CARTESIAN_POINT('',(7.3125,-0.25,4.8));
#4224 = B_SPLINE_SURFACE_WITH_KNOTS('',1,1,(
    (#4225,#4226)
    ,(#4227,#4228
    )),.UNSPECIFIED.,.F.,.F.,.F.,(2,2),(2,2),(2.7,5.7),(-0.5,0.),
  .PIECEWISE_BEZIER_KNOTS.);
#4225 = CARTESIAN_POINT('',(7.3125,-0.25,1.8));
#4226 = CARTESIAN_POINT('',(7.6875,-0.25,1.8));
#4227 = CARTESIAN_POINT('',(7.3125,-0.25,4.8));
#4228 = CARTESIAN_POINT('',(7.6875,-0.25,4.8));
#4229 = ADVANCED_FACE('',(#4230),#4240,.F.);
#4230 = FACE_BOUND('',#4231,.F.);
#4231 = EDGE_LOOP('',(#4232,#4233,#4234,#4239));
#4232 = ORIENTED_EDGE('',*,*,#2802,.T.);
#4233 = ORIENTED_EDGE('',*,*,#4211,.T.);
#4234 = ORIENTED_EDGE('',*,*,#4235,.T.);
#4235 = EDGE_CURVE('',#4212,#4162,#4236,.T.);
#4236 = B_SPLINE_CURVE_WITH_KNOTS('',1,(#4237,#4238),.UNSPECIFIED.,.F.,
  .F.,(2,2),(0.,0.5),.PIECEWISE_BEZIER_KNOTS.);
#4237 = CARTESIAN_POINT('',(7.6875,-0.25,4.8));
#4238 = CARTESIAN_POINT('',(7.6875,0.25,4.8));
#4239 = ORIENTED_EDGE('',*,*,#4161,.T.);
#4240 = B_SPLINE_SURFACE_WITH_KNOTS('',1,1,(
    (#4241,#4242)
    ,(#4243,#4244
    )),.UNSPECIFIED.,.F.,.F.,.F.,(2,2),(2,2),(1.024253046983,
    4.024253046983),(-0.293266432726,0.206733567274),
  .PIECEWISE_BEZIER_KNOTS.);
#4241 = CARTESIAN_POINT('',(7.6875,-0.25,1.8));
#4242 = CARTESIAN_POINT('',(7.6875,0.25,1.8));
#4243 = CARTESIAN_POINT('',(7.6875,-0.25,4.8));
#4244 = CARTESIAN_POINT('',(7.6875,0.25,4.8));
#4245 = ADVANCED_FACE('',(#4246),#4268,.T.);
#4246 = FACE_BOUND('',#4247,.T.);
#4247 = EDGE_LOOP('',(#4248,#4249,#4256,#4263));
#4248 = ORIENTED_EDGE('',*,*,#2823,.T.);
#4249 = ORIENTED_EDGE('',*,*,#4250,.T.);
#4250 = EDGE_CURVE('',#2826,#4251,#4253,.T.);
#4251 = VERTEX_POINT('',#4252);
#4252 = CARTESIAN_POINT('',(5.8125,-0.25,4.8));
#4253 = B_SPLINE_CURVE_WITH_KNOTS('',1,(#4254,#4255),.UNSPECIFIED.,.F.,
  .F.,(2,2),(5.2,8.2),.PIECEWISE_BEZIER_KNOTS.);
#4254 = CARTESIAN_POINT('',(5.8125,-0.25,1.8));
#4255 = CARTESIAN_POINT('',(5.8125,-0.25,4.8));
#4256 = ORIENTED_EDGE('',*,*,#4257,.T.);
#4257 = EDGE_CURVE('',#4251,#4258,#4260,.T.);
#4258 = VERTEX_POINT('',#4259);
#4259 = CARTESIAN_POINT('',(5.8125,0.25,4.8));
#4260 = B_SPLINE_CURVE_WITH_KNOTS('',1,(#4261,#4262),.UNSPECIFIED.,.F.,
  .F.,(2,2),(0.,0.5),.PIECEWISE_BEZIER_KNOTS.);
#4261 = CARTESIAN_POINT('',(5.8125,-0.25,4.8));
#4262 = CARTESIAN_POINT('',(5.8125,0.25,4.8));
#4263 = ORIENTED_EDGE('',*,*,#4264,.T.);
#4264 = EDGE_CURVE('',#4258,#2824,#4265,.T.);
#4265 = B_SPLINE_CURVE_WITH_KNOTS('',1,(#4266,#4267),.UNSPECIFIED.,.F.,
  .F.,(2,2),(0.2,3.2),.PIECEWISE_BEZIER_KNOTS.);
#4266 = CARTESIAN_POINT('',(5.8125,0.25,4.8));
#4267 = CARTESIAN_POINT('',(5.8125,0.25,1.8));
#4268 = B_SPLINE_SURFACE_WITH_KNOTS('',1,1,(
    (#4269,#4270)
    ,(#4271,#4272
    )),.UNSPECIFIED.,.F.,.F.,.F.,(2,2),(2,2),(1.,4.),(-0.25,0.25),
  .PIECEWISE_BEZIER_KNOTS.);
#4269 = CARTESIAN_POINT('',(5.8125,-0.25,1.8));
#4270 = CARTESIAN_POINT('',(5.8125,0.25,1.8));
#4271 = CARTESIAN_POINT('',(5.8125,-0.25,4.8));
#4272 = CARTESIAN_POINT('',(5.8125,0.25,4.8));
#4273 = ADVANCED_FACE('',(#4274),#4290,.F.);
#4274 = FACE_BOUND('',#4275,.F.);
#4275 = EDGE_LOOP('',(#4276,#4283,#4284,#4285));
#4276 = ORIENTED_EDGE('',*,*,#4277,.F.);
#4277 = EDGE_CURVE('',#2840,#4278,#4280,.T.);
#4278 = VERTEX_POINT('',#4279);
#4279 = CARTESIAN_POINT('',(6.1875,-0.25,4.8));
#4280 = B_SPLINE_CURVE_WITH_KNOTS('',1,(#4281,#4282),.UNSPECIFIED.,.F.,
  .F.,(2,2),(5.2,8.2),.PIECEWISE_BEZIER_KNOTS.);
#4281 = CARTESIAN_POINT('',(6.1875,-0.25,1.8));
#4282 = CARTESIAN_POINT('',(6.1875,-0.25,4.8));
#4283 = ORIENTED_EDGE('',*,*,#2846,.T.);
#4284 = ORIENTED_EDGE('',*,*,#4250,.T.);
#4285 = ORIENTED_EDGE('',*,*,#4286,.F.);
#4286 = EDGE_CURVE('',#4278,#4251,#4287,.T.);
#4287 = B_SPLINE_CURVE_WITH_KNOTS('',1,(#4288,#4289),.UNSPECIFIED.,.F.,
  .F.,(2,2),(0.,0.5),.PIECEWISE_BEZIER_KNOTS.);
#4288 = CARTESIAN_POINT('',(6.1875,-0.25,4.8));
#4289 = CARTESIAN_POINT('',(5.8125,-0.25,4.8));
#4290 = B_SPLINE_SURFACE_WITH_KNOTS('',1,1,(
    (#4291,#4292)
    ,(#4293,#4294
    )),.UNSPECIFIED.,.F.,.F.,.F.,(2,2),(2,2),(5.2,8.2),(-0.5,0.),
  .PIECEWISE_BEZIER_KNOTS.);
#4291 = CARTESIAN_POINT('',(5.8125,-0.25,1.8));
#4292 = CARTESIAN_POINT('',(6.1875,-0.25,1.8));
#4293 = CARTESIAN_POINT('',(5.8125,-0.25,4.8));
#4294 = CARTESIAN_POINT('',(6.1875,-0.25,4.8));
#4295 = ADVANCED_FACE('',(#4296),#4312,.F.);
#4296 = FACE_BOUND('',#4297,.F.);
#4297 = EDGE_LOOP('',(#4298,#4299,#4300,#4307));
#4298 = ORIENTED_EDGE('',*,*,#2839,.T.);
#4299 = ORIENTED_EDGE('',*,*,#4277,.T.);
#4300 = ORIENTED_EDGE('',*,*,#4301,.T.);
#4301 = EDGE_CURVE('',#4278,#4302,#4304,.T.);
#4302 = VERTEX_POINT('',#4303);
#4303 = CARTESIAN_POINT('',(6.1875,0.25,4.8));
#4304 = B_SPLINE_CURVE_WITH_KNOTS('',1,(#4305,#4306),.UNSPECIFIED.,.F.,
  .F.,(2,2),(0.,0.5),.PIECEWISE_BEZIER_KNOTS.);
#4305 = CARTESIAN_POINT('',(6.1875,-0.25,4.8));
#4306 = CARTESIAN_POINT('',(6.1875,0.25,4.8));
#4307 = ORIENTED_EDGE('',*,*,#4308,.T.);
#4308 = EDGE_CURVE('',#4302,#2833,#4309,.T.);
#4309 = B_SPLINE_CURVE_WITH_KNOTS('',1,(#4310,#4311),.UNSPECIFIED.,.F.,
  .F.,(2,2),(0.2,3.2),.PIECEWISE_BEZIER_KNOTS.);
#4310 = CARTESIAN_POINT('',(6.1875,0.25,4.8));
#4311 = CARTESIAN_POINT('',(6.1875,0.25,1.8));
#4312 = B_SPLINE_SURFACE_WITH_KNOTS('',1,1,(
    (#4313,#4314)
    ,(#4315,#4316
    )),.UNSPECIFIED.,.F.,.F.,.F.,(2,2),(2,2),(1.,4.),(-0.25,0.25),
  .PIECEWISE_BEZIER_KNOTS.);
#4313 = CARTESIAN_POINT('',(6.1875,-0.25,1.8));
#4314 = CARTESIAN_POINT('',(6.1875,0.25,1.8));
#4315 = CARTESIAN_POINT('',(6.1875,-0.25,4.8));
#4316 = CARTESIAN_POINT('',(6.1875,0.25,4.8));
#4317 = ADVANCED_FACE('',(#4318),#4328,.F.);
#4318 = FACE_BOUND('',#4319,.F.);
#4319 = EDGE_LOOP('',(#4320,#4321,#4326,#4327));
#4320 = ORIENTED_EDGE('',*,*,#4308,.F.);
#4321 = ORIENTED_EDGE('',*,*,#4322,.T.);
#4322 = EDGE_CURVE('',#4302,#4258,#4323,.T.);
#4323 = B_SPLINE_CURVE_WITH_KNOTS('',1,(#4324,#4325),.UNSPECIFIED.,.F.,
  .F.,(2,2),(0.,0.5),.PIECEWISE_BEZIER_KNOTS.);
#4324 = CARTESIAN_POINT('',(6.1875,0.25,4.8));
#4325 = CARTESIAN_POINT('',(5.8125,0.25,4.8));
#4326 = ORIENTED_EDGE('',*,*,#4264,.T.);
#4327 = ORIENTED_EDGE('',*,*,#2832,.T.);
#4328 = B_SPLINE_SURFACE_WITH_KNOTS('',1,1,(
    (#4329,#4330)
    ,(#4331,#4332
    )),.UNSPECIFIED.,.F.,.F.,.F.,(2,2),(2,2),(0.2,3.2),(-0.5,0.),
  .PIECEWISE_BEZIER_KNOTS.);
#4329 = CARTESIAN_POINT('',(5.8125,0.25,4.8));
#4330 = CARTESIAN_POINT('',(6.1875,0.25,4.8));
#4331 = CARTESIAN_POINT('',(5.8125,0.25,1.8));
#4332 = CARTESIAN_POINT('',(6.1875,0.25,1.8));
#4333 = ADVANCED_FACE('',(#4334),#4356,.T.);
#4334 = FACE_BOUND('',#4335,.T.);
#4335 = EDGE_LOOP('',(#4336,#4337,#4344,#4351));
#4336 = ORIENTED_EDGE('',*,*,#2853,.T.);
#4337 = ORIENTED_EDGE('',*,*,#4338,.T.);
#4338 = EDGE_CURVE('',#2856,#4339,#4341,.T.);
#4339 = VERTEX_POINT('',#4340);
#4340 = CARTESIAN_POINT('',(-0.1875,-0.25,4.8));
#4341 = B_SPLINE_CURVE_WITH_KNOTS('',1,(#4342,#4343),.UNSPECIFIED.,.F.,
  .F.,(2,2),(2.7,5.7),.PIECEWISE_BEZIER_KNOTS.);
#4342 = CARTESIAN_POINT('',(-0.1875,-0.25,1.8));
#4343 = CARTESIAN_POINT('',(-0.1875,-0.25,4.8));
#4344 = ORIENTED_EDGE('',*,*,#4345,.T.);
#4345 = EDGE_CURVE('',#4339,#4346,#4348,.T.);
#4346 = VERTEX_POINT('',#4347);
#4347 = CARTESIAN_POINT('',(-0.1875,0.25,4.8));
#4348 = B_SPLINE_CURVE_WITH_KNOTS('',1,(#4349,#4350),.UNSPECIFIED.,.F.,
  .F.,(2,2),(0.,0.5),.PIECEWISE_BEZIER_KNOTS.);
#4349 = CARTESIAN_POINT('',(-0.1875,-0.25,4.8));
#4350 = CARTESIAN_POINT('',(-0.1875,0.25,4.8));
#4351 = ORIENTED_EDGE('',*,*,#4352,.T.);
#4352 = EDGE_CURVE('',#4346,#2854,#4353,.T.);
#4353 = B_SPLINE_CURVE_WITH_KNOTS('',1,(#4354,#4355),.UNSPECIFIED.,.F.,
  .F.,(2,2),(0.2,3.2),.PIECEWISE_BEZIER_KNOTS.);
#4354 = CARTESIAN_POINT('',(-0.1875,0.25,4.8));
#4355 = CARTESIAN_POINT('',(-0.1875,0.25,1.8));
#4356 = B_SPLINE_SURFACE_WITH_KNOTS('',1,1,(
    (#4357,#4358)
    ,(#4359,#4360
    )),.UNSPECIFIED.,.F.,.F.,.F.,(2,2),(2,2),(1.024253046983,
    4.024253046983),(-0.293266432726,0.206733567274),
  .PIECEWISE_BEZIER_KNOTS.);
#4357 = CARTESIAN_POINT('',(-0.1875,-0.25,1.8));
#4358 = CARTESIAN_POINT('',(-0.1875,0.25,1.8));
#4359 = CARTESIAN_POINT('',(-0.1875,-0.25,4.8));
#4360 = CARTESIAN_POINT('',(-0.1875,0.25,4.8));
#4361 = ADVANCED_FACE('',(#4362),#4378,.F.);
#4362 = FACE_BOUND('',#4363,.F.);
#4363 = EDGE_LOOP('',(#4364,#4371,#4372,#4373));
#4364 = ORIENTED_EDGE('',*,*,#4365,.F.);
#4365 = EDGE_CURVE('',#2870,#4366,#4368,.T.);
#4366 = VERTEX_POINT('',#4367);
#4367 = CARTESIAN_POINT('',(0.1875,-0.25,4.8));
#4368 = B_SPLINE_CURVE_WITH_KNOTS('',1,(#4369,#4370),.UNSPECIFIED.,.F.,
  .F.,(2,2),(2.7,5.7),.PIECEWISE_BEZIER_KNOTS.);
#4369 = CARTESIAN_POINT('',(0.1875,-0.25,1.8));
#4370 = CARTESIAN_POINT('',(0.1875,-0.25,4.8));
#4371 = ORIENTED_EDGE('',*,*,#2876,.T.);
#4372 = ORIENTED_EDGE('',*,*,#4338,.T.);
#4373 = ORIENTED_EDGE('',*,*,#4374,.F.);
#4374 = EDGE_CURVE('',#4366,#4339,#4375,.T.);
#4375 = B_SPLINE_CURVE_WITH_KNOTS('',1,(#4376,#4377),.UNSPECIFIED.,.F.,
  .F.,(2,2),(0.,0.5),.PIECEWISE_BEZIER_KNOTS.);
#4376 = CARTESIAN_POINT('',(0.1875,-0.25,4.8));
#4377 = CARTESIAN_POINT('',(-0.1875,-0.25,4.8));
#4378 = B_SPLINE_SURFACE_WITH_KNOTS('',1,1,(
    (#4379,#4380)
    ,(#4381,#4382
    )),.UNSPECIFIED.,.F.,.F.,.F.,(2,2),(2,2),(2.7,5.7),(-0.5,0.),
  .PIECEWISE_BEZIER_KNOTS.);
#4379 = CARTESIAN_POINT('',(-0.1875,-0.25,1.8));
#4380 = CARTESIAN_POINT('',(0.1875,-0.25,1.8));
#4381 = CARTESIAN_POINT('',(-0.1875,-0.25,4.8));
#4382 = CARTESIAN_POINT('',(0.1875,-0.25,4.8));
#4383 = ADVANCED_FACE('',(#4384),#4400,.F.);
#4384 = FACE_BOUND('',#4385,.F.);
#4385 = EDGE_LOOP('',(#4386,#4387,#4388,#4395));
#4386 = ORIENTED_EDGE('',*,*,#2869,.T.);
#4387 = ORIENTED_EDGE('',*,*,#4365,.T.);
#4388 = ORIENTED_EDGE('',*,*,#4389,.T.);
#4389 = EDGE_CURVE('',#4366,#4390,#4392,.T.);
#4390 = VERTEX_POINT('',#4391);
#4391 = CARTESIAN_POINT('',(0.1875,0.25,4.8));
#4392 = B_SPLINE_CURVE_WITH_KNOTS('',1,(#4393,#4394),.UNSPECIFIED.,.F.,
  .F.,(2,2),(0.,0.5),.PIECEWISE_BEZIER_KNOTS.);
#4393 = CARTESIAN_POINT('',(0.1875,-0.25,4.8));
#4394 = CARTESIAN_POINT('',(0.1875,0.25,4.8));
#4395 = ORIENTED_EDGE('',*,*,#4396,.T.);
#4396 = EDGE_CURVE('',#4390,#2863,#4397,.T.);
#4397 = B_SPLINE_CURVE_WITH_KNOTS('',1,(#4398,#4399),.UNSPECIFIED.,.F.,
  .F.,(2,2),(0.2,3.2),.PIECEWISE_BEZIER_KNOTS.);
#4398 = CARTESIAN_POINT('',(0.1875,0.25,4.8));
#4399 = CARTESIAN_POINT('',(0.1875,0.25,1.8));
#4400 = B_SPLINE_SURFACE_WITH_KNOTS('',1,1,(
    (#4401,#4402)
    ,(#4403,#4404
    )),.UNSPECIFIED.,.F.,.F.,.F.,(2,2),(2,2),(1.024253046983,
    4.024253046983),(-0.293266432726,0.206733567274),
  .PIECEWISE_BEZIER_KNOTS.);
#4401 = CARTESIAN_POINT('',(0.1875,-0.25,1.8));
#4402 = CARTESIAN_POINT('',(0.1875,0.25,1.8));
#4403 = CARTESIAN_POINT('',(0.1875,-0.25,4.8));
#4404 = CARTESIAN_POINT('',(0.1875,0.25,4.8));
#4405 = ADVANCED_FACE('',(#4406),#4416,.F.);
#4406 = FACE_BOUND('',#4407,.F.);
#4407 = EDGE_LOOP('',(#4408,#4409,#4414,#4415));
#4408 = ORIENTED_EDGE('',*,*,#4396,.F.);
#4409 = ORIENTED_EDGE('',*,*,#4410,.T.);
#4410 = EDGE_CURVE('',#4390,#4346,#4411,.T.);
#4411 = B_SPLINE_CURVE_WITH_KNOTS('',1,(#4412,#4413),.UNSPECIFIED.,.F.,
  .F.,(2,2),(0.,0.5),.PIECEWISE_BEZIER_KNOTS.);
#4412 = CARTESIAN_POINT('',(0.1875,0.25,4.8));
#4413 = CARTESIAN_POINT('',(-0.1875,0.25,4.8));
#4414 = ORIENTED_EDGE('',*,*,#4352,.T.);
#4415 = ORIENTED_EDGE('',*,*,#2862,.T.);
#4416 = B_SPLINE_SURFACE_WITH_KNOTS('',1,1,(
    (#4417,#4418)
    ,(#4419,#4420
    )),.UNSPECIFIED.,.F.,.F.,.F.,(2,2),(2,2),(0.2,3.2),(-0.5,0.),
  .PIECEWISE_BEZIER_KNOTS.);
#4417 = CARTESIAN_POINT('',(-0.1875,0.25,4.8));
#4418 = CARTESIAN_POINT('',(0.1875,0.25,4.8));
#4419 = CARTESIAN_POINT('',(-0.1875,0.25,1.8));
#4420 = CARTESIAN_POINT('',(0.1875,0.25,1.8));
#4421 = ADVANCED_FACE('',(#4422),#4458,.F.);
#4422 = FACE_BOUND('',#4423,.T.);
#4423 = EDGE_LOOP('',(#4424,#4433,#4440,#4447,#4452,#4453));
#4424 = ORIENTED_EDGE('',*,*,#4425,.F.);
#4425 = EDGE_CURVE('',#4426,#4428,#4430,.T.);
#4426 = VERTEX_POINT('',#4427);
#4427 = CARTESIAN_POINT('',(-3.75E-02,5.E-02,-3.4));
#4428 = VERTEX_POINT('',#4429);
#4429 = CARTESIAN_POINT('',(-0.1856644448,0.281192514695,-3.202447406934
    ));
#4430 = B_SPLINE_CURVE_WITH_KNOTS('',1,(#4431,#4432),.UNSPECIFIED.,.F.,
  .F.,(2,2),(-0.100268558019,0.262366289872),.PIECEWISE_BEZIER_KNOTS.);
#4431 = CARTESIAN_POINT('',(-3.749999999993E-02,5.000000000015E-02,-3.4)
  );
#4432 = CARTESIAN_POINT('',(-0.185664444799,0.281192514695,
    -3.202447406934));
#4433 = ORIENTED_EDGE('',*,*,#4434,.T.);
#4434 = EDGE_CURVE('',#4426,#4435,#4437,.T.);
#4435 = VERTEX_POINT('',#4436);
#4436 = CARTESIAN_POINT('',(-3.75E-02,-5.E-02,-3.4));
#4437 = B_SPLINE_CURVE_WITH_KNOTS('',1,(#4438,#4439),.UNSPECIFIED.,.F.,
  .F.,(2,2),(0.2,0.3),.PIECEWISE_BEZIER_KNOTS.);
#4438 = CARTESIAN_POINT('',(-3.75E-02,5.E-02,-3.4));
#4439 = CARTESIAN_POINT('',(-3.75E-02,-5.E-02,-3.4));
#4440 = ORIENTED_EDGE('',*,*,#4441,.T.);
#4441 = EDGE_CURVE('',#4435,#4442,#4444,.T.);
#4442 = VERTEX_POINT('',#4443);
#4443 = CARTESIAN_POINT('',(-0.1856644448,-0.218807485305,
    -3.202447406934));
#4444 = B_SPLINE_CURVE_WITH_KNOTS('',1,(#4445,#4446),.UNSPECIFIED.,.F.,
  .F.,(2,2),(5.611789568782E-02,0.382537902962),
  .PIECEWISE_BEZIER_KNOTS.);
#4445 = CARTESIAN_POINT('',(-3.750000000014E-02,-5.000000000014E-02,-3.4
    ));
#4446 = CARTESIAN_POINT('',(-0.1856644448,-0.218807485305,
    -3.202447406934));
#4447 = ORIENTED_EDGE('',*,*,#4448,.T.);
#4448 = EDGE_CURVE('',#4442,#3192,#4449,.T.);
#4449 = B_SPLINE_CURVE_WITH_KNOTS('',1,(#4450,#4451),.UNSPECIFIED.,.F.,
  .F.,(2,2),(0.288514728478,0.291997390048),.PIECEWISE_BEZIER_KNOTS.);
#4450 = CARTESIAN_POINT('',(-0.185664444799,-0.218807485306,
    -3.202447406934));
#4451 = CARTESIAN_POINT('',(-0.1875,-0.218421052632,-3.2));
#4452 = ORIENTED_EDGE('',*,*,#3189,.F.);
#4453 = ORIENTED_EDGE('',*,*,#4454,.F.);
#4454 = EDGE_CURVE('',#4428,#3190,#4455,.T.);
#4455 = B_SPLINE_CURVE_WITH_KNOTS('',1,(#4456,#4457),.UNSPECIFIED.,.F.,
  .F.,(2,2),(-0.367992736813,-0.364510075243),.PIECEWISE_BEZIER_KNOTS.);
#4456 = CARTESIAN_POINT('',(-0.1856644448,0.281192514695,-3.202447406934
    ));
#4457 = CARTESIAN_POINT('',(-0.1875,0.281578947369,-3.2));
#4458 = B_SPLINE_SURFACE_WITH_KNOTS('',1,1,(
    (#4459,#4460)
    ,(#4461,#4462
    )),.UNSPECIFIED.,.F.,.F.,.F.,(2,2),(2,2),(-0.468807485306,
    3.15789473686E-02),(-0.141421356237,0.141421356237),
  .PIECEWISE_BEZIER_KNOTS.);
#4459 = CARTESIAN_POINT('',(-3.749999999993E-02,-0.218807485306,-3.4));
#4460 = CARTESIAN_POINT('',(-0.1875,-0.218807485306,-3.2));
#4461 = CARTESIAN_POINT('',(-3.749999999993E-02,0.281578947369,-3.4));
#4462 = CARTESIAN_POINT('',(-0.1875,0.281578947369,-3.2));
#4463 = ADVANCED_FACE('',(#4464),#4486,.F.);
#4464 = FACE_BOUND('',#4465,.F.);
#4465 = EDGE_LOOP('',(#4466,#4467,#4472,#4473,#4474,#4481));
#4466 = ORIENTED_EDGE('',*,*,#3304,.F.);
#4467 = ORIENTED_EDGE('',*,*,#4468,.T.);
#4468 = EDGE_CURVE('',#3298,#3226,#4469,.T.);
#4469 = B_SPLINE_CURVE_WITH_KNOTS('',1,(#4470,#4471),.UNSPECIFIED.,.F.,
  .F.,(2,2),(0.,0.5),.PIECEWISE_BEZIER_KNOTS.);
#4470 = CARTESIAN_POINT('',(0.1875,0.55,-1.5));
#4471 = CARTESIAN_POINT('',(-0.1875,0.55,-1.5));
#4472 = ORIENTED_EDGE('',*,*,#3232,.T.);
#4473 = ORIENTED_EDGE('',*,*,#4454,.F.);
#4474 = ORIENTED_EDGE('',*,*,#4475,.F.);
#4475 = EDGE_CURVE('',#4476,#4428,#4478,.T.);
#4476 = VERTEX_POINT('',#4477);
#4477 = CARTESIAN_POINT('',(0.1856644448,0.281192514695,-3.202447406934)
  );
#4478 = B_SPLINE_CURVE_WITH_KNOTS('',1,(#4479,#4480),.UNSPECIFIED.,.F.,
  .F.,(2,2),(2.447406934E-03,0.497552593066),.PIECEWISE_BEZIER_KNOTS.);
#4479 = CARTESIAN_POINT('',(0.1856644448,0.281192514695,-3.202447406934)
  );
#4480 = CARTESIAN_POINT('',(-0.185664444799,0.281192514695,
    -3.202447406934));
#4481 = ORIENTED_EDGE('',*,*,#4482,.T.);
#4482 = EDGE_CURVE('',#4476,#3268,#4483,.T.);
#4483 = B_SPLINE_CURVE_WITH_KNOTS('',1,(#4484,#4485),.UNSPECIFIED.,.F.,
  .F.,(2,2),(-0.543677833159,-0.540195171589),.PIECEWISE_BEZIER_KNOTS.);
#4484 = CARTESIAN_POINT('',(0.1856644448,0.281192514695,-3.202447406934)
  );
#4485 = CARTESIAN_POINT('',(0.1875,0.281578947368,-3.2));
#4486 = B_SPLINE_SURFACE_WITH_KNOTS('',1,1,(
    (#4487,#4488)
    ,(#4489,#4490
    )),.UNSPECIFIED.,.F.,.F.,.F.,(2,2),(2,2),(-7.765370685427E-18,
    1.723538406167),(-0.5,0.),.PIECEWISE_BEZIER_KNOTS.);
#4487 = CARTESIAN_POINT('',(-0.1875,0.55,-1.5));
#4488 = CARTESIAN_POINT('',(0.1875,0.55,-1.5));
#4489 = CARTESIAN_POINT('',(-0.1875,0.281192514695,-3.202447406934));
#4490 = CARTESIAN_POINT('',(0.1875,0.281192514695,-3.202447406934));
#4491 = ADVANCED_FACE('',(#4492),#4498,.F.);
#4492 = FACE_BOUND('',#4493,.F.);
#4493 = EDGE_LOOP('',(#4494,#4495,#4496,#4497));
#4494 = ORIENTED_EDGE('',*,*,#3320,.T.);
#4495 = ORIENTED_EDGE('',*,*,#3225,.T.);
#4496 = ORIENTED_EDGE('',*,*,#4468,.F.);
#4497 = ORIENTED_EDGE('',*,*,#3297,.F.);
#4498 = B_SPLINE_SURFACE_WITH_KNOTS('',1,1,(
    (#4499,#4500)
    ,(#4501,#4502
    )),.UNSPECIFIED.,.F.,.F.,.F.,(2,2),(2,2),(-2.558593380735E-18,
    0.67082039325),(-0.5,6.157472618637E-33),.PIECEWISE_BEZIER_KNOTS.);
#4499 = CARTESIAN_POINT('',(-0.1875,0.25,-0.9));
#4500 = CARTESIAN_POINT('',(0.1875,0.25,-0.9));
#4501 = CARTESIAN_POINT('',(-0.1875,0.55,-1.5));
#4502 = CARTESIAN_POINT('',(0.1875,0.55,-1.5));
#4503 = ADVANCED_FACE('',(#4504),#4514,.F.);
#4504 = FACE_BOUND('',#4505,.F.);
#4505 = EDGE_LOOP('',(#4506,#4511,#4512,#4513));
#4506 = ORIENTED_EDGE('',*,*,#4507,.T.);
#4507 = EDGE_CURVE('',#3277,#3199,#4508,.T.);
#4508 = B_SPLINE_CURVE_WITH_KNOTS('',1,(#4509,#4510),.UNSPECIFIED.,.F.,
  .F.,(2,2),(0.,0.5),.PIECEWISE_BEZIER_KNOTS.);
#4509 = CARTESIAN_POINT('',(0.1875,5.E-02,-1.5));
#4510 = CARTESIAN_POINT('',(-0.1875,5.E-02,-1.5));
#4511 = ORIENTED_EDGE('',*,*,#3205,.T.);
#4512 = ORIENTED_EDGE('',*,*,#3252,.F.);
#4513 = ORIENTED_EDGE('',*,*,#3283,.F.);
#4514 = B_SPLINE_SURFACE_WITH_KNOTS('',1,1,(
    (#4515,#4516)
    ,(#4517,#4518
    )),.UNSPECIFIED.,.F.,.F.,.F.,(2,2),(2,2),(0.,0.67082039325),(-0.5,
    3.673940397442E-17),.PIECEWISE_BEZIER_KNOTS.);
#4515 = CARTESIAN_POINT('',(-0.1875,5.E-02,-1.5));
#4516 = CARTESIAN_POINT('',(0.1875,5.E-02,-1.5));
#4517 = CARTESIAN_POINT('',(-0.1875,-0.25,-0.9));
#4518 = CARTESIAN_POINT('',(0.1875,-0.25,-0.9));
#4519 = ADVANCED_FACE('',(#4520),#4538,.F.);
#4520 = FACE_BOUND('',#4521,.F.);
#4521 = EDGE_LOOP('',(#4522,#4523,#4530,#4535,#4536,#4537));
#4522 = ORIENTED_EDGE('',*,*,#3276,.F.);
#4523 = ORIENTED_EDGE('',*,*,#4524,.F.);
#4524 = EDGE_CURVE('',#4525,#3270,#4527,.T.);
#4525 = VERTEX_POINT('',#4526);
#4526 = CARTESIAN_POINT('',(0.1856644448,-0.218807485305,-3.202447406934
    ));
#4527 = B_SPLINE_CURVE_WITH_KNOTS('',1,(#4528,#4529),.UNSPECIFIED.,.F.,
  .F.,(2,2),(0.112829632132,0.116312293702),.PIECEWISE_BEZIER_KNOTS.);
#4528 = CARTESIAN_POINT('',(0.1856644448,-0.218807485305,-3.202447406934
    ));
#4529 = CARTESIAN_POINT('',(0.1875,-0.218421052631,-3.2));
#4530 = ORIENTED_EDGE('',*,*,#4531,.T.);
#4531 = EDGE_CURVE('',#4525,#4442,#4532,.T.);
#4532 = B_SPLINE_CURVE_WITH_KNOTS('',1,(#4533,#4534),.UNSPECIFIED.,.F.,
  .F.,(2,2),(2.447406934E-03,0.497552593066),.PIECEWISE_BEZIER_KNOTS.);
#4533 = CARTESIAN_POINT('',(0.1856644448,-0.218807485305,-3.202447406934
    ));
#4534 = CARTESIAN_POINT('',(-0.185664444799,-0.218807485305,
    -3.202447406934));
#4535 = ORIENTED_EDGE('',*,*,#4448,.T.);
#4536 = ORIENTED_EDGE('',*,*,#3198,.T.);
#4537 = ORIENTED_EDGE('',*,*,#4507,.F.);
#4538 = B_SPLINE_SURFACE_WITH_KNOTS('',1,1,(
    (#4539,#4540)
    ,(#4541,#4542
    )),.UNSPECIFIED.,.F.,.F.,.F.,(2,2),(2,2),(0.2,1.923538406167),(-0.5,
    7.693359533632E-34),.PIECEWISE_BEZIER_KNOTS.);
#4539 = CARTESIAN_POINT('',(-0.1875,-0.218807485305,-3.202447406934));
#4540 = CARTESIAN_POINT('',(0.1875,-0.218807485305,-3.202447406934));
#4541 = CARTESIAN_POINT('',(-0.1875,5.E-02,-1.5));
#4542 = CARTESIAN_POINT('',(0.1875,5.E-02,-1.5));
#4543 = ADVANCED_FACE('',(#4544),#4568,.T.);
#4544 = FACE_BOUND('',#4545,.F.);
#4545 = EDGE_LOOP('',(#4546,#4553,#4560,#4565,#4566,#4567));
#4546 = ORIENTED_EDGE('',*,*,#4547,.F.);
#4547 = EDGE_CURVE('',#4548,#4476,#4550,.T.);
#4548 = VERTEX_POINT('',#4549);
#4549 = CARTESIAN_POINT('',(3.75E-02,5.E-02,-3.4));
#4550 = B_SPLINE_CURVE_WITH_KNOTS('',1,(#4551,#4552),.UNSPECIFIED.,.F.,
  .F.,(2,2),(-0.236461062831,0.12617378506),.PIECEWISE_BEZIER_KNOTS.);
#4551 = CARTESIAN_POINT('',(3.749999999989E-02,5.000000000024E-02,-3.4)
  );
#4552 = CARTESIAN_POINT('',(0.185664444799,0.281192514695,
    -3.202447406934));
#4553 = ORIENTED_EDGE('',*,*,#4554,.T.);
#4554 = EDGE_CURVE('',#4548,#4555,#4557,.T.);
#4555 = VERTEX_POINT('',#4556);
#4556 = CARTESIAN_POINT('',(3.75E-02,-5.E-02,-3.4));
#4557 = B_SPLINE_CURVE_WITH_KNOTS('',1,(#4558,#4559),.UNSPECIFIED.,.F.,
  .F.,(2,2),(0.2,0.3),.PIECEWISE_BEZIER_KNOTS.);
#4558 = CARTESIAN_POINT('',(3.75E-02,5.E-02,-3.4));
#4559 = CARTESIAN_POINT('',(3.75E-02,-5.E-02,-3.4));
#4560 = ORIENTED_EDGE('',*,*,#4561,.T.);
#4561 = EDGE_CURVE('',#4555,#4525,#4562,.T.);
#4562 = B_SPLINE_CURVE_WITH_KNOTS('',1,(#4563,#4564),.UNSPECIFIED.,.F.,
  .F.,(2,2),(-9.518455871371E-02,0.231235448561),
  .PIECEWISE_BEZIER_KNOTS.);
#4563 = CARTESIAN_POINT('',(3.749999999993E-02,-5.000000000022E-02,-3.4)
  );
#4564 = CARTESIAN_POINT('',(0.185664444799,-0.218807485306,
    -3.202447406934));
#4565 = ORIENTED_EDGE('',*,*,#4524,.T.);
#4566 = ORIENTED_EDGE('',*,*,#3267,.F.);
#4567 = ORIENTED_EDGE('',*,*,#4482,.F.);
#4568 = B_SPLINE_SURFACE_WITH_KNOTS('',1,1,(
    (#4569,#4570)
    ,(#4571,#4572
    )),.UNSPECIFIED.,.F.,.F.,.F.,(2,2),(2,2),(-0.468807485306,
    3.15789473684E-02),(-0.141421356238,0.141421356237),
  .PIECEWISE_BEZIER_KNOTS.);
#4569 = CARTESIAN_POINT('',(3.749999999989E-02,-0.218807485306,-3.4));
#4570 = CARTESIAN_POINT('',(0.1875,-0.218807485306,-3.2));
#4571 = CARTESIAN_POINT('',(3.749999999989E-02,0.281578947368,-3.4));
#4572 = CARTESIAN_POINT('',(0.1875,0.281578947368,-3.2));
#4573 = ADVANCED_FACE('',(#4574),#4596,.T.);
#4574 = FACE_BOUND('',#4575,.T.);
#4575 = EDGE_LOOP('',(#4576,#4583,#4590,#4595));
#4576 = ORIENTED_EDGE('',*,*,#4577,.F.);
#4577 = EDGE_CURVE('',#4578,#3334,#4580,.T.);
#4578 = VERTEX_POINT('',#4579);
#4579 = CARTESIAN_POINT('',(1.5375,5.E-02,-3.4));
#4580 = B_SPLINE_CURVE_WITH_KNOTS('',1,(#4581,#4582),.UNSPECIFIED.,.F.,
  .F.,(2,2),(-0.230940107675,0.115470053839),.PIECEWISE_BEZIER_KNOTS.);
#4581 = CARTESIAN_POINT('',(1.5375,5.E-02,-3.4));
#4582 = CARTESIAN_POINT('',(1.6875,0.25,-3.2));
#4583 = ORIENTED_EDGE('',*,*,#4584,.T.);
#4584 = EDGE_CURVE('',#4578,#4585,#4587,.T.);
#4585 = VERTEX_POINT('',#4586);
#4586 = CARTESIAN_POINT('',(1.4625,5.E-02,-3.4));
#4587 = B_SPLINE_CURVE_WITH_KNOTS('',1,(#4588,#4589),.UNSPECIFIED.,.F.,
  .F.,(2,2),(0.2,0.3),.PIECEWISE_BEZIER_KNOTS.);
#4588 = CARTESIAN_POINT('',(1.5375,5.E-02,-3.4));
#4589 = CARTESIAN_POINT('',(1.4625,5.E-02,-3.4));
#4590 = ORIENTED_EDGE('',*,*,#4591,.T.);
#4591 = EDGE_CURVE('',#4585,#3342,#4592,.T.);
#4592 = B_SPLINE_CURVE_WITH_KNOTS('',1,(#4593,#4594),.UNSPECIFIED.,.F.,
  .F.,(2,2),(-8.660254037844E-02,0.259807621135),
  .PIECEWISE_BEZIER_KNOTS.);
#4593 = CARTESIAN_POINT('',(1.4625,5.E-02,-3.4));
#4594 = CARTESIAN_POINT('',(1.3125,0.25,-3.2));
#4595 = ORIENTED_EDGE('',*,*,#3348,.F.);
#4596 = B_SPLINE_SURFACE_WITH_KNOTS('',1,1,(
    (#4597,#4598)
    ,(#4599,#4600
    )),.UNSPECIFIED.,.F.,.F.,.F.,(2,2),(2,2),(-4.416304847838E-18,0.5),(
    -0.141421356237,0.141421356237),.PIECEWISE_BEZIER_KNOTS.);
#4597 = CARTESIAN_POINT('',(1.6875,5.E-02,-3.4));
#4598 = CARTESIAN_POINT('',(1.6875,0.25,-3.2));
#4599 = CARTESIAN_POINT('',(1.3125,5.E-02,-3.4));
#4600 = CARTESIAN_POINT('',(1.3125,0.25,-3.2));
#4601 = ADVANCED_FACE('',(#4602),#4618,.F.);
#4602 = FACE_BOUND('',#4603,.T.);
#4603 = EDGE_LOOP('',(#4604,#4605,#4612,#4617));
#4604 = ORIENTED_EDGE('',*,*,#4591,.F.);
#4605 = ORIENTED_EDGE('',*,*,#4606,.T.);
#4606 = EDGE_CURVE('',#4585,#4607,#4609,.T.);
#4607 = VERTEX_POINT('',#4608);
#4608 = CARTESIAN_POINT('',(1.4625,-5.E-02,-3.4));
#4609 = B_SPLINE_CURVE_WITH_KNOTS('',1,(#4610,#4611),.UNSPECIFIED.,.F.,
  .F.,(2,2),(0.2,0.3),.PIECEWISE_BEZIER_KNOTS.);
#4610 = CARTESIAN_POINT('',(1.4625,5.E-02,-3.4));
#4611 = CARTESIAN_POINT('',(1.4625,-5.E-02,-3.4));
#4612 = ORIENTED_EDGE('',*,*,#4613,.T.);
#4613 = EDGE_CURVE('',#4607,#3362,#4614,.T.);
#4614 = B_SPLINE_CURVE_WITH_KNOTS('',1,(#4615,#4616),.UNSPECIFIED.,.F.,
  .F.,(2,2),(5.773502691858E-02,0.404145188432),
  .PIECEWISE_BEZIER_KNOTS.);
#4615 = CARTESIAN_POINT('',(1.4625,-4.999999999978E-02,-3.4));
#4616 = CARTESIAN_POINT('',(1.3125,-0.25,-3.2));
#4617 = ORIENTED_EDGE('',*,*,#3361,.F.);
#4618 = B_SPLINE_SURFACE_WITH_KNOTS('',1,1,(
    (#4619,#4620)
    ,(#4621,#4622
    )),.UNSPECIFIED.,.F.,.F.,.F.,(2,2),(2,2),(-0.5,-1.224646799148E-17),
  (-0.141421356237,0.141421356237),.PIECEWISE_BEZIER_KNOTS.);
#4619 = CARTESIAN_POINT('',(1.4625,-0.25,-3.4));
#4620 = CARTESIAN_POINT('',(1.3125,-0.25,-3.2));
#4621 = CARTESIAN_POINT('',(1.4625,0.25,-3.4));
#4622 = CARTESIAN_POINT('',(1.3125,0.25,-3.2));
#4623 = ADVANCED_FACE('',(#4624),#4640,.T.);
#4624 = FACE_BOUND('',#4625,.F.);
#4625 = EDGE_LOOP('',(#4626,#4633,#4638,#4639));
#4626 = ORIENTED_EDGE('',*,*,#4627,.F.);
#4627 = EDGE_CURVE('',#4628,#3384,#4630,.T.);
#4628 = VERTEX_POINT('',#4629);
#4629 = CARTESIAN_POINT('',(1.5375,-5.E-02,-3.4));
#4630 = B_SPLINE_CURVE_WITH_KNOTS('',1,(#4631,#4632),.UNSPECIFIED.,.F.,
  .F.,(2,2),(-8.660254037844E-02,0.259807621135),
  .PIECEWISE_BEZIER_KNOTS.);
#4631 = CARTESIAN_POINT('',(1.5375,-5.E-02,-3.4));
#4632 = CARTESIAN_POINT('',(1.6875,-0.25,-3.2));
#4633 = ORIENTED_EDGE('',*,*,#4634,.T.);
#4634 = EDGE_CURVE('',#4628,#4607,#4635,.T.);
#4635 = B_SPLINE_CURVE_WITH_KNOTS('',1,(#4636,#4637),.UNSPECIFIED.,.F.,
  .F.,(2,2),(0.2,0.3),.PIECEWISE_BEZIER_KNOTS.);
#4636 = CARTESIAN_POINT('',(1.5375,-5.E-02,-3.4));
#4637 = CARTESIAN_POINT('',(1.4625,-5.E-02,-3.4));
#4638 = ORIENTED_EDGE('',*,*,#4613,.T.);
#4639 = ORIENTED_EDGE('',*,*,#3390,.F.);
#4640 = B_SPLINE_SURFACE_WITH_KNOTS('',1,1,(
    (#4641,#4642)
    ,(#4643,#4644
    )),.UNSPECIFIED.,.F.,.F.,.F.,(2,2),(2,2),(-0.5,6.182175280769E-17),(
    -0.141421356237,0.141421356237),.PIECEWISE_BEZIER_KNOTS.);
#4641 = CARTESIAN_POINT('',(1.3125,-4.999999999994E-02,-3.4));
#4642 = CARTESIAN_POINT('',(1.3125,-0.25,-3.2));
#4643 = CARTESIAN_POINT('',(1.6875,-4.999999999995E-02,-3.4));
#4644 = CARTESIAN_POINT('',(1.6875,-0.25,-3.2));
#4645 = ADVANCED_FACE('',(#4646),#4656,.T.);
#4646 = FACE_BOUND('',#4647,.F.);
#4647 = EDGE_LOOP('',(#4648,#4649,#4654,#4655));
#4648 = ORIENTED_EDGE('',*,*,#4577,.F.);
#4649 = ORIENTED_EDGE('',*,*,#4650,.T.);
#4650 = EDGE_CURVE('',#4578,#4628,#4651,.T.);
#4651 = B_SPLINE_CURVE_WITH_KNOTS('',1,(#4652,#4653),.UNSPECIFIED.,.F.,
  .F.,(2,2),(0.2,0.3),.PIECEWISE_BEZIER_KNOTS.);
#4652 = CARTESIAN_POINT('',(1.5375,5.E-02,-3.4));
#4653 = CARTESIAN_POINT('',(1.5375,-5.E-02,-3.4));
#4654 = ORIENTED_EDGE('',*,*,#4627,.T.);
#4655 = ORIENTED_EDGE('',*,*,#3405,.F.);
#4656 = B_SPLINE_SURFACE_WITH_KNOTS('',1,1,(
    (#4657,#4658)
    ,(#4659,#4660
    )),.UNSPECIFIED.,.F.,.F.,.F.,(2,2),(2,2),(-0.5,1.224646799147E-17),(
    -0.141421356237,0.141421356237),.PIECEWISE_BEZIER_KNOTS.);
#4657 = CARTESIAN_POINT('',(1.5375,-0.25,-3.4));
#4658 = CARTESIAN_POINT('',(1.6875,-0.25,-3.2));
#4659 = CARTESIAN_POINT('',(1.5375,0.25,-3.4));
#4660 = CARTESIAN_POINT('',(1.6875,0.25,-3.2));
#4661 = ADVANCED_FACE('',(#4662),#4684,.T.);
#4662 = FACE_BOUND('',#4663,.T.);
#4663 = EDGE_LOOP('',(#4664,#4671,#4678,#4683));
#4664 = ORIENTED_EDGE('',*,*,#4665,.F.);
#4665 = EDGE_CURVE('',#4666,#3422,#4668,.T.);
#4666 = VERTEX_POINT('',#4667);
#4667 = CARTESIAN_POINT('',(3.0375,5.E-02,-3.4));
#4668 = B_SPLINE_CURVE_WITH_KNOTS('',1,(#4669,#4670),.UNSPECIFIED.,.F.,
  .F.,(2,2),(-0.230940107675,0.115470053839),.PIECEWISE_BEZIER_KNOTS.);
#4669 = CARTESIAN_POINT('',(3.0375,5.E-02,-3.4));
#4670 = CARTESIAN_POINT('',(3.1875,0.25,-3.2));
#4671 = ORIENTED_EDGE('',*,*,#4672,.T.);
#4672 = EDGE_CURVE('',#4666,#4673,#4675,.T.);
#4673 = VERTEX_POINT('',#4674);
#4674 = CARTESIAN_POINT('',(2.9625,5.E-02,-3.4));
#4675 = B_SPLINE_CURVE_WITH_KNOTS('',1,(#4676,#4677),.UNSPECIFIED.,.F.,
  .F.,(2,2),(0.2,0.3),.PIECEWISE_BEZIER_KNOTS.);
#4676 = CARTESIAN_POINT('',(3.0375,5.E-02,-3.4));
#4677 = CARTESIAN_POINT('',(2.9625,5.E-02,-3.4));
#4678 = ORIENTED_EDGE('',*,*,#4679,.T.);
#4679 = EDGE_CURVE('',#4673,#3430,#4680,.T.);
#4680 = B_SPLINE_CURVE_WITH_KNOTS('',1,(#4681,#4682),.UNSPECIFIED.,.F.,
  .F.,(2,2),(-8.660254037844E-02,0.259807621135),
  .PIECEWISE_BEZIER_KNOTS.);
#4681 = CARTESIAN_POINT('',(2.9625,5.E-02,-3.4));
#4682 = CARTESIAN_POINT('',(2.8125,0.25,-3.2));
#4683 = ORIENTED_EDGE('',*,*,#3436,.F.);
#4684 = B_SPLINE_SURFACE_WITH_KNOTS('',1,1,(
    (#4685,#4686)
    ,(#4687,#4688
    )),.UNSPECIFIED.,.F.,.F.,.F.,(2,2),(2,2),(1.224646799147E-17,0.5),(
    -0.141421356237,0.141421356237),.PIECEWISE_BEZIER_KNOTS.);
#4685 = CARTESIAN_POINT('',(3.1875,5.E-02,-3.4));
#4686 = CARTESIAN_POINT('',(3.1875,0.25,-3.2));
#4687 = CARTESIAN_POINT('',(2.8125,5.E-02,-3.4));
#4688 = CARTESIAN_POINT('',(2.8125,0.25,-3.2));
#4689 = ADVANCED_FACE('',(#4690),#4706,.F.);
#4690 = FACE_BOUND('',#4691,.T.);
#4691 = EDGE_LOOP('',(#4692,#4693,#4700,#4705));
#4692 = ORIENTED_EDGE('',*,*,#4679,.F.);
#4693 = ORIENTED_EDGE('',*,*,#4694,.T.);
#4694 = EDGE_CURVE('',#4673,#4695,#4697,.T.);
#4695 = VERTEX_POINT('',#4696);
#4696 = CARTESIAN_POINT('',(2.9625,-5.E-02,-3.4));
#4697 = B_SPLINE_CURVE_WITH_KNOTS('',1,(#4698,#4699),.UNSPECIFIED.,.F.,
  .F.,(2,2),(0.2,0.3),.PIECEWISE_BEZIER_KNOTS.);
#4698 = CARTESIAN_POINT('',(2.9625,5.E-02,-3.4));
#4699 = CARTESIAN_POINT('',(2.9625,-5.E-02,-3.4));
#4700 = ORIENTED_EDGE('',*,*,#4701,.T.);
#4701 = EDGE_CURVE('',#4695,#3450,#4702,.T.);
#4702 = B_SPLINE_CURVE_WITH_KNOTS('',1,(#4703,#4704),.UNSPECIFIED.,.F.,
  .F.,(2,2),(5.773502691858E-02,0.404145188432),
  .PIECEWISE_BEZIER_KNOTS.);
#4703 = CARTESIAN_POINT('',(2.9625,-4.999999999978E-02,-3.4));
#4704 = CARTESIAN_POINT('',(2.8125,-0.25,-3.2));
#4705 = ORIENTED_EDGE('',*,*,#3449,.F.);
#4706 = B_SPLINE_SURFACE_WITH_KNOTS('',1,1,(
    (#4707,#4708)
    ,(#4709,#4710
    )),.UNSPECIFIED.,.F.,.F.,.F.,(2,2),(2,2),(-0.5,-1.224646799148E-17),
  (-0.141421356237,0.141421356237),.PIECEWISE_BEZIER_KNOTS.);
#4707 = CARTESIAN_POINT('',(2.9625,-0.25,-3.4));
#4708 = CARTESIAN_POINT('',(2.8125,-0.25,-3.2));
#4709 = CARTESIAN_POINT('',(2.9625,0.25,-3.4));
#4710 = CARTESIAN_POINT('',(2.8125,0.25,-3.2));
#4711 = ADVANCED_FACE('',(#4712),#4728,.T.);
#4712 = FACE_BOUND('',#4713,.F.);
#4713 = EDGE_LOOP('',(#4714,#4721,#4726,#4727));
#4714 = ORIENTED_EDGE('',*,*,#4715,.F.);
#4715 = EDGE_CURVE('',#4716,#3472,#4718,.T.);
#4716 = VERTEX_POINT('',#4717);
#4717 = CARTESIAN_POINT('',(3.0375,-5.E-02,-3.4));
#4718 = B_SPLINE_CURVE_WITH_KNOTS('',1,(#4719,#4720),.UNSPECIFIED.,.F.,
  .F.,(2,2),(-8.660254037844E-02,0.259807621135),
  .PIECEWISE_BEZIER_KNOTS.);
#4719 = CARTESIAN_POINT('',(3.0375,-5.E-02,-3.4));
#4720 = CARTESIAN_POINT('',(3.1875,-0.25,-3.2));
#4721 = ORIENTED_EDGE('',*,*,#4722,.T.);
#4722 = EDGE_CURVE('',#4716,#4695,#4723,.T.);
#4723 = B_SPLINE_CURVE_WITH_KNOTS('',1,(#4724,#4725),.UNSPECIFIED.,.F.,
  .F.,(2,2),(0.2,0.3),.PIECEWISE_BEZIER_KNOTS.);
#4724 = CARTESIAN_POINT('',(3.0375,-5.E-02,-3.4));
#4725 = CARTESIAN_POINT('',(2.9625,-5.E-02,-3.4));
#4726 = ORIENTED_EDGE('',*,*,#4701,.T.);
#4727 = ORIENTED_EDGE('',*,*,#3478,.F.);
#4728 = B_SPLINE_SURFACE_WITH_KNOTS('',1,1,(
    (#4729,#4730)
    ,(#4731,#4732
    )),.UNSPECIFIED.,.F.,.F.,.F.,(2,2),(2,2),(-0.5,1.224646799147E-17),(
    -0.141421356237,0.141421356237),.PIECEWISE_BEZIER_KNOTS.);
#4729 = CARTESIAN_POINT('',(2.8125,-4.999999999994E-02,-3.4));
#4730 = CARTESIAN_POINT('',(2.8125,-0.25,-3.2));
#4731 = CARTESIAN_POINT('',(3.1875,-4.999999999994E-02,-3.4));
#4732 = CARTESIAN_POINT('',(3.1875,-0.25,-3.2));
#4733 = ADVANCED_FACE('',(#4734),#4744,.T.);
#4734 = FACE_BOUND('',#4735,.F.);
#4735 = EDGE_LOOP('',(#4736,#4737,#4742,#4743));
#4736 = ORIENTED_EDGE('',*,*,#4665,.F.);
#4737 = ORIENTED_EDGE('',*,*,#4738,.T.);
#4738 = EDGE_CURVE('',#4666,#4716,#4739,.T.);
#4739 = B_SPLINE_CURVE_WITH_KNOTS('',1,(#4740,#4741),.UNSPECIFIED.,.F.,
  .F.,(2,2),(0.2,0.3),.PIECEWISE_BEZIER_KNOTS.);
#4740 = CARTESIAN_POINT('',(3.0375,5.E-02,-3.4));
#4741 = CARTESIAN_POINT('',(3.0375,-5.E-02,-3.4));
#4742 = ORIENTED_EDGE('',*,*,#4715,.T.);
#4743 = ORIENTED_EDGE('',*,*,#3493,.F.);
#4744 = B_SPLINE_SURFACE_WITH_KNOTS('',1,1,(
    (#4745,#4746)
    ,(#4747,#4748
    )),.UNSPECIFIED.,.F.,.F.,.F.,(2,2),(2,2),(-0.5,1.267792021072E-16),(
    -0.141421356237,0.141421356237),.PIECEWISE_BEZIER_KNOTS.);
#4745 = CARTESIAN_POINT('',(3.0375,-0.25,-3.4));
#4746 = CARTESIAN_POINT('',(3.1875,-0.25,-3.2));
#4747 = CARTESIAN_POINT('',(3.0375,0.25,-3.4));
#4748 = CARTESIAN_POINT('',(3.1875,0.25,-3.2));
#4749 = ADVANCED_FACE('',(#4750),#4772,.T.);
#4750 = FACE_BOUND('',#4751,.T.);
#4751 = EDGE_LOOP('',(#4752,#4759,#4766,#4771));
#4752 = ORIENTED_EDGE('',*,*,#4753,.F.);
#4753 = EDGE_CURVE('',#4754,#3510,#4756,.T.);
#4754 = VERTEX_POINT('',#4755);
#4755 = CARTESIAN_POINT('',(4.5375,5.E-02,-3.4));
#4756 = B_SPLINE_CURVE_WITH_KNOTS('',1,(#4757,#4758),.UNSPECIFIED.,.F.,
  .F.,(2,2),(-0.230940107675,0.115470053839),.PIECEWISE_BEZIER_KNOTS.);
#4757 = CARTESIAN_POINT('',(4.5375,5.E-02,-3.4));
#4758 = CARTESIAN_POINT('',(4.6875,0.25,-3.2));
#4759 = ORIENTED_EDGE('',*,*,#4760,.T.);
#4760 = EDGE_CURVE('',#4754,#4761,#4763,.T.);
#4761 = VERTEX_POINT('',#4762);
#4762 = CARTESIAN_POINT('',(4.4625,5.E-02,-3.4));
#4763 = B_SPLINE_CURVE_WITH_KNOTS('',1,(#4764,#4765),.UNSPECIFIED.,.F.,
  .F.,(2,2),(0.2,0.3),.PIECEWISE_BEZIER_KNOTS.);
#4764 = CARTESIAN_POINT('',(4.5375,5.E-02,-3.4));
#4765 = CARTESIAN_POINT('',(4.4625,5.E-02,-3.4));
#4766 = ORIENTED_EDGE('',*,*,#4767,.T.);
#4767 = EDGE_CURVE('',#4761,#3518,#4768,.T.);
#4768 = B_SPLINE_CURVE_WITH_KNOTS('',1,(#4769,#4770),.UNSPECIFIED.,.F.,
  .F.,(2,2),(-8.660254037844E-02,0.259807621135),
  .PIECEWISE_BEZIER_KNOTS.);
#4769 = CARTESIAN_POINT('',(4.4625,5.E-02,-3.4));
#4770 = CARTESIAN_POINT('',(4.3125,0.25,-3.2));
#4771 = ORIENTED_EDGE('',*,*,#3524,.F.);
#4772 = B_SPLINE_SURFACE_WITH_KNOTS('',1,1,(
    (#4773,#4774)
    ,(#4775,#4776
    )),.UNSPECIFIED.,.F.,.F.,.F.,(2,2),(2,2),(1.224646799147E-17,0.5),(
    -0.141421356237,0.141421356237),.PIECEWISE_BEZIER_KNOTS.);
#4773 = CARTESIAN_POINT('',(4.6875,5.E-02,-3.4));
#4774 = CARTESIAN_POINT('',(4.6875,0.25,-3.2));
#4775 = CARTESIAN_POINT('',(4.3125,5.E-02,-3.4));
#4776 = CARTESIAN_POINT('',(4.3125,0.25,-3.2));
#4777 = ADVANCED_FACE('',(#4778),#4794,.F.);
#4778 = FACE_BOUND('',#4779,.T.);
#4779 = EDGE_LOOP('',(#4780,#4781,#4788,#4793));
#4780 = ORIENTED_EDGE('',*,*,#4767,.F.);
#4781 = ORIENTED_EDGE('',*,*,#4782,.T.);
#4782 = EDGE_CURVE('',#4761,#4783,#4785,.T.);
#4783 = VERTEX_POINT('',#4784);
#4784 = CARTESIAN_POINT('',(4.4625,-5.E-02,-3.4));
#4785 = B_SPLINE_CURVE_WITH_KNOTS('',1,(#4786,#4787),.UNSPECIFIED.,.F.,
  .F.,(2,2),(0.2,0.3),.PIECEWISE_BEZIER_KNOTS.);
#4786 = CARTESIAN_POINT('',(4.4625,5.E-02,-3.4));
#4787 = CARTESIAN_POINT('',(4.4625,-5.E-02,-3.4));
#4788 = ORIENTED_EDGE('',*,*,#4789,.T.);
#4789 = EDGE_CURVE('',#4783,#3538,#4790,.T.);
#4790 = B_SPLINE_CURVE_WITH_KNOTS('',1,(#4791,#4792),.UNSPECIFIED.,.F.,
  .F.,(2,2),(5.773502691858E-02,0.404145188432),
  .PIECEWISE_BEZIER_KNOTS.);
#4791 = CARTESIAN_POINT('',(4.4625,-4.999999999978E-02,-3.4));
#4792 = CARTESIAN_POINT('',(4.3125,-0.25,-3.2));
#4793 = ORIENTED_EDGE('',*,*,#3537,.F.);
#4794 = B_SPLINE_SURFACE_WITH_KNOTS('',1,1,(
    (#4795,#4796)
    ,(#4797,#4798
    )),.UNSPECIFIED.,.F.,.F.,.F.,(2,2),(2,2),(-0.5,8.111303590126E-17),(
    -0.141421356237,0.141421356237),.PIECEWISE_BEZIER_KNOTS.);
#4795 = CARTESIAN_POINT('',(4.4625,-0.25,-3.4));
#4796 = CARTESIAN_POINT('',(4.3125,-0.25,-3.2));
#4797 = CARTESIAN_POINT('',(4.4625,0.25,-3.4));
#4798 = CARTESIAN_POINT('',(4.3125,0.25,-3.2));
#4799 = ADVANCED_FACE('',(#4800),#4816,.T.);
#4800 = FACE_BOUND('',#4801,.F.);
#4801 = EDGE_LOOP('',(#4802,#4809,#4814,#4815));
#4802 = ORIENTED_EDGE('',*,*,#4803,.F.);
#4803 = EDGE_CURVE('',#4804,#3560,#4806,.T.);
#4804 = VERTEX_POINT('',#4805);
#4805 = CARTESIAN_POINT('',(4.5375,-5.E-02,-3.4));
#4806 = B_SPLINE_CURVE_WITH_KNOTS('',1,(#4807,#4808),.UNSPECIFIED.,.F.,
  .F.,(2,2),(-8.660254037844E-02,0.259807621135),
  .PIECEWISE_BEZIER_KNOTS.);
#4807 = CARTESIAN_POINT('',(4.5375,-5.E-02,-3.4));
#4808 = CARTESIAN_POINT('',(4.6875,-0.25,-3.2));
#4809 = ORIENTED_EDGE('',*,*,#4810,.T.);
#4810 = EDGE_CURVE('',#4804,#4783,#4811,.T.);
#4811 = B_SPLINE_CURVE_WITH_KNOTS('',1,(#4812,#4813),.UNSPECIFIED.,.F.,
  .F.,(2,2),(0.2,0.3),.PIECEWISE_BEZIER_KNOTS.);
#4812 = CARTESIAN_POINT('',(4.5375,-5.E-02,-3.4));
#4813 = CARTESIAN_POINT('',(4.4625,-5.E-02,-3.4));
#4814 = ORIENTED_EDGE('',*,*,#4789,.T.);
#4815 = ORIENTED_EDGE('',*,*,#3566,.F.);
#4816 = B_SPLINE_SURFACE_WITH_KNOTS('',1,1,(
    (#4817,#4818)
    ,(#4819,#4820
    )),.UNSPECIFIED.,.F.,.F.,.F.,(2,2),(2,2),(-0.5,1.224646799147E-17),(
    -0.141421356237,0.141421356237),.PIECEWISE_BEZIER_KNOTS.);
#4817 = CARTESIAN_POINT('',(4.3125,-4.999999999994E-02,-3.4));
#4818 = CARTESIAN_POINT('',(4.3125,-0.25,-3.2));
#4819 = CARTESIAN_POINT('',(4.6875,-4.999999999995E-02,-3.4));
#4820 = CARTESIAN_POINT('',(4.6875,-0.25,-3.2));
#4821 = ADVANCED_FACE('',(#4822),#4832,.T.);
#4822 = FACE_BOUND('',#4823,.F.);
#4823 = EDGE_LOOP('',(#4824,#4825,#4830,#4831));
#4824 = ORIENTED_EDGE('',*,*,#4753,.F.);
#4825 = ORIENTED_EDGE('',*,*,#4826,.T.);
#4826 = EDGE_CURVE('',#4754,#4804,#4827,.T.);
#4827 = B_SPLINE_CURVE_WITH_KNOTS('',1,(#4828,#4829),.UNSPECIFIED.,.F.,
  .F.,(2,2),(0.2,0.3),.PIECEWISE_BEZIER_KNOTS.);
#4828 = CARTESIAN_POINT('',(4.5375,5.E-02,-3.4));
#4829 = CARTESIAN_POINT('',(4.5375,-5.E-02,-3.4));
#4830 = ORIENTED_EDGE('',*,*,#4803,.T.);
#4831 = ORIENTED_EDGE('',*,*,#3581,.F.);
#4832 = B_SPLINE_SURFACE_WITH_KNOTS('',1,1,(
    (#4833,#4834)
    ,(#4835,#4836
    )),.UNSPECIFIED.,.F.,.F.,.F.,(2,2),(2,2),(-0.5,1.267792021072E-16),(
    -0.141421356237,0.141421356237),.PIECEWISE_BEZIER_KNOTS.);
#4833 = CARTESIAN_POINT('',(4.5375,-0.25,-3.4));
#4834 = CARTESIAN_POINT('',(4.6875,-0.25,-3.2));
#4835 = CARTESIAN_POINT('',(4.5375,0.25,-3.4));
#4836 = CARTESIAN_POINT('',(4.6875,0.25,-3.2));
#4837 = ADVANCED_FACE('',(#4838),#4860,.F.);
#4838 = FACE_BOUND('',#4839,.T.);
#4839 = EDGE_LOOP('',(#4840,#4847,#4854,#4859));
#4840 = ORIENTED_EDGE('',*,*,#4841,.F.);
#4841 = EDGE_CURVE('',#4842,#3598,#4844,.T.);
#4842 = VERTEX_POINT('',#4843);
#4843 = CARTESIAN_POINT('',(5.9625,5.E-02,-3.4));
#4844 = B_SPLINE_CURVE_WITH_KNOTS('',1,(#4845,#4846),.UNSPECIFIED.,.F.,
  .F.,(2,2),(-8.660254037844E-02,0.259807621135),
  .PIECEWISE_BEZIER_KNOTS.);
#4845 = CARTESIAN_POINT('',(5.9625,5.E-02,-3.4));
#4846 = CARTESIAN_POINT('',(5.8125,0.25,-3.2));
#4847 = ORIENTED_EDGE('',*,*,#4848,.T.);
#4848 = EDGE_CURVE('',#4842,#4849,#4851,.T.);
#4849 = VERTEX_POINT('',#4850);
#4850 = CARTESIAN_POINT('',(5.9625,-5.E-02,-3.4));
#4851 = B_SPLINE_CURVE_WITH_KNOTS('',1,(#4852,#4853),.UNSPECIFIED.,.F.,
  .F.,(2,2),(0.2,0.3),.PIECEWISE_BEZIER_KNOTS.);
#4852 = CARTESIAN_POINT('',(5.9625,5.E-02,-3.4));
#4853 = CARTESIAN_POINT('',(5.9625,-5.E-02,-3.4));
#4854 = ORIENTED_EDGE('',*,*,#4855,.T.);
#4855 = EDGE_CURVE('',#4849,#3600,#4856,.T.);
#4856 = B_SPLINE_CURVE_WITH_KNOTS('',1,(#4857,#4858),.UNSPECIFIED.,.F.,
  .F.,(2,2),(5.773502691858E-02,0.404145188432),
  .PIECEWISE_BEZIER_KNOTS.);
#4857 = CARTESIAN_POINT('',(5.9625,-4.999999999978E-02,-3.4));
#4858 = CARTESIAN_POINT('',(5.8125,-0.25,-3.2));
#4859 = ORIENTED_EDGE('',*,*,#3597,.F.);
#4860 = B_SPLINE_SURFACE_WITH_KNOTS('',1,1,(
    (#4861,#4862)
    ,(#4863,#4864
    )),.UNSPECIFIED.,.F.,.F.,.F.,(2,2),(2,2),(-0.5,8.111303590126E-17),(
    -0.141421356237,0.141421356237),.PIECEWISE_BEZIER_KNOTS.);
#4861 = CARTESIAN_POINT('',(5.9625,-0.25,-3.4));
#4862 = CARTESIAN_POINT('',(5.8125,-0.25,-3.2));
#4863 = CARTESIAN_POINT('',(5.9625,0.25,-3.4));
#4864 = CARTESIAN_POINT('',(5.8125,0.25,-3.2));
#4865 = ADVANCED_FACE('',(#4866),#4882,.T.);
#4866 = FACE_BOUND('',#4867,.F.);
#4867 = EDGE_LOOP('',(#4868,#4875,#4880,#4881));
#4868 = ORIENTED_EDGE('',*,*,#4869,.F.);
#4869 = EDGE_CURVE('',#4870,#3626,#4872,.T.);
#4870 = VERTEX_POINT('',#4871);
#4871 = CARTESIAN_POINT('',(6.0375,-5.E-02,-3.4));
#4872 = B_SPLINE_CURVE_WITH_KNOTS('',1,(#4873,#4874),.UNSPECIFIED.,.F.,
  .F.,(2,2),(-8.660254037844E-02,0.259807621135),
  .PIECEWISE_BEZIER_KNOTS.);
#4873 = CARTESIAN_POINT('',(6.0375,-5.E-02,-3.4));
#4874 = CARTESIAN_POINT('',(6.1875,-0.25,-3.2));
#4875 = ORIENTED_EDGE('',*,*,#4876,.T.);
#4876 = EDGE_CURVE('',#4870,#4849,#4877,.T.);
#4877 = B_SPLINE_CURVE_WITH_KNOTS('',1,(#4878,#4879),.UNSPECIFIED.,.F.,
  .F.,(2,2),(0.2,0.3),.PIECEWISE_BEZIER_KNOTS.);
#4878 = CARTESIAN_POINT('',(6.0375,-5.E-02,-3.4));
#4879 = CARTESIAN_POINT('',(5.9625,-5.E-02,-3.4));
#4880 = ORIENTED_EDGE('',*,*,#4855,.T.);
#4881 = ORIENTED_EDGE('',*,*,#3632,.F.);
#4882 = B_SPLINE_SURFACE_WITH_KNOTS('',1,1,(
    (#4883,#4884)
    ,(#4885,#4886
    )),.UNSPECIFIED.,.F.,.F.,.F.,(2,2),(2,2),(-0.5,1.224646799147E-17),(
    -0.141421356237,0.141421356237),.PIECEWISE_BEZIER_KNOTS.);
#4883 = CARTESIAN_POINT('',(5.8125,-4.999999999994E-02,-3.4));
#4884 = CARTESIAN_POINT('',(5.8125,-0.25,-3.2));
#4885 = CARTESIAN_POINT('',(6.1875,-4.999999999995E-02,-3.4));
#4886 = CARTESIAN_POINT('',(6.1875,-0.25,-3.2));
#4887 = ADVANCED_FACE('',(#4888),#4904,.T.);
#4888 = FACE_BOUND('',#4889,.F.);
#4889 = EDGE_LOOP('',(#4890,#4897,#4902,#4903));
#4890 = ORIENTED_EDGE('',*,*,#4891,.F.);
#4891 = EDGE_CURVE('',#4892,#3648,#4894,.T.);
#4892 = VERTEX_POINT('',#4893);
#4893 = CARTESIAN_POINT('',(6.0375,5.E-02,-3.4));
#4894 = B_SPLINE_CURVE_WITH_KNOTS('',1,(#4895,#4896),.UNSPECIFIED.,.F.,
  .F.,(2,2),(-0.230940107675,0.115470053839),.PIECEWISE_BEZIER_KNOTS.);
#4895 = CARTESIAN_POINT('',(6.0375,5.E-02,-3.4));
#4896 = CARTESIAN_POINT('',(6.1875,0.25,-3.2));
#4897 = ORIENTED_EDGE('',*,*,#4898,.T.);
#4898 = EDGE_CURVE('',#4892,#4870,#4899,.T.);
#4899 = B_SPLINE_CURVE_WITH_KNOTS('',1,(#4900,#4901),.UNSPECIFIED.,.F.,
  .F.,(2,2),(0.2,0.3),.PIECEWISE_BEZIER_KNOTS.);
#4900 = CARTESIAN_POINT('',(6.0375,5.E-02,-3.4));
#4901 = CARTESIAN_POINT('',(6.0375,-5.E-02,-3.4));
#4902 = ORIENTED_EDGE('',*,*,#4869,.T.);
#4903 = ORIENTED_EDGE('',*,*,#3647,.F.);
#4904 = B_SPLINE_SURFACE_WITH_KNOTS('',1,1,(
    (#4905,#4906)
    ,(#4907,#4908
    )),.UNSPECIFIED.,.F.,.F.,.F.,(2,2),(2,2),(-0.5,1.267792021072E-16),(
    -0.141421356237,0.141421356237),.PIECEWISE_BEZIER_KNOTS.);
#4905 = CARTESIAN_POINT('',(6.0375,-0.25,-3.4));
#4906 = CARTESIAN_POINT('',(6.1875,-0.25,-3.2));
#4907 = CARTESIAN_POINT('',(6.0375,0.25,-3.4));
#4908 = CARTESIAN_POINT('',(6.1875,0.25,-3.2));
#4909 = ADVANCED_FACE('',(#4910),#4920,.T.);
#4910 = FACE_BOUND('',#4911,.T.);
#4911 = EDGE_LOOP('',(#4912,#4913,#4918,#4919));
#4912 = ORIENTED_EDGE('',*,*,#4891,.F.);
#4913 = ORIENTED_EDGE('',*,*,#4914,.T.);
#4914 = EDGE_CURVE('',#4892,#4842,#4915,.T.);
#4915 = B_SPLINE_CURVE_WITH_KNOTS('',1,(#4916,#4917),.UNSPECIFIED.,.F.,
  .F.,(2,2),(0.2,0.3),.PIECEWISE_BEZIER_KNOTS.);
#4916 = CARTESIAN_POINT('',(6.0375,5.E-02,-3.4));
#4917 = CARTESIAN_POINT('',(5.9625,5.E-02,-3.4));
#4918 = ORIENTED_EDGE('',*,*,#4841,.T.);
#4919 = ORIENTED_EDGE('',*,*,#3672,.F.);
#4920 = B_SPLINE_SURFACE_WITH_KNOTS('',1,1,(
    (#4921,#4922)
    ,(#4923,#4924
    )),.UNSPECIFIED.,.F.,.F.,.F.,(2,2),(2,2),(1.224646799147E-17,0.5),(
    -0.141421356237,0.141421356237),.PIECEWISE_BEZIER_KNOTS.);
#4921 = CARTESIAN_POINT('',(6.1875,5.E-02,-3.4));
#4922 = CARTESIAN_POINT('',(6.1875,0.25,-3.2));
#4923 = CARTESIAN_POINT('',(5.8125,5.E-02,-3.4));
#4924 = CARTESIAN_POINT('',(5.8125,0.25,-3.2));
#4925 = ADVANCED_FACE('',(#4926),#4936,.T.);
#4926 = FACE_BOUND('',#4927,.T.);
#4927 = EDGE_LOOP('',(#4928,#4929,#4934,#4935));
#4928 = ORIENTED_EDGE('',*,*,#3807,.F.);
#4929 = ORIENTED_EDGE('',*,*,#4930,.T.);
#4930 = EDGE_CURVE('',#3808,#3702,#4931,.T.);
#4931 = B_SPLINE_CURVE_WITH_KNOTS('',1,(#4932,#4933),.UNSPECIFIED.,.F.,
  .F.,(2,2),(0.2,0.3),.PIECEWISE_BEZIER_KNOTS.);
#4932 = CARTESIAN_POINT('',(7.5375,5.E-02,-3.4));
#4933 = CARTESIAN_POINT('',(7.4625,5.E-02,-3.4));
#4934 = ORIENTED_EDGE('',*,*,#3701,.T.);
#4935 = ORIENTED_EDGE('',*,*,#3747,.F.);
#4936 = B_SPLINE_SURFACE_WITH_KNOTS('',1,1,(
    (#4937,#4938)
    ,(#4939,#4940
    )),.UNSPECIFIED.,.F.,.F.,.F.,(2,2),(2,2),(2.447406933999E-03,
    0.497552593066),(-0.152050161031,0.152050161031),
  .PIECEWISE_BEZIER_KNOTS.);
#4937 = CARTESIAN_POINT('',(7.6856644448,4.999999999985E-02,-3.4));
#4938 = CARTESIAN_POINT('',(7.6856644448,0.281192514695,-3.202447406934)
  );
#4939 = CARTESIAN_POINT('',(7.3143355552,4.999999999985E-02,-3.4));
#4940 = CARTESIAN_POINT('',(7.3143355552,0.281192514695,-3.202447406934)
  );
#4941 = ADVANCED_FACE('',(#4942),#4952,.F.);
#4942 = FACE_BOUND('',#4943,.F.);
#4943 = EDGE_LOOP('',(#4944,#4945,#4950,#4951));
#4944 = ORIENTED_EDGE('',*,*,#3710,.T.);
#4945 = ORIENTED_EDGE('',*,*,#4946,.F.);
#4946 = EDGE_CURVE('',#3815,#3711,#4947,.T.);
#4947 = B_SPLINE_CURVE_WITH_KNOTS('',1,(#4948,#4949),.UNSPECIFIED.,.F.,
  .F.,(2,2),(0.2,0.3),.PIECEWISE_BEZIER_KNOTS.);
#4948 = CARTESIAN_POINT('',(7.5375,-5.E-02,-3.4));
#4949 = CARTESIAN_POINT('',(7.4625,-5.E-02,-3.4));
#4950 = ORIENTED_EDGE('',*,*,#3814,.F.);
#4951 = ORIENTED_EDGE('',*,*,#4930,.T.);
#4952 = B_SPLINE_SURFACE_WITH_KNOTS('',1,1,(
    (#4953,#4954)
    ,(#4955,#4956
    )),.UNSPECIFIED.,.F.,.F.,.F.,(2,2),(2,2),(0.2,0.3),(-0.3,-0.2),
  .PIECEWISE_BEZIER_KNOTS.);
#4953 = CARTESIAN_POINT('',(7.4625,5.E-02,-3.4));
#4954 = CARTESIAN_POINT('',(7.5375,5.E-02,-3.4));
#4955 = CARTESIAN_POINT('',(7.4625,-5.E-02,-3.4));
#4956 = CARTESIAN_POINT('',(7.5375,-5.E-02,-3.4));
#4957 = ADVANCED_FACE('',(#4958),#4964,.T.);
#4958 = FACE_BOUND('',#4959,.F.);
#4959 = EDGE_LOOP('',(#4960,#4961,#4962,#4963));
#4960 = ORIENTED_EDGE('',*,*,#3821,.F.);
#4961 = ORIENTED_EDGE('',*,*,#4946,.T.);
#4962 = ORIENTED_EDGE('',*,*,#3717,.T.);
#4963 = ORIENTED_EDGE('',*,*,#3791,.F.);
#4964 = B_SPLINE_SURFACE_WITH_KNOTS('',1,1,(
    (#4965,#4966)
    ,(#4967,#4968
    )),.UNSPECIFIED.,.F.,.F.,.F.,(2,2),(2,2),(-0.497552593066,
    -2.447406933999E-03),(-0.129925934788,0.129925934788),
  .PIECEWISE_BEZIER_KNOTS.);
#4965 = CARTESIAN_POINT('',(7.3143355552,-5.00000000001E-02,-3.4));
#4966 = CARTESIAN_POINT('',(7.3143355552,-0.218807485306,-3.202447406934
    ));
#4967 = CARTESIAN_POINT('',(7.6856644448,-5.00000000001E-02,-3.4));
#4968 = CARTESIAN_POINT('',(7.6856644448,-0.218807485306,-3.202447406934
    ));
#4969 = ADVANCED_FACE('',(#4970),#4992,.T.);
#4970 = FACE_BOUND('',#4971,.F.);
#4971 = EDGE_LOOP('',(#4972,#4979,#4986,#4991));
#4972 = ORIENTED_EDGE('',*,*,#4973,.F.);
#4973 = EDGE_CURVE('',#4974,#3898,#4976,.T.);
#4974 = VERTEX_POINT('',#4975);
#4975 = CARTESIAN_POINT('',(1.5375,5.E-02,5.));
#4976 = B_SPLINE_CURVE_WITH_KNOTS('',1,(#4977,#4978),.UNSPECIFIED.,.F.,
  .F.,(2,2),(-8.660254037844E-02,0.259807621135),
  .PIECEWISE_BEZIER_KNOTS.);
#4977 = CARTESIAN_POINT('',(1.5375,5.E-02,5.));
#4978 = CARTESIAN_POINT('',(1.6875,0.25,4.8));
#4979 = ORIENTED_EDGE('',*,*,#4980,.T.);
#4980 = EDGE_CURVE('',#4974,#4981,#4983,.T.);
#4981 = VERTEX_POINT('',#4982);
#4982 = CARTESIAN_POINT('',(1.4625,5.E-02,5.));
#4983 = B_SPLINE_CURVE_WITH_KNOTS('',1,(#4984,#4985),.UNSPECIFIED.,.F.,
  .F.,(2,2),(0.2,0.3),.PIECEWISE_BEZIER_KNOTS.);
#4984 = CARTESIAN_POINT('',(1.5375,5.E-02,5.));
#4985 = CARTESIAN_POINT('',(1.4625,5.E-02,5.));
#4986 = ORIENTED_EDGE('',*,*,#4987,.T.);
#4987 = EDGE_CURVE('',#4981,#3905,#4988,.T.);
#4988 = B_SPLINE_CURVE_WITH_KNOTS('',1,(#4989,#4990),.UNSPECIFIED.,.F.,
  .F.,(2,2),(5.773502691858E-02,0.404145188432),
  .PIECEWISE_BEZIER_KNOTS.);
#4989 = CARTESIAN_POINT('',(1.4625,4.999999999978E-02,5.));
#4990 = CARTESIAN_POINT('',(1.3125,0.25,4.8));
#4991 = ORIENTED_EDGE('',*,*,#3904,.F.);
#4992 = B_SPLINE_SURFACE_WITH_KNOTS('',1,1,(
    (#4993,#4994)
    ,(#4995,#4996
    )),.UNSPECIFIED.,.F.,.F.,.F.,(2,2),(2,2),(-0.5,1.643797627481E-16),(
    -0.141421356237,0.141421356237),.PIECEWISE_BEZIER_KNOTS.);
#4993 = CARTESIAN_POINT('',(1.3125,4.999999999995E-02,5.));
#4994 = CARTESIAN_POINT('',(1.3125,0.25,4.8));
#4995 = CARTESIAN_POINT('',(1.6875,4.999999999995E-02,5.));
#4996 = CARTESIAN_POINT('',(1.6875,0.25,4.8));
#4997 = ADVANCED_FACE('',(#4998),#5014,.F.);
#4998 = FACE_BOUND('',#4999,.T.);
#4999 = EDGE_LOOP('',(#5000,#5007,#5012,#5013));
#5000 = ORIENTED_EDGE('',*,*,#5001,.F.);
#5001 = EDGE_CURVE('',#5002,#3927,#5004,.T.);
#5002 = VERTEX_POINT('',#5003);
#5003 = CARTESIAN_POINT('',(1.4625,-5.E-02,5.));
#5004 = B_SPLINE_CURVE_WITH_KNOTS('',1,(#5005,#5006),.UNSPECIFIED.,.F.,
  .F.,(2,2),(-8.660254037844E-02,0.259807621135),
  .PIECEWISE_BEZIER_KNOTS.);
#5005 = CARTESIAN_POINT('',(1.4625,-5.E-02,5.));
#5006 = CARTESIAN_POINT('',(1.3125,-0.25,4.8));
#5007 = ORIENTED_EDGE('',*,*,#5008,.T.);
#5008 = EDGE_CURVE('',#5002,#4981,#5009,.T.);
#5009 = B_SPLINE_CURVE_WITH_KNOTS('',1,(#5010,#5011),.UNSPECIFIED.,.F.,
  .F.,(2,2),(0.2,0.3),.PIECEWISE_BEZIER_KNOTS.);
#5010 = CARTESIAN_POINT('',(1.4625,-5.E-02,5.));
#5011 = CARTESIAN_POINT('',(1.4625,5.E-02,5.));
#5012 = ORIENTED_EDGE('',*,*,#4987,.T.);
#5013 = ORIENTED_EDGE('',*,*,#3933,.F.);
#5014 = B_SPLINE_SURFACE_WITH_KNOTS('',1,1,(
    (#5015,#5016)
    ,(#5017,#5018
    )),.UNSPECIFIED.,.F.,.F.,.F.,(2,2),(2,2),(-0.5,1.388019164928E-16),(
    -0.141421356237,0.141421356237),.PIECEWISE_BEZIER_KNOTS.);
#5015 = CARTESIAN_POINT('',(1.4625,0.25,5.));
#5016 = CARTESIAN_POINT('',(1.3125,0.25,4.8));
#5017 = CARTESIAN_POINT('',(1.4625,-0.25,5.));
#5018 = CARTESIAN_POINT('',(1.3125,-0.25,4.8));
#5019 = ADVANCED_FACE('',(#5020),#5036,.T.);
#5020 = FACE_BOUND('',#5021,.F.);
#5021 = EDGE_LOOP('',(#5022,#5029,#5030,#5031));
#5022 = ORIENTED_EDGE('',*,*,#5023,.T.);
#5023 = EDGE_CURVE('',#5024,#3948,#5026,.T.);
#5024 = VERTEX_POINT('',#5025);
#5025 = CARTESIAN_POINT('',(1.5375,-5.E-02,5.));
#5026 = B_SPLINE_CURVE_WITH_KNOTS('',1,(#5027,#5028),.UNSPECIFIED.,.F.,
  .F.,(2,2),(-0.230940107675,0.115470053839),.PIECEWISE_BEZIER_KNOTS.);
#5027 = CARTESIAN_POINT('',(1.5375,-5.E-02,5.));
#5028 = CARTESIAN_POINT('',(1.6875,-0.25,4.8));
#5029 = ORIENTED_EDGE('',*,*,#3956,.T.);
#5030 = ORIENTED_EDGE('',*,*,#5001,.F.);
#5031 = ORIENTED_EDGE('',*,*,#5032,.F.);
#5032 = EDGE_CURVE('',#5024,#5002,#5033,.T.);
#5033 = B_SPLINE_CURVE_WITH_KNOTS('',1,(#5034,#5035),.UNSPECIFIED.,.F.,
  .F.,(2,2),(0.2,0.3),.PIECEWISE_BEZIER_KNOTS.);
#5034 = CARTESIAN_POINT('',(1.5375,-5.E-02,5.));
#5035 = CARTESIAN_POINT('',(1.4625,-5.E-02,5.));
#5036 = B_SPLINE_SURFACE_WITH_KNOTS('',1,1,(
    (#5037,#5038)
    ,(#5039,#5040
    )),.UNSPECIFIED.,.F.,.F.,.F.,(2,2),(2,2),(-0.5,1.822903533384E-16),(
    -0.141421356237,0.141421356237),.PIECEWISE_BEZIER_KNOTS.);
#5037 = CARTESIAN_POINT('',(1.3125,-0.25,4.8));
#5038 = CARTESIAN_POINT('',(1.3125,-5.E-02,5.));
#5039 = CARTESIAN_POINT('',(1.6875,-0.25,4.8));
#5040 = CARTESIAN_POINT('',(1.6875,-5.E-02,5.));
#5041 = ADVANCED_FACE('',(#5042),#5052,.T.);
#5042 = FACE_BOUND('',#5043,.F.);
#5043 = EDGE_LOOP('',(#5044,#5045,#5050,#5051));
#5044 = ORIENTED_EDGE('',*,*,#5023,.F.);
#5045 = ORIENTED_EDGE('',*,*,#5046,.T.);
#5046 = EDGE_CURVE('',#5024,#4974,#5047,.T.);
#5047 = B_SPLINE_CURVE_WITH_KNOTS('',1,(#5048,#5049),.UNSPECIFIED.,.F.,
  .F.,(2,2),(0.2,0.3),.PIECEWISE_BEZIER_KNOTS.);
#5048 = CARTESIAN_POINT('',(1.5375,-5.E-02,5.));
#5049 = CARTESIAN_POINT('',(1.5375,5.E-02,5.));
#5050 = ORIENTED_EDGE('',*,*,#4973,.T.);
#5051 = ORIENTED_EDGE('',*,*,#3971,.F.);
#5052 = B_SPLINE_SURFACE_WITH_KNOTS('',1,1,(
    (#5053,#5054)
    ,(#5055,#5056
    )),.UNSPECIFIED.,.F.,.F.,.F.,(2,2),(2,2),(-0.5,1.011396996219E-16),(
    -0.141421356237,0.141421356237),.PIECEWISE_BEZIER_KNOTS.);
#5053 = CARTESIAN_POINT('',(1.5375,0.25,5.));
#5054 = CARTESIAN_POINT('',(1.6875,0.25,4.8));
#5055 = CARTESIAN_POINT('',(1.5375,-0.25,5.));
#5056 = CARTESIAN_POINT('',(1.6875,-0.25,4.8));
#5057 = ADVANCED_FACE('',(#5058),#5080,.T.);
#5058 = FACE_BOUND('',#5059,.F.);
#5059 = EDGE_LOOP('',(#5060,#5067,#5074,#5079));
#5060 = ORIENTED_EDGE('',*,*,#5061,.F.);
#5061 = EDGE_CURVE('',#5062,#3986,#5064,.T.);
#5062 = VERTEX_POINT('',#5063);
#5063 = CARTESIAN_POINT('',(3.0375,5.E-02,5.));
#5064 = B_SPLINE_CURVE_WITH_KNOTS('',1,(#5065,#5066),.UNSPECIFIED.,.F.,
  .F.,(2,2),(-8.660254037844E-02,0.259807621135),
  .PIECEWISE_BEZIER_KNOTS.);
#5065 = CARTESIAN_POINT('',(3.0375,5.E-02,5.));
#5066 = CARTESIAN_POINT('',(3.1875,0.25,4.8));
#5067 = ORIENTED_EDGE('',*,*,#5068,.T.);
#5068 = EDGE_CURVE('',#5062,#5069,#5071,.T.);
#5069 = VERTEX_POINT('',#5070);
#5070 = CARTESIAN_POINT('',(2.9625,5.E-02,5.));
#5071 = B_SPLINE_CURVE_WITH_KNOTS('',1,(#5072,#5073),.UNSPECIFIED.,.F.,
  .F.,(2,2),(0.2,0.3),.PIECEWISE_BEZIER_KNOTS.);
#5072 = CARTESIAN_POINT('',(3.0375,5.E-02,5.));
#5073 = CARTESIAN_POINT('',(2.9625,5.E-02,5.));
#5074 = ORIENTED_EDGE('',*,*,#5075,.T.);
#5075 = EDGE_CURVE('',#5069,#3993,#5076,.T.);
#5076 = B_SPLINE_CURVE_WITH_KNOTS('',1,(#5077,#5078),.UNSPECIFIED.,.F.,
  .F.,(2,2),(5.773502691858E-02,0.404145188432),
  .PIECEWISE_BEZIER_KNOTS.);
#5077 = CARTESIAN_POINT('',(2.9625,4.999999999978E-02,5.));
#5078 = CARTESIAN_POINT('',(2.8125,0.25,4.8));
#5079 = ORIENTED_EDGE('',*,*,#3992,.F.);
#5080 = B_SPLINE_SURFACE_WITH_KNOTS('',1,1,(
    (#5081,#5082)
    ,(#5083,#5084
    )),.UNSPECIFIED.,.F.,.F.,.F.,(2,2),(2,2),(-0.5,-1.224646799148E-17),
  (-0.141421356237,0.141421356237),.PIECEWISE_BEZIER_KNOTS.);
#5081 = CARTESIAN_POINT('',(2.8125,4.999999999995E-02,5.));
#5082 = CARTESIAN_POINT('',(2.8125,0.25,4.8));
#5083 = CARTESIAN_POINT('',(3.1875,4.999999999994E-02,5.));
#5084 = CARTESIAN_POINT('',(3.1875,0.25,4.8));
#5085 = ADVANCED_FACE('',(#5086),#5102,.F.);
#5086 = FACE_BOUND('',#5087,.T.);
#5087 = EDGE_LOOP('',(#5088,#5095,#5100,#5101));
#5088 = ORIENTED_EDGE('',*,*,#5089,.F.);
#5089 = EDGE_CURVE('',#5090,#4015,#5092,.T.);
#5090 = VERTEX_POINT('',#5091);
#5091 = CARTESIAN_POINT('',(2.9625,-5.E-02,5.));
#5092 = B_SPLINE_CURVE_WITH_KNOTS('',1,(#5093,#5094),.UNSPECIFIED.,.F.,
  .F.,(2,2),(-8.660254037844E-02,0.259807621135),
  .PIECEWISE_BEZIER_KNOTS.);
#5093 = CARTESIAN_POINT('',(2.9625,-5.E-02,5.));
#5094 = CARTESIAN_POINT('',(2.8125,-0.25,4.8));
#5095 = ORIENTED_EDGE('',*,*,#5096,.T.);
#5096 = EDGE_CURVE('',#5090,#5069,#5097,.T.);
#5097 = B_SPLINE_CURVE_WITH_KNOTS('',1,(#5098,#5099),.UNSPECIFIED.,.F.,
  .F.,(2,2),(0.2,0.3),.PIECEWISE_BEZIER_KNOTS.);
#5098 = CARTESIAN_POINT('',(2.9625,-5.E-02,5.));
#5099 = CARTESIAN_POINT('',(2.9625,5.E-02,5.));
#5100 = ORIENTED_EDGE('',*,*,#5075,.T.);
#5101 = ORIENTED_EDGE('',*,*,#4021,.F.);
#5102 = B_SPLINE_SURFACE_WITH_KNOTS('',1,1,(
    (#5103,#5104)
    ,(#5105,#5106
    )),.UNSPECIFIED.,.F.,.F.,.F.,(2,2),(2,2),(-0.5,1.388019164928E-16),(
    -0.141421356237,0.141421356237),.PIECEWISE_BEZIER_KNOTS.);
#5103 = CARTESIAN_POINT('',(2.9625,0.25,5.));
#5104 = CARTESIAN_POINT('',(2.8125,0.25,4.8));
#5105 = CARTESIAN_POINT('',(2.9625,-0.25,5.));
#5106 = CARTESIAN_POINT('',(2.8125,-0.25,4.8));
#5107 = ADVANCED_FACE('',(#5108),#5124,.T.);
#5108 = FACE_BOUND('',#5109,.F.);
#5109 = EDGE_LOOP('',(#5110,#5117,#5118,#5119));
#5110 = ORIENTED_EDGE('',*,*,#5111,.T.);
#5111 = EDGE_CURVE('',#5112,#4036,#5114,.T.);
#5112 = VERTEX_POINT('',#5113);
#5113 = CARTESIAN_POINT('',(3.0375,-5.E-02,5.));
#5114 = B_SPLINE_CURVE_WITH_KNOTS('',1,(#5115,#5116),.UNSPECIFIED.,.F.,
  .F.,(2,2),(-0.230940107675,0.115470053839),.PIECEWISE_BEZIER_KNOTS.);
#5115 = CARTESIAN_POINT('',(3.0375,-5.E-02,5.));
#5116 = CARTESIAN_POINT('',(3.1875,-0.25,4.8));
#5117 = ORIENTED_EDGE('',*,*,#4044,.T.);
#5118 = ORIENTED_EDGE('',*,*,#5089,.F.);
#5119 = ORIENTED_EDGE('',*,*,#5120,.F.);
#5120 = EDGE_CURVE('',#5112,#5090,#5121,.T.);
#5121 = B_SPLINE_CURVE_WITH_KNOTS('',1,(#5122,#5123),.UNSPECIFIED.,.F.,
  .F.,(2,2),(0.2,0.3),.PIECEWISE_BEZIER_KNOTS.);
#5122 = CARTESIAN_POINT('',(3.0375,-5.E-02,5.));
#5123 = CARTESIAN_POINT('',(2.9625,-5.E-02,5.));
#5124 = B_SPLINE_SURFACE_WITH_KNOTS('',1,1,(
    (#5125,#5126)
    ,(#5127,#5128
    )),.UNSPECIFIED.,.F.,.F.,.F.,(2,2),(2,2),(-0.5,1.224646799148E-17),(
    -0.141421356237,0.141421356237),.PIECEWISE_BEZIER_KNOTS.);
#5125 = CARTESIAN_POINT('',(2.8125,-0.25,4.8));
#5126 = CARTESIAN_POINT('',(2.8125,-5.E-02,5.));
#5127 = CARTESIAN_POINT('',(3.1875,-0.25,4.8));
#5128 = CARTESIAN_POINT('',(3.1875,-5.E-02,5.));
#5129 = ADVANCED_FACE('',(#5130),#5140,.T.);
#5130 = FACE_BOUND('',#5131,.F.);
#5131 = EDGE_LOOP('',(#5132,#5133,#5138,#5139));
#5132 = ORIENTED_EDGE('',*,*,#5111,.F.);
#5133 = ORIENTED_EDGE('',*,*,#5134,.T.);
#5134 = EDGE_CURVE('',#5112,#5062,#5135,.T.);
#5135 = B_SPLINE_CURVE_WITH_KNOTS('',1,(#5136,#5137),.UNSPECIFIED.,.F.,
  .F.,(2,2),(0.2,0.3),.PIECEWISE_BEZIER_KNOTS.);
#5136 = CARTESIAN_POINT('',(3.0375,-5.E-02,5.));
#5137 = CARTESIAN_POINT('',(3.0375,5.E-02,5.));
#5138 = ORIENTED_EDGE('',*,*,#5061,.T.);
#5139 = ORIENTED_EDGE('',*,*,#4059,.F.);
#5140 = B_SPLINE_SURFACE_WITH_KNOTS('',1,1,(
    (#5141,#5142)
    ,(#5143,#5144
    )),.UNSPECIFIED.,.F.,.F.,.F.,(2,2),(2,2),(-0.5,2.533742456273E-16),(
    -0.141421356237,0.141421356237),.PIECEWISE_BEZIER_KNOTS.);
#5141 = CARTESIAN_POINT('',(3.0375,0.25,5.));
#5142 = CARTESIAN_POINT('',(3.1875,0.25,4.8));
#5143 = CARTESIAN_POINT('',(3.0375,-0.25,5.));
#5144 = CARTESIAN_POINT('',(3.1875,-0.25,4.8));
#5145 = ADVANCED_FACE('',(#5146),#5168,.T.);
#5146 = FACE_BOUND('',#5147,.F.);
#5147 = EDGE_LOOP('',(#5148,#5155,#5162,#5167));
#5148 = ORIENTED_EDGE('',*,*,#5149,.F.);
#5149 = EDGE_CURVE('',#5150,#4074,#5152,.T.);
#5150 = VERTEX_POINT('',#5151);
#5151 = CARTESIAN_POINT('',(4.5375,5.E-02,5.));
#5152 = B_SPLINE_CURVE_WITH_KNOTS('',1,(#5153,#5154),.UNSPECIFIED.,.F.,
  .F.,(2,2),(-8.660254037844E-02,0.259807621135),
  .PIECEWISE_BEZIER_KNOTS.);
#5153 = CARTESIAN_POINT('',(4.5375,5.E-02,5.));
#5154 = CARTESIAN_POINT('',(4.6875,0.25,4.8));
#5155 = ORIENTED_EDGE('',*,*,#5156,.T.);
#5156 = EDGE_CURVE('',#5150,#5157,#5159,.T.);
#5157 = VERTEX_POINT('',#5158);
#5158 = CARTESIAN_POINT('',(4.4625,5.E-02,5.));
#5159 = B_SPLINE_CURVE_WITH_KNOTS('',1,(#5160,#5161),.UNSPECIFIED.,.F.,
  .F.,(2,2),(0.2,0.3),.PIECEWISE_BEZIER_KNOTS.);
#5160 = CARTESIAN_POINT('',(4.5375,5.E-02,5.));
#5161 = CARTESIAN_POINT('',(4.4625,5.E-02,5.));
#5162 = ORIENTED_EDGE('',*,*,#5163,.T.);
#5163 = EDGE_CURVE('',#5157,#4081,#5164,.T.);
#5164 = B_SPLINE_CURVE_WITH_KNOTS('',1,(#5165,#5166),.UNSPECIFIED.,.F.,
  .F.,(2,2),(5.773502691858E-02,0.404145188432),
  .PIECEWISE_BEZIER_KNOTS.);
#5165 = CARTESIAN_POINT('',(4.4625,4.999999999978E-02,5.));
#5166 = CARTESIAN_POINT('',(4.3125,0.25,4.8));
#5167 = ORIENTED_EDGE('',*,*,#4080,.F.);
#5168 = B_SPLINE_SURFACE_WITH_KNOTS('',1,1,(
    (#5169,#5170)
    ,(#5171,#5172
    )),.UNSPECIFIED.,.F.,.F.,.F.,(2,2),(2,2),(-0.5,-1.224646799148E-17),
  (-0.141421356237,0.141421356237),.PIECEWISE_BEZIER_KNOTS.);
#5169 = CARTESIAN_POINT('',(4.3125,4.999999999995E-02,5.));
#5170 = CARTESIAN_POINT('',(4.3125,0.25,4.8));
#5171 = CARTESIAN_POINT('',(4.6875,4.999999999995E-02,5.));
#5172 = CARTESIAN_POINT('',(4.6875,0.25,4.8));
#5173 = ADVANCED_FACE('',(#5174),#5190,.F.);
#5174 = FACE_BOUND('',#5175,.T.);
#5175 = EDGE_LOOP('',(#5176,#5183,#5188,#5189));
#5176 = ORIENTED_EDGE('',*,*,#5177,.F.);
#5177 = EDGE_CURVE('',#5178,#4103,#5180,.T.);
#5178 = VERTEX_POINT('',#5179);
#5179 = CARTESIAN_POINT('',(4.4625,-5.E-02,5.));
#5180 = B_SPLINE_CURVE_WITH_KNOTS('',1,(#5181,#5182),.UNSPECIFIED.,.F.,
  .F.,(2,2),(-8.660254037844E-02,0.259807621135),
  .PIECEWISE_BEZIER_KNOTS.);
#5181 = CARTESIAN_POINT('',(4.4625,-5.E-02,5.));
#5182 = CARTESIAN_POINT('',(4.3125,-0.25,4.8));
#5183 = ORIENTED_EDGE('',*,*,#5184,.T.);
#5184 = EDGE_CURVE('',#5178,#5157,#5185,.T.);
#5185 = B_SPLINE_CURVE_WITH_KNOTS('',1,(#5186,#5187),.UNSPECIFIED.,.F.,
  .F.,(2,2),(0.2,0.3),.PIECEWISE_BEZIER_KNOTS.);
#5186 = CARTESIAN_POINT('',(4.4625,-5.E-02,5.));
#5187 = CARTESIAN_POINT('',(4.4625,5.E-02,5.));
#5188 = ORIENTED_EDGE('',*,*,#5163,.T.);
#5189 = ORIENTED_EDGE('',*,*,#4109,.F.);
#5190 = B_SPLINE_SURFACE_WITH_KNOTS('',1,1,(
    (#5191,#5192)
    ,(#5193,#5194
    )),.UNSPECIFIED.,.F.,.F.,.F.,(2,2),(2,2),(-0.5,2.669994289183E-16),(
    -0.141421356237,0.141421356237),.PIECEWISE_BEZIER_KNOTS.);
#5191 = CARTESIAN_POINT('',(4.4625,0.25,5.));
#5192 = CARTESIAN_POINT('',(4.3125,0.25,4.8));
#5193 = CARTESIAN_POINT('',(4.4625,-0.25,5.));
#5194 = CARTESIAN_POINT('',(4.3125,-0.25,4.8));
#5195 = ADVANCED_FACE('',(#5196),#5212,.T.);
#5196 = FACE_BOUND('',#5197,.F.);
#5197 = EDGE_LOOP('',(#5198,#5205,#5206,#5207));
#5198 = ORIENTED_EDGE('',*,*,#5199,.T.);
#5199 = EDGE_CURVE('',#5200,#4124,#5202,.T.);
#5200 = VERTEX_POINT('',#5201);
#5201 = CARTESIAN_POINT('',(4.5375,-5.E-02,5.));
#5202 = B_SPLINE_CURVE_WITH_KNOTS('',1,(#5203,#5204),.UNSPECIFIED.,.F.,
  .F.,(2,2),(-0.230940107675,0.115470053839),.PIECEWISE_BEZIER_KNOTS.);
#5203 = CARTESIAN_POINT('',(4.5375,-5.E-02,5.));
#5204 = CARTESIAN_POINT('',(4.6875,-0.25,4.8));
#5205 = ORIENTED_EDGE('',*,*,#4132,.T.);
#5206 = ORIENTED_EDGE('',*,*,#5177,.F.);
#5207 = ORIENTED_EDGE('',*,*,#5208,.F.);
#5208 = EDGE_CURVE('',#5200,#5178,#5209,.T.);
#5209 = B_SPLINE_CURVE_WITH_KNOTS('',1,(#5210,#5211),.UNSPECIFIED.,.F.,
  .F.,(2,2),(0.2,0.3),.PIECEWISE_BEZIER_KNOTS.);
#5210 = CARTESIAN_POINT('',(4.5375,-5.E-02,5.));
#5211 = CARTESIAN_POINT('',(4.4625,-5.E-02,5.));
#5212 = B_SPLINE_SURFACE_WITH_KNOTS('',1,1,(
    (#5213,#5214)
    ,(#5215,#5216
    )),.UNSPECIFIED.,.F.,.F.,.F.,(2,2),(2,2),(-0.5,1.224646799148E-17),(
    -0.141421356237,0.141421356237),.PIECEWISE_BEZIER_KNOTS.);
#5213 = CARTESIAN_POINT('',(4.3125,-0.25,4.8));
#5214 = CARTESIAN_POINT('',(4.3125,-5.E-02,5.));
#5215 = CARTESIAN_POINT('',(4.6875,-0.25,4.8));
#5216 = CARTESIAN_POINT('',(4.6875,-5.E-02,5.));
#5217 = ADVANCED_FACE('',(#5218),#5228,.T.);
#5218 = FACE_BOUND('',#5219,.F.);
#5219 = EDGE_LOOP('',(#5220,#5221,#5226,#5227));
#5220 = ORIENTED_EDGE('',*,*,#5199,.F.);
#5221 = ORIENTED_EDGE('',*,*,#5222,.T.);
#5222 = EDGE_CURVE('',#5200,#5150,#5223,.T.);
#5223 = B_SPLINE_CURVE_WITH_KNOTS('',1,(#5224,#5225),.UNSPECIFIED.,.F.,
  .F.,(2,2),(0.2,0.3),.PIECEWISE_BEZIER_KNOTS.);
#5224 = CARTESIAN_POINT('',(4.5375,-5.E-02,5.));
#5225 = CARTESIAN_POINT('',(4.5375,5.E-02,5.));
#5226 = ORIENTED_EDGE('',*,*,#5149,.T.);
#5227 = ORIENTED_EDGE('',*,*,#4147,.F.);
#5228 = B_SPLINE_SURFACE_WITH_KNOTS('',1,1,(
    (#5229,#5230)
    ,(#5231,#5232
    )),.UNSPECIFIED.,.F.,.F.,.F.,(2,2),(2,2),(-0.5,2.533742456273E-16),(
    -0.141421356237,0.141421356237),.PIECEWISE_BEZIER_KNOTS.);
#5229 = CARTESIAN_POINT('',(4.5375,0.25,5.));
#5230 = CARTESIAN_POINT('',(4.6875,0.25,4.8));
#5231 = CARTESIAN_POINT('',(4.5375,-0.25,5.));
#5232 = CARTESIAN_POINT('',(4.6875,-0.25,4.8));
#5233 = ADVANCED_FACE('',(#5234),#5256,.T.);
#5234 = FACE_BOUND('',#5235,.F.);
#5235 = EDGE_LOOP('',(#5236,#5243,#5250,#5255));
#5236 = ORIENTED_EDGE('',*,*,#5237,.F.);
#5237 = EDGE_CURVE('',#5238,#4162,#5240,.T.);
#5238 = VERTEX_POINT('',#5239);
#5239 = CARTESIAN_POINT('',(7.5375,5.E-02,5.));
#5240 = B_SPLINE_CURVE_WITH_KNOTS('',1,(#5241,#5242),.UNSPECIFIED.,.F.,
  .F.,(2,2),(-8.660254037844E-02,0.259807621135),
  .PIECEWISE_BEZIER_KNOTS.);
#5241 = CARTESIAN_POINT('',(7.5375,5.E-02,5.));
#5242 = CARTESIAN_POINT('',(7.6875,0.25,4.8));
#5243 = ORIENTED_EDGE('',*,*,#5244,.T.);
#5244 = EDGE_CURVE('',#5238,#5245,#5247,.T.);
#5245 = VERTEX_POINT('',#5246);
#5246 = CARTESIAN_POINT('',(7.4625,5.E-02,5.));
#5247 = B_SPLINE_CURVE_WITH_KNOTS('',1,(#5248,#5249),.UNSPECIFIED.,.F.,
  .F.,(2,2),(0.2,0.3),.PIECEWISE_BEZIER_KNOTS.);
#5248 = CARTESIAN_POINT('',(7.5375,5.E-02,5.));
#5249 = CARTESIAN_POINT('',(7.4625,5.E-02,5.));
#5250 = ORIENTED_EDGE('',*,*,#5251,.T.);
#5251 = EDGE_CURVE('',#5245,#4169,#5252,.T.);
#5252 = B_SPLINE_CURVE_WITH_KNOTS('',1,(#5253,#5254),.UNSPECIFIED.,.F.,
  .F.,(2,2),(5.773502691858E-02,0.404145188432),
  .PIECEWISE_BEZIER_KNOTS.);
#5253 = CARTESIAN_POINT('',(7.4625,4.999999999978E-02,5.));
#5254 = CARTESIAN_POINT('',(7.3125,0.25,4.8));
#5255 = ORIENTED_EDGE('',*,*,#4168,.F.);
#5256 = B_SPLINE_SURFACE_WITH_KNOTS('',1,1,(
    (#5257,#5258)
    ,(#5259,#5260
    )),.UNSPECIFIED.,.F.,.F.,.F.,(2,2),(2,2),(-0.5,-1.224646799148E-17),
  (-0.141421356237,0.141421356237),.PIECEWISE_BEZIER_KNOTS.);
#5257 = CARTESIAN_POINT('',(7.3125,4.999999999995E-02,5.));
#5258 = CARTESIAN_POINT('',(7.3125,0.25,4.8));
#5259 = CARTESIAN_POINT('',(7.6875,4.999999999995E-02,5.));
#5260 = CARTESIAN_POINT('',(7.6875,0.25,4.8));
#5261 = ADVANCED_FACE('',(#5262),#5278,.F.);
#5262 = FACE_BOUND('',#5263,.T.);
#5263 = EDGE_LOOP('',(#5264,#5271,#5276,#5277));
#5264 = ORIENTED_EDGE('',*,*,#5265,.T.);
#5265 = EDGE_CURVE('',#4191,#5266,#5268,.T.);
#5266 = VERTEX_POINT('',#5267);
#5267 = CARTESIAN_POINT('',(7.4625,-5.E-02,5.));
#5268 = B_SPLINE_CURVE_WITH_KNOTS('',1,(#5269,#5270),.UNSPECIFIED.,.F.,
  .F.,(2,2),(-0.259807621135,8.660254037844E-02),
  .PIECEWISE_BEZIER_KNOTS.);
#5269 = CARTESIAN_POINT('',(7.3125,-0.25,4.8));
#5270 = CARTESIAN_POINT('',(7.4625,-5.E-02,5.));
#5271 = ORIENTED_EDGE('',*,*,#5272,.T.);
#5272 = EDGE_CURVE('',#5266,#5245,#5273,.T.);
#5273 = B_SPLINE_CURVE_WITH_KNOTS('',1,(#5274,#5275),.UNSPECIFIED.,.F.,
  .F.,(2,2),(0.2,0.3),.PIECEWISE_BEZIER_KNOTS.);
#5274 = CARTESIAN_POINT('',(7.4625,-5.E-02,5.));
#5275 = CARTESIAN_POINT('',(7.4625,5.E-02,5.));
#5276 = ORIENTED_EDGE('',*,*,#5251,.T.);
#5277 = ORIENTED_EDGE('',*,*,#4197,.F.);
#5278 = B_SPLINE_SURFACE_WITH_KNOTS('',1,1,(
    (#5279,#5280)
    ,(#5281,#5282
    )),.UNSPECIFIED.,.F.,.F.,.F.,(2,2),(2,2),(-0.5,2.669994289183E-16),(
    -0.141421356237,0.141421356237),.PIECEWISE_BEZIER_KNOTS.);
#5279 = CARTESIAN_POINT('',(7.4625,0.25,5.));
#5280 = CARTESIAN_POINT('',(7.3125,0.25,4.8));
#5281 = CARTESIAN_POINT('',(7.4625,-0.25,5.));
#5282 = CARTESIAN_POINT('',(7.3125,-0.25,4.8));
#5283 = ADVANCED_FACE('',(#5284),#5300,.T.);
#5284 = FACE_BOUND('',#5285,.F.);
#5285 = EDGE_LOOP('',(#5286,#5293,#5294,#5295));
#5286 = ORIENTED_EDGE('',*,*,#5287,.F.);
#5287 = EDGE_CURVE('',#4212,#5288,#5290,.T.);
#5288 = VERTEX_POINT('',#5289);
#5289 = CARTESIAN_POINT('',(7.5375,-5.E-02,5.));
#5290 = B_SPLINE_CURVE_WITH_KNOTS('',1,(#5291,#5292),.UNSPECIFIED.,.F.,
  .F.,(2,2),(-0.115470053839,0.230940107675),.PIECEWISE_BEZIER_KNOTS.);
#5291 = CARTESIAN_POINT('',(7.6875,-0.25,4.8));
#5292 = CARTESIAN_POINT('',(7.5375,-5.E-02,5.));
#5293 = ORIENTED_EDGE('',*,*,#4220,.T.);
#5294 = ORIENTED_EDGE('',*,*,#5265,.T.);
#5295 = ORIENTED_EDGE('',*,*,#5296,.F.);
#5296 = EDGE_CURVE('',#5288,#5266,#5297,.T.);
#5297 = B_SPLINE_CURVE_WITH_KNOTS('',1,(#5298,#5299),.UNSPECIFIED.,.F.,
  .F.,(2,2),(0.2,0.3),.PIECEWISE_BEZIER_KNOTS.);
#5298 = CARTESIAN_POINT('',(7.5375,-5.E-02,5.));
#5299 = CARTESIAN_POINT('',(7.4625,-5.E-02,5.));
#5300 = B_SPLINE_SURFACE_WITH_KNOTS('',1,1,(
    (#5301,#5302)
    ,(#5303,#5304
    )),.UNSPECIFIED.,.F.,.F.,.F.,(2,2),(2,2),(-0.5,1.224646799148E-17),(
    -0.141421356237,0.141421356237),.PIECEWISE_BEZIER_KNOTS.);
#5301 = CARTESIAN_POINT('',(7.3125,-0.25,4.8));
#5302 = CARTESIAN_POINT('',(7.3125,-5.E-02,5.));
#5303 = CARTESIAN_POINT('',(7.6875,-0.25,4.8));
#5304 = CARTESIAN_POINT('',(7.6875,-5.E-02,5.));
#5305 = ADVANCED_FACE('',(#5306),#5316,.T.);
#5306 = FACE_BOUND('',#5307,.F.);
#5307 = EDGE_LOOP('',(#5308,#5309,#5314,#5315));
#5308 = ORIENTED_EDGE('',*,*,#5287,.T.);
#5309 = ORIENTED_EDGE('',*,*,#5310,.T.);
#5310 = EDGE_CURVE('',#5288,#5238,#5311,.T.);
#5311 = B_SPLINE_CURVE_WITH_KNOTS('',1,(#5312,#5313),.UNSPECIFIED.,.F.,
  .F.,(2,2),(0.2,0.3),.PIECEWISE_BEZIER_KNOTS.);
#5312 = CARTESIAN_POINT('',(7.5375,-5.E-02,5.));
#5313 = CARTESIAN_POINT('',(7.5375,5.E-02,5.));
#5314 = ORIENTED_EDGE('',*,*,#5237,.T.);
#5315 = ORIENTED_EDGE('',*,*,#4235,.F.);
#5316 = B_SPLINE_SURFACE_WITH_KNOTS('',1,1,(
    (#5317,#5318)
    ,(#5319,#5320
    )),.UNSPECIFIED.,.F.,.F.,.F.,(2,2),(2,2),(-0.5,2.533742456273E-16),(
    -0.141421356237,0.141421356237),.PIECEWISE_BEZIER_KNOTS.);
#5317 = CARTESIAN_POINT('',(7.5375,0.25,5.));
#5318 = CARTESIAN_POINT('',(7.6875,0.25,4.8));
#5319 = CARTESIAN_POINT('',(7.5375,-0.25,5.));
#5320 = CARTESIAN_POINT('',(7.6875,-0.25,4.8));
#5321 = ADVANCED_FACE('',(#5322),#5344,.F.);
#5322 = FACE_BOUND('',#5323,.T.);
#5323 = EDGE_LOOP('',(#5324,#5331,#5338,#5343));
#5324 = ORIENTED_EDGE('',*,*,#5325,.F.);
#5325 = EDGE_CURVE('',#5326,#4251,#5328,.T.);
#5326 = VERTEX_POINT('',#5327);
#5327 = CARTESIAN_POINT('',(5.9625,-5.E-02,5.));
#5328 = B_SPLINE_CURVE_WITH_KNOTS('',1,(#5329,#5330),.UNSPECIFIED.,.F.,
  .F.,(2,2),(-8.660254037844E-02,0.259807621135),
  .PIECEWISE_BEZIER_KNOTS.);
#5329 = CARTESIAN_POINT('',(5.9625,-5.E-02,5.));
#5330 = CARTESIAN_POINT('',(5.8125,-0.25,4.8));
#5331 = ORIENTED_EDGE('',*,*,#5332,.T.);
#5332 = EDGE_CURVE('',#5326,#5333,#5335,.T.);
#5333 = VERTEX_POINT('',#5334);
#5334 = CARTESIAN_POINT('',(5.9625,5.E-02,5.));
#5335 = B_SPLINE_CURVE_WITH_KNOTS('',1,(#5336,#5337),.UNSPECIFIED.,.F.,
  .F.,(2,2),(0.2,0.3),.PIECEWISE_BEZIER_KNOTS.);
#5336 = CARTESIAN_POINT('',(5.9625,-5.E-02,5.));
#5337 = CARTESIAN_POINT('',(5.9625,5.E-02,5.));
#5338 = ORIENTED_EDGE('',*,*,#5339,.T.);
#5339 = EDGE_CURVE('',#5333,#4258,#5340,.T.);
#5340 = B_SPLINE_CURVE_WITH_KNOTS('',1,(#5341,#5342),.UNSPECIFIED.,.F.,
  .F.,(2,2),(5.773502691858E-02,0.404145188432),
  .PIECEWISE_BEZIER_KNOTS.);
#5341 = CARTESIAN_POINT('',(5.9625,4.999999999978E-02,5.));
#5342 = CARTESIAN_POINT('',(5.8125,0.25,4.8));
#5343 = ORIENTED_EDGE('',*,*,#4257,.F.);
#5344 = B_SPLINE_SURFACE_WITH_KNOTS('',1,1,(
    (#5345,#5346)
    ,(#5347,#5348
    )),.UNSPECIFIED.,.F.,.F.,.F.,(2,2),(2,2),(-0.5,2.669994289183E-16),(
    -0.141421356237,0.141421356237),.PIECEWISE_BEZIER_KNOTS.);
#5345 = CARTESIAN_POINT('',(5.9625,0.25,5.));
#5346 = CARTESIAN_POINT('',(5.8125,0.25,4.8));
#5347 = CARTESIAN_POINT('',(5.9625,-0.25,5.));
#5348 = CARTESIAN_POINT('',(5.8125,-0.25,4.8));
#5349 = ADVANCED_FACE('',(#5350),#5366,.T.);
#5350 = FACE_BOUND('',#5351,.F.);
#5351 = EDGE_LOOP('',(#5352,#5359,#5360,#5361));
#5352 = ORIENTED_EDGE('',*,*,#5353,.T.);
#5353 = EDGE_CURVE('',#5354,#4278,#5356,.T.);
#5354 = VERTEX_POINT('',#5355);
#5355 = CARTESIAN_POINT('',(6.0375,-5.E-02,5.));
#5356 = B_SPLINE_CURVE_WITH_KNOTS('',1,(#5357,#5358),.UNSPECIFIED.,.F.,
  .F.,(2,2),(-0.230940107675,0.115470053839),.PIECEWISE_BEZIER_KNOTS.);
#5357 = CARTESIAN_POINT('',(6.0375,-5.E-02,5.));
#5358 = CARTESIAN_POINT('',(6.1875,-0.25,4.8));
#5359 = ORIENTED_EDGE('',*,*,#4286,.T.);
#5360 = ORIENTED_EDGE('',*,*,#5325,.F.);
#5361 = ORIENTED_EDGE('',*,*,#5362,.F.);
#5362 = EDGE_CURVE('',#5354,#5326,#5363,.T.);
#5363 = B_SPLINE_CURVE_WITH_KNOTS('',1,(#5364,#5365),.UNSPECIFIED.,.F.,
  .F.,(2,2),(0.2,0.3),.PIECEWISE_BEZIER_KNOTS.);
#5364 = CARTESIAN_POINT('',(6.0375,-5.E-02,5.));
#5365 = CARTESIAN_POINT('',(5.9625,-5.E-02,5.));
#5366 = B_SPLINE_SURFACE_WITH_KNOTS('',1,1,(
    (#5367,#5368)
    ,(#5369,#5370
    )),.UNSPECIFIED.,.F.,.F.,.F.,(2,2),(2,2),(-0.5,1.224646799148E-17),(
    -0.141421356237,0.141421356237),.PIECEWISE_BEZIER_KNOTS.);
#5367 = CARTESIAN_POINT('',(5.8125,-0.25,4.8));
#5368 = CARTESIAN_POINT('',(5.8125,-5.E-02,5.));
#5369 = CARTESIAN_POINT('',(6.1875,-0.25,4.8));
#5370 = CARTESIAN_POINT('',(6.1875,-5.E-02,5.));
#5371 = ADVANCED_FACE('',(#5372),#5388,.T.);
#5372 = FACE_BOUND('',#5373,.F.);
#5373 = EDGE_LOOP('',(#5374,#5375,#5382,#5387));
#5374 = ORIENTED_EDGE('',*,*,#5353,.F.);
#5375 = ORIENTED_EDGE('',*,*,#5376,.T.);
#5376 = EDGE_CURVE('',#5354,#5377,#5379,.T.);
#5377 = VERTEX_POINT('',#5378);
#5378 = CARTESIAN_POINT('',(6.0375,5.E-02,5.));
#5379 = B_SPLINE_CURVE_WITH_KNOTS('',1,(#5380,#5381),.UNSPECIFIED.,.F.,
  .F.,(2,2),(0.2,0.3),.PIECEWISE_BEZIER_KNOTS.);
#5380 = CARTESIAN_POINT('',(6.0375,-5.E-02,5.));
#5381 = CARTESIAN_POINT('',(6.0375,5.E-02,5.));
#5382 = ORIENTED_EDGE('',*,*,#5383,.T.);
#5383 = EDGE_CURVE('',#5377,#4302,#5384,.T.);
#5384 = B_SPLINE_CURVE_WITH_KNOTS('',1,(#5385,#5386),.UNSPECIFIED.,.F.,
  .F.,(2,2),(-8.660254037844E-02,0.259807621135),
  .PIECEWISE_BEZIER_KNOTS.);
#5385 = CARTESIAN_POINT('',(6.0375,5.E-02,5.));
#5386 = CARTESIAN_POINT('',(6.1875,0.25,4.8));
#5387 = ORIENTED_EDGE('',*,*,#4301,.F.);
#5388 = B_SPLINE_SURFACE_WITH_KNOTS('',1,1,(
    (#5389,#5390)
    ,(#5391,#5392
    )),.UNSPECIFIED.,.F.,.F.,.F.,(2,2),(2,2),(-0.5,2.533742456273E-16),(
    -0.141421356237,0.141421356237),.PIECEWISE_BEZIER_KNOTS.);
#5389 = CARTESIAN_POINT('',(6.0375,0.25,5.));
#5390 = CARTESIAN_POINT('',(6.1875,0.25,4.8));
#5391 = CARTESIAN_POINT('',(6.0375,-0.25,5.));
#5392 = CARTESIAN_POINT('',(6.1875,-0.25,4.8));
#5393 = ADVANCED_FACE('',(#5394),#5404,.T.);
#5394 = FACE_BOUND('',#5395,.F.);
#5395 = EDGE_LOOP('',(#5396,#5397,#5402,#5403));
#5396 = ORIENTED_EDGE('',*,*,#5383,.F.);
#5397 = ORIENTED_EDGE('',*,*,#5398,.T.);
#5398 = EDGE_CURVE('',#5377,#5333,#5399,.T.);
#5399 = B_SPLINE_CURVE_WITH_KNOTS('',1,(#5400,#5401),.UNSPECIFIED.,.F.,
  .F.,(2,2),(0.2,0.3),.PIECEWISE_BEZIER_KNOTS.);
#5400 = CARTESIAN_POINT('',(6.0375,5.E-02,5.));
#5401 = CARTESIAN_POINT('',(5.9625,5.E-02,5.));
#5402 = ORIENTED_EDGE('',*,*,#5339,.T.);
#5403 = ORIENTED_EDGE('',*,*,#4322,.F.);
#5404 = B_SPLINE_SURFACE_WITH_KNOTS('',1,1,(
    (#5405,#5406)
    ,(#5407,#5408
    )),.UNSPECIFIED.,.F.,.F.,.F.,(2,2),(2,2),(-0.5,-1.224646799148E-17),
  (-0.141421356237,0.141421356237),.PIECEWISE_BEZIER_KNOTS.);
#5405 = CARTESIAN_POINT('',(5.8125,4.999999999995E-02,5.));
#5406 = CARTESIAN_POINT('',(5.8125,0.25,4.8));
#5407 = CARTESIAN_POINT('',(6.1875,4.999999999995E-02,5.));
#5408 = CARTESIAN_POINT('',(6.1875,0.25,4.8));
#5409 = ADVANCED_FACE('',(#5410),#5432,.F.);
#5410 = FACE_BOUND('',#5411,.T.);
#5411 = EDGE_LOOP('',(#5412,#5419,#5426,#5431));
#5412 = ORIENTED_EDGE('',*,*,#5413,.T.);
#5413 = EDGE_CURVE('',#4339,#5414,#5416,.T.);
#5414 = VERTEX_POINT('',#5415);
#5415 = CARTESIAN_POINT('',(-3.75E-02,-5.E-02,5.));
#5416 = B_SPLINE_CURVE_WITH_KNOTS('',1,(#5417,#5418),.UNSPECIFIED.,.F.,
  .F.,(2,2),(-0.259807621135,8.660254037844E-02),
  .PIECEWISE_BEZIER_KNOTS.);
#5417 = CARTESIAN_POINT('',(-0.1875,-0.25,4.8));
#5418 = CARTESIAN_POINT('',(-3.75E-02,-5.E-02,5.));
#5419 = ORIENTED_EDGE('',*,*,#5420,.T.);
#5420 = EDGE_CURVE('',#5414,#5421,#5423,.T.);
#5421 = VERTEX_POINT('',#5422);
#5422 = CARTESIAN_POINT('',(-3.75E-02,5.E-02,5.));
#5423 = B_SPLINE_CURVE_WITH_KNOTS('',1,(#5424,#5425),.UNSPECIFIED.,.F.,
  .F.,(2,2),(0.2,0.3),.PIECEWISE_BEZIER_KNOTS.);
#5424 = CARTESIAN_POINT('',(-3.75E-02,-5.E-02,5.));
#5425 = CARTESIAN_POINT('',(-3.75E-02,5.E-02,5.));
#5426 = ORIENTED_EDGE('',*,*,#5427,.T.);
#5427 = EDGE_CURVE('',#5421,#4346,#5428,.T.);
#5428 = B_SPLINE_CURVE_WITH_KNOTS('',1,(#5429,#5430),.UNSPECIFIED.,.F.,
  .F.,(2,2),(5.773502691877E-02,0.404145188433),
  .PIECEWISE_BEZIER_KNOTS.);
#5429 = CARTESIAN_POINT('',(-3.749999999992E-02,4.999999999989E-02,5.));
#5430 = CARTESIAN_POINT('',(-0.1875,0.25,4.8));
#5431 = ORIENTED_EDGE('',*,*,#4345,.F.);
#5432 = B_SPLINE_SURFACE_WITH_KNOTS('',1,1,(
    (#5433,#5434)
    ,(#5435,#5436
    )),.UNSPECIFIED.,.F.,.F.,.F.,(2,2),(2,2),(-0.5,1.708512945992E-16),(
    -0.141421356237,0.141421356237),.PIECEWISE_BEZIER_KNOTS.);
#5433 = CARTESIAN_POINT('',(-3.75E-02,0.25,5.));
#5434 = CARTESIAN_POINT('',(-0.1875,0.25,4.8));
#5435 = CARTESIAN_POINT('',(-3.75E-02,-0.25,5.));
#5436 = CARTESIAN_POINT('',(-0.1875,-0.25,4.8));
#5437 = ADVANCED_FACE('',(#5438),#5454,.T.);
#5438 = FACE_BOUND('',#5439,.F.);
#5439 = EDGE_LOOP('',(#5440,#5447,#5448,#5449));
#5440 = ORIENTED_EDGE('',*,*,#5441,.F.);
#5441 = EDGE_CURVE('',#4366,#5442,#5444,.T.);
#5442 = VERTEX_POINT('',#5443);
#5443 = CARTESIAN_POINT('',(3.75E-02,-5.E-02,5.));
#5444 = B_SPLINE_CURVE_WITH_KNOTS('',1,(#5445,#5446),.UNSPECIFIED.,.F.,
  .F.,(2,2),(-0.115470053839,0.230940107675),.PIECEWISE_BEZIER_KNOTS.);
#5445 = CARTESIAN_POINT('',(0.1875,-0.25,4.8));
#5446 = CARTESIAN_POINT('',(3.75E-02,-5.E-02,5.));
#5447 = ORIENTED_EDGE('',*,*,#4374,.T.);
#5448 = ORIENTED_EDGE('',*,*,#5413,.T.);
#5449 = ORIENTED_EDGE('',*,*,#5450,.F.);
#5450 = EDGE_CURVE('',#5442,#5414,#5451,.T.);
#5451 = B_SPLINE_CURVE_WITH_KNOTS('',1,(#5452,#5453),.UNSPECIFIED.,.F.,
  .F.,(2,2),(0.2,0.3),.PIECEWISE_BEZIER_KNOTS.);
#5452 = CARTESIAN_POINT('',(3.75E-02,-5.E-02,5.));
#5453 = CARTESIAN_POINT('',(-3.75E-02,-5.E-02,5.));
#5454 = B_SPLINE_SURFACE_WITH_KNOTS('',1,1,(
    (#5455,#5456)
    ,(#5457,#5458
    )),.UNSPECIFIED.,.F.,.F.,.F.,(2,2),(2,2),(-0.5,1.50816235687E-16),(
    -0.141421356237,0.141421356237),.PIECEWISE_BEZIER_KNOTS.);
#5455 = CARTESIAN_POINT('',(-0.1875,-0.25,4.8));
#5456 = CARTESIAN_POINT('',(-0.1875,-5.E-02,5.));
#5457 = CARTESIAN_POINT('',(0.1875,-0.25,4.8));
#5458 = CARTESIAN_POINT('',(0.1875,-5.E-02,5.));
#5459 = ADVANCED_FACE('',(#5460),#5476,.T.);
#5460 = FACE_BOUND('',#5461,.F.);
#5461 = EDGE_LOOP('',(#5462,#5463,#5470,#5475));
#5462 = ORIENTED_EDGE('',*,*,#5441,.T.);
#5463 = ORIENTED_EDGE('',*,*,#5464,.T.);
#5464 = EDGE_CURVE('',#5442,#5465,#5467,.T.);
#5465 = VERTEX_POINT('',#5466);
#5466 = CARTESIAN_POINT('',(3.75E-02,5.E-02,5.));
#5467 = B_SPLINE_CURVE_WITH_KNOTS('',1,(#5468,#5469),.UNSPECIFIED.,.F.,
  .F.,(2,2),(0.2,0.3),.PIECEWISE_BEZIER_KNOTS.);
#5468 = CARTESIAN_POINT('',(3.75E-02,-5.E-02,5.));
#5469 = CARTESIAN_POINT('',(3.75E-02,5.E-02,5.));
#5470 = ORIENTED_EDGE('',*,*,#5471,.T.);
#5471 = EDGE_CURVE('',#5465,#4390,#5472,.T.);
#5472 = B_SPLINE_CURVE_WITH_KNOTS('',1,(#5473,#5474),.UNSPECIFIED.,.F.,
  .F.,(2,2),(-8.660254037844E-02,0.259807621135),
  .PIECEWISE_BEZIER_KNOTS.);
#5473 = CARTESIAN_POINT('',(3.75E-02,5.E-02,5.));
#5474 = CARTESIAN_POINT('',(0.1875,0.25,4.8));
#5475 = ORIENTED_EDGE('',*,*,#4389,.F.);
#5476 = B_SPLINE_SURFACE_WITH_KNOTS('',1,1,(
    (#5477,#5478)
    ,(#5479,#5480
    )),.UNSPECIFIED.,.F.,.F.,.F.,(2,2),(2,2),(-0.5,1.251767332017E-16),(
    -0.141421356237,0.141421356237),.PIECEWISE_BEZIER_KNOTS.);
#5477 = CARTESIAN_POINT('',(3.75E-02,0.25,5.));
#5478 = CARTESIAN_POINT('',(0.1875,0.25,4.8));
#5479 = CARTESIAN_POINT('',(3.75E-02,-0.25,5.));
#5480 = CARTESIAN_POINT('',(0.1875,-0.25,4.8));
#5481 = ADVANCED_FACE('',(#5482),#5492,.T.);
#5482 = FACE_BOUND('',#5483,.F.);
#5483 = EDGE_LOOP('',(#5484,#5485,#5490,#5491));
#5484 = ORIENTED_EDGE('',*,*,#5471,.F.);
#5485 = ORIENTED_EDGE('',*,*,#5486,.T.);
#5486 = EDGE_CURVE('',#5465,#5421,#5487,.T.);
#5487 = B_SPLINE_CURVE_WITH_KNOTS('',1,(#5488,#5489),.UNSPECIFIED.,.F.,
  .F.,(2,2),(0.2,0.3),.PIECEWISE_BEZIER_KNOTS.);
#5488 = CARTESIAN_POINT('',(3.75E-02,5.E-02,5.));
#5489 = CARTESIAN_POINT('',(-3.75E-02,5.E-02,5.));
#5490 = ORIENTED_EDGE('',*,*,#5427,.T.);
#5491 = ORIENTED_EDGE('',*,*,#4410,.F.);
#5492 = B_SPLINE_SURFACE_WITH_KNOTS('',1,1,(
    (#5493,#5494)
    ,(#5495,#5496
    )),.UNSPECIFIED.,.F.,.F.,.F.,(2,2),(2,2),(-0.5,1.131624140077E-16),(
    -0.141421356237,0.141421356237),.PIECEWISE_BEZIER_KNOTS.);
#5493 = CARTESIAN_POINT('',(-0.1875,5.E-02,5.));
#5494 = CARTESIAN_POINT('',(-0.1875,0.25,4.8));
#5495 = CARTESIAN_POINT('',(0.1875,5.E-02,5.));
#5496 = CARTESIAN_POINT('',(0.1875,0.25,4.8));
#5497 = ADVANCED_FACE('',(#5498),#5508,.T.);
#5498 = FACE_BOUND('',#5499,.T.);
#5499 = EDGE_LOOP('',(#5500,#5501,#5506,#5507));
#5500 = ORIENTED_EDGE('',*,*,#4547,.F.);
#5501 = ORIENTED_EDGE('',*,*,#5502,.T.);
#5502 = EDGE_CURVE('',#4548,#4426,#5503,.T.);
#5503 = B_SPLINE_CURVE_WITH_KNOTS('',1,(#5504,#5505),.UNSPECIFIED.,.F.,
  .F.,(2,2),(0.2,0.3),.PIECEWISE_BEZIER_KNOTS.);
#5504 = CARTESIAN_POINT('',(3.75E-02,5.E-02,-3.4));
#5505 = CARTESIAN_POINT('',(-3.75E-02,5.E-02,-3.4));
#5506 = ORIENTED_EDGE('',*,*,#4425,.T.);
#5507 = ORIENTED_EDGE('',*,*,#4475,.F.);
#5508 = B_SPLINE_SURFACE_WITH_KNOTS('',1,1,(
    (#5509,#5510)
    ,(#5511,#5512
    )),.UNSPECIFIED.,.F.,.F.,.F.,(2,2),(2,2),(2.447406934E-03,
    0.497552593066),(-0.152050161031,0.152050161031),
  .PIECEWISE_BEZIER_KNOTS.);
#5509 = CARTESIAN_POINT('',(0.185664444799,4.999999999985E-02,-3.4));
#5510 = CARTESIAN_POINT('',(0.1856644448,0.281192514695,-3.202447406934)
  );
#5511 = CARTESIAN_POINT('',(-0.185664444799,4.999999999985E-02,-3.4));
#5512 = CARTESIAN_POINT('',(-0.185664444799,0.281192514695,
    -3.202447406934));
#5513 = ADVANCED_FACE('',(#5514),#5524,.F.);
#5514 = FACE_BOUND('',#5515,.F.);
#5515 = EDGE_LOOP('',(#5516,#5517,#5522,#5523));
#5516 = ORIENTED_EDGE('',*,*,#4434,.T.);
#5517 = ORIENTED_EDGE('',*,*,#5518,.F.);
#5518 = EDGE_CURVE('',#4555,#4435,#5519,.T.);
#5519 = B_SPLINE_CURVE_WITH_KNOTS('',1,(#5520,#5521),.UNSPECIFIED.,.F.,
  .F.,(2,2),(0.2,0.3),.PIECEWISE_BEZIER_KNOTS.);
#5520 = CARTESIAN_POINT('',(3.75E-02,-5.E-02,-3.4));
#5521 = CARTESIAN_POINT('',(-3.75E-02,-5.E-02,-3.4));
#5522 = ORIENTED_EDGE('',*,*,#4554,.F.);
#5523 = ORIENTED_EDGE('',*,*,#5502,.T.);
#5524 = B_SPLINE_SURFACE_WITH_KNOTS('',1,1,(
    (#5525,#5526)
    ,(#5527,#5528
    )),.UNSPECIFIED.,.F.,.F.,.F.,(2,2),(2,2),(0.2,0.3),(-0.3,-0.2),
  .PIECEWISE_BEZIER_KNOTS.);
#5525 = CARTESIAN_POINT('',(-3.75E-02,5.E-02,-3.4));
#5526 = CARTESIAN_POINT('',(3.75E-02,5.E-02,-3.4));
#5527 = CARTESIAN_POINT('',(-3.75E-02,-5.E-02,-3.4));
#5528 = CARTESIAN_POINT('',(3.75E-02,-5.E-02,-3.4));
#5529 = ADVANCED_FACE('',(#5530),#5536,.T.);
#5530 = FACE_BOUND('',#5531,.F.);
#5531 = EDGE_LOOP('',(#5532,#5533,#5534,#5535));
#5532 = ORIENTED_EDGE('',*,*,#4561,.F.);
#5533 = ORIENTED_EDGE('',*,*,#5518,.T.);
#5534 = ORIENTED_EDGE('',*,*,#4441,.T.);
#5535 = ORIENTED_EDGE('',*,*,#4531,.F.);
#5536 = B_SPLINE_SURFACE_WITH_KNOTS('',1,1,(
    (#5537,#5538)
    ,(#5539,#5540
    )),.UNSPECIFIED.,.F.,.F.,.F.,(2,2),(2,2),(-0.497552593066,
    -2.447406934E-03),(-0.129925934788,0.129925934788),
  .PIECEWISE_BEZIER_KNOTS.);
#5537 = CARTESIAN_POINT('',(-0.1856644448,-5.000000000001E-02,-3.4));
#5538 = CARTESIAN_POINT('',(-0.1856644448,-0.218807485306,
    -3.202447406934));
#5539 = CARTESIAN_POINT('',(0.1856644448,-5.000000000001E-02,-3.4));
#5540 = CARTESIAN_POINT('',(0.1856644448,-0.218807485306,-3.202447406934
    ));
#5541 = ADVANCED_FACE('',(#5542),#5548,.F.);
#5542 = FACE_BOUND('',#5543,.F.);
#5543 = EDGE_LOOP('',(#5544,#5545,#5546,#5547));
#5544 = ORIENTED_EDGE('',*,*,#4584,.T.);
#5545 = ORIENTED_EDGE('',*,*,#4606,.T.);
#5546 = ORIENTED_EDGE('',*,*,#4634,.F.);
#5547 = ORIENTED_EDGE('',*,*,#4650,.F.);
#5548 = B_SPLINE_SURFACE_WITH_KNOTS('',1,1,(
    (#5549,#5550)
    ,(#5551,#5552
    )),.UNSPECIFIED.,.F.,.F.,.F.,(2,2),(2,2),(0.2,0.3),(-0.3,-0.2),
  .PIECEWISE_BEZIER_KNOTS.);
#5549 = CARTESIAN_POINT('',(1.4625,5.E-02,-3.4));
#5550 = CARTESIAN_POINT('',(1.5375,5.E-02,-3.4));
#5551 = CARTESIAN_POINT('',(1.4625,-5.E-02,-3.4));
#5552 = CARTESIAN_POINT('',(1.5375,-5.E-02,-3.4));
#5553 = ADVANCED_FACE('',(#5554),#5560,.F.);
#5554 = FACE_BOUND('',#5555,.F.);
#5555 = EDGE_LOOP('',(#5556,#5557,#5558,#5559));
#5556 = ORIENTED_EDGE('',*,*,#4672,.T.);
#5557 = ORIENTED_EDGE('',*,*,#4694,.T.);
#5558 = ORIENTED_EDGE('',*,*,#4722,.F.);
#5559 = ORIENTED_EDGE('',*,*,#4738,.F.);
#5560 = B_SPLINE_SURFACE_WITH_KNOTS('',1,1,(
    (#5561,#5562)
    ,(#5563,#5564
    )),.UNSPECIFIED.,.F.,.F.,.F.,(2,2),(2,2),(0.2,0.3),(-0.3,-0.2),
  .PIECEWISE_BEZIER_KNOTS.);
#5561 = CARTESIAN_POINT('',(2.9625,5.E-02,-3.4));
#5562 = CARTESIAN_POINT('',(3.0375,5.E-02,-3.4));
#5563 = CARTESIAN_POINT('',(2.9625,-5.E-02,-3.4));
#5564 = CARTESIAN_POINT('',(3.0375,-5.E-02,-3.4));
#5565 = ADVANCED_FACE('',(#5566),#5572,.F.);
#5566 = FACE_BOUND('',#5567,.F.);
#5567 = EDGE_LOOP('',(#5568,#5569,#5570,#5571));
#5568 = ORIENTED_EDGE('',*,*,#4760,.T.);
#5569 = ORIENTED_EDGE('',*,*,#4782,.T.);
#5570 = ORIENTED_EDGE('',*,*,#4810,.F.);
#5571 = ORIENTED_EDGE('',*,*,#4826,.F.);
#5572 = B_SPLINE_SURFACE_WITH_KNOTS('',1,1,(
    (#5573,#5574)
    ,(#5575,#5576
    )),.UNSPECIFIED.,.F.,.F.,.F.,(2,2),(2,2),(0.2,0.3),(-0.3,-0.2),
  .PIECEWISE_BEZIER_KNOTS.);
#5573 = CARTESIAN_POINT('',(4.4625,5.E-02,-3.4));
#5574 = CARTESIAN_POINT('',(4.5375,5.E-02,-3.4));
#5575 = CARTESIAN_POINT('',(4.4625,-5.E-02,-3.4));
#5576 = CARTESIAN_POINT('',(4.5375,-5.E-02,-3.4));
#5577 = ADVANCED_FACE('',(#5578),#5584,.F.);
#5578 = FACE_BOUND('',#5579,.F.);
#5579 = EDGE_LOOP('',(#5580,#5581,#5582,#5583));
#5580 = ORIENTED_EDGE('',*,*,#4914,.T.);
#5581 = ORIENTED_EDGE('',*,*,#4848,.T.);
#5582 = ORIENTED_EDGE('',*,*,#4876,.F.);
#5583 = ORIENTED_EDGE('',*,*,#4898,.F.);
#5584 = B_SPLINE_SURFACE_WITH_KNOTS('',1,1,(
    (#5585,#5586)
    ,(#5587,#5588
    )),.UNSPECIFIED.,.F.,.F.,.F.,(2,2),(2,2),(0.2,0.3),(-0.3,-0.2),
  .PIECEWISE_BEZIER_KNOTS.);
#5585 = CARTESIAN_POINT('',(5.9625,5.E-02,-3.4));
#5586 = CARTESIAN_POINT('',(6.0375,5.E-02,-3.4));
#5587 = CARTESIAN_POINT('',(5.9625,-5.E-02,-3.4));
#5588 = CARTESIAN_POINT('',(6.0375,-5.E-02,-3.4));
#5589 = ADVANCED_FACE('',(#5590),#5596,.F.);
#5590 = FACE_BOUND('',#5591,.F.);
#5591 = EDGE_LOOP('',(#5592,#5593,#5594,#5595));
#5592 = ORIENTED_EDGE('',*,*,#5008,.T.);
#5593 = ORIENTED_EDGE('',*,*,#4980,.F.);
#5594 = ORIENTED_EDGE('',*,*,#5046,.F.);
#5595 = ORIENTED_EDGE('',*,*,#5032,.T.);
#5596 = B_SPLINE_SURFACE_WITH_KNOTS('',1,1,(
    (#5597,#5598)
    ,(#5599,#5600
    )),.UNSPECIFIED.,.F.,.F.,.F.,(2,2),(2,2),(0.2,0.3),(-0.3,-0.2),
  .PIECEWISE_BEZIER_KNOTS.);
#5597 = CARTESIAN_POINT('',(1.4625,-5.E-02,5.));
#5598 = CARTESIAN_POINT('',(1.5375,-5.E-02,5.));
#5599 = CARTESIAN_POINT('',(1.4625,5.E-02,5.));
#5600 = CARTESIAN_POINT('',(1.5375,5.E-02,5.));
#5601 = ADVANCED_FACE('',(#5602),#5608,.F.);
#5602 = FACE_BOUND('',#5603,.F.);
#5603 = EDGE_LOOP('',(#5604,#5605,#5606,#5607));
#5604 = ORIENTED_EDGE('',*,*,#5096,.T.);
#5605 = ORIENTED_EDGE('',*,*,#5068,.F.);
#5606 = ORIENTED_EDGE('',*,*,#5134,.F.);
#5607 = ORIENTED_EDGE('',*,*,#5120,.T.);
#5608 = B_SPLINE_SURFACE_WITH_KNOTS('',1,1,(
    (#5609,#5610)
    ,(#5611,#5612
    )),.UNSPECIFIED.,.F.,.F.,.F.,(2,2),(2,2),(0.2,0.3),(-0.3,-0.2),
  .PIECEWISE_BEZIER_KNOTS.);
#5609 = CARTESIAN_POINT('',(2.9625,-5.E-02,5.));
#5610 = CARTESIAN_POINT('',(3.0375,-5.E-02,5.));
#5611 = CARTESIAN_POINT('',(2.9625,5.E-02,5.));
#5612 = CARTESIAN_POINT('',(3.0375,5.E-02,5.));
#5613 = ADVANCED_FACE('',(#5614),#5620,.F.);
#5614 = FACE_BOUND('',#5615,.F.);
#5615 = EDGE_LOOP('',(#5616,#5617,#5618,#5619));
#5616 = ORIENTED_EDGE('',*,*,#5184,.T.);
#5617 = ORIENTED_EDGE('',*,*,#5156,.F.);
#5618 = ORIENTED_EDGE('',*,*,#5222,.F.);
#5619 = ORIENTED_EDGE('',*,*,#5208,.T.);
#5620 = B_SPLINE_SURFACE_WITH_KNOTS('',1,1,(
    (#5621,#5622)
    ,(#5623,#5624
    )),.UNSPECIFIED.,.F.,.F.,.F.,(2,2),(2,2),(0.2,0.3),(-0.3,-0.2),
  .PIECEWISE_BEZIER_KNOTS.);
#5621 = CARTESIAN_POINT('',(4.4625,-5.E-02,5.));
#5622 = CARTESIAN_POINT('',(4.5375,-5.E-02,5.));
#5623 = CARTESIAN_POINT('',(4.4625,5.E-02,5.));
#5624 = CARTESIAN_POINT('',(4.5375,5.E-02,5.));
#5625 = ADVANCED_FACE('',(#5626),#5632,.F.);
#5626 = FACE_BOUND('',#5627,.F.);
#5627 = EDGE_LOOP('',(#5628,#5629,#5630,#5631));
#5628 = ORIENTED_EDGE('',*,*,#5296,.T.);
#5629 = ORIENTED_EDGE('',*,*,#5272,.T.);
#5630 = ORIENTED_EDGE('',*,*,#5244,.F.);
#5631 = ORIENTED_EDGE('',*,*,#5310,.F.);
#5632 = B_SPLINE_SURFACE_WITH_KNOTS('',1,1,(
    (#5633,#5634)
    ,(#5635,#5636
    )),.UNSPECIFIED.,.F.,.F.,.F.,(2,2),(2,2),(0.2,0.3),(-0.3,-0.2),
  .PIECEWISE_BEZIER_KNOTS.);
#5633 = CARTESIAN_POINT('',(7.4625,-5.E-02,5.));
#5634 = CARTESIAN_POINT('',(7.5375,-5.E-02,5.));
#5635 = CARTESIAN_POINT('',(7.4625,5.E-02,5.));
#5636 = CARTESIAN_POINT('',(7.5375,5.E-02,5.));
#5637 = ADVANCED_FACE('',(#5638),#5644,.F.);
#5638 = FACE_BOUND('',#5639,.F.);
#5639 = EDGE_LOOP('',(#5640,#5641,#5642,#5643));
#5640 = ORIENTED_EDGE('',*,*,#5332,.T.);
#5641 = ORIENTED_EDGE('',*,*,#5398,.F.);
#5642 = ORIENTED_EDGE('',*,*,#5376,.F.);
#5643 = ORIENTED_EDGE('',*,*,#5362,.T.);
#5644 = B_SPLINE_SURFACE_WITH_KNOTS('',1,1,(
    (#5645,#5646)
    ,(#5647,#5648
    )),.UNSPECIFIED.,.F.,.F.,.F.,(2,2),(2,2),(0.2,0.3),(-0.3,-0.2),
  .PIECEWISE_BEZIER_KNOTS.);
#5645 = CARTESIAN_POINT('',(5.9625,-5.E-02,5.));
#5646 = CARTESIAN_POINT('',(6.0375,-5.E-02,5.));
#5647 = CARTESIAN_POINT('',(5.9625,5.E-02,5.));
#5648 = CARTESIAN_POINT('',(6.0375,5.E-02,5.));
#5649 = ADVANCED_FACE('',(#5650),#5656,.F.);
#5650 = FACE_BOUND('',#5651,.F.);
#5651 = EDGE_LOOP('',(#5652,#5653,#5654,#5655));
#5652 = ORIENTED_EDGE('',*,*,#5450,.T.);
#5653 = ORIENTED_EDGE('',*,*,#5420,.T.);
#5654 = ORIENTED_EDGE('',*,*,#5486,.F.);
#5655 = ORIENTED_EDGE('',*,*,#5464,.F.);
#5656 = B_SPLINE_SURFACE_WITH_KNOTS('',1,1,(
    (#5657,#5658)
    ,(#5659,#5660
    )),.UNSPECIFIED.,.F.,.F.,.F.,(2,2),(2,2),(0.2,0.3),(-0.3,-0.2),
  .PIECEWISE_BEZIER_KNOTS.);
#5657 = CARTESIAN_POINT('',(-3.75E-02,-5.E-02,5.));
#5658 = CARTESIAN_POINT('',(3.75E-02,-5.E-02,5.));
#5659 = CARTESIAN_POINT('',(-3.75E-02,5.E-02,5.));
#5660 = CARTESIAN_POINT('',(3.75E-02,5.E-02,5.));
#5661 = ( GEOMETRIC_REPRESENTATION_CONTEXT(3) 
GLOBAL_UNCERTAINTY_ASSIGNED_CONTEXT((#5665)) 
GLOBAL_UNIT_ASSIGNED_CONTEXT((#5662,#5663,#5664)) REPRESENTATION_CONTEXT
('Context #1','3D Context with UNIT and UNCERTAINTY') );
#5662 = ( LENGTH_UNIT() NAMED_UNIT(*) SI_UNIT(.MILLI.,.METRE.) );
#5663 = ( NAMED_UNIT(*) PLANE_ANGLE_UNIT() SI_UNIT($,.RADIAN.) );
#5664 = ( NAMED_UNIT(*) SI_UNIT($,.STERADIAN.) SOLID_ANGLE_UNIT() );
#5665 = UNCERTAINTY_MEASURE_WITH_UNIT(LENGTH_MEASURE(1.E-07),#5662,
  'distance_accuracy_value','confusion accuracy');
#5666 = CONTEXT_DEPENDENT_SHAPE_REPRESENTATION(#5667,#5669);
#5667 = ( REPRESENTATION_RELATIONSHIP('','',#60,#10) 
REPRESENTATION_RELATIONSHIP_WITH_TRANSFORMATION(#5668) 
SHAPE_REPRESENTATION_RELATIONSHIP() );
#5668 = ITEM_DEFINED_TRANSFORMATION('','',#11,#15);
#5669 = PRODUCT_DEFINITION_SHAPE('Placement','Placement of an item',
  #5670);
#5670 = NEXT_ASSEMBLY_USAGE_OCCURRENCE('1','M5','',#5,#55,$);
#5671 = PRODUCT_RELATED_PRODUCT_CATEGORY('part',$,(#57));
#5672 = SHAPE_DEFINITION_REPRESENTATION(#5673,#5679);
#5673 = PRODUCT_DEFINITION_SHAPE('','',#5674);
#5674 = PRODUCT_DEFINITION('design','',#5675,#5678);
#5675 = PRODUCT_DEFINITION_FORMATION('','',#5676);
#5676 = PRODUCT(
  'TerminalBlock_Phoenix_MPT-0,5-3-2.54_1x03_P2.54mm_Horizontal',
  'TerminalBlock_Phoenix_MPT-0,5-3-2.54_1x03_P2.54mm_Horizontal','',(
    #5677));
#5677 = PRODUCT_CONTEXT('',#2,'mechanical');
#5678 = PRODUCT_DEFINITION_CONTEXT('part definition',#2,'design');
#5679 = ADVANCED_BREP_SHAPE_REPRESENTATION('',(#11,#5680),#8974);
#5680 = MANIFOLD_SOLID_BREP('',#5681);
#5681 = CLOSED_SHELL('',(#5682,#5857,#5990,#6038,#6086,#6103,#6128,#6153
    ,#6184,#6208,#6232,#6249,#6280,#6304,#6328,#6345,#6376,#6400,#6424,
    #6441,#6466,#6483,#6512,#6535,#6558,#6575,#6604,#6627,#6650,#6667,
    #6696,#6719,#6742,#6759,#6776,#6826,#6838,#6847,#6856,#6868,#6880,
    #6892,#6901,#6932,#6956,#6980,#6997,#7028,#7052,#7076,#7093,#7124,
    #7148,#7172,#7189,#7282,#7375,#7468,#7514,#7560,#7606,#7622,#7655,
    #7680,#7711,#7721,#7739,#7755,#7788,#7813,#7844,#7854,#7872,#7888,
    #7921,#7946,#7977,#7987,#8005,#8036,#8060,#8084,#8101,#8132,#8156,
    #8180,#8197,#8228,#8252,#8276,#8293,#8318,#8421,#8431,#8456,#8559,
    #8569,#8594,#8697,#8707,#8719,#8731,#8743,#8759,#8776,#8793,#8810,
    #8820,#8836,#8853,#8870,#8887,#8897,#8913,#8930,#8947,#8964));
#5682 = ADVANCED_FACE('',(#5683,#5717,#5728,#5739,#5773,#5807,#5841),
  #5852,.F.);
#5683 = FACE_BOUND('',#5684,.F.);
#5684 = EDGE_LOOP('',(#5685,#5695,#5703,#5711));
#5685 = ORIENTED_EDGE('',*,*,#5686,.T.);
#5686 = EDGE_CURVE('',#5687,#5689,#5691,.T.);
#5687 = VERTEX_POINT('',#5688);
#5688 = CARTESIAN_POINT('',(-1.5,-3.1,0.));
#5689 = VERTEX_POINT('',#5690);
#5690 = CARTESIAN_POINT('',(6.58,-3.1,0.));
#5691 = LINE('',#5692,#5693);
#5692 = CARTESIAN_POINT('',(-1.5,-3.1,0.));
#5693 = VECTOR('',#5694,1.);
#5694 = DIRECTION('',(1.,0.,0.));
#5695 = ORIENTED_EDGE('',*,*,#5696,.T.);
#5696 = EDGE_CURVE('',#5689,#5697,#5699,.T.);
#5697 = VERTEX_POINT('',#5698);
#5698 = CARTESIAN_POINT('',(6.58,3.1,0.));
#5699 = LINE('',#5700,#5701);
#5700 = CARTESIAN_POINT('',(6.58,-3.1,0.));
#5701 = VECTOR('',#5702,1.);
#5702 = DIRECTION('',(0.,1.,0.));
#5703 = ORIENTED_EDGE('',*,*,#5704,.F.);
#5704 = EDGE_CURVE('',#5705,#5697,#5707,.T.);
#5705 = VERTEX_POINT('',#5706);
#5706 = CARTESIAN_POINT('',(-1.5,3.1,0.));
#5707 = LINE('',#5708,#5709);
#5708 = CARTESIAN_POINT('',(-1.5,3.1,0.));
#5709 = VECTOR('',#5710,1.);
#5710 = DIRECTION('',(1.,0.,0.));
#5711 = ORIENTED_EDGE('',*,*,#5712,.F.);
#5712 = EDGE_CURVE('',#5687,#5705,#5713,.T.);
#5713 = LINE('',#5714,#5715);
#5714 = CARTESIAN_POINT('',(-1.5,-3.1,0.));
#5715 = VECTOR('',#5716,1.);
#5716 = DIRECTION('',(0.,1.,0.));
#5717 = FACE_BOUND('',#5718,.F.);
#5718 = EDGE_LOOP('',(#5719));
#5719 = ORIENTED_EDGE('',*,*,#5720,.F.);
#5720 = EDGE_CURVE('',#5721,#5721,#5723,.T.);
#5721 = VERTEX_POINT('',#5722);
#5722 = CARTESIAN_POINT('',(0.55,-2.54,0.));
#5723 = CIRCLE('',#5724,0.55);
#5724 = AXIS2_PLACEMENT_3D('',#5725,#5726,#5727);
#5725 = CARTESIAN_POINT('',(-2.22044604925E-16,-2.54,0.));
#5726 = DIRECTION('',(0.,0.,1.));
#5727 = DIRECTION('',(1.,0.,-0.));
#5728 = FACE_BOUND('',#5729,.F.);
#5729 = EDGE_LOOP('',(#5730));
#5730 = ORIENTED_EDGE('',*,*,#5731,.F.);
#5731 = EDGE_CURVE('',#5732,#5732,#5734,.T.);
#5732 = VERTEX_POINT('',#5733);
#5733 = CARTESIAN_POINT('',(3.09,-2.54,0.));
#5734 = CIRCLE('',#5735,0.55);
#5735 = AXIS2_PLACEMENT_3D('',#5736,#5737,#5738);
#5736 = CARTESIAN_POINT('',(2.54,-2.54,0.));
#5737 = DIRECTION('',(0.,0.,1.));
#5738 = DIRECTION('',(1.,0.,-0.));
#5739 = FACE_BOUND('',#5740,.F.);
#5740 = EDGE_LOOP('',(#5741,#5751,#5759,#5767));
#5741 = ORIENTED_EDGE('',*,*,#5742,.F.);
#5742 = EDGE_CURVE('',#5743,#5745,#5747,.T.);
#5743 = VERTEX_POINT('',#5744);
#5744 = CARTESIAN_POINT('',(2.09,-0.25,0.));
#5745 = VERTEX_POINT('',#5746);
#5746 = CARTESIAN_POINT('',(2.99,-0.25,0.));
#5747 = LINE('',#5748,#5749);
#5748 = CARTESIAN_POINT('',(0.295,-0.25,0.));
#5749 = VECTOR('',#5750,1.);
#5750 = DIRECTION('',(1.,0.,0.));
#5751 = ORIENTED_EDGE('',*,*,#5752,.F.);
#5752 = EDGE_CURVE('',#5753,#5743,#5755,.T.);
#5753 = VERTEX_POINT('',#5754);
#5754 = CARTESIAN_POINT('',(2.09,0.25,0.));
#5755 = LINE('',#5756,#5757);
#5756 = CARTESIAN_POINT('',(2.09,-1.425,0.));
#5757 = VECTOR('',#5758,1.);
#5758 = DIRECTION('',(0.,-1.,0.));
#5759 = ORIENTED_EDGE('',*,*,#5760,.F.);
#5760 = EDGE_CURVE('',#5761,#5753,#5763,.T.);
#5761 = VERTEX_POINT('',#5762);
#5762 = CARTESIAN_POINT('',(2.99,0.25,0.));
#5763 = LINE('',#5764,#5765);
#5764 = CARTESIAN_POINT('',(0.745,0.25,0.));
#5765 = VECTOR('',#5766,1.);
#5766 = DIRECTION('',(-1.,0.,0.));
#5767 = ORIENTED_EDGE('',*,*,#5768,.F.);
#5768 = EDGE_CURVE('',#5745,#5761,#5769,.T.);
#5769 = LINE('',#5770,#5771);
#5770 = CARTESIAN_POINT('',(2.99,-1.675,0.));
#5771 = VECTOR('',#5772,1.);
#5772 = DIRECTION('',(0.,1.,0.));
#5773 = FACE_BOUND('',#5774,.F.);
#5774 = EDGE_LOOP('',(#5775,#5785,#5793,#5801));
#5775 = ORIENTED_EDGE('',*,*,#5776,.F.);
#5776 = EDGE_CURVE('',#5777,#5779,#5781,.T.);
#5777 = VERTEX_POINT('',#5778);
#5778 = CARTESIAN_POINT('',(-0.45,-0.25,0.));
#5779 = VERTEX_POINT('',#5780);
#5780 = CARTESIAN_POINT('',(0.45,-0.25,0.));
#5781 = LINE('',#5782,#5783);
#5782 = CARTESIAN_POINT('',(-0.975,-0.25,0.));
#5783 = VECTOR('',#5784,1.);
#5784 = DIRECTION('',(1.,0.,0.));
#5785 = ORIENTED_EDGE('',*,*,#5786,.F.);
#5786 = EDGE_CURVE('',#5787,#5777,#5789,.T.);
#5787 = VERTEX_POINT('',#5788);
#5788 = CARTESIAN_POINT('',(-0.45,0.25,0.));
#5789 = LINE('',#5790,#5791);
#5790 = CARTESIAN_POINT('',(-0.45,-1.425,0.));
#5791 = VECTOR('',#5792,1.);
#5792 = DIRECTION('',(0.,-1.,0.));
#5793 = ORIENTED_EDGE('',*,*,#5794,.F.);
#5794 = EDGE_CURVE('',#5795,#5787,#5797,.T.);
#5795 = VERTEX_POINT('',#5796);
#5796 = CARTESIAN_POINT('',(0.45,0.25,0.));
#5797 = LINE('',#5798,#5799);
#5798 = CARTESIAN_POINT('',(-0.525,0.25,0.));
#5799 = VECTOR('',#5800,1.);
#5800 = DIRECTION('',(-1.,0.,0.));
#5801 = ORIENTED_EDGE('',*,*,#5802,.F.);
#5802 = EDGE_CURVE('',#5779,#5795,#5803,.T.);
#5803 = LINE('',#5804,#5805);
#5804 = CARTESIAN_POINT('',(0.45,-1.675,0.));
#5805 = VECTOR('',#5806,1.);
#5806 = DIRECTION('',(0.,1.,0.));
#5807 = FACE_BOUND('',#5808,.F.);
#5808 = EDGE_LOOP('',(#5809,#5819,#5827,#5835));
#5809 = ORIENTED_EDGE('',*,*,#5810,.F.);
#5810 = EDGE_CURVE('',#5811,#5813,#5815,.T.);
#5811 = VERTEX_POINT('',#5812);
#5812 = CARTESIAN_POINT('',(4.63,-0.25,0.));
#5813 = VERTEX_POINT('',#5814);
#5814 = CARTESIAN_POINT('',(5.53,-0.25,0.));
#5815 = LINE('',#5816,#5817);
#5816 = CARTESIAN_POINT('',(1.565,-0.25,0.));
#5817 = VECTOR('',#5818,1.);
#5818 = DIRECTION('',(1.,0.,0.));
#5819 = ORIENTED_EDGE('',*,*,#5820,.F.);
#5820 = EDGE_CURVE('',#5821,#5811,#5823,.T.);
#5821 = VERTEX_POINT('',#5822);
#5822 = CARTESIAN_POINT('',(4.63,0.25,0.));
#5823 = LINE('',#5824,#5825);
#5824 = CARTESIAN_POINT('',(4.63,-1.425,0.));
#5825 = VECTOR('',#5826,1.);
#5826 = DIRECTION('',(0.,-1.,0.));
#5827 = ORIENTED_EDGE('',*,*,#5828,.F.);
#5828 = EDGE_CURVE('',#5829,#5821,#5831,.T.);
#5829 = VERTEX_POINT('',#5830);
#5830 = CARTESIAN_POINT('',(5.53,0.25,0.));
#5831 = LINE('',#5832,#5833);
#5832 = CARTESIAN_POINT('',(2.015,0.25,0.));
#5833 = VECTOR('',#5834,1.);
#5834 = DIRECTION('',(-1.,0.,0.));
#5835 = ORIENTED_EDGE('',*,*,#5836,.F.);
#5836 = EDGE_CURVE('',#5813,#5829,#5837,.T.);
#5837 = LINE('',#5838,#5839);
#5838 = CARTESIAN_POINT('',(5.53,-1.675,0.));
#5839 = VECTOR('',#5840,1.);
#5840 = DIRECTION('',(0.,1.,0.));
#5841 = FACE_BOUND('',#5842,.F.);
#5842 = EDGE_LOOP('',(#5843));
#5843 = ORIENTED_EDGE('',*,*,#5844,.F.);
#5844 = EDGE_CURVE('',#5845,#5845,#5847,.T.);
#5845 = VERTEX_POINT('',#5846);
#5846 = CARTESIAN_POINT('',(5.63,-2.54,0.));
#5847 = CIRCLE('',#5848,0.55);
#5848 = AXIS2_PLACEMENT_3D('',#5849,#5850,#5851);
#5849 = CARTESIAN_POINT('',(5.08,-2.54,0.));
#5850 = DIRECTION('',(0.,0.,1.));
#5851 = DIRECTION('',(1.,0.,-0.));
#5852 = PLANE('',#5853);
#5853 = AXIS2_PLACEMENT_3D('',#5854,#5855,#5856);
#5854 = CARTESIAN_POINT('',(-1.5,-3.1,0.));
#5855 = DIRECTION('',(0.,0.,1.));
#5856 = DIRECTION('',(0.,1.,0.));
#5857 = ADVANCED_FACE('',(#5858,#5883,#5917,#5951),#5985,.F.);
#5858 = FACE_BOUND('',#5859,.F.);
#5859 = EDGE_LOOP('',(#5860,#5868,#5876,#5882));
#5860 = ORIENTED_EDGE('',*,*,#5861,.F.);
#5861 = EDGE_CURVE('',#5862,#5687,#5864,.T.);
#5862 = VERTEX_POINT('',#5863);
#5863 = CARTESIAN_POINT('',(-1.5,-3.1,5.1));
#5864 = LINE('',#5865,#5866);
#5865 = CARTESIAN_POINT('',(-1.5,-3.1,8.5));
#5866 = VECTOR('',#5867,1.);
#5867 = DIRECTION('',(0.,0.,-1.));
#5868 = ORIENTED_EDGE('',*,*,#5869,.T.);
#5869 = EDGE_CURVE('',#5862,#5870,#5872,.T.);
#5870 = VERTEX_POINT('',#5871);
#5871 = CARTESIAN_POINT('',(6.58,-3.1,5.1));
#5872 = LINE('',#5873,#5874);
#5873 = CARTESIAN_POINT('',(-1.5,-3.1,5.1));
#5874 = VECTOR('',#5875,1.);
#5875 = DIRECTION('',(1.,0.,0.));
#5876 = ORIENTED_EDGE('',*,*,#5877,.T.);
#5877 = EDGE_CURVE('',#5870,#5689,#5878,.T.);
#5878 = LINE('',#5879,#5880);
#5879 = CARTESIAN_POINT('',(6.58,-3.1,8.5));
#5880 = VECTOR('',#5881,1.);
#5881 = DIRECTION('',(0.,0.,-1.));
#5882 = ORIENTED_EDGE('',*,*,#5686,.F.);
#5883 = FACE_BOUND('',#5884,.F.);
#5884 = EDGE_LOOP('',(#5885,#5895,#5903,#5911));
#5885 = ORIENTED_EDGE('',*,*,#5886,.F.);
#5886 = EDGE_CURVE('',#5887,#5889,#5891,.T.);
#5887 = VERTEX_POINT('',#5888);
#5888 = CARTESIAN_POINT('',(1.075,-3.1,0.15));
#5889 = VERTEX_POINT('',#5890);
#5890 = CARTESIAN_POINT('',(-1.075,-3.1,0.15));
#5891 = LINE('',#5892,#5893);
#5892 = CARTESIAN_POINT('',(1.075,-3.1,0.15));
#5893 = VECTOR('',#5894,1.);
#5894 = DIRECTION('',(-1.,0.,0.));
#5895 = ORIENTED_EDGE('',*,*,#5896,.F.);
#5896 = EDGE_CURVE('',#5897,#5887,#5899,.T.);
#5897 = VERTEX_POINT('',#5898);
#5898 = CARTESIAN_POINT('',(1.075,-3.1,4.6));
#5899 = LINE('',#5900,#5901);
#5900 = CARTESIAN_POINT('',(1.075,-3.1,4.6));
#5901 = VECTOR('',#5902,1.);
#5902 = DIRECTION('',(0.,0.,-1.));
#5903 = ORIENTED_EDGE('',*,*,#5904,.F.);
#5904 = EDGE_CURVE('',#5905,#5897,#5907,.T.);
#5905 = VERTEX_POINT('',#5906);
#5906 = CARTESIAN_POINT('',(-1.075,-3.1,4.6));
#5907 = LINE('',#5908,#5909);
#5908 = CARTESIAN_POINT('',(-1.075,-3.1,4.6));
#5909 = VECTOR('',#5910,1.);
#5910 = DIRECTION('',(1.,0.,0.));
#5911 = ORIENTED_EDGE('',*,*,#5912,.F.);
#5912 = EDGE_CURVE('',#5889,#5905,#5913,.T.);
#5913 = LINE('',#5914,#5915);
#5914 = CARTESIAN_POINT('',(-1.075,-3.1,0.15));
#5915 = VECTOR('',#5916,1.);
#5916 = DIRECTION('',(0.,0.,1.));
#5917 = FACE_BOUND('',#5918,.F.);
#5918 = EDGE_LOOP('',(#5919,#5929,#5937,#5945));
#5919 = ORIENTED_EDGE('',*,*,#5920,.F.);
#5920 = EDGE_CURVE('',#5921,#5923,#5925,.T.);
#5921 = VERTEX_POINT('',#5922);
#5922 = CARTESIAN_POINT('',(3.615,-3.1,0.15));
#5923 = VERTEX_POINT('',#5924);
#5924 = CARTESIAN_POINT('',(1.465,-3.1,0.15));
#5925 = LINE('',#5926,#5927);
#5926 = CARTESIAN_POINT('',(3.615,-3.1,0.15));
#5927 = VECTOR('',#5928,1.);
#5928 = DIRECTION('',(-1.,0.,0.));
#5929 = ORIENTED_EDGE('',*,*,#5930,.F.);
#5930 = EDGE_CURVE('',#5931,#5921,#5933,.T.);
#5931 = VERTEX_POINT('',#5932);
#5932 = CARTESIAN_POINT('',(3.615,-3.1,4.6));
#5933 = LINE('',#5934,#5935);
#5934 = CARTESIAN_POINT('',(3.615,-3.1,4.6));
#5935 = VECTOR('',#5936,1.);
#5936 = DIRECTION('',(0.,0.,-1.));
#5937 = ORIENTED_EDGE('',*,*,#5938,.F.);
#5938 = EDGE_CURVE('',#5939,#5931,#5941,.T.);
#5939 = VERTEX_POINT('',#5940);
#5940 = CARTESIAN_POINT('',(1.465,-3.1,4.6));
#5941 = LINE('',#5942,#5943);
#5942 = CARTESIAN_POINT('',(1.465,-3.1,4.6));
#5943 = VECTOR('',#5944,1.);
#5944 = DIRECTION('',(1.,0.,0.));
#5945 = ORIENTED_EDGE('',*,*,#5946,.F.);
#5946 = EDGE_CURVE('',#5923,#5939,#5947,.T.);
#5947 = LINE('',#5948,#5949);
#5948 = CARTESIAN_POINT('',(1.465,-3.1,0.15));
#5949 = VECTOR('',#5950,1.);
#5950 = DIRECTION('',(0.,0.,1.));
#5951 = FACE_BOUND('',#5952,.F.);
#5952 = EDGE_LOOP('',(#5953,#5963,#5971,#5979));
#5953 = ORIENTED_EDGE('',*,*,#5954,.F.);
#5954 = EDGE_CURVE('',#5955,#5957,#5959,.T.);
#5955 = VERTEX_POINT('',#5956);
#5956 = CARTESIAN_POINT('',(6.155,-3.1,0.15));
#5957 = VERTEX_POINT('',#5958);
#5958 = CARTESIAN_POINT('',(4.005,-3.1,0.15));
#5959 = LINE('',#5960,#5961);
#5960 = CARTESIAN_POINT('',(6.155,-3.1,0.15));
#5961 = VECTOR('',#5962,1.);
#5962 = DIRECTION('',(-1.,0.,0.));
#5963 = ORIENTED_EDGE('',*,*,#5964,.F.);
#5964 = EDGE_CURVE('',#5965,#5955,#5967,.T.);
#5965 = VERTEX_POINT('',#5966);
#5966 = CARTESIAN_POINT('',(6.155,-3.1,4.6));
#5967 = LINE('',#5968,#5969);
#5968 = CARTESIAN_POINT('',(6.155,-3.1,4.6));
#5969 = VECTOR('',#5970,1.);
#5970 = DIRECTION('',(0.,0.,-1.));
#5971 = ORIENTED_EDGE('',*,*,#5972,.F.);
#5972 = EDGE_CURVE('',#5973,#5965,#5975,.T.);
#5973 = VERTEX_POINT('',#5974);
#5974 = CARTESIAN_POINT('',(4.005,-3.1,4.6));
#5975 = LINE('',#5976,#5977);
#5976 = CARTESIAN_POINT('',(4.005,-3.1,4.6));
#5977 = VECTOR('',#5978,1.);
#5978 = DIRECTION('',(1.,0.,0.));
#5979 = ORIENTED_EDGE('',*,*,#5980,.F.);
#5980 = EDGE_CURVE('',#5957,#5973,#5981,.T.);
#5981 = LINE('',#5982,#5983);
#5982 = CARTESIAN_POINT('',(4.005,-3.1,0.15));
#5983 = VECTOR('',#5984,1.);
#5984 = DIRECTION('',(0.,0.,1.));
#5985 = PLANE('',#5986);
#5986 = AXIS2_PLACEMENT_3D('',#5987,#5988,#5989);
#5987 = CARTESIAN_POINT('',(-1.5,-3.1,8.5));
#5988 = DIRECTION('',(0.,1.,0.));
#5989 = DIRECTION('',(0.,0.,-1.));
#5990 = ADVANCED_FACE('',(#5991),#6033,.F.);
#5991 = FACE_BOUND('',#5992,.F.);
#5992 = EDGE_LOOP('',(#5993,#6001,#6002,#6003,#6011,#6019,#6027));
#5993 = ORIENTED_EDGE('',*,*,#5994,.T.);
#5994 = EDGE_CURVE('',#5995,#5862,#5997,.T.);
#5995 = VERTEX_POINT('',#5996);
#5996 = CARTESIAN_POINT('',(-1.5,-2.36,5.1));
#5997 = LINE('',#5998,#5999);
#5998 = CARTESIAN_POINT('',(-1.5,-2.36,5.1));
#5999 = VECTOR('',#6000,1.);
#6000 = DIRECTION('',(0.,-1.,0.));
#6001 = ORIENTED_EDGE('',*,*,#5861,.T.);
#6002 = ORIENTED_EDGE('',*,*,#5712,.T.);
#6003 = ORIENTED_EDGE('',*,*,#6004,.T.);
#6004 = EDGE_CURVE('',#5705,#6005,#6007,.T.);
#6005 = VERTEX_POINT('',#6006);
#6006 = CARTESIAN_POINT('',(-1.5,3.1,3.114));
#6007 = LINE('',#6008,#6009);
#6008 = CARTESIAN_POINT('',(-1.5,3.1,0.));
#6009 = VECTOR('',#6010,1.);
#6010 = DIRECTION('',(0.,0.,1.));
#6011 = ORIENTED_EDGE('',*,*,#6012,.F.);
#6012 = EDGE_CURVE('',#6013,#6005,#6015,.T.);
#6013 = VERTEX_POINT('',#6014);
#6014 = CARTESIAN_POINT('',(-1.5,1.35,8.5));
#6015 = LINE('',#6016,#6017);
#6016 = CARTESIAN_POINT('',(-1.5,1.35,8.5));
#6017 = VECTOR('',#6018,1.);
#6018 = DIRECTION('',(0.,0.309014201884,-0.951057423626));
#6019 = ORIENTED_EDGE('',*,*,#6020,.T.);
#6020 = EDGE_CURVE('',#6013,#6021,#6023,.T.);
#6021 = VERTEX_POINT('',#6022);
#6022 = CARTESIAN_POINT('',(-1.5,-1.45,8.5));
#6023 = LINE('',#6024,#6025);
#6024 = CARTESIAN_POINT('',(-1.5,3.1,8.5));
#6025 = VECTOR('',#6026,1.);
#6026 = DIRECTION('',(0.,-1.,0.));
#6027 = ORIENTED_EDGE('',*,*,#6028,.T.);
#6028 = EDGE_CURVE('',#6021,#5995,#6029,.T.);
#6029 = LINE('',#6030,#6031);
#6030 = CARTESIAN_POINT('',(-1.5,-1.45,8.5));
#6031 = VECTOR('',#6032,1.);
#6032 = DIRECTION('',(0.,-0.258546725088,-0.965998753077));
#6033 = PLANE('',#6034);
#6034 = AXIS2_PLACEMENT_3D('',#6035,#6036,#6037);
#6035 = CARTESIAN_POINT('',(-1.5,0.,4.25));
#6036 = DIRECTION('',(1.,0.,0.));
#6037 = DIRECTION('',(0.,0.,1.));
#6038 = ADVANCED_FACE('',(#6039),#6081,.T.);
#6039 = FACE_BOUND('',#6040,.T.);
#6040 = EDGE_LOOP('',(#6041,#6049,#6050,#6051,#6059,#6067,#6075));
#6041 = ORIENTED_EDGE('',*,*,#6042,.T.);
#6042 = EDGE_CURVE('',#6043,#5870,#6045,.T.);
#6043 = VERTEX_POINT('',#6044);
#6044 = CARTESIAN_POINT('',(6.58,-2.36,5.1));
#6045 = LINE('',#6046,#6047);
#6046 = CARTESIAN_POINT('',(6.58,-2.36,5.1));
#6047 = VECTOR('',#6048,1.);
#6048 = DIRECTION('',(0.,-1.,0.));
#6049 = ORIENTED_EDGE('',*,*,#5877,.T.);
#6050 = ORIENTED_EDGE('',*,*,#5696,.T.);
#6051 = ORIENTED_EDGE('',*,*,#6052,.T.);
#6052 = EDGE_CURVE('',#5697,#6053,#6055,.T.);
#6053 = VERTEX_POINT('',#6054);
#6054 = CARTESIAN_POINT('',(6.58,3.1,3.114));
#6055 = LINE('',#6056,#6057);
#6056 = CARTESIAN_POINT('',(6.58,3.1,0.));
#6057 = VECTOR('',#6058,1.);
#6058 = DIRECTION('',(0.,0.,1.));
#6059 = ORIENTED_EDGE('',*,*,#6060,.F.);
#6060 = EDGE_CURVE('',#6061,#6053,#6063,.T.);
#6061 = VERTEX_POINT('',#6062);
#6062 = CARTESIAN_POINT('',(6.58,1.35,8.5));
#6063 = LINE('',#6064,#6065);
#6064 = CARTESIAN_POINT('',(6.58,1.35,8.5));
#6065 = VECTOR('',#6066,1.);
#6066 = DIRECTION('',(0.,0.309014201884,-0.951057423626));
#6067 = ORIENTED_EDGE('',*,*,#6068,.T.);
#6068 = EDGE_CURVE('',#6061,#6069,#6071,.T.);
#6069 = VERTEX_POINT('',#6070);
#6070 = CARTESIAN_POINT('',(6.58,-1.45,8.5));
#6071 = LINE('',#6072,#6073);
#6072 = CARTESIAN_POINT('',(6.58,3.1,8.5));
#6073 = VECTOR('',#6074,1.);
#6074 = DIRECTION('',(0.,-1.,0.));
#6075 = ORIENTED_EDGE('',*,*,#6076,.T.);
#6076 = EDGE_CURVE('',#6069,#6043,#6077,.T.);
#6077 = LINE('',#6078,#6079);
#6078 = CARTESIAN_POINT('',(6.58,-1.45,8.5));
#6079 = VECTOR('',#6080,1.);
#6080 = DIRECTION('',(0.,-0.258546725088,-0.965998753077));
#6081 = PLANE('',#6082);
#6082 = AXIS2_PLACEMENT_3D('',#6083,#6084,#6085);
#6083 = CARTESIAN_POINT('',(6.58,0.,4.25));
#6084 = DIRECTION('',(1.,0.,0.));
#6085 = DIRECTION('',(0.,0.,1.));
#6086 = ADVANCED_FACE('',(#6087),#6098,.F.);
#6087 = FACE_BOUND('',#6088,.F.);
#6088 = EDGE_LOOP('',(#6089,#6090,#6091,#6092));
#6089 = ORIENTED_EDGE('',*,*,#6004,.F.);
#6090 = ORIENTED_EDGE('',*,*,#5704,.T.);
#6091 = ORIENTED_EDGE('',*,*,#6052,.T.);
#6092 = ORIENTED_EDGE('',*,*,#6093,.F.);
#6093 = EDGE_CURVE('',#6005,#6053,#6094,.T.);
#6094 = LINE('',#6095,#6096);
#6095 = CARTESIAN_POINT('',(-1.5,3.1,3.114));
#6096 = VECTOR('',#6097,1.);
#6097 = DIRECTION('',(1.,0.,0.));
#6098 = PLANE('',#6099);
#6099 = AXIS2_PLACEMENT_3D('',#6100,#6101,#6102);
#6100 = CARTESIAN_POINT('',(-1.5,3.1,0.));
#6101 = DIRECTION('',(0.,-1.,0.));
#6102 = DIRECTION('',(0.,0.,1.));
#6103 = ADVANCED_FACE('',(#6104),#6123,.T.);
#6104 = FACE_BOUND('',#6105,.T.);
#6105 = EDGE_LOOP('',(#6106,#6114,#6121,#6122));
#6106 = ORIENTED_EDGE('',*,*,#6107,.T.);
#6107 = EDGE_CURVE('',#5721,#6108,#6110,.T.);
#6108 = VERTEX_POINT('',#6109);
#6109 = CARTESIAN_POINT('',(0.55,-2.54,-1.5));
#6110 = LINE('',#6111,#6112);
#6111 = CARTESIAN_POINT('',(0.55,-2.54,0.));
#6112 = VECTOR('',#6113,1.);
#6113 = DIRECTION('',(-0.,-0.,-1.));
#6114 = ORIENTED_EDGE('',*,*,#6115,.T.);
#6115 = EDGE_CURVE('',#6108,#6108,#6116,.T.);
#6116 = CIRCLE('',#6117,0.55);
#6117 = AXIS2_PLACEMENT_3D('',#6118,#6119,#6120);
#6118 = CARTESIAN_POINT('',(-2.22044604925E-16,-2.54,-1.5));
#6119 = DIRECTION('',(0.,0.,1.));
#6120 = DIRECTION('',(1.,0.,-0.));
#6121 = ORIENTED_EDGE('',*,*,#6107,.F.);
#6122 = ORIENTED_EDGE('',*,*,#5720,.F.);
#6123 = CYLINDRICAL_SURFACE('',#6124,0.55);
#6124 = AXIS2_PLACEMENT_3D('',#6125,#6126,#6127);
#6125 = CARTESIAN_POINT('',(-2.22044604925E-16,-2.54,0.));
#6126 = DIRECTION('',(0.,0.,1.));
#6127 = DIRECTION('',(1.,0.,-0.));
#6128 = ADVANCED_FACE('',(#6129),#6148,.T.);
#6129 = FACE_BOUND('',#6130,.T.);
#6130 = EDGE_LOOP('',(#6131,#6139,#6146,#6147));
#6131 = ORIENTED_EDGE('',*,*,#6132,.T.);
#6132 = EDGE_CURVE('',#5732,#6133,#6135,.T.);
#6133 = VERTEX_POINT('',#6134);
#6134 = CARTESIAN_POINT('',(3.09,-2.54,-1.5));
#6135 = LINE('',#6136,#6137);
#6136 = CARTESIAN_POINT('',(3.09,-2.54,0.));
#6137 = VECTOR('',#6138,1.);
#6138 = DIRECTION('',(-0.,-0.,-1.));
#6139 = ORIENTED_EDGE('',*,*,#6140,.T.);
#6140 = EDGE_CURVE('',#6133,#6133,#6141,.T.);
#6141 = CIRCLE('',#6142,0.55);
#6142 = AXIS2_PLACEMENT_3D('',#6143,#6144,#6145);
#6143 = CARTESIAN_POINT('',(2.54,-2.54,-1.5));
#6144 = DIRECTION('',(0.,0.,1.));
#6145 = DIRECTION('',(1.,0.,-0.));
#6146 = ORIENTED_EDGE('',*,*,#6132,.F.);
#6147 = ORIENTED_EDGE('',*,*,#5731,.F.);
#6148 = CYLINDRICAL_SURFACE('',#6149,0.55);
#6149 = AXIS2_PLACEMENT_3D('',#6150,#6151,#6152);
#6150 = CARTESIAN_POINT('',(2.54,-2.54,0.));
#6151 = DIRECTION('',(0.,0.,1.));
#6152 = DIRECTION('',(1.,0.,-0.));
#6153 = ADVANCED_FACE('',(#6154),#6179,.T.);
#6154 = FACE_BOUND('',#6155,.T.);
#6155 = EDGE_LOOP('',(#6156,#6157,#6165,#6173));
#6156 = ORIENTED_EDGE('',*,*,#5742,.F.);
#6157 = ORIENTED_EDGE('',*,*,#6158,.T.);
#6158 = EDGE_CURVE('',#5743,#6159,#6161,.T.);
#6159 = VERTEX_POINT('',#6160);
#6160 = CARTESIAN_POINT('',(2.09,-0.25,-3.5));
#6161 = LINE('',#6162,#6163);
#6162 = CARTESIAN_POINT('',(2.09,-0.25,1.3));
#6163 = VECTOR('',#6164,1.);
#6164 = DIRECTION('',(-0.,-0.,-1.));
#6165 = ORIENTED_EDGE('',*,*,#6166,.T.);
#6166 = EDGE_CURVE('',#6159,#6167,#6169,.T.);
#6167 = VERTEX_POINT('',#6168);
#6168 = CARTESIAN_POINT('',(2.99,-0.25,-3.5));
#6169 = LINE('',#6170,#6171);
#6170 = CARTESIAN_POINT('',(2.09,-0.25,-3.5));
#6171 = VECTOR('',#6172,1.);
#6172 = DIRECTION('',(1.,0.,0.));
#6173 = ORIENTED_EDGE('',*,*,#6174,.F.);
#6174 = EDGE_CURVE('',#5745,#6167,#6175,.T.);
#6175 = LINE('',#6176,#6177);
#6176 = CARTESIAN_POINT('',(2.99,-0.25,1.3));
#6177 = VECTOR('',#6178,1.);
#6178 = DIRECTION('',(-0.,-0.,-1.));
#6179 = PLANE('',#6180);
#6180 = AXIS2_PLACEMENT_3D('',#6181,#6182,#6183);
#6181 = CARTESIAN_POINT('',(2.09,-0.25,1.3));
#6182 = DIRECTION('',(0.,-1.,0.));
#6183 = DIRECTION('',(1.,0.,0.));
#6184 = ADVANCED_FACE('',(#6185),#6203,.T.);
#6185 = FACE_BOUND('',#6186,.T.);
#6186 = EDGE_LOOP('',(#6187,#6188,#6189,#6197));
#6187 = ORIENTED_EDGE('',*,*,#5768,.F.);
#6188 = ORIENTED_EDGE('',*,*,#6174,.T.);
#6189 = ORIENTED_EDGE('',*,*,#6190,.T.);
#6190 = EDGE_CURVE('',#6167,#6191,#6193,.T.);
#6191 = VERTEX_POINT('',#6192);
#6192 = CARTESIAN_POINT('',(2.99,0.25,-3.5));
#6193 = LINE('',#6194,#6195);
#6194 = CARTESIAN_POINT('',(2.99,-0.25,-3.5));
#6195 = VECTOR('',#6196,1.);
#6196 = DIRECTION('',(0.,1.,0.));
#6197 = ORIENTED_EDGE('',*,*,#6198,.F.);
#6198 = EDGE_CURVE('',#5761,#6191,#6199,.T.);
#6199 = LINE('',#6200,#6201);
#6200 = CARTESIAN_POINT('',(2.99,0.25,1.3));
#6201 = VECTOR('',#6202,1.);
#6202 = DIRECTION('',(-0.,-0.,-1.));
#6203 = PLANE('',#6204);
#6204 = AXIS2_PLACEMENT_3D('',#6205,#6206,#6207);
#6205 = CARTESIAN_POINT('',(2.99,-0.25,1.3));
#6206 = DIRECTION('',(1.,0.,0.));
#6207 = DIRECTION('',(-0.,1.,0.));
#6208 = ADVANCED_FACE('',(#6209),#6227,.T.);
#6209 = FACE_BOUND('',#6210,.T.);
#6210 = EDGE_LOOP('',(#6211,#6212,#6213,#6221));
#6211 = ORIENTED_EDGE('',*,*,#5760,.F.);
#6212 = ORIENTED_EDGE('',*,*,#6198,.T.);
#6213 = ORIENTED_EDGE('',*,*,#6214,.T.);
#6214 = EDGE_CURVE('',#6191,#6215,#6217,.T.);
#6215 = VERTEX_POINT('',#6216);
#6216 = CARTESIAN_POINT('',(2.09,0.25,-3.5));
#6217 = LINE('',#6218,#6219);
#6218 = CARTESIAN_POINT('',(2.99,0.25,-3.5));
#6219 = VECTOR('',#6220,1.);
#6220 = DIRECTION('',(-1.,0.,0.));
#6221 = ORIENTED_EDGE('',*,*,#6222,.F.);
#6222 = EDGE_CURVE('',#5753,#6215,#6223,.T.);
#6223 = LINE('',#6224,#6225);
#6224 = CARTESIAN_POINT('',(2.09,0.25,1.3));
#6225 = VECTOR('',#6226,1.);
#6226 = DIRECTION('',(-0.,-0.,-1.));
#6227 = PLANE('',#6228);
#6228 = AXIS2_PLACEMENT_3D('',#6229,#6230,#6231);
#6229 = CARTESIAN_POINT('',(2.99,0.25,1.3));
#6230 = DIRECTION('',(0.,1.,0.));
#6231 = DIRECTION('',(-1.,0.,0.));
#6232 = ADVANCED_FACE('',(#6233),#6244,.T.);
#6233 = FACE_BOUND('',#6234,.T.);
#6234 = EDGE_LOOP('',(#6235,#6236,#6237,#6243));
#6235 = ORIENTED_EDGE('',*,*,#5752,.F.);
#6236 = ORIENTED_EDGE('',*,*,#6222,.T.);
#6237 = ORIENTED_EDGE('',*,*,#6238,.T.);
#6238 = EDGE_CURVE('',#6215,#6159,#6239,.T.);
#6239 = LINE('',#6240,#6241);
#6240 = CARTESIAN_POINT('',(2.09,0.25,-3.5));
#6241 = VECTOR('',#6242,1.);
#6242 = DIRECTION('',(0.,-1.,0.));
#6243 = ORIENTED_EDGE('',*,*,#6158,.F.);
#6244 = PLANE('',#6245);
#6245 = AXIS2_PLACEMENT_3D('',#6246,#6247,#6248);
#6246 = CARTESIAN_POINT('',(2.09,0.25,1.3));
#6247 = DIRECTION('',(-1.,0.,0.));
#6248 = DIRECTION('',(0.,-1.,0.));
#6249 = ADVANCED_FACE('',(#6250),#6275,.T.);
#6250 = FACE_BOUND('',#6251,.T.);
#6251 = EDGE_LOOP('',(#6252,#6253,#6261,#6269));
#6252 = ORIENTED_EDGE('',*,*,#5776,.F.);
#6253 = ORIENTED_EDGE('',*,*,#6254,.T.);
#6254 = EDGE_CURVE('',#5777,#6255,#6257,.T.);
#6255 = VERTEX_POINT('',#6256);
#6256 = CARTESIAN_POINT('',(-0.45,-0.25,-3.5));
#6257 = LINE('',#6258,#6259);
#6258 = CARTESIAN_POINT('',(-0.45,-0.25,1.3));
#6259 = VECTOR('',#6260,1.);
#6260 = DIRECTION('',(-0.,-0.,-1.));
#6261 = ORIENTED_EDGE('',*,*,#6262,.T.);
#6262 = EDGE_CURVE('',#6255,#6263,#6265,.T.);
#6263 = VERTEX_POINT('',#6264);
#6264 = CARTESIAN_POINT('',(0.45,-0.25,-3.5));
#6265 = LINE('',#6266,#6267);
#6266 = CARTESIAN_POINT('',(-0.45,-0.25,-3.5));
#6267 = VECTOR('',#6268,1.);
#6268 = DIRECTION('',(1.,0.,0.));
#6269 = ORIENTED_EDGE('',*,*,#6270,.F.);
#6270 = EDGE_CURVE('',#5779,#6263,#6271,.T.);
#6271 = LINE('',#6272,#6273);
#6272 = CARTESIAN_POINT('',(0.45,-0.25,1.3));
#6273 = VECTOR('',#6274,1.);
#6274 = DIRECTION('',(-0.,-0.,-1.));
#6275 = PLANE('',#6276);
#6276 = AXIS2_PLACEMENT_3D('',#6277,#6278,#6279);
#6277 = CARTESIAN_POINT('',(-0.45,-0.25,1.3));
#6278 = DIRECTION('',(0.,-1.,0.));
#6279 = DIRECTION('',(1.,0.,0.));
#6280 = ADVANCED_FACE('',(#6281),#6299,.T.);
#6281 = FACE_BOUND('',#6282,.T.);
#6282 = EDGE_LOOP('',(#6283,#6284,#6285,#6293));
#6283 = ORIENTED_EDGE('',*,*,#5802,.F.);
#6284 = ORIENTED_EDGE('',*,*,#6270,.T.);
#6285 = ORIENTED_EDGE('',*,*,#6286,.T.);
#6286 = EDGE_CURVE('',#6263,#6287,#6289,.T.);
#6287 = VERTEX_POINT('',#6288);
#6288 = CARTESIAN_POINT('',(0.45,0.25,-3.5));
#6289 = LINE('',#6290,#6291);
#6290 = CARTESIAN_POINT('',(0.45,-0.25,-3.5));
#6291 = VECTOR('',#6292,1.);
#6292 = DIRECTION('',(0.,1.,0.));
#6293 = ORIENTED_EDGE('',*,*,#6294,.F.);
#6294 = EDGE_CURVE('',#5795,#6287,#6295,.T.);
#6295 = LINE('',#6296,#6297);
#6296 = CARTESIAN_POINT('',(0.45,0.25,1.3));
#6297 = VECTOR('',#6298,1.);
#6298 = DIRECTION('',(-0.,-0.,-1.));
#6299 = PLANE('',#6300);
#6300 = AXIS2_PLACEMENT_3D('',#6301,#6302,#6303);
#6301 = CARTESIAN_POINT('',(0.45,-0.25,1.3));
#6302 = DIRECTION('',(1.,0.,0.));
#6303 = DIRECTION('',(-0.,1.,0.));
#6304 = ADVANCED_FACE('',(#6305),#6323,.T.);
#6305 = FACE_BOUND('',#6306,.T.);
#6306 = EDGE_LOOP('',(#6307,#6308,#6309,#6317));
#6307 = ORIENTED_EDGE('',*,*,#5794,.F.);
#6308 = ORIENTED_EDGE('',*,*,#6294,.T.);
#6309 = ORIENTED_EDGE('',*,*,#6310,.T.);
#6310 = EDGE_CURVE('',#6287,#6311,#6313,.T.);
#6311 = VERTEX_POINT('',#6312);
#6312 = CARTESIAN_POINT('',(-0.45,0.25,-3.5));
#6313 = LINE('',#6314,#6315);
#6314 = CARTESIAN_POINT('',(0.45,0.25,-3.5));
#6315 = VECTOR('',#6316,1.);
#6316 = DIRECTION('',(-1.,0.,0.));
#6317 = ORIENTED_EDGE('',*,*,#6318,.F.);
#6318 = EDGE_CURVE('',#5787,#6311,#6319,.T.);
#6319 = LINE('',#6320,#6321);
#6320 = CARTESIAN_POINT('',(-0.45,0.25,1.3));
#6321 = VECTOR('',#6322,1.);
#6322 = DIRECTION('',(-0.,-0.,-1.));
#6323 = PLANE('',#6324);
#6324 = AXIS2_PLACEMENT_3D('',#6325,#6326,#6327);
#6325 = CARTESIAN_POINT('',(0.45,0.25,1.3));
#6326 = DIRECTION('',(0.,1.,0.));
#6327 = DIRECTION('',(-1.,0.,0.));
#6328 = ADVANCED_FACE('',(#6329),#6340,.T.);
#6329 = FACE_BOUND('',#6330,.T.);
#6330 = EDGE_LOOP('',(#6331,#6332,#6333,#6339));
#6331 = ORIENTED_EDGE('',*,*,#5786,.F.);
#6332 = ORIENTED_EDGE('',*,*,#6318,.T.);
#6333 = ORIENTED_EDGE('',*,*,#6334,.T.);
#6334 = EDGE_CURVE('',#6311,#6255,#6335,.T.);
#6335 = LINE('',#6336,#6337);
#6336 = CARTESIAN_POINT('',(-0.45,0.25,-3.5));
#6337 = VECTOR('',#6338,1.);
#6338 = DIRECTION('',(0.,-1.,0.));
#6339 = ORIENTED_EDGE('',*,*,#6254,.F.);
#6340 = PLANE('',#6341);
#6341 = AXIS2_PLACEMENT_3D('',#6342,#6343,#6344);
#6342 = CARTESIAN_POINT('',(-0.45,0.25,1.3));
#6343 = DIRECTION('',(-1.,0.,0.));
#6344 = DIRECTION('',(0.,-1.,0.));
#6345 = ADVANCED_FACE('',(#6346),#6371,.T.);
#6346 = FACE_BOUND('',#6347,.T.);
#6347 = EDGE_LOOP('',(#6348,#6349,#6357,#6365));
#6348 = ORIENTED_EDGE('',*,*,#5810,.F.);
#6349 = ORIENTED_EDGE('',*,*,#6350,.T.);
#6350 = EDGE_CURVE('',#5811,#6351,#6353,.T.);
#6351 = VERTEX_POINT('',#6352);
#6352 = CARTESIAN_POINT('',(4.63,-0.25,-3.5));
#6353 = LINE('',#6354,#6355);
#6354 = CARTESIAN_POINT('',(4.63,-0.25,1.3));
#6355 = VECTOR('',#6356,1.);
#6356 = DIRECTION('',(-0.,-0.,-1.));
#6357 = ORIENTED_EDGE('',*,*,#6358,.T.);
#6358 = EDGE_CURVE('',#6351,#6359,#6361,.T.);
#6359 = VERTEX_POINT('',#6360);
#6360 = CARTESIAN_POINT('',(5.53,-0.25,-3.5));
#6361 = LINE('',#6362,#6363);
#6362 = CARTESIAN_POINT('',(4.63,-0.25,-3.5));
#6363 = VECTOR('',#6364,1.);
#6364 = DIRECTION('',(1.,0.,0.));
#6365 = ORIENTED_EDGE('',*,*,#6366,.F.);
#6366 = EDGE_CURVE('',#5813,#6359,#6367,.T.);
#6367 = LINE('',#6368,#6369);
#6368 = CARTESIAN_POINT('',(5.53,-0.25,1.3));
#6369 = VECTOR('',#6370,1.);
#6370 = DIRECTION('',(-0.,-0.,-1.));
#6371 = PLANE('',#6372);
#6372 = AXIS2_PLACEMENT_3D('',#6373,#6374,#6375);
#6373 = CARTESIAN_POINT('',(4.63,-0.25,1.3));
#6374 = DIRECTION('',(0.,-1.,0.));
#6375 = DIRECTION('',(1.,0.,0.));
#6376 = ADVANCED_FACE('',(#6377),#6395,.T.);
#6377 = FACE_BOUND('',#6378,.T.);
#6378 = EDGE_LOOP('',(#6379,#6380,#6381,#6389));
#6379 = ORIENTED_EDGE('',*,*,#5836,.F.);
#6380 = ORIENTED_EDGE('',*,*,#6366,.T.);
#6381 = ORIENTED_EDGE('',*,*,#6382,.T.);
#6382 = EDGE_CURVE('',#6359,#6383,#6385,.T.);
#6383 = VERTEX_POINT('',#6384);
#6384 = CARTESIAN_POINT('',(5.53,0.25,-3.5));
#6385 = LINE('',#6386,#6387);
#6386 = CARTESIAN_POINT('',(5.53,-0.25,-3.5));
#6387 = VECTOR('',#6388,1.);
#6388 = DIRECTION('',(0.,1.,0.));
#6389 = ORIENTED_EDGE('',*,*,#6390,.F.);
#6390 = EDGE_CURVE('',#5829,#6383,#6391,.T.);
#6391 = LINE('',#6392,#6393);
#6392 = CARTESIAN_POINT('',(5.53,0.25,1.3));
#6393 = VECTOR('',#6394,1.);
#6394 = DIRECTION('',(-0.,-0.,-1.));
#6395 = PLANE('',#6396);
#6396 = AXIS2_PLACEMENT_3D('',#6397,#6398,#6399);
#6397 = CARTESIAN_POINT('',(5.53,-0.25,1.3));
#6398 = DIRECTION('',(1.,0.,0.));
#6399 = DIRECTION('',(-0.,1.,0.));
#6400 = ADVANCED_FACE('',(#6401),#6419,.T.);
#6401 = FACE_BOUND('',#6402,.T.);
#6402 = EDGE_LOOP('',(#6403,#6404,#6405,#6413));
#6403 = ORIENTED_EDGE('',*,*,#5828,.F.);
#6404 = ORIENTED_EDGE('',*,*,#6390,.T.);
#6405 = ORIENTED_EDGE('',*,*,#6406,.T.);
#6406 = EDGE_CURVE('',#6383,#6407,#6409,.T.);
#6407 = VERTEX_POINT('',#6408);
#6408 = CARTESIAN_POINT('',(4.63,0.25,-3.5));
#6409 = LINE('',#6410,#6411);
#6410 = CARTESIAN_POINT('',(5.53,0.25,-3.5));
#6411 = VECTOR('',#6412,1.);
#6412 = DIRECTION('',(-1.,0.,0.));
#6413 = ORIENTED_EDGE('',*,*,#6414,.F.);
#6414 = EDGE_CURVE('',#5821,#6407,#6415,.T.);
#6415 = LINE('',#6416,#6417);
#6416 = CARTESIAN_POINT('',(4.63,0.25,1.3));
#6417 = VECTOR('',#6418,1.);
#6418 = DIRECTION('',(-0.,-0.,-1.));
#6419 = PLANE('',#6420);
#6420 = AXIS2_PLACEMENT_3D('',#6421,#6422,#6423);
#6421 = CARTESIAN_POINT('',(5.53,0.25,1.3));
#6422 = DIRECTION('',(0.,1.,0.));
#6423 = DIRECTION('',(-1.,0.,0.));
#6424 = ADVANCED_FACE('',(#6425),#6436,.T.);
#6425 = FACE_BOUND('',#6426,.T.);
#6426 = EDGE_LOOP('',(#6427,#6428,#6429,#6435));
#6427 = ORIENTED_EDGE('',*,*,#5820,.F.);
#6428 = ORIENTED_EDGE('',*,*,#6414,.T.);
#6429 = ORIENTED_EDGE('',*,*,#6430,.T.);
#6430 = EDGE_CURVE('',#6407,#6351,#6431,.T.);
#6431 = LINE('',#6432,#6433);
#6432 = CARTESIAN_POINT('',(4.63,0.25,-3.5));
#6433 = VECTOR('',#6434,1.);
#6434 = DIRECTION('',(0.,-1.,0.));
#6435 = ORIENTED_EDGE('',*,*,#6350,.F.);
#6436 = PLANE('',#6437);
#6437 = AXIS2_PLACEMENT_3D('',#6438,#6439,#6440);
#6438 = CARTESIAN_POINT('',(4.63,0.25,1.3));
#6439 = DIRECTION('',(-1.,0.,0.));
#6440 = DIRECTION('',(0.,-1.,0.));
#6441 = ADVANCED_FACE('',(#6442),#6461,.T.);
#6442 = FACE_BOUND('',#6443,.T.);
#6443 = EDGE_LOOP('',(#6444,#6452,#6459,#6460));
#6444 = ORIENTED_EDGE('',*,*,#6445,.T.);
#6445 = EDGE_CURVE('',#5845,#6446,#6448,.T.);
#6446 = VERTEX_POINT('',#6447);
#6447 = CARTESIAN_POINT('',(5.63,-2.54,-1.5));
#6448 = LINE('',#6449,#6450);
#6449 = CARTESIAN_POINT('',(5.63,-2.54,0.));
#6450 = VECTOR('',#6451,1.);
#6451 = DIRECTION('',(-0.,-0.,-1.));
#6452 = ORIENTED_EDGE('',*,*,#6453,.T.);
#6453 = EDGE_CURVE('',#6446,#6446,#6454,.T.);
#6454 = CIRCLE('',#6455,0.55);
#6455 = AXIS2_PLACEMENT_3D('',#6456,#6457,#6458);
#6456 = CARTESIAN_POINT('',(5.08,-2.54,-1.5));
#6457 = DIRECTION('',(0.,0.,1.));
#6458 = DIRECTION('',(1.,0.,-0.));
#6459 = ORIENTED_EDGE('',*,*,#6445,.F.);
#6460 = ORIENTED_EDGE('',*,*,#5844,.F.);
#6461 = CYLINDRICAL_SURFACE('',#6462,0.55);
#6462 = AXIS2_PLACEMENT_3D('',#6463,#6464,#6465);
#6463 = CARTESIAN_POINT('',(5.08,-2.54,0.));
#6464 = DIRECTION('',(0.,0.,1.));
#6465 = DIRECTION('',(1.,0.,-0.));
#6466 = ADVANCED_FACE('',(#6467),#6478,.F.);
#6467 = FACE_BOUND('',#6468,.F.);
#6468 = EDGE_LOOP('',(#6469,#6475,#6476,#6477));
#6469 = ORIENTED_EDGE('',*,*,#6470,.T.);
#6470 = EDGE_CURVE('',#5995,#6043,#6471,.T.);
#6471 = LINE('',#6472,#6473);
#6472 = CARTESIAN_POINT('',(-1.5,-2.36,5.1));
#6473 = VECTOR('',#6474,1.);
#6474 = DIRECTION('',(1.,0.,0.));
#6475 = ORIENTED_EDGE('',*,*,#6042,.T.);
#6476 = ORIENTED_EDGE('',*,*,#5869,.F.);
#6477 = ORIENTED_EDGE('',*,*,#5994,.F.);
#6478 = PLANE('',#6479);
#6479 = AXIS2_PLACEMENT_3D('',#6480,#6481,#6482);
#6480 = CARTESIAN_POINT('',(-1.5,-2.36,5.1));
#6481 = DIRECTION('',(0.,0.,-1.));
#6482 = DIRECTION('',(0.,-1.,0.));
#6483 = ADVANCED_FACE('',(#6484),#6507,.F.);
#6484 = FACE_BOUND('',#6485,.F.);
#6485 = EDGE_LOOP('',(#6486,#6496,#6501,#6502));
#6486 = ORIENTED_EDGE('',*,*,#6487,.T.);
#6487 = EDGE_CURVE('',#6488,#6490,#6492,.T.);
#6488 = VERTEX_POINT('',#6489);
#6489 = CARTESIAN_POINT('',(-0.7,-1.95,1.3));
#6490 = VERTEX_POINT('',#6491);
#6491 = CARTESIAN_POINT('',(0.7,-1.95,1.3));
#6492 = LINE('',#6493,#6494);
#6493 = CARTESIAN_POINT('',(-0.7,-1.95,1.3));
#6494 = VECTOR('',#6495,1.);
#6495 = DIRECTION('',(1.,0.,0.));
#6496 = ORIENTED_EDGE('',*,*,#6497,.T.);
#6497 = EDGE_CURVE('',#6490,#5887,#6498,.T.);
#6498 = B_SPLINE_CURVE_WITH_KNOTS('',1,(#6499,#6500),.UNSPECIFIED.,.F.,
  .F.,(2,2),(0.,1.),.PIECEWISE_BEZIER_KNOTS.);
#6499 = CARTESIAN_POINT('',(0.7,-1.95,1.3));
#6500 = CARTESIAN_POINT('',(1.075,-3.1,0.15));
#6501 = ORIENTED_EDGE('',*,*,#5886,.T.);
#6502 = ORIENTED_EDGE('',*,*,#6503,.F.);
#6503 = EDGE_CURVE('',#6488,#5889,#6504,.T.);
#6504 = B_SPLINE_CURVE_WITH_KNOTS('',1,(#6505,#6506),.UNSPECIFIED.,.F.,
  .F.,(2,2),(0.,1.),.PIECEWISE_BEZIER_KNOTS.);
#6505 = CARTESIAN_POINT('',(-0.7,-1.95,1.3));
#6506 = CARTESIAN_POINT('',(-1.075,-3.1,0.15));
#6507 = B_SPLINE_SURFACE_WITH_KNOTS('',1,1,(
    (#6508,#6509)
    ,(#6510,#6511
    )),.UNSPECIFIED.,.F.,.F.,.F.,(2,2),(2,2),(-2.15,0.),(0.,1.),
  .PIECEWISE_BEZIER_KNOTS.);
#6508 = CARTESIAN_POINT('',(-0.7,-1.95,1.3));
#6509 = CARTESIAN_POINT('',(-1.075,-3.1,0.15));
#6510 = CARTESIAN_POINT('',(0.7,-1.95,1.3));
#6511 = CARTESIAN_POINT('',(1.075,-3.1,0.15));
#6512 = ADVANCED_FACE('',(#6513),#6530,.F.);
#6513 = FACE_BOUND('',#6514,.F.);
#6514 = EDGE_LOOP('',(#6515,#6523,#6528,#6529));
#6515 = ORIENTED_EDGE('',*,*,#6516,.T.);
#6516 = EDGE_CURVE('',#6490,#6517,#6519,.T.);
#6517 = VERTEX_POINT('',#6518);
#6518 = CARTESIAN_POINT('',(0.7,-1.95,3.1));
#6519 = LINE('',#6520,#6521);
#6520 = CARTESIAN_POINT('',(0.7,-1.95,1.3));
#6521 = VECTOR('',#6522,1.);
#6522 = DIRECTION('',(0.,0.,1.));
#6523 = ORIENTED_EDGE('',*,*,#6524,.T.);
#6524 = EDGE_CURVE('',#6517,#5897,#6525,.T.);
#6525 = B_SPLINE_CURVE_WITH_KNOTS('',1,(#6526,#6527),.UNSPECIFIED.,.F.,
  .F.,(2,2),(0.,1.),.PIECEWISE_BEZIER_KNOTS.);
#6526 = CARTESIAN_POINT('',(0.7,-1.95,3.1));
#6527 = CARTESIAN_POINT('',(1.075,-3.1,4.6));
#6528 = ORIENTED_EDGE('',*,*,#5896,.T.);
#6529 = ORIENTED_EDGE('',*,*,#6497,.F.);
#6530 = B_SPLINE_SURFACE_WITH_KNOTS('',1,1,(
    (#6531,#6532)
    ,(#6533,#6534
    )),.UNSPECIFIED.,.F.,.F.,.F.,(2,2),(2,2),(-4.45,0.),(0.,1.),
  .PIECEWISE_BEZIER_KNOTS.);
#6531 = CARTESIAN_POINT('',(0.7,-1.95,1.3));
#6532 = CARTESIAN_POINT('',(1.075,-3.1,0.15));
#6533 = CARTESIAN_POINT('',(0.7,-1.95,3.1));
#6534 = CARTESIAN_POINT('',(1.075,-3.1,4.6));
#6535 = ADVANCED_FACE('',(#6536),#6553,.F.);
#6536 = FACE_BOUND('',#6537,.F.);
#6537 = EDGE_LOOP('',(#6538,#6546,#6547,#6548));
#6538 = ORIENTED_EDGE('',*,*,#6539,.T.);
#6539 = EDGE_CURVE('',#6540,#6488,#6542,.T.);
#6540 = VERTEX_POINT('',#6541);
#6541 = CARTESIAN_POINT('',(-0.7,-1.95,3.1));
#6542 = LINE('',#6543,#6544);
#6543 = CARTESIAN_POINT('',(-0.7,-1.95,3.1));
#6544 = VECTOR('',#6545,1.);
#6545 = DIRECTION('',(0.,0.,-1.));
#6546 = ORIENTED_EDGE('',*,*,#6503,.T.);
#6547 = ORIENTED_EDGE('',*,*,#5912,.T.);
#6548 = ORIENTED_EDGE('',*,*,#6549,.F.);
#6549 = EDGE_CURVE('',#6540,#5905,#6550,.T.);
#6550 = B_SPLINE_CURVE_WITH_KNOTS('',1,(#6551,#6552),.UNSPECIFIED.,.F.,
  .F.,(2,2),(0.,1.),.PIECEWISE_BEZIER_KNOTS.);
#6551 = CARTESIAN_POINT('',(-0.7,-1.95,3.1));
#6552 = CARTESIAN_POINT('',(-1.075,-3.1,4.6));
#6553 = B_SPLINE_SURFACE_WITH_KNOTS('',1,1,(
    (#6554,#6555)
    ,(#6556,#6557
    )),.UNSPECIFIED.,.F.,.F.,.F.,(2,2),(2,2),(-4.45,0.),(0.,1.),
  .PIECEWISE_BEZIER_KNOTS.);
#6554 = CARTESIAN_POINT('',(-0.7,-1.95,3.1));
#6555 = CARTESIAN_POINT('',(-1.075,-3.1,4.6));
#6556 = CARTESIAN_POINT('',(-0.7,-1.95,1.3));
#6557 = CARTESIAN_POINT('',(-1.075,-3.1,0.15));
#6558 = ADVANCED_FACE('',(#6559),#6570,.F.);
#6559 = FACE_BOUND('',#6560,.F.);
#6560 = EDGE_LOOP('',(#6561,#6567,#6568,#6569));
#6561 = ORIENTED_EDGE('',*,*,#6562,.T.);
#6562 = EDGE_CURVE('',#6517,#6540,#6563,.T.);
#6563 = LINE('',#6564,#6565);
#6564 = CARTESIAN_POINT('',(0.7,-1.95,3.1));
#6565 = VECTOR('',#6566,1.);
#6566 = DIRECTION('',(-1.,0.,0.));
#6567 = ORIENTED_EDGE('',*,*,#6549,.T.);
#6568 = ORIENTED_EDGE('',*,*,#5904,.T.);
#6569 = ORIENTED_EDGE('',*,*,#6524,.F.);
#6570 = B_SPLINE_SURFACE_WITH_KNOTS('',1,1,(
    (#6571,#6572)
    ,(#6573,#6574
    )),.UNSPECIFIED.,.F.,.F.,.F.,(2,2),(2,2),(-2.15,0.),(0.,1.),
  .PIECEWISE_BEZIER_KNOTS.);
#6571 = CARTESIAN_POINT('',(0.7,-1.95,3.1));
#6572 = CARTESIAN_POINT('',(1.075,-3.1,4.6));
#6573 = CARTESIAN_POINT('',(-0.7,-1.95,3.1));
#6574 = CARTESIAN_POINT('',(-1.075,-3.1,4.6));
#6575 = ADVANCED_FACE('',(#6576),#6599,.F.);
#6576 = FACE_BOUND('',#6577,.F.);
#6577 = EDGE_LOOP('',(#6578,#6588,#6593,#6594));
#6578 = ORIENTED_EDGE('',*,*,#6579,.T.);
#6579 = EDGE_CURVE('',#6580,#6582,#6584,.T.);
#6580 = VERTEX_POINT('',#6581);
#6581 = CARTESIAN_POINT('',(1.84,-1.95,1.3));
#6582 = VERTEX_POINT('',#6583);
#6583 = CARTESIAN_POINT('',(3.24,-1.95,1.3));
#6584 = LINE('',#6585,#6586);
#6585 = CARTESIAN_POINT('',(1.84,-1.95,1.3));
#6586 = VECTOR('',#6587,1.);
#6587 = DIRECTION('',(1.,0.,0.));
#6588 = ORIENTED_EDGE('',*,*,#6589,.T.);
#6589 = EDGE_CURVE('',#6582,#5921,#6590,.T.);
#6590 = B_SPLINE_CURVE_WITH_KNOTS('',1,(#6591,#6592),.UNSPECIFIED.,.F.,
  .F.,(2,2),(0.,1.),.PIECEWISE_BEZIER_KNOTS.);
#6591 = CARTESIAN_POINT('',(3.24,-1.95,1.3));
#6592 = CARTESIAN_POINT('',(3.615,-3.1,0.15));
#6593 = ORIENTED_EDGE('',*,*,#5920,.T.);
#6594 = ORIENTED_EDGE('',*,*,#6595,.F.);
#6595 = EDGE_CURVE('',#6580,#5923,#6596,.T.);
#6596 = B_SPLINE_CURVE_WITH_KNOTS('',1,(#6597,#6598),.UNSPECIFIED.,.F.,
  .F.,(2,2),(0.,1.),.PIECEWISE_BEZIER_KNOTS.);
#6597 = CARTESIAN_POINT('',(1.84,-1.95,1.3));
#6598 = CARTESIAN_POINT('',(1.465,-3.1,0.15));
#6599 = B_SPLINE_SURFACE_WITH_KNOTS('',1,1,(
    (#6600,#6601)
    ,(#6602,#6603
    )),.UNSPECIFIED.,.F.,.F.,.F.,(2,2),(2,2),(-2.15,0.),(0.,1.),
  .PIECEWISE_BEZIER_KNOTS.);
#6600 = CARTESIAN_POINT('',(1.84,-1.95,1.3));
#6601 = CARTESIAN_POINT('',(1.465,-3.1,0.15));
#6602 = CARTESIAN_POINT('',(3.24,-1.95,1.3));
#6603 = CARTESIAN_POINT('',(3.615,-3.1,0.15));
#6604 = ADVANCED_FACE('',(#6605),#6622,.F.);
#6605 = FACE_BOUND('',#6606,.F.);
#6606 = EDGE_LOOP('',(#6607,#6615,#6620,#6621));
#6607 = ORIENTED_EDGE('',*,*,#6608,.T.);
#6608 = EDGE_CURVE('',#6582,#6609,#6611,.T.);
#6609 = VERTEX_POINT('',#6610);
#6610 = CARTESIAN_POINT('',(3.24,-1.95,3.1));
#6611 = LINE('',#6612,#6613);
#6612 = CARTESIAN_POINT('',(3.24,-1.95,1.3));
#6613 = VECTOR('',#6614,1.);
#6614 = DIRECTION('',(0.,0.,1.));
#6615 = ORIENTED_EDGE('',*,*,#6616,.T.);
#6616 = EDGE_CURVE('',#6609,#5931,#6617,.T.);
#6617 = B_SPLINE_CURVE_WITH_KNOTS('',1,(#6618,#6619),.UNSPECIFIED.,.F.,
  .F.,(2,2),(0.,1.),.PIECEWISE_BEZIER_KNOTS.);
#6618 = CARTESIAN_POINT('',(3.24,-1.95,3.1));
#6619 = CARTESIAN_POINT('',(3.615,-3.1,4.6));
#6620 = ORIENTED_EDGE('',*,*,#5930,.T.);
#6621 = ORIENTED_EDGE('',*,*,#6589,.F.);
#6622 = B_SPLINE_SURFACE_WITH_KNOTS('',1,1,(
    (#6623,#6624)
    ,(#6625,#6626
    )),.UNSPECIFIED.,.F.,.F.,.F.,(2,2),(2,2),(-4.45,0.),(0.,1.),
  .PIECEWISE_BEZIER_KNOTS.);
#6623 = CARTESIAN_POINT('',(3.24,-1.95,1.3));
#6624 = CARTESIAN_POINT('',(3.615,-3.1,0.15));
#6625 = CARTESIAN_POINT('',(3.24,-1.95,3.1));
#6626 = CARTESIAN_POINT('',(3.615,-3.1,4.6));
#6627 = ADVANCED_FACE('',(#6628),#6645,.F.);
#6628 = FACE_BOUND('',#6629,.F.);
#6629 = EDGE_LOOP('',(#6630,#6638,#6639,#6640));
#6630 = ORIENTED_EDGE('',*,*,#6631,.T.);
#6631 = EDGE_CURVE('',#6632,#6580,#6634,.T.);
#6632 = VERTEX_POINT('',#6633);
#6633 = CARTESIAN_POINT('',(1.84,-1.95,3.1));
#6634 = LINE('',#6635,#6636);
#6635 = CARTESIAN_POINT('',(1.84,-1.95,3.1));
#6636 = VECTOR('',#6637,1.);
#6637 = DIRECTION('',(0.,0.,-1.));
#6638 = ORIENTED_EDGE('',*,*,#6595,.T.);
#6639 = ORIENTED_EDGE('',*,*,#5946,.T.);
#6640 = ORIENTED_EDGE('',*,*,#6641,.F.);
#6641 = EDGE_CURVE('',#6632,#5939,#6642,.T.);
#6642 = B_SPLINE_CURVE_WITH_KNOTS('',1,(#6643,#6644),.UNSPECIFIED.,.F.,
  .F.,(2,2),(0.,1.),.PIECEWISE_BEZIER_KNOTS.);
#6643 = CARTESIAN_POINT('',(1.84,-1.95,3.1));
#6644 = CARTESIAN_POINT('',(1.465,-3.1,4.6));
#6645 = B_SPLINE_SURFACE_WITH_KNOTS('',1,1,(
    (#6646,#6647)
    ,(#6648,#6649
    )),.UNSPECIFIED.,.F.,.F.,.F.,(2,2),(2,2),(-4.45,0.),(0.,1.),
  .PIECEWISE_BEZIER_KNOTS.);
#6646 = CARTESIAN_POINT('',(1.84,-1.95,3.1));
#6647 = CARTESIAN_POINT('',(1.465,-3.1,4.6));
#6648 = CARTESIAN_POINT('',(1.84,-1.95,1.3));
#6649 = CARTESIAN_POINT('',(1.465,-3.1,0.15));
#6650 = ADVANCED_FACE('',(#6651),#6662,.F.);
#6651 = FACE_BOUND('',#6652,.F.);
#6652 = EDGE_LOOP('',(#6653,#6659,#6660,#6661));
#6653 = ORIENTED_EDGE('',*,*,#6654,.T.);
#6654 = EDGE_CURVE('',#6609,#6632,#6655,.T.);
#6655 = LINE('',#6656,#6657);
#6656 = CARTESIAN_POINT('',(3.24,-1.95,3.1));
#6657 = VECTOR('',#6658,1.);
#6658 = DIRECTION('',(-1.,0.,0.));
#6659 = ORIENTED_EDGE('',*,*,#6641,.T.);
#6660 = ORIENTED_EDGE('',*,*,#5938,.T.);
#6661 = ORIENTED_EDGE('',*,*,#6616,.F.);
#6662 = B_SPLINE_SURFACE_WITH_KNOTS('',1,1,(
    (#6663,#6664)
    ,(#6665,#6666
    )),.UNSPECIFIED.,.F.,.F.,.F.,(2,2),(2,2),(-2.15,0.),(0.,1.),
  .PIECEWISE_BEZIER_KNOTS.);
#6663 = CARTESIAN_POINT('',(3.24,-1.95,3.1));
#6664 = CARTESIAN_POINT('',(3.615,-3.1,4.6));
#6665 = CARTESIAN_POINT('',(1.84,-1.95,3.1));
#6666 = CARTESIAN_POINT('',(1.465,-3.1,4.6));
#6667 = ADVANCED_FACE('',(#6668),#6691,.F.);
#6668 = FACE_BOUND('',#6669,.F.);
#6669 = EDGE_LOOP('',(#6670,#6680,#6685,#6686));
#6670 = ORIENTED_EDGE('',*,*,#6671,.T.);
#6671 = EDGE_CURVE('',#6672,#6674,#6676,.T.);
#6672 = VERTEX_POINT('',#6673);
#6673 = CARTESIAN_POINT('',(4.38,-1.95,1.3));
#6674 = VERTEX_POINT('',#6675);
#6675 = CARTESIAN_POINT('',(5.78,-1.95,1.3));
#6676 = LINE('',#6677,#6678);
#6677 = CARTESIAN_POINT('',(4.38,-1.95,1.3));
#6678 = VECTOR('',#6679,1.);
#6679 = DIRECTION('',(1.,0.,0.));
#6680 = ORIENTED_EDGE('',*,*,#6681,.T.);
#6681 = EDGE_CURVE('',#6674,#5955,#6682,.T.);
#6682 = B_SPLINE_CURVE_WITH_KNOTS('',1,(#6683,#6684),.UNSPECIFIED.,.F.,
  .F.,(2,2),(0.,1.),.PIECEWISE_BEZIER_KNOTS.);
#6683 = CARTESIAN_POINT('',(5.78,-1.95,1.3));
#6684 = CARTESIAN_POINT('',(6.155,-3.1,0.15));
#6685 = ORIENTED_EDGE('',*,*,#5954,.T.);
#6686 = ORIENTED_EDGE('',*,*,#6687,.F.);
#6687 = EDGE_CURVE('',#6672,#5957,#6688,.T.);
#6688 = B_SPLINE_CURVE_WITH_KNOTS('',1,(#6689,#6690),.UNSPECIFIED.,.F.,
  .F.,(2,2),(0.,1.),.PIECEWISE_BEZIER_KNOTS.);
#6689 = CARTESIAN_POINT('',(4.38,-1.95,1.3));
#6690 = CARTESIAN_POINT('',(4.005,-3.1,0.15));
#6691 = B_SPLINE_SURFACE_WITH_KNOTS('',1,1,(
    (#6692,#6693)
    ,(#6694,#6695
    )),.UNSPECIFIED.,.F.,.F.,.F.,(2,2),(2,2),(-2.15,0.),(0.,1.),
  .PIECEWISE_BEZIER_KNOTS.);
#6692 = CARTESIAN_POINT('',(4.38,-1.95,1.3));
#6693 = CARTESIAN_POINT('',(4.005,-3.1,0.15));
#6694 = CARTESIAN_POINT('',(5.78,-1.95,1.3));
#6695 = CARTESIAN_POINT('',(6.155,-3.1,0.15));
#6696 = ADVANCED_FACE('',(#6697),#6714,.F.);
#6697 = FACE_BOUND('',#6698,.F.);
#6698 = EDGE_LOOP('',(#6699,#6707,#6712,#6713));
#6699 = ORIENTED_EDGE('',*,*,#6700,.T.);
#6700 = EDGE_CURVE('',#6674,#6701,#6703,.T.);
#6701 = VERTEX_POINT('',#6702);
#6702 = CARTESIAN_POINT('',(5.78,-1.95,3.1));
#6703 = LINE('',#6704,#6705);
#6704 = CARTESIAN_POINT('',(5.78,-1.95,1.3));
#6705 = VECTOR('',#6706,1.);
#6706 = DIRECTION('',(0.,0.,1.));
#6707 = ORIENTED_EDGE('',*,*,#6708,.T.);
#6708 = EDGE_CURVE('',#6701,#5965,#6709,.T.);
#6709 = B_SPLINE_CURVE_WITH_KNOTS('',1,(#6710,#6711),.UNSPECIFIED.,.F.,
  .F.,(2,2),(0.,1.),.PIECEWISE_BEZIER_KNOTS.);
#6710 = CARTESIAN_POINT('',(5.78,-1.95,3.1));
#6711 = CARTESIAN_POINT('',(6.155,-3.1,4.6));
#6712 = ORIENTED_EDGE('',*,*,#5964,.T.);
#6713 = ORIENTED_EDGE('',*,*,#6681,.F.);
#6714 = B_SPLINE_SURFACE_WITH_KNOTS('',1,1,(
    (#6715,#6716)
    ,(#6717,#6718
    )),.UNSPECIFIED.,.F.,.F.,.F.,(2,2),(2,2),(-4.45,0.),(0.,1.),
  .PIECEWISE_BEZIER_KNOTS.);
#6715 = CARTESIAN_POINT('',(5.78,-1.95,1.3));
#6716 = CARTESIAN_POINT('',(6.155,-3.1,0.15));
#6717 = CARTESIAN_POINT('',(5.78,-1.95,3.1));
#6718 = CARTESIAN_POINT('',(6.155,-3.1,4.6));
#6719 = ADVANCED_FACE('',(#6720),#6737,.F.);
#6720 = FACE_BOUND('',#6721,.F.);
#6721 = EDGE_LOOP('',(#6722,#6730,#6731,#6732));
#6722 = ORIENTED_EDGE('',*,*,#6723,.T.);
#6723 = EDGE_CURVE('',#6724,#6672,#6726,.T.);
#6724 = VERTEX_POINT('',#6725);
#6725 = CARTESIAN_POINT('',(4.38,-1.95,3.1));
#6726 = LINE('',#6727,#6728);
#6727 = CARTESIAN_POINT('',(4.38,-1.95,3.1));
#6728 = VECTOR('',#6729,1.);
#6729 = DIRECTION('',(0.,0.,-1.));
#6730 = ORIENTED_EDGE('',*,*,#6687,.T.);
#6731 = ORIENTED_EDGE('',*,*,#5980,.T.);
#6732 = ORIENTED_EDGE('',*,*,#6733,.F.);
#6733 = EDGE_CURVE('',#6724,#5973,#6734,.T.);
#6734 = B_SPLINE_CURVE_WITH_KNOTS('',1,(#6735,#6736),.UNSPECIFIED.,.F.,
  .F.,(2,2),(0.,1.),.PIECEWISE_BEZIER_KNOTS.);
#6735 = CARTESIAN_POINT('',(4.38,-1.95,3.1));
#6736 = CARTESIAN_POINT('',(4.005,-3.1,4.6));
#6737 = B_SPLINE_SURFACE_WITH_KNOTS('',1,1,(
    (#6738,#6739)
    ,(#6740,#6741
    )),.UNSPECIFIED.,.F.,.F.,.F.,(2,2),(2,2),(-4.45,0.),(0.,1.),
  .PIECEWISE_BEZIER_KNOTS.);
#6738 = CARTESIAN_POINT('',(4.38,-1.95,3.1));
#6739 = CARTESIAN_POINT('',(4.005,-3.1,4.6));
#6740 = CARTESIAN_POINT('',(4.38,-1.95,1.3));
#6741 = CARTESIAN_POINT('',(4.005,-3.1,0.15));
#6742 = ADVANCED_FACE('',(#6743),#6754,.F.);
#6743 = FACE_BOUND('',#6744,.F.);
#6744 = EDGE_LOOP('',(#6745,#6751,#6752,#6753));
#6745 = ORIENTED_EDGE('',*,*,#6746,.T.);
#6746 = EDGE_CURVE('',#6701,#6724,#6747,.T.);
#6747 = LINE('',#6748,#6749);
#6748 = CARTESIAN_POINT('',(5.78,-1.95,3.1));
#6749 = VECTOR('',#6750,1.);
#6750 = DIRECTION('',(-1.,0.,0.));
#6751 = ORIENTED_EDGE('',*,*,#6733,.T.);
#6752 = ORIENTED_EDGE('',*,*,#5972,.T.);
#6753 = ORIENTED_EDGE('',*,*,#6708,.F.);
#6754 = B_SPLINE_SURFACE_WITH_KNOTS('',1,1,(
    (#6755,#6756)
    ,(#6757,#6758
    )),.UNSPECIFIED.,.F.,.F.,.F.,(2,2),(2,2),(-2.15,0.),(0.,1.),
  .PIECEWISE_BEZIER_KNOTS.);
#6755 = CARTESIAN_POINT('',(5.78,-1.95,3.1));
#6756 = CARTESIAN_POINT('',(6.155,-3.1,4.6));
#6757 = CARTESIAN_POINT('',(4.38,-1.95,3.1));
#6758 = CARTESIAN_POINT('',(4.005,-3.1,4.6));
#6759 = ADVANCED_FACE('',(#6760),#6771,.F.);
#6760 = FACE_BOUND('',#6761,.F.);
#6761 = EDGE_LOOP('',(#6762,#6768,#6769,#6770));
#6762 = ORIENTED_EDGE('',*,*,#6763,.T.);
#6763 = EDGE_CURVE('',#6021,#6069,#6764,.T.);
#6764 = LINE('',#6765,#6766);
#6765 = CARTESIAN_POINT('',(-1.5,-1.45,8.5));
#6766 = VECTOR('',#6767,1.);
#6767 = DIRECTION('',(1.,0.,0.));
#6768 = ORIENTED_EDGE('',*,*,#6076,.T.);
#6769 = ORIENTED_EDGE('',*,*,#6470,.F.);
#6770 = ORIENTED_EDGE('',*,*,#6028,.F.);
#6771 = PLANE('',#6772);
#6772 = AXIS2_PLACEMENT_3D('',#6773,#6774,#6775);
#6773 = CARTESIAN_POINT('',(-1.5,-1.45,8.5));
#6774 = DIRECTION('',(0.,0.965998753077,-0.258546725088));
#6775 = DIRECTION('',(0.,-0.258546725088,-0.965998753077));
#6776 = ADVANCED_FACE('',(#6777,#6788,#6799,#6810),#6821,.F.);
#6777 = FACE_BOUND('',#6778,.F.);
#6778 = EDGE_LOOP('',(#6779,#6780,#6786,#6787));
#6779 = ORIENTED_EDGE('',*,*,#6020,.F.);
#6780 = ORIENTED_EDGE('',*,*,#6781,.T.);
#6781 = EDGE_CURVE('',#6013,#6061,#6782,.T.);
#6782 = LINE('',#6783,#6784);
#6783 = CARTESIAN_POINT('',(-1.5,1.35,8.5));
#6784 = VECTOR('',#6785,1.);
#6785 = DIRECTION('',(1.,0.,0.));
#6786 = ORIENTED_EDGE('',*,*,#6068,.T.);
#6787 = ORIENTED_EDGE('',*,*,#6763,.F.);
#6788 = FACE_BOUND('',#6789,.F.);
#6789 = EDGE_LOOP('',(#6790));
#6790 = ORIENTED_EDGE('',*,*,#6791,.T.);
#6791 = EDGE_CURVE('',#6792,#6792,#6794,.T.);
#6792 = VERTEX_POINT('',#6793);
#6793 = CARTESIAN_POINT('',(6.18,0.,8.5));
#6794 = CIRCLE('',#6795,1.1);
#6795 = AXIS2_PLACEMENT_3D('',#6796,#6797,#6798);
#6796 = CARTESIAN_POINT('',(5.08,0.,8.5));
#6797 = DIRECTION('',(0.,0.,1.));
#6798 = DIRECTION('',(1.,0.,-0.));
#6799 = FACE_BOUND('',#6800,.F.);
#6800 = EDGE_LOOP('',(#6801));
#6801 = ORIENTED_EDGE('',*,*,#6802,.T.);
#6802 = EDGE_CURVE('',#6803,#6803,#6805,.T.);
#6803 = VERTEX_POINT('',#6804);
#6804 = CARTESIAN_POINT('',(3.64,0.,8.5));
#6805 = CIRCLE('',#6806,1.1);
#6806 = AXIS2_PLACEMENT_3D('',#6807,#6808,#6809);
#6807 = CARTESIAN_POINT('',(2.54,0.,8.5));
#6808 = DIRECTION('',(0.,0.,1.));
#6809 = DIRECTION('',(1.,0.,-0.));
#6810 = FACE_BOUND('',#6811,.F.);
#6811 = EDGE_LOOP('',(#6812));
#6812 = ORIENTED_EDGE('',*,*,#6813,.T.);
#6813 = EDGE_CURVE('',#6814,#6814,#6816,.T.);
#6814 = VERTEX_POINT('',#6815);
#6815 = CARTESIAN_POINT('',(1.1,0.,8.5));
#6816 = CIRCLE('',#6817,1.1);
#6817 = AXIS2_PLACEMENT_3D('',#6818,#6819,#6820);
#6818 = CARTESIAN_POINT('',(0.,0.,8.5));
#6819 = DIRECTION('',(0.,0.,1.));
#6820 = DIRECTION('',(1.,0.,-0.));
#6821 = PLANE('',#6822);
#6822 = AXIS2_PLACEMENT_3D('',#6823,#6824,#6825);
#6823 = CARTESIAN_POINT('',(-1.5,3.1,8.5));
#6824 = DIRECTION('',(0.,0.,-1.));
#6825 = DIRECTION('',(0.,-1.,0.));
#6826 = ADVANCED_FACE('',(#6827),#6833,.T.);
#6827 = FACE_BOUND('',#6828,.T.);
#6828 = EDGE_LOOP('',(#6829,#6830,#6831,#6832));
#6829 = ORIENTED_EDGE('',*,*,#6781,.T.);
#6830 = ORIENTED_EDGE('',*,*,#6060,.T.);
#6831 = ORIENTED_EDGE('',*,*,#6093,.F.);
#6832 = ORIENTED_EDGE('',*,*,#6012,.F.);
#6833 = PLANE('',#6834);
#6834 = AXIS2_PLACEMENT_3D('',#6835,#6836,#6837);
#6835 = CARTESIAN_POINT('',(-1.5,1.35,8.5));
#6836 = DIRECTION('',(0.,0.951057423626,0.309014201884));
#6837 = DIRECTION('',(0.,0.309014201884,-0.951057423626));
#6838 = ADVANCED_FACE('',(#6839),#6842,.F.);
#6839 = FACE_BOUND('',#6840,.F.);
#6840 = EDGE_LOOP('',(#6841));
#6841 = ORIENTED_EDGE('',*,*,#6115,.T.);
#6842 = PLANE('',#6843);
#6843 = AXIS2_PLACEMENT_3D('',#6844,#6845,#6846);
#6844 = CARTESIAN_POINT('',(-4.440892098501E-16,-2.54,-1.5));
#6845 = DIRECTION('',(0.,0.,1.));
#6846 = DIRECTION('',(1.,0.,-0.));
#6847 = ADVANCED_FACE('',(#6848),#6851,.F.);
#6848 = FACE_BOUND('',#6849,.F.);
#6849 = EDGE_LOOP('',(#6850));
#6850 = ORIENTED_EDGE('',*,*,#6140,.T.);
#6851 = PLANE('',#6852);
#6852 = AXIS2_PLACEMENT_3D('',#6853,#6854,#6855);
#6853 = CARTESIAN_POINT('',(2.54,-2.54,-1.5));
#6854 = DIRECTION('',(0.,0.,1.));
#6855 = DIRECTION('',(1.,0.,-0.));
#6856 = ADVANCED_FACE('',(#6857),#6863,.F.);
#6857 = FACE_BOUND('',#6858,.F.);
#6858 = EDGE_LOOP('',(#6859,#6860,#6861,#6862));
#6859 = ORIENTED_EDGE('',*,*,#6166,.T.);
#6860 = ORIENTED_EDGE('',*,*,#6190,.T.);
#6861 = ORIENTED_EDGE('',*,*,#6214,.T.);
#6862 = ORIENTED_EDGE('',*,*,#6238,.T.);
#6863 = PLANE('',#6864);
#6864 = AXIS2_PLACEMENT_3D('',#6865,#6866,#6867);
#6865 = CARTESIAN_POINT('',(2.54,9.91270557701E-18,-3.5));
#6866 = DIRECTION('',(-9.782501304824E-33,3.169530422763E-32,1.));
#6867 = DIRECTION('',(-7.649667442146E-83,1.,-3.169530422763E-32));
#6868 = ADVANCED_FACE('',(#6869),#6875,.F.);
#6869 = FACE_BOUND('',#6870,.F.);
#6870 = EDGE_LOOP('',(#6871,#6872,#6873,#6874));
#6871 = ORIENTED_EDGE('',*,*,#6262,.T.);
#6872 = ORIENTED_EDGE('',*,*,#6286,.T.);
#6873 = ORIENTED_EDGE('',*,*,#6310,.T.);
#6874 = ORIENTED_EDGE('',*,*,#6334,.T.);
#6875 = PLANE('',#6876);
#6876 = AXIS2_PLACEMENT_3D('',#6877,#6878,#6879);
#6877 = CARTESIAN_POINT('',(-9.91270557701E-18,9.91270557701E-18,-3.5));
#6878 = DIRECTION('',(-9.782501304824E-33,3.169530422763E-32,1.));
#6879 = DIRECTION('',(-7.649667442146E-83,1.,-3.169530422763E-32));
#6880 = ADVANCED_FACE('',(#6881),#6887,.F.);
#6881 = FACE_BOUND('',#6882,.F.);
#6882 = EDGE_LOOP('',(#6883,#6884,#6885,#6886));
#6883 = ORIENTED_EDGE('',*,*,#6358,.T.);
#6884 = ORIENTED_EDGE('',*,*,#6382,.T.);
#6885 = ORIENTED_EDGE('',*,*,#6406,.T.);
#6886 = ORIENTED_EDGE('',*,*,#6430,.T.);
#6887 = PLANE('',#6888);
#6888 = AXIS2_PLACEMENT_3D('',#6889,#6890,#6891);
#6889 = CARTESIAN_POINT('',(5.08,9.91270557701E-18,-3.5));
#6890 = DIRECTION('',(-9.782501304824E-33,3.169530422763E-32,1.));
#6891 = DIRECTION('',(-7.649667442146E-83,1.,-3.169530422763E-32));
#6892 = ADVANCED_FACE('',(#6893),#6896,.F.);
#6893 = FACE_BOUND('',#6894,.F.);
#6894 = EDGE_LOOP('',(#6895));
#6895 = ORIENTED_EDGE('',*,*,#6453,.T.);
#6896 = PLANE('',#6897);
#6897 = AXIS2_PLACEMENT_3D('',#6898,#6899,#6900);
#6898 = CARTESIAN_POINT('',(5.08,-2.54,-1.5));
#6899 = DIRECTION('',(0.,0.,1.));
#6900 = DIRECTION('',(1.,0.,-0.));
#6901 = ADVANCED_FACE('',(#6902),#6927,.T.);
#6902 = FACE_BOUND('',#6903,.T.);
#6903 = EDGE_LOOP('',(#6904,#6912,#6913,#6921));
#6904 = ORIENTED_EDGE('',*,*,#6905,.F.);
#6905 = EDGE_CURVE('',#6488,#6906,#6908,.T.);
#6906 = VERTEX_POINT('',#6907);
#6907 = CARTESIAN_POINT('',(-0.7,-1.5,1.3));
#6908 = LINE('',#6909,#6910);
#6909 = CARTESIAN_POINT('',(-0.7,-103.1,1.3));
#6910 = VECTOR('',#6911,1.);
#6911 = DIRECTION('',(0.,1.,0.));
#6912 = ORIENTED_EDGE('',*,*,#6487,.T.);
#6913 = ORIENTED_EDGE('',*,*,#6914,.T.);
#6914 = EDGE_CURVE('',#6490,#6915,#6917,.T.);
#6915 = VERTEX_POINT('',#6916);
#6916 = CARTESIAN_POINT('',(0.7,-1.5,1.3));
#6917 = LINE('',#6918,#6919);
#6918 = CARTESIAN_POINT('',(0.7,-103.1,1.3));
#6919 = VECTOR('',#6920,1.);
#6920 = DIRECTION('',(0.,1.,0.));
#6921 = ORIENTED_EDGE('',*,*,#6922,.F.);
#6922 = EDGE_CURVE('',#6906,#6915,#6923,.T.);
#6923 = LINE('',#6924,#6925);
#6924 = CARTESIAN_POINT('',(-0.7,-1.5,1.3));
#6925 = VECTOR('',#6926,1.);
#6926 = DIRECTION('',(1.,0.,0.));
#6927 = PLANE('',#6928);
#6928 = AXIS2_PLACEMENT_3D('',#6929,#6930,#6931);
#6929 = CARTESIAN_POINT('',(4.806784296126E-03,-0.771227859051,1.3));
#6930 = DIRECTION('',(2.223760898824E-18,5.742701858695E-17,1.));
#6931 = DIRECTION('',(-9.012298008873E-51,1.,-5.742701858695E-17));
#6932 = ADVANCED_FACE('',(#6933),#6951,.F.);
#6933 = FACE_BOUND('',#6934,.F.);
#6934 = EDGE_LOOP('',(#6935,#6943,#6944,#6945));
#6935 = ORIENTED_EDGE('',*,*,#6936,.F.);
#6936 = EDGE_CURVE('',#6517,#6937,#6939,.T.);
#6937 = VERTEX_POINT('',#6938);
#6938 = CARTESIAN_POINT('',(0.7,-1.5,3.1));
#6939 = LINE('',#6940,#6941);
#6940 = CARTESIAN_POINT('',(0.7,-103.1,3.1));
#6941 = VECTOR('',#6942,1.);
#6942 = DIRECTION('',(0.,1.,0.));
#6943 = ORIENTED_EDGE('',*,*,#6516,.F.);
#6944 = ORIENTED_EDGE('',*,*,#6914,.T.);
#6945 = ORIENTED_EDGE('',*,*,#6946,.T.);
#6946 = EDGE_CURVE('',#6915,#6937,#6947,.T.);
#6947 = LINE('',#6948,#6949);
#6948 = CARTESIAN_POINT('',(0.7,-1.5,1.3));
#6949 = VECTOR('',#6950,1.);
#6950 = DIRECTION('',(0.,0.,1.));
#6951 = PLANE('',#6952);
#6952 = AXIS2_PLACEMENT_3D('',#6953,#6954,#6955);
#6953 = CARTESIAN_POINT('',(0.7,-103.1,1.3));
#6954 = DIRECTION('',(1.,0.,0.));
#6955 = DIRECTION('',(0.,0.,1.));
#6956 = ADVANCED_FACE('',(#6957),#6975,.F.);
#6957 = FACE_BOUND('',#6958,.F.);
#6958 = EDGE_LOOP('',(#6959,#6960,#6961,#6969));
#6959 = ORIENTED_EDGE('',*,*,#6905,.F.);
#6960 = ORIENTED_EDGE('',*,*,#6539,.F.);
#6961 = ORIENTED_EDGE('',*,*,#6962,.T.);
#6962 = EDGE_CURVE('',#6540,#6963,#6965,.T.);
#6963 = VERTEX_POINT('',#6964);
#6964 = CARTESIAN_POINT('',(-0.7,-1.5,3.1));
#6965 = LINE('',#6966,#6967);
#6966 = CARTESIAN_POINT('',(-0.7,-103.1,3.1));
#6967 = VECTOR('',#6968,1.);
#6968 = DIRECTION('',(0.,1.,0.));
#6969 = ORIENTED_EDGE('',*,*,#6970,.F.);
#6970 = EDGE_CURVE('',#6906,#6963,#6971,.T.);
#6971 = LINE('',#6972,#6973);
#6972 = CARTESIAN_POINT('',(-0.7,-1.5,1.3));
#6973 = VECTOR('',#6974,1.);
#6974 = DIRECTION('',(0.,0.,1.));
#6975 = PLANE('',#6976);
#6976 = AXIS2_PLACEMENT_3D('',#6977,#6978,#6979);
#6977 = CARTESIAN_POINT('',(-0.7,-103.1,3.1));
#6978 = DIRECTION('',(-1.,-0.,-0.));
#6979 = DIRECTION('',(0.,0.,-1.));
#6980 = ADVANCED_FACE('',(#6981),#6992,.F.);
#6981 = FACE_BOUND('',#6982,.F.);
#6982 = EDGE_LOOP('',(#6983,#6984,#6985,#6986));
#6983 = ORIENTED_EDGE('',*,*,#6962,.F.);
#6984 = ORIENTED_EDGE('',*,*,#6562,.F.);
#6985 = ORIENTED_EDGE('',*,*,#6936,.T.);
#6986 = ORIENTED_EDGE('',*,*,#6987,.F.);
#6987 = EDGE_CURVE('',#6963,#6937,#6988,.T.);
#6988 = LINE('',#6989,#6990);
#6989 = CARTESIAN_POINT('',(-0.7,-1.5,3.1));
#6990 = VECTOR('',#6991,1.);
#6991 = DIRECTION('',(1.,0.,0.));
#6992 = PLANE('',#6993);
#6993 = AXIS2_PLACEMENT_3D('',#6994,#6995,#6996);
#6994 = CARTESIAN_POINT('',(0.7,-103.1,3.1));
#6995 = DIRECTION('',(0.,0.,1.));
#6996 = DIRECTION('',(-1.,0.,0.));
#6997 = ADVANCED_FACE('',(#6998),#7023,.T.);
#6998 = FACE_BOUND('',#6999,.T.);
#6999 = EDGE_LOOP('',(#7000,#7008,#7009,#7017));
#7000 = ORIENTED_EDGE('',*,*,#7001,.F.);
#7001 = EDGE_CURVE('',#6580,#7002,#7004,.T.);
#7002 = VERTEX_POINT('',#7003);
#7003 = CARTESIAN_POINT('',(1.84,-1.5,1.3));
#7004 = LINE('',#7005,#7006);
#7005 = CARTESIAN_POINT('',(1.84,-103.1,1.3));
#7006 = VECTOR('',#7007,1.);
#7007 = DIRECTION('',(0.,1.,0.));
#7008 = ORIENTED_EDGE('',*,*,#6579,.T.);
#7009 = ORIENTED_EDGE('',*,*,#7010,.T.);
#7010 = EDGE_CURVE('',#6582,#7011,#7013,.T.);
#7011 = VERTEX_POINT('',#7012);
#7012 = CARTESIAN_POINT('',(3.24,-1.5,1.3));
#7013 = LINE('',#7014,#7015);
#7014 = CARTESIAN_POINT('',(3.24,-103.1,1.3));
#7015 = VECTOR('',#7016,1.);
#7016 = DIRECTION('',(0.,1.,0.));
#7017 = ORIENTED_EDGE('',*,*,#7018,.F.);
#7018 = EDGE_CURVE('',#7002,#7011,#7019,.T.);
#7019 = LINE('',#7020,#7021);
#7020 = CARTESIAN_POINT('',(1.84,-1.5,1.3));
#7021 = VECTOR('',#7022,1.);
#7022 = DIRECTION('',(1.,0.,0.));
#7023 = PLANE('',#7024);
#7024 = AXIS2_PLACEMENT_3D('',#7025,#7026,#7027);
#7025 = CARTESIAN_POINT('',(2.544806784296,-0.771227859051,1.3));
#7026 = DIRECTION('',(2.223760898824E-18,5.742701858695E-17,1.));
#7027 = DIRECTION('',(-9.012298008873E-51,1.,-5.742701858695E-17));
#7028 = ADVANCED_FACE('',(#7029),#7047,.F.);
#7029 = FACE_BOUND('',#7030,.F.);
#7030 = EDGE_LOOP('',(#7031,#7039,#7040,#7041));
#7031 = ORIENTED_EDGE('',*,*,#7032,.F.);
#7032 = EDGE_CURVE('',#6609,#7033,#7035,.T.);
#7033 = VERTEX_POINT('',#7034);
#7034 = CARTESIAN_POINT('',(3.24,-1.5,3.1));
#7035 = LINE('',#7036,#7037);
#7036 = CARTESIAN_POINT('',(3.24,-103.1,3.1));
#7037 = VECTOR('',#7038,1.);
#7038 = DIRECTION('',(0.,1.,0.));
#7039 = ORIENTED_EDGE('',*,*,#6608,.F.);
#7040 = ORIENTED_EDGE('',*,*,#7010,.T.);
#7041 = ORIENTED_EDGE('',*,*,#7042,.T.);
#7042 = EDGE_CURVE('',#7011,#7033,#7043,.T.);
#7043 = LINE('',#7044,#7045);
#7044 = CARTESIAN_POINT('',(3.24,-1.5,1.3));
#7045 = VECTOR('',#7046,1.);
#7046 = DIRECTION('',(0.,0.,1.));
#7047 = PLANE('',#7048);
#7048 = AXIS2_PLACEMENT_3D('',#7049,#7050,#7051);
#7049 = CARTESIAN_POINT('',(3.24,-103.1,1.3));
#7050 = DIRECTION('',(1.,0.,0.));
#7051 = DIRECTION('',(0.,0.,1.));
#7052 = ADVANCED_FACE('',(#7053),#7071,.F.);
#7053 = FACE_BOUND('',#7054,.F.);
#7054 = EDGE_LOOP('',(#7055,#7056,#7057,#7065));
#7055 = ORIENTED_EDGE('',*,*,#7001,.F.);
#7056 = ORIENTED_EDGE('',*,*,#6631,.F.);
#7057 = ORIENTED_EDGE('',*,*,#7058,.T.);
#7058 = EDGE_CURVE('',#6632,#7059,#7061,.T.);
#7059 = VERTEX_POINT('',#7060);
#7060 = CARTESIAN_POINT('',(1.84,-1.5,3.1));
#7061 = LINE('',#7062,#7063);
#7062 = CARTESIAN_POINT('',(1.84,-103.1,3.1));
#7063 = VECTOR('',#7064,1.);
#7064 = DIRECTION('',(0.,1.,0.));
#7065 = ORIENTED_EDGE('',*,*,#7066,.F.);
#7066 = EDGE_CURVE('',#7002,#7059,#7067,.T.);
#7067 = LINE('',#7068,#7069);
#7068 = CARTESIAN_POINT('',(1.84,-1.5,1.3));
#7069 = VECTOR('',#7070,1.);
#7070 = DIRECTION('',(0.,0.,1.));
#7071 = PLANE('',#7072);
#7072 = AXIS2_PLACEMENT_3D('',#7073,#7074,#7075);
#7073 = CARTESIAN_POINT('',(1.84,-103.1,3.1));
#7074 = DIRECTION('',(-1.,-0.,-0.));
#7075 = DIRECTION('',(0.,0.,-1.));
#7076 = ADVANCED_FACE('',(#7077),#7088,.F.);
#7077 = FACE_BOUND('',#7078,.F.);
#7078 = EDGE_LOOP('',(#7079,#7080,#7081,#7082));
#7079 = ORIENTED_EDGE('',*,*,#7058,.F.);
#7080 = ORIENTED_EDGE('',*,*,#6654,.F.);
#7081 = ORIENTED_EDGE('',*,*,#7032,.T.);
#7082 = ORIENTED_EDGE('',*,*,#7083,.F.);
#7083 = EDGE_CURVE('',#7059,#7033,#7084,.T.);
#7084 = LINE('',#7085,#7086);
#7085 = CARTESIAN_POINT('',(1.84,-1.5,3.1));
#7086 = VECTOR('',#7087,1.);
#7087 = DIRECTION('',(1.,0.,0.));
#7088 = PLANE('',#7089);
#7089 = AXIS2_PLACEMENT_3D('',#7090,#7091,#7092);
#7090 = CARTESIAN_POINT('',(3.24,-103.1,3.1));
#7091 = DIRECTION('',(0.,0.,1.));
#7092 = DIRECTION('',(-1.,0.,0.));
#7093 = ADVANCED_FACE('',(#7094),#7119,.T.);
#7094 = FACE_BOUND('',#7095,.T.);
#7095 = EDGE_LOOP('',(#7096,#7104,#7105,#7113));
#7096 = ORIENTED_EDGE('',*,*,#7097,.F.);
#7097 = EDGE_CURVE('',#6672,#7098,#7100,.T.);
#7098 = VERTEX_POINT('',#7099);
#7099 = CARTESIAN_POINT('',(4.38,-1.5,1.3));
#7100 = LINE('',#7101,#7102);
#7101 = CARTESIAN_POINT('',(4.38,-103.1,1.3));
#7102 = VECTOR('',#7103,1.);
#7103 = DIRECTION('',(0.,1.,0.));
#7104 = ORIENTED_EDGE('',*,*,#6671,.T.);
#7105 = ORIENTED_EDGE('',*,*,#7106,.T.);
#7106 = EDGE_CURVE('',#6674,#7107,#7109,.T.);
#7107 = VERTEX_POINT('',#7108);
#7108 = CARTESIAN_POINT('',(5.78,-1.5,1.3));
#7109 = LINE('',#7110,#7111);
#7110 = CARTESIAN_POINT('',(5.78,-103.1,1.3));
#7111 = VECTOR('',#7112,1.);
#7112 = DIRECTION('',(0.,1.,0.));
#7113 = ORIENTED_EDGE('',*,*,#7114,.F.);
#7114 = EDGE_CURVE('',#7098,#7107,#7115,.T.);
#7115 = LINE('',#7116,#7117);
#7116 = CARTESIAN_POINT('',(4.38,-1.5,1.3));
#7117 = VECTOR('',#7118,1.);
#7118 = DIRECTION('',(1.,0.,0.));
#7119 = PLANE('',#7120);
#7120 = AXIS2_PLACEMENT_3D('',#7121,#7122,#7123);
#7121 = CARTESIAN_POINT('',(5.084806784296,-0.771227859051,1.3));
#7122 = DIRECTION('',(2.223760898825E-18,5.742701858695E-17,1.));
#7123 = DIRECTION('',(-3.795267914599E-52,1.,-5.742701858695E-17));
#7124 = ADVANCED_FACE('',(#7125),#7143,.F.);
#7125 = FACE_BOUND('',#7126,.F.);
#7126 = EDGE_LOOP('',(#7127,#7135,#7136,#7137));
#7127 = ORIENTED_EDGE('',*,*,#7128,.F.);
#7128 = EDGE_CURVE('',#6701,#7129,#7131,.T.);
#7129 = VERTEX_POINT('',#7130);
#7130 = CARTESIAN_POINT('',(5.78,-1.5,3.1));
#7131 = LINE('',#7132,#7133);
#7132 = CARTESIAN_POINT('',(5.78,-103.1,3.1));
#7133 = VECTOR('',#7134,1.);
#7134 = DIRECTION('',(0.,1.,0.));
#7135 = ORIENTED_EDGE('',*,*,#6700,.F.);
#7136 = ORIENTED_EDGE('',*,*,#7106,.T.);
#7137 = ORIENTED_EDGE('',*,*,#7138,.T.);
#7138 = EDGE_CURVE('',#7107,#7129,#7139,.T.);
#7139 = LINE('',#7140,#7141);
#7140 = CARTESIAN_POINT('',(5.78,-1.5,1.3));
#7141 = VECTOR('',#7142,1.);
#7142 = DIRECTION('',(0.,0.,1.));
#7143 = PLANE('',#7144);
#7144 = AXIS2_PLACEMENT_3D('',#7145,#7146,#7147);
#7145 = CARTESIAN_POINT('',(5.78,-103.1,1.3));
#7146 = DIRECTION('',(1.,0.,0.));
#7147 = DIRECTION('',(0.,0.,1.));
#7148 = ADVANCED_FACE('',(#7149),#7167,.F.);
#7149 = FACE_BOUND('',#7150,.F.);
#7150 = EDGE_LOOP('',(#7151,#7152,#7153,#7161));
#7151 = ORIENTED_EDGE('',*,*,#7097,.F.);
#7152 = ORIENTED_EDGE('',*,*,#6723,.F.);
#7153 = ORIENTED_EDGE('',*,*,#7154,.T.);
#7154 = EDGE_CURVE('',#6724,#7155,#7157,.T.);
#7155 = VERTEX_POINT('',#7156);
#7156 = CARTESIAN_POINT('',(4.38,-1.5,3.1));
#7157 = LINE('',#7158,#7159);
#7158 = CARTESIAN_POINT('',(4.38,-103.1,3.1));
#7159 = VECTOR('',#7160,1.);
#7160 = DIRECTION('',(0.,1.,0.));
#7161 = ORIENTED_EDGE('',*,*,#7162,.F.);
#7162 = EDGE_CURVE('',#7098,#7155,#7163,.T.);
#7163 = LINE('',#7164,#7165);
#7164 = CARTESIAN_POINT('',(4.38,-1.5,1.3));
#7165 = VECTOR('',#7166,1.);
#7166 = DIRECTION('',(0.,0.,1.));
#7167 = PLANE('',#7168);
#7168 = AXIS2_PLACEMENT_3D('',#7169,#7170,#7171);
#7169 = CARTESIAN_POINT('',(4.38,-103.1,3.1));
#7170 = DIRECTION('',(-1.,-0.,-0.));
#7171 = DIRECTION('',(0.,0.,-1.));
#7172 = ADVANCED_FACE('',(#7173),#7184,.F.);
#7173 = FACE_BOUND('',#7174,.F.);
#7174 = EDGE_LOOP('',(#7175,#7176,#7177,#7178));
#7175 = ORIENTED_EDGE('',*,*,#7154,.F.);
#7176 = ORIENTED_EDGE('',*,*,#6746,.F.);
#7177 = ORIENTED_EDGE('',*,*,#7128,.T.);
#7178 = ORIENTED_EDGE('',*,*,#7179,.F.);
#7179 = EDGE_CURVE('',#7155,#7129,#7180,.T.);
#7180 = LINE('',#7181,#7182);
#7181 = CARTESIAN_POINT('',(4.38,-1.5,3.1));
#7182 = VECTOR('',#7183,1.);
#7183 = DIRECTION('',(1.,0.,0.));
#7184 = PLANE('',#7185);
#7185 = AXIS2_PLACEMENT_3D('',#7186,#7187,#7188);
#7186 = CARTESIAN_POINT('',(5.78,-103.1,3.1));
#7187 = DIRECTION('',(0.,0.,1.));
#7188 = DIRECTION('',(-1.,0.,0.));
#7189 = ADVANCED_FACE('',(#7190),#7277,.F.);
#7190 = FACE_BOUND('',#7191,.F.);
#7191 = EDGE_LOOP('',(#7192,#7193,#7201,#7210,#7218,#7227,#7235,#7244,
    #7252,#7261,#7269,#7276));
#7192 = ORIENTED_EDGE('',*,*,#6791,.F.);
#7193 = ORIENTED_EDGE('',*,*,#7194,.T.);
#7194 = EDGE_CURVE('',#6792,#7195,#7197,.T.);
#7195 = VERTEX_POINT('',#7196);
#7196 = CARTESIAN_POINT('',(6.18,0.,1.3));
#7197 = LINE('',#7198,#7199);
#7198 = CARTESIAN_POINT('',(6.18,0.,8.5));
#7199 = VECTOR('',#7200,1.);
#7200 = DIRECTION('',(-0.,-0.,-1.));
#7201 = ORIENTED_EDGE('',*,*,#7202,.T.);
#7202 = EDGE_CURVE('',#7195,#7203,#7205,.T.);
#7203 = VERTEX_POINT('',#7204);
#7204 = CARTESIAN_POINT('',(5.78,0.848528137424,1.3));
#7205 = CIRCLE('',#7206,1.1);
#7206 = AXIS2_PLACEMENT_3D('',#7207,#7208,#7209);
#7207 = CARTESIAN_POINT('',(5.08,0.,1.3));
#7208 = DIRECTION('',(0.,0.,1.));
#7209 = DIRECTION('',(1.,0.,-0.));
#7210 = ORIENTED_EDGE('',*,*,#7211,.T.);
#7211 = EDGE_CURVE('',#7203,#7212,#7214,.T.);
#7212 = VERTEX_POINT('',#7213);
#7213 = CARTESIAN_POINT('',(5.78,0.848528137423,3.1));
#7214 = LINE('',#7215,#7216);
#7215 = CARTESIAN_POINT('',(5.78,0.848528137424,8.5));
#7216 = VECTOR('',#7217,1.);
#7217 = DIRECTION('',(0.,0.,1.));
#7218 = ORIENTED_EDGE('',*,*,#7219,.T.);
#7219 = EDGE_CURVE('',#7212,#7220,#7222,.T.);
#7220 = VERTEX_POINT('',#7221);
#7221 = CARTESIAN_POINT('',(4.38,0.848528137422,3.1));
#7222 = CIRCLE('',#7223,1.1);
#7223 = AXIS2_PLACEMENT_3D('',#7224,#7225,#7226);
#7224 = CARTESIAN_POINT('',(5.08,0.,3.1));
#7225 = DIRECTION('',(0.,0.,1.));
#7226 = DIRECTION('',(1.,0.,-0.));
#7227 = ORIENTED_EDGE('',*,*,#7228,.F.);
#7228 = EDGE_CURVE('',#7229,#7220,#7231,.T.);
#7229 = VERTEX_POINT('',#7230);
#7230 = CARTESIAN_POINT('',(4.38,0.848528137424,1.3));
#7231 = LINE('',#7232,#7233);
#7232 = CARTESIAN_POINT('',(4.38,0.848528137424,8.5));
#7233 = VECTOR('',#7234,1.);
#7234 = DIRECTION('',(0.,0.,1.));
#7235 = ORIENTED_EDGE('',*,*,#7236,.T.);
#7236 = EDGE_CURVE('',#7229,#7237,#7239,.T.);
#7237 = VERTEX_POINT('',#7238);
#7238 = CARTESIAN_POINT('',(4.38,-0.848528137424,1.3));
#7239 = CIRCLE('',#7240,1.1);
#7240 = AXIS2_PLACEMENT_3D('',#7241,#7242,#7243);
#7241 = CARTESIAN_POINT('',(5.08,0.,1.3));
#7242 = DIRECTION('',(0.,0.,1.));
#7243 = DIRECTION('',(1.,0.,-0.));
#7244 = ORIENTED_EDGE('',*,*,#7245,.T.);
#7245 = EDGE_CURVE('',#7237,#7246,#7248,.T.);
#7246 = VERTEX_POINT('',#7247);
#7247 = CARTESIAN_POINT('',(4.38,-0.848528137422,3.1));
#7248 = LINE('',#7249,#7250);
#7249 = CARTESIAN_POINT('',(4.38,-0.848528137424,8.5));
#7250 = VECTOR('',#7251,1.);
#7251 = DIRECTION('',(0.,0.,1.));
#7252 = ORIENTED_EDGE('',*,*,#7253,.T.);
#7253 = EDGE_CURVE('',#7246,#7254,#7256,.T.);
#7254 = VERTEX_POINT('',#7255);
#7255 = CARTESIAN_POINT('',(5.78,-0.848528137423,3.1));
#7256 = CIRCLE('',#7257,1.1);
#7257 = AXIS2_PLACEMENT_3D('',#7258,#7259,#7260);
#7258 = CARTESIAN_POINT('',(5.08,0.,3.1));
#7259 = DIRECTION('',(0.,0.,1.));
#7260 = DIRECTION('',(1.,0.,-0.));
#7261 = ORIENTED_EDGE('',*,*,#7262,.F.);
#7262 = EDGE_CURVE('',#7263,#7254,#7265,.T.);
#7263 = VERTEX_POINT('',#7264);
#7264 = CARTESIAN_POINT('',(5.78,-0.848528137424,1.3));
#7265 = LINE('',#7266,#7267);
#7266 = CARTESIAN_POINT('',(5.78,-0.848528137424,8.5));
#7267 = VECTOR('',#7268,1.);
#7268 = DIRECTION('',(0.,0.,1.));
#7269 = ORIENTED_EDGE('',*,*,#7270,.T.);
#7270 = EDGE_CURVE('',#7263,#7195,#7271,.T.);
#7271 = CIRCLE('',#7272,1.1);
#7272 = AXIS2_PLACEMENT_3D('',#7273,#7274,#7275);
#7273 = CARTESIAN_POINT('',(5.08,0.,1.3));
#7274 = DIRECTION('',(0.,0.,1.));
#7275 = DIRECTION('',(1.,0.,-0.));
#7276 = ORIENTED_EDGE('',*,*,#7194,.F.);
#7277 = CYLINDRICAL_SURFACE('',#7278,1.1);
#7278 = AXIS2_PLACEMENT_3D('',#7279,#7280,#7281);
#7279 = CARTESIAN_POINT('',(5.08,0.,8.5));
#7280 = DIRECTION('',(0.,0.,1.));
#7281 = DIRECTION('',(1.,0.,-0.));
#7282 = ADVANCED_FACE('',(#7283),#7370,.F.);
#7283 = FACE_BOUND('',#7284,.F.);
#7284 = EDGE_LOOP('',(#7285,#7286,#7294,#7303,#7311,#7320,#7328,#7337,
    #7345,#7354,#7362,#7369));
#7285 = ORIENTED_EDGE('',*,*,#6802,.F.);
#7286 = ORIENTED_EDGE('',*,*,#7287,.T.);
#7287 = EDGE_CURVE('',#6803,#7288,#7290,.T.);
#7288 = VERTEX_POINT('',#7289);
#7289 = CARTESIAN_POINT('',(3.64,0.,1.3));
#7290 = LINE('',#7291,#7292);
#7291 = CARTESIAN_POINT('',(3.64,0.,8.5));
#7292 = VECTOR('',#7293,1.);
#7293 = DIRECTION('',(-0.,-0.,-1.));
#7294 = ORIENTED_EDGE('',*,*,#7295,.T.);
#7295 = EDGE_CURVE('',#7288,#7296,#7298,.T.);
#7296 = VERTEX_POINT('',#7297);
#7297 = CARTESIAN_POINT('',(3.24,0.848528137424,1.3));
#7298 = CIRCLE('',#7299,1.1);
#7299 = AXIS2_PLACEMENT_3D('',#7300,#7301,#7302);
#7300 = CARTESIAN_POINT('',(2.54,0.,1.3));
#7301 = DIRECTION('',(0.,0.,1.));
#7302 = DIRECTION('',(1.,0.,-0.));
#7303 = ORIENTED_EDGE('',*,*,#7304,.T.);
#7304 = EDGE_CURVE('',#7296,#7305,#7307,.T.);
#7305 = VERTEX_POINT('',#7306);
#7306 = CARTESIAN_POINT('',(3.24,0.848528137423,3.1));
#7307 = LINE('',#7308,#7309);
#7308 = CARTESIAN_POINT('',(3.24,0.848528137424,8.5));
#7309 = VECTOR('',#7310,1.);
#7310 = DIRECTION('',(0.,0.,1.));
#7311 = ORIENTED_EDGE('',*,*,#7312,.T.);
#7312 = EDGE_CURVE('',#7305,#7313,#7315,.T.);
#7313 = VERTEX_POINT('',#7314);
#7314 = CARTESIAN_POINT('',(1.84,0.848528137423,3.1));
#7315 = CIRCLE('',#7316,1.1);
#7316 = AXIS2_PLACEMENT_3D('',#7317,#7318,#7319);
#7317 = CARTESIAN_POINT('',(2.54,0.,3.1));
#7318 = DIRECTION('',(0.,0.,1.));
#7319 = DIRECTION('',(1.,0.,-0.));
#7320 = ORIENTED_EDGE('',*,*,#7321,.F.);
#7321 = EDGE_CURVE('',#7322,#7313,#7324,.T.);
#7322 = VERTEX_POINT('',#7323);
#7323 = CARTESIAN_POINT('',(1.84,0.848528137424,1.3));
#7324 = LINE('',#7325,#7326);
#7325 = CARTESIAN_POINT('',(1.84,0.848528137424,8.5));
#7326 = VECTOR('',#7327,1.);
#7327 = DIRECTION('',(0.,0.,1.));
#7328 = ORIENTED_EDGE('',*,*,#7329,.T.);
#7329 = EDGE_CURVE('',#7322,#7330,#7332,.T.);
#7330 = VERTEX_POINT('',#7331);
#7331 = CARTESIAN_POINT('',(1.84,-0.848528137424,1.3));
#7332 = CIRCLE('',#7333,1.1);
#7333 = AXIS2_PLACEMENT_3D('',#7334,#7335,#7336);
#7334 = CARTESIAN_POINT('',(2.54,0.,1.3));
#7335 = DIRECTION('',(0.,0.,1.));
#7336 = DIRECTION('',(1.,0.,-0.));
#7337 = ORIENTED_EDGE('',*,*,#7338,.T.);
#7338 = EDGE_CURVE('',#7330,#7339,#7341,.T.);
#7339 = VERTEX_POINT('',#7340);
#7340 = CARTESIAN_POINT('',(1.84,-0.848528137423,3.1));
#7341 = LINE('',#7342,#7343);
#7342 = CARTESIAN_POINT('',(1.84,-0.848528137424,8.5));
#7343 = VECTOR('',#7344,1.);
#7344 = DIRECTION('',(0.,0.,1.));
#7345 = ORIENTED_EDGE('',*,*,#7346,.T.);
#7346 = EDGE_CURVE('',#7339,#7347,#7349,.T.);
#7347 = VERTEX_POINT('',#7348);
#7348 = CARTESIAN_POINT('',(3.24,-0.848528137423,3.1));
#7349 = CIRCLE('',#7350,1.1);
#7350 = AXIS2_PLACEMENT_3D('',#7351,#7352,#7353);
#7351 = CARTESIAN_POINT('',(2.54,0.,3.1));
#7352 = DIRECTION('',(0.,0.,1.));
#7353 = DIRECTION('',(1.,0.,-0.));
#7354 = ORIENTED_EDGE('',*,*,#7355,.F.);
#7355 = EDGE_CURVE('',#7356,#7347,#7358,.T.);
#7356 = VERTEX_POINT('',#7357);
#7357 = CARTESIAN_POINT('',(3.24,-0.848528137424,1.3));
#7358 = LINE('',#7359,#7360);
#7359 = CARTESIAN_POINT('',(3.24,-0.848528137424,8.5));
#7360 = VECTOR('',#7361,1.);
#7361 = DIRECTION('',(0.,0.,1.));
#7362 = ORIENTED_EDGE('',*,*,#7363,.T.);
#7363 = EDGE_CURVE('',#7356,#7288,#7364,.T.);
#7364 = CIRCLE('',#7365,1.1);
#7365 = AXIS2_PLACEMENT_3D('',#7366,#7367,#7368);
#7366 = CARTESIAN_POINT('',(2.54,0.,1.3));
#7367 = DIRECTION('',(0.,0.,1.));
#7368 = DIRECTION('',(1.,0.,-0.));
#7369 = ORIENTED_EDGE('',*,*,#7287,.F.);
#7370 = CYLINDRICAL_SURFACE('',#7371,1.1);
#7371 = AXIS2_PLACEMENT_3D('',#7372,#7373,#7374);
#7372 = CARTESIAN_POINT('',(2.54,0.,8.5));
#7373 = DIRECTION('',(0.,0.,1.));
#7374 = DIRECTION('',(1.,0.,-0.));
#7375 = ADVANCED_FACE('',(#7376),#7463,.F.);
#7376 = FACE_BOUND('',#7377,.F.);
#7377 = EDGE_LOOP('',(#7378,#7379,#7387,#7396,#7404,#7413,#7421,#7430,
    #7438,#7447,#7455,#7462));
#7378 = ORIENTED_EDGE('',*,*,#6813,.F.);
#7379 = ORIENTED_EDGE('',*,*,#7380,.T.);
#7380 = EDGE_CURVE('',#6814,#7381,#7383,.T.);
#7381 = VERTEX_POINT('',#7382);
#7382 = CARTESIAN_POINT('',(1.1,0.,1.3));
#7383 = LINE('',#7384,#7385);
#7384 = CARTESIAN_POINT('',(1.1,0.,8.5));
#7385 = VECTOR('',#7386,1.);
#7386 = DIRECTION('',(-0.,-0.,-1.));
#7387 = ORIENTED_EDGE('',*,*,#7388,.T.);
#7388 = EDGE_CURVE('',#7381,#7389,#7391,.T.);
#7389 = VERTEX_POINT('',#7390);
#7390 = CARTESIAN_POINT('',(0.7,0.848528137424,1.3));
#7391 = CIRCLE('',#7392,1.1);
#7392 = AXIS2_PLACEMENT_3D('',#7393,#7394,#7395);
#7393 = CARTESIAN_POINT('',(0.,0.,1.3));
#7394 = DIRECTION('',(0.,0.,1.));
#7395 = DIRECTION('',(1.,0.,-0.));
#7396 = ORIENTED_EDGE('',*,*,#7397,.T.);
#7397 = EDGE_CURVE('',#7389,#7398,#7400,.T.);
#7398 = VERTEX_POINT('',#7399);
#7399 = CARTESIAN_POINT('',(0.7,0.848528137423,3.1));
#7400 = LINE('',#7401,#7402);
#7401 = CARTESIAN_POINT('',(0.7,0.848528137424,8.5));
#7402 = VECTOR('',#7403,1.);
#7403 = DIRECTION('',(0.,0.,1.));
#7404 = ORIENTED_EDGE('',*,*,#7405,.T.);
#7405 = EDGE_CURVE('',#7398,#7406,#7408,.T.);
#7406 = VERTEX_POINT('',#7407);
#7407 = CARTESIAN_POINT('',(-0.7,0.848528137423,3.1));
#7408 = CIRCLE('',#7409,1.1);
#7409 = AXIS2_PLACEMENT_3D('',#7410,#7411,#7412);
#7410 = CARTESIAN_POINT('',(0.,0.,3.1));
#7411 = DIRECTION('',(0.,0.,1.));
#7412 = DIRECTION('',(1.,0.,-0.));
#7413 = ORIENTED_EDGE('',*,*,#7414,.F.);
#7414 = EDGE_CURVE('',#7415,#7406,#7417,.T.);
#7415 = VERTEX_POINT('',#7416);
#7416 = CARTESIAN_POINT('',(-0.7,0.848528137424,1.3));
#7417 = LINE('',#7418,#7419);
#7418 = CARTESIAN_POINT('',(-0.7,0.848528137424,8.5));
#7419 = VECTOR('',#7420,1.);
#7420 = DIRECTION('',(0.,0.,1.));
#7421 = ORIENTED_EDGE('',*,*,#7422,.T.);
#7422 = EDGE_CURVE('',#7415,#7423,#7425,.T.);
#7423 = VERTEX_POINT('',#7424);
#7424 = CARTESIAN_POINT('',(-0.7,-0.848528137424,1.3));
#7425 = CIRCLE('',#7426,1.1);
#7426 = AXIS2_PLACEMENT_3D('',#7427,#7428,#7429);
#7427 = CARTESIAN_POINT('',(0.,0.,1.3));
#7428 = DIRECTION('',(0.,0.,1.));
#7429 = DIRECTION('',(1.,0.,-0.));
#7430 = ORIENTED_EDGE('',*,*,#7431,.T.);
#7431 = EDGE_CURVE('',#7423,#7432,#7434,.T.);
#7432 = VERTEX_POINT('',#7433);
#7433 = CARTESIAN_POINT('',(-0.7,-0.848528137423,3.1));
#7434 = LINE('',#7435,#7436);
#7435 = CARTESIAN_POINT('',(-0.7,-0.848528137424,8.5));
#7436 = VECTOR('',#7437,1.);
#7437 = DIRECTION('',(0.,0.,1.));
#7438 = ORIENTED_EDGE('',*,*,#7439,.T.);
#7439 = EDGE_CURVE('',#7432,#7440,#7442,.T.);
#7440 = VERTEX_POINT('',#7441);
#7441 = CARTESIAN_POINT('',(0.7,-0.848528137423,3.1));
#7442 = CIRCLE('',#7443,1.1);
#7443 = AXIS2_PLACEMENT_3D('',#7444,#7445,#7446);
#7444 = CARTESIAN_POINT('',(0.,0.,3.1));
#7445 = DIRECTION('',(0.,0.,1.));
#7446 = DIRECTION('',(1.,0.,-0.));
#7447 = ORIENTED_EDGE('',*,*,#7448,.F.);
#7448 = EDGE_CURVE('',#7449,#7440,#7451,.T.);
#7449 = VERTEX_POINT('',#7450);
#7450 = CARTESIAN_POINT('',(0.7,-0.848528137424,1.3));
#7451 = LINE('',#7452,#7453);
#7452 = CARTESIAN_POINT('',(0.7,-0.848528137424,8.5));
#7453 = VECTOR('',#7454,1.);
#7454 = DIRECTION('',(0.,0.,1.));
#7455 = ORIENTED_EDGE('',*,*,#7456,.T.);
#7456 = EDGE_CURVE('',#7449,#7381,#7457,.T.);
#7457 = CIRCLE('',#7458,1.1);
#7458 = AXIS2_PLACEMENT_3D('',#7459,#7460,#7461);
#7459 = CARTESIAN_POINT('',(0.,0.,1.3));
#7460 = DIRECTION('',(0.,0.,1.));
#7461 = DIRECTION('',(1.,0.,-0.));
#7462 = ORIENTED_EDGE('',*,*,#7380,.F.);
#7463 = CYLINDRICAL_SURFACE('',#7464,1.1);
#7464 = AXIS2_PLACEMENT_3D('',#7465,#7466,#7467);
#7465 = CARTESIAN_POINT('',(0.,0.,8.5));
#7466 = DIRECTION('',(0.,0.,1.));
#7467 = DIRECTION('',(1.,0.,-0.));
#7468 = ADVANCED_FACE('',(#7469,#7475),#7509,.F.);
#7469 = FACE_BOUND('',#7470,.F.);
#7470 = EDGE_LOOP('',(#7471,#7472,#7473,#7474));
#7471 = ORIENTED_EDGE('',*,*,#6970,.T.);
#7472 = ORIENTED_EDGE('',*,*,#6987,.T.);
#7473 = ORIENTED_EDGE('',*,*,#6946,.F.);
#7474 = ORIENTED_EDGE('',*,*,#6922,.F.);
#7475 = FACE_BOUND('',#7476,.F.);
#7476 = EDGE_LOOP('',(#7477,#7487,#7495,#7503));
#7477 = ORIENTED_EDGE('',*,*,#7478,.T.);
#7478 = EDGE_CURVE('',#7479,#7481,#7483,.T.);
#7479 = VERTEX_POINT('',#7480);
#7480 = CARTESIAN_POINT('',(-0.5,-1.5,2.9));
#7481 = VERTEX_POINT('',#7482);
#7482 = CARTESIAN_POINT('',(-0.5,-1.5,1.5));
#7483 = LINE('',#7484,#7485);
#7484 = CARTESIAN_POINT('',(-0.5,-1.5,2.9));
#7485 = VECTOR('',#7486,1.);
#7486 = DIRECTION('',(0.,0.,-1.));
#7487 = ORIENTED_EDGE('',*,*,#7488,.T.);
#7488 = EDGE_CURVE('',#7481,#7489,#7491,.T.);
#7489 = VERTEX_POINT('',#7490);
#7490 = CARTESIAN_POINT('',(0.5,-1.5,1.5));
#7491 = LINE('',#7492,#7493);
#7492 = CARTESIAN_POINT('',(-0.5,-1.5,1.5));
#7493 = VECTOR('',#7494,1.);
#7494 = DIRECTION('',(1.,0.,0.));
#7495 = ORIENTED_EDGE('',*,*,#7496,.T.);
#7496 = EDGE_CURVE('',#7489,#7497,#7499,.T.);
#7497 = VERTEX_POINT('',#7498);
#7498 = CARTESIAN_POINT('',(0.5,-1.5,2.9));
#7499 = LINE('',#7500,#7501);
#7500 = CARTESIAN_POINT('',(0.5,-1.5,1.5));
#7501 = VECTOR('',#7502,1.);
#7502 = DIRECTION('',(0.,0.,1.));
#7503 = ORIENTED_EDGE('',*,*,#7504,.T.);
#7504 = EDGE_CURVE('',#7497,#7479,#7505,.T.);
#7505 = LINE('',#7506,#7507);
#7506 = CARTESIAN_POINT('',(0.5,-1.5,2.9));
#7507 = VECTOR('',#7508,1.);
#7508 = DIRECTION('',(-1.,0.,0.));
#7509 = PLANE('',#7510);
#7510 = AXIS2_PLACEMENT_3D('',#7511,#7512,#7513);
#7511 = CARTESIAN_POINT('',(-0.7,-1.5,1.3));
#7512 = DIRECTION('',(0.,1.,0.));
#7513 = DIRECTION('',(1.,0.,0.));
#7514 = ADVANCED_FACE('',(#7515,#7521),#7555,.F.);
#7515 = FACE_BOUND('',#7516,.F.);
#7516 = EDGE_LOOP('',(#7517,#7518,#7519,#7520));
#7517 = ORIENTED_EDGE('',*,*,#7066,.T.);
#7518 = ORIENTED_EDGE('',*,*,#7083,.T.);
#7519 = ORIENTED_EDGE('',*,*,#7042,.F.);
#7520 = ORIENTED_EDGE('',*,*,#7018,.F.);
#7521 = FACE_BOUND('',#7522,.F.);
#7522 = EDGE_LOOP('',(#7523,#7533,#7541,#7549));
#7523 = ORIENTED_EDGE('',*,*,#7524,.T.);
#7524 = EDGE_CURVE('',#7525,#7527,#7529,.T.);
#7525 = VERTEX_POINT('',#7526);
#7526 = CARTESIAN_POINT('',(2.04,-1.5,2.9));
#7527 = VERTEX_POINT('',#7528);
#7528 = CARTESIAN_POINT('',(2.04,-1.5,1.5));
#7529 = LINE('',#7530,#7531);
#7530 = CARTESIAN_POINT('',(2.04,-1.5,2.9));
#7531 = VECTOR('',#7532,1.);
#7532 = DIRECTION('',(0.,0.,-1.));
#7533 = ORIENTED_EDGE('',*,*,#7534,.T.);
#7534 = EDGE_CURVE('',#7527,#7535,#7537,.T.);
#7535 = VERTEX_POINT('',#7536);
#7536 = CARTESIAN_POINT('',(3.04,-1.5,1.5));
#7537 = LINE('',#7538,#7539);
#7538 = CARTESIAN_POINT('',(2.04,-1.5,1.5));
#7539 = VECTOR('',#7540,1.);
#7540 = DIRECTION('',(1.,0.,0.));
#7541 = ORIENTED_EDGE('',*,*,#7542,.T.);
#7542 = EDGE_CURVE('',#7535,#7543,#7545,.T.);
#7543 = VERTEX_POINT('',#7544);
#7544 = CARTESIAN_POINT('',(3.04,-1.5,2.9));
#7545 = LINE('',#7546,#7547);
#7546 = CARTESIAN_POINT('',(3.04,-1.5,1.5));
#7547 = VECTOR('',#7548,1.);
#7548 = DIRECTION('',(0.,0.,1.));
#7549 = ORIENTED_EDGE('',*,*,#7550,.T.);
#7550 = EDGE_CURVE('',#7543,#7525,#7551,.T.);
#7551 = LINE('',#7552,#7553);
#7552 = CARTESIAN_POINT('',(3.04,-1.5,2.9));
#7553 = VECTOR('',#7554,1.);
#7554 = DIRECTION('',(-1.,0.,0.));
#7555 = PLANE('',#7556);
#7556 = AXIS2_PLACEMENT_3D('',#7557,#7558,#7559);
#7557 = CARTESIAN_POINT('',(1.84,-1.5,1.3));
#7558 = DIRECTION('',(0.,1.,0.));
#7559 = DIRECTION('',(1.,0.,0.));
#7560 = ADVANCED_FACE('',(#7561,#7567),#7601,.F.);
#7561 = FACE_BOUND('',#7562,.F.);
#7562 = EDGE_LOOP('',(#7563,#7564,#7565,#7566));
#7563 = ORIENTED_EDGE('',*,*,#7162,.T.);
#7564 = ORIENTED_EDGE('',*,*,#7179,.T.);
#7565 = ORIENTED_EDGE('',*,*,#7138,.F.);
#7566 = ORIENTED_EDGE('',*,*,#7114,.F.);
#7567 = FACE_BOUND('',#7568,.F.);
#7568 = EDGE_LOOP('',(#7569,#7579,#7587,#7595));
#7569 = ORIENTED_EDGE('',*,*,#7570,.T.);
#7570 = EDGE_CURVE('',#7571,#7573,#7575,.T.);
#7571 = VERTEX_POINT('',#7572);
#7572 = CARTESIAN_POINT('',(4.58,-1.5,2.9));
#7573 = VERTEX_POINT('',#7574);
#7574 = CARTESIAN_POINT('',(4.58,-1.5,1.5));
#7575 = LINE('',#7576,#7577);
#7576 = CARTESIAN_POINT('',(4.58,-1.5,2.9));
#7577 = VECTOR('',#7578,1.);
#7578 = DIRECTION('',(0.,0.,-1.));
#7579 = ORIENTED_EDGE('',*,*,#7580,.T.);
#7580 = EDGE_CURVE('',#7573,#7581,#7583,.T.);
#7581 = VERTEX_POINT('',#7582);
#7582 = CARTESIAN_POINT('',(5.58,-1.5,1.5));
#7583 = LINE('',#7584,#7585);
#7584 = CARTESIAN_POINT('',(4.58,-1.5,1.5));
#7585 = VECTOR('',#7586,1.);
#7586 = DIRECTION('',(1.,0.,0.));
#7587 = ORIENTED_EDGE('',*,*,#7588,.T.);
#7588 = EDGE_CURVE('',#7581,#7589,#7591,.T.);
#7589 = VERTEX_POINT('',#7590);
#7590 = CARTESIAN_POINT('',(5.58,-1.5,2.9));
#7591 = LINE('',#7592,#7593);
#7592 = CARTESIAN_POINT('',(5.58,-1.5,1.5));
#7593 = VECTOR('',#7594,1.);
#7594 = DIRECTION('',(0.,0.,1.));
#7595 = ORIENTED_EDGE('',*,*,#7596,.T.);
#7596 = EDGE_CURVE('',#7589,#7571,#7597,.T.);
#7597 = LINE('',#7598,#7599);
#7598 = CARTESIAN_POINT('',(5.58,-1.5,2.9));
#7599 = VECTOR('',#7600,1.);
#7600 = DIRECTION('',(-1.,0.,0.));
#7601 = PLANE('',#7602);
#7602 = AXIS2_PLACEMENT_3D('',#7603,#7604,#7605);
#7603 = CARTESIAN_POINT('',(4.38,-1.5,1.3));
#7604 = DIRECTION('',(0.,1.,0.));
#7605 = DIRECTION('',(1.,0.,0.));
#7606 = ADVANCED_FACE('',(#7607),#7617,.T.);
#7607 = FACE_BOUND('',#7608,.T.);
#7608 = EDGE_LOOP('',(#7609,#7615,#7616));
#7609 = ORIENTED_EDGE('',*,*,#7610,.F.);
#7610 = EDGE_CURVE('',#7263,#7203,#7611,.T.);
#7611 = LINE('',#7612,#7613);
#7612 = CARTESIAN_POINT('',(5.78,-1.5,1.3));
#7613 = VECTOR('',#7614,1.);
#7614 = DIRECTION('',(0.,1.,0.));
#7615 = ORIENTED_EDGE('',*,*,#7270,.T.);
#7616 = ORIENTED_EDGE('',*,*,#7202,.T.);
#7617 = PLANE('',#7618);
#7618 = AXIS2_PLACEMENT_3D('',#7619,#7620,#7621);
#7619 = CARTESIAN_POINT('',(5.084806784296,-0.771227859051,1.3));
#7620 = DIRECTION('',(2.223760898825E-18,5.742701858695E-17,1.));
#7621 = DIRECTION('',(-3.795267914599E-52,1.,-5.742701858695E-17));
#7622 = ADVANCED_FACE('',(#7623),#7650,.F.);
#7623 = FACE_BOUND('',#7624,.F.);
#7624 = EDGE_LOOP('',(#7625,#7626,#7627,#7635,#7643,#7649));
#7625 = ORIENTED_EDGE('',*,*,#7610,.F.);
#7626 = ORIENTED_EDGE('',*,*,#7262,.T.);
#7627 = ORIENTED_EDGE('',*,*,#7628,.T.);
#7628 = EDGE_CURVE('',#7254,#7629,#7631,.T.);
#7629 = VERTEX_POINT('',#7630);
#7630 = CARTESIAN_POINT('',(5.78,-0.714142842854,3.1));
#7631 = LINE('',#7632,#7633);
#7632 = CARTESIAN_POINT('',(5.78,-1.5,3.1));
#7633 = VECTOR('',#7634,1.);
#7634 = DIRECTION('',(0.,1.,0.));
#7635 = ORIENTED_EDGE('',*,*,#7636,.T.);
#7636 = EDGE_CURVE('',#7629,#7637,#7639,.T.);
#7637 = VERTEX_POINT('',#7638);
#7638 = CARTESIAN_POINT('',(5.78,0.714142842854,3.1));
#7639 = LINE('',#7640,#7641);
#7640 = CARTESIAN_POINT('',(5.78,-1.5,3.1));
#7641 = VECTOR('',#7642,1.);
#7642 = DIRECTION('',(0.,1.,0.));
#7643 = ORIENTED_EDGE('',*,*,#7644,.T.);
#7644 = EDGE_CURVE('',#7637,#7212,#7645,.T.);
#7645 = LINE('',#7646,#7647);
#7646 = CARTESIAN_POINT('',(5.78,-1.5,3.1));
#7647 = VECTOR('',#7648,1.);
#7648 = DIRECTION('',(0.,1.,0.));
#7649 = ORIENTED_EDGE('',*,*,#7211,.F.);
#7650 = PLANE('',#7651);
#7651 = AXIS2_PLACEMENT_3D('',#7652,#7653,#7654);
#7652 = CARTESIAN_POINT('',(5.78,-1.5,1.3));
#7653 = DIRECTION('',(-1.,0.,0.));
#7654 = DIRECTION('',(0.,1.,0.));
#7655 = ADVANCED_FACE('',(#7656),#7675,.T.);
#7656 = FACE_BOUND('',#7657,.T.);
#7657 = EDGE_LOOP('',(#7658,#7667,#7673,#7674));
#7658 = ORIENTED_EDGE('',*,*,#7659,.F.);
#7659 = EDGE_CURVE('',#7660,#7629,#7662,.T.);
#7660 = VERTEX_POINT('',#7661);
#7661 = CARTESIAN_POINT('',(4.38,-0.714142842854,3.1));
#7662 = CIRCLE('',#7663,1.);
#7663 = AXIS2_PLACEMENT_3D('',#7664,#7665,#7666);
#7664 = CARTESIAN_POINT('',(5.08,0.,3.1));
#7665 = DIRECTION('',(0.,0.,1.));
#7666 = DIRECTION('',(1.,0.,-0.));
#7667 = ORIENTED_EDGE('',*,*,#7668,.T.);
#7668 = EDGE_CURVE('',#7660,#7246,#7669,.T.);
#7669 = LINE('',#7670,#7671);
#7670 = CARTESIAN_POINT('',(4.38,1.5,3.1));
#7671 = VECTOR('',#7672,1.);
#7672 = DIRECTION('',(0.,-1.,0.));
#7673 = ORIENTED_EDGE('',*,*,#7253,.T.);
#7674 = ORIENTED_EDGE('',*,*,#7628,.T.);
#7675 = PLANE('',#7676);
#7676 = AXIS2_PLACEMENT_3D('',#7677,#7678,#7679);
#7677 = CARTESIAN_POINT('',(5.08,0.,3.1));
#7678 = DIRECTION('',(0.,0.,1.));
#7679 = DIRECTION('',(1.,0.,-0.));
#7680 = ADVANCED_FACE('',(#7681),#7706,.F.);
#7681 = FACE_BOUND('',#7682,.F.);
#7682 = EDGE_LOOP('',(#7683,#7684,#7692,#7698,#7699,#7700));
#7683 = ORIENTED_EDGE('',*,*,#7228,.T.);
#7684 = ORIENTED_EDGE('',*,*,#7685,.T.);
#7685 = EDGE_CURVE('',#7220,#7686,#7688,.T.);
#7686 = VERTEX_POINT('',#7687);
#7687 = CARTESIAN_POINT('',(4.38,0.714142842854,3.1));
#7688 = LINE('',#7689,#7690);
#7689 = CARTESIAN_POINT('',(4.38,1.5,3.1));
#7690 = VECTOR('',#7691,1.);
#7691 = DIRECTION('',(0.,-1.,0.));
#7692 = ORIENTED_EDGE('',*,*,#7693,.T.);
#7693 = EDGE_CURVE('',#7686,#7660,#7694,.T.);
#7694 = LINE('',#7695,#7696);
#7695 = CARTESIAN_POINT('',(4.38,1.5,3.1));
#7696 = VECTOR('',#7697,1.);
#7697 = DIRECTION('',(0.,-1.,0.));
#7698 = ORIENTED_EDGE('',*,*,#7668,.T.);
#7699 = ORIENTED_EDGE('',*,*,#7245,.F.);
#7700 = ORIENTED_EDGE('',*,*,#7701,.F.);
#7701 = EDGE_CURVE('',#7229,#7237,#7702,.T.);
#7702 = LINE('',#7703,#7704);
#7703 = CARTESIAN_POINT('',(4.38,1.5,1.3));
#7704 = VECTOR('',#7705,1.);
#7705 = DIRECTION('',(0.,-1.,0.));
#7706 = PLANE('',#7707);
#7707 = AXIS2_PLACEMENT_3D('',#7708,#7709,#7710);
#7708 = CARTESIAN_POINT('',(4.38,1.5,1.3));
#7709 = DIRECTION('',(1.,0.,0.));
#7710 = DIRECTION('',(0.,-1.,0.));
#7711 = ADVANCED_FACE('',(#7712),#7716,.T.);
#7712 = FACE_BOUND('',#7713,.T.);
#7713 = EDGE_LOOP('',(#7714,#7715));
#7714 = ORIENTED_EDGE('',*,*,#7236,.T.);
#7715 = ORIENTED_EDGE('',*,*,#7701,.F.);
#7716 = PLANE('',#7717);
#7717 = AXIS2_PLACEMENT_3D('',#7718,#7719,#7720);
#7718 = CARTESIAN_POINT('',(5.084806784296,-0.771227859051,1.3));
#7719 = DIRECTION('',(2.223760898825E-18,5.742701858695E-17,1.));
#7720 = DIRECTION('',(-3.795267914599E-52,1.,-5.742701858695E-17));
#7721 = ADVANCED_FACE('',(#7722),#7734,.T.);
#7722 = FACE_BOUND('',#7723,.T.);
#7723 = EDGE_LOOP('',(#7724,#7725,#7726,#7733));
#7724 = ORIENTED_EDGE('',*,*,#7219,.T.);
#7725 = ORIENTED_EDGE('',*,*,#7685,.T.);
#7726 = ORIENTED_EDGE('',*,*,#7727,.F.);
#7727 = EDGE_CURVE('',#7637,#7686,#7728,.T.);
#7728 = CIRCLE('',#7729,1.);
#7729 = AXIS2_PLACEMENT_3D('',#7730,#7731,#7732);
#7730 = CARTESIAN_POINT('',(5.08,0.,3.1));
#7731 = DIRECTION('',(0.,0.,1.));
#7732 = DIRECTION('',(1.,0.,-0.));
#7733 = ORIENTED_EDGE('',*,*,#7644,.T.);
#7734 = PLANE('',#7735);
#7735 = AXIS2_PLACEMENT_3D('',#7736,#7737,#7738);
#7736 = CARTESIAN_POINT('',(5.08,0.,3.1));
#7737 = DIRECTION('',(0.,0.,1.));
#7738 = DIRECTION('',(1.,0.,-0.));
#7739 = ADVANCED_FACE('',(#7740),#7750,.T.);
#7740 = FACE_BOUND('',#7741,.T.);
#7741 = EDGE_LOOP('',(#7742,#7748,#7749));
#7742 = ORIENTED_EDGE('',*,*,#7743,.F.);
#7743 = EDGE_CURVE('',#7356,#7296,#7744,.T.);
#7744 = LINE('',#7745,#7746);
#7745 = CARTESIAN_POINT('',(3.24,-1.5,1.3));
#7746 = VECTOR('',#7747,1.);
#7747 = DIRECTION('',(0.,1.,0.));
#7748 = ORIENTED_EDGE('',*,*,#7363,.T.);
#7749 = ORIENTED_EDGE('',*,*,#7295,.T.);
#7750 = PLANE('',#7751);
#7751 = AXIS2_PLACEMENT_3D('',#7752,#7753,#7754);
#7752 = CARTESIAN_POINT('',(2.544806784296,-0.771227859051,1.3));
#7753 = DIRECTION('',(2.223760898824E-18,5.742701858695E-17,1.));
#7754 = DIRECTION('',(-9.012298008873E-51,1.,-5.742701858695E-17));
#7755 = ADVANCED_FACE('',(#7756),#7783,.F.);
#7756 = FACE_BOUND('',#7757,.F.);
#7757 = EDGE_LOOP('',(#7758,#7759,#7760,#7768,#7776,#7782));
#7758 = ORIENTED_EDGE('',*,*,#7743,.F.);
#7759 = ORIENTED_EDGE('',*,*,#7355,.T.);
#7760 = ORIENTED_EDGE('',*,*,#7761,.T.);
#7761 = EDGE_CURVE('',#7347,#7762,#7764,.T.);
#7762 = VERTEX_POINT('',#7763);
#7763 = CARTESIAN_POINT('',(3.24,-0.714142842854,3.1));
#7764 = LINE('',#7765,#7766);
#7765 = CARTESIAN_POINT('',(3.24,-1.5,3.1));
#7766 = VECTOR('',#7767,1.);
#7767 = DIRECTION('',(0.,1.,0.));
#7768 = ORIENTED_EDGE('',*,*,#7769,.T.);
#7769 = EDGE_CURVE('',#7762,#7770,#7772,.T.);
#7770 = VERTEX_POINT('',#7771);
#7771 = CARTESIAN_POINT('',(3.24,0.714142842854,3.1));
#7772 = LINE('',#7773,#7774);
#7773 = CARTESIAN_POINT('',(3.24,-1.5,3.1));
#7774 = VECTOR('',#7775,1.);
#7775 = DIRECTION('',(0.,1.,0.));
#7776 = ORIENTED_EDGE('',*,*,#7777,.T.);
#7777 = EDGE_CURVE('',#7770,#7305,#7778,.T.);
#7778 = LINE('',#7779,#7780);
#7779 = CARTESIAN_POINT('',(3.24,-1.5,3.1));
#7780 = VECTOR('',#7781,1.);
#7781 = DIRECTION('',(0.,1.,0.));
#7782 = ORIENTED_EDGE('',*,*,#7304,.F.);
#7783 = PLANE('',#7784);
#7784 = AXIS2_PLACEMENT_3D('',#7785,#7786,#7787);
#7785 = CARTESIAN_POINT('',(3.24,-1.5,1.3));
#7786 = DIRECTION('',(-1.,0.,0.));
#7787 = DIRECTION('',(0.,1.,0.));
#7788 = ADVANCED_FACE('',(#7789),#7808,.T.);
#7789 = FACE_BOUND('',#7790,.T.);
#7790 = EDGE_LOOP('',(#7791,#7800,#7806,#7807));
#7791 = ORIENTED_EDGE('',*,*,#7792,.F.);
#7792 = EDGE_CURVE('',#7793,#7762,#7795,.T.);
#7793 = VERTEX_POINT('',#7794);
#7794 = CARTESIAN_POINT('',(1.84,-0.714142842854,3.1));
#7795 = CIRCLE('',#7796,1.);
#7796 = AXIS2_PLACEMENT_3D('',#7797,#7798,#7799);
#7797 = CARTESIAN_POINT('',(2.54,0.,3.1));
#7798 = DIRECTION('',(0.,0.,1.));
#7799 = DIRECTION('',(1.,0.,-0.));
#7800 = ORIENTED_EDGE('',*,*,#7801,.T.);
#7801 = EDGE_CURVE('',#7793,#7339,#7802,.T.);
#7802 = LINE('',#7803,#7804);
#7803 = CARTESIAN_POINT('',(1.84,1.5,3.1));
#7804 = VECTOR('',#7805,1.);
#7805 = DIRECTION('',(0.,-1.,0.));
#7806 = ORIENTED_EDGE('',*,*,#7346,.T.);
#7807 = ORIENTED_EDGE('',*,*,#7761,.T.);
#7808 = PLANE('',#7809);
#7809 = AXIS2_PLACEMENT_3D('',#7810,#7811,#7812);
#7810 = CARTESIAN_POINT('',(2.54,0.,3.1));
#7811 = DIRECTION('',(0.,0.,1.));
#7812 = DIRECTION('',(1.,0.,-0.));
#7813 = ADVANCED_FACE('',(#7814),#7839,.F.);
#7814 = FACE_BOUND('',#7815,.F.);
#7815 = EDGE_LOOP('',(#7816,#7817,#7825,#7831,#7832,#7833));
#7816 = ORIENTED_EDGE('',*,*,#7321,.T.);
#7817 = ORIENTED_EDGE('',*,*,#7818,.T.);
#7818 = EDGE_CURVE('',#7313,#7819,#7821,.T.);
#7819 = VERTEX_POINT('',#7820);
#7820 = CARTESIAN_POINT('',(1.84,0.714142842854,3.1));
#7821 = LINE('',#7822,#7823);
#7822 = CARTESIAN_POINT('',(1.84,1.5,3.1));
#7823 = VECTOR('',#7824,1.);
#7824 = DIRECTION('',(0.,-1.,0.));
#7825 = ORIENTED_EDGE('',*,*,#7826,.T.);
#7826 = EDGE_CURVE('',#7819,#7793,#7827,.T.);
#7827 = LINE('',#7828,#7829);
#7828 = CARTESIAN_POINT('',(1.84,1.5,3.1));
#7829 = VECTOR('',#7830,1.);
#7830 = DIRECTION('',(0.,-1.,0.));
#7831 = ORIENTED_EDGE('',*,*,#7801,.T.);
#7832 = ORIENTED_EDGE('',*,*,#7338,.F.);
#7833 = ORIENTED_EDGE('',*,*,#7834,.F.);
#7834 = EDGE_CURVE('',#7322,#7330,#7835,.T.);
#7835 = LINE('',#7836,#7837);
#7836 = CARTESIAN_POINT('',(1.84,1.5,1.3));
#7837 = VECTOR('',#7838,1.);
#7838 = DIRECTION('',(0.,-1.,0.));
#7839 = PLANE('',#7840);
#7840 = AXIS2_PLACEMENT_3D('',#7841,#7842,#7843);
#7841 = CARTESIAN_POINT('',(1.84,1.5,1.3));
#7842 = DIRECTION('',(1.,0.,0.));
#7843 = DIRECTION('',(0.,-1.,0.));
#7844 = ADVANCED_FACE('',(#7845),#7849,.T.);
#7845 = FACE_BOUND('',#7846,.T.);
#7846 = EDGE_LOOP('',(#7847,#7848));
#7847 = ORIENTED_EDGE('',*,*,#7329,.T.);
#7848 = ORIENTED_EDGE('',*,*,#7834,.F.);
#7849 = PLANE('',#7850);
#7850 = AXIS2_PLACEMENT_3D('',#7851,#7852,#7853);
#7851 = CARTESIAN_POINT('',(2.544806784296,-0.771227859051,1.3));
#7852 = DIRECTION('',(2.223760898824E-18,5.742701858695E-17,1.));
#7853 = DIRECTION('',(-9.012298008873E-51,1.,-5.742701858695E-17));
#7854 = ADVANCED_FACE('',(#7855),#7867,.T.);
#7855 = FACE_BOUND('',#7856,.T.);
#7856 = EDGE_LOOP('',(#7857,#7858,#7859,#7866));
#7857 = ORIENTED_EDGE('',*,*,#7312,.T.);
#7858 = ORIENTED_EDGE('',*,*,#7818,.T.);
#7859 = ORIENTED_EDGE('',*,*,#7860,.F.);
#7860 = EDGE_CURVE('',#7770,#7819,#7861,.T.);
#7861 = CIRCLE('',#7862,1.);
#7862 = AXIS2_PLACEMENT_3D('',#7863,#7864,#7865);
#7863 = CARTESIAN_POINT('',(2.54,0.,3.1));
#7864 = DIRECTION('',(0.,0.,1.));
#7865 = DIRECTION('',(1.,0.,-0.));
#7866 = ORIENTED_EDGE('',*,*,#7777,.T.);
#7867 = PLANE('',#7868);
#7868 = AXIS2_PLACEMENT_3D('',#7869,#7870,#7871);
#7869 = CARTESIAN_POINT('',(2.54,0.,3.1));
#7870 = DIRECTION('',(0.,0.,1.));
#7871 = DIRECTION('',(1.,0.,-0.));
#7872 = ADVANCED_FACE('',(#7873),#7883,.T.);
#7873 = FACE_BOUND('',#7874,.T.);
#7874 = EDGE_LOOP('',(#7875,#7881,#7882));
#7875 = ORIENTED_EDGE('',*,*,#7876,.F.);
#7876 = EDGE_CURVE('',#7449,#7389,#7877,.T.);
#7877 = LINE('',#7878,#7879);
#7878 = CARTESIAN_POINT('',(0.7,-1.5,1.3));
#7879 = VECTOR('',#7880,1.);
#7880 = DIRECTION('',(0.,1.,0.));
#7881 = ORIENTED_EDGE('',*,*,#7456,.T.);
#7882 = ORIENTED_EDGE('',*,*,#7388,.T.);
#7883 = PLANE('',#7884);
#7884 = AXIS2_PLACEMENT_3D('',#7885,#7886,#7887);
#7885 = CARTESIAN_POINT('',(4.806784296126E-03,-0.771227859051,1.3));
#7886 = DIRECTION('',(2.223760898824E-18,5.742701858695E-17,1.));
#7887 = DIRECTION('',(-9.012298008873E-51,1.,-5.742701858695E-17));
#7888 = ADVANCED_FACE('',(#7889),#7916,.F.);
#7889 = FACE_BOUND('',#7890,.F.);
#7890 = EDGE_LOOP('',(#7891,#7892,#7893,#7901,#7909,#7915));
#7891 = ORIENTED_EDGE('',*,*,#7876,.F.);
#7892 = ORIENTED_EDGE('',*,*,#7448,.T.);
#7893 = ORIENTED_EDGE('',*,*,#7894,.T.);
#7894 = EDGE_CURVE('',#7440,#7895,#7897,.T.);
#7895 = VERTEX_POINT('',#7896);
#7896 = CARTESIAN_POINT('',(0.7,-0.714142842854,3.1));
#7897 = LINE('',#7898,#7899);
#7898 = CARTESIAN_POINT('',(0.7,-1.5,3.1));
#7899 = VECTOR('',#7900,1.);
#7900 = DIRECTION('',(0.,1.,0.));
#7901 = ORIENTED_EDGE('',*,*,#7902,.T.);
#7902 = EDGE_CURVE('',#7895,#7903,#7905,.T.);
#7903 = VERTEX_POINT('',#7904);
#7904 = CARTESIAN_POINT('',(0.7,0.714142842854,3.1));
#7905 = LINE('',#7906,#7907);
#7906 = CARTESIAN_POINT('',(0.7,-1.5,3.1));
#7907 = VECTOR('',#7908,1.);
#7908 = DIRECTION('',(0.,1.,0.));
#7909 = ORIENTED_EDGE('',*,*,#7910,.T.);
#7910 = EDGE_CURVE('',#7903,#7398,#7911,.T.);
#7911 = LINE('',#7912,#7913);
#7912 = CARTESIAN_POINT('',(0.7,-1.5,3.1));
#7913 = VECTOR('',#7914,1.);
#7914 = DIRECTION('',(0.,1.,0.));
#7915 = ORIENTED_EDGE('',*,*,#7397,.F.);
#7916 = PLANE('',#7917);
#7917 = AXIS2_PLACEMENT_3D('',#7918,#7919,#7920);
#7918 = CARTESIAN_POINT('',(0.7,-1.5,1.3));
#7919 = DIRECTION('',(-1.,0.,0.));
#7920 = DIRECTION('',(0.,1.,0.));
#7921 = ADVANCED_FACE('',(#7922),#7941,.T.);
#7922 = FACE_BOUND('',#7923,.T.);
#7923 = EDGE_LOOP('',(#7924,#7933,#7939,#7940));
#7924 = ORIENTED_EDGE('',*,*,#7925,.F.);
#7925 = EDGE_CURVE('',#7926,#7895,#7928,.T.);
#7926 = VERTEX_POINT('',#7927);
#7927 = CARTESIAN_POINT('',(-0.7,-0.714142842854,3.1));
#7928 = CIRCLE('',#7929,1.);
#7929 = AXIS2_PLACEMENT_3D('',#7930,#7931,#7932);
#7930 = CARTESIAN_POINT('',(0.,0.,3.1));
#7931 = DIRECTION('',(0.,0.,1.));
#7932 = DIRECTION('',(1.,0.,-0.));
#7933 = ORIENTED_EDGE('',*,*,#7934,.T.);
#7934 = EDGE_CURVE('',#7926,#7432,#7935,.T.);
#7935 = LINE('',#7936,#7937);
#7936 = CARTESIAN_POINT('',(-0.7,1.5,3.1));
#7937 = VECTOR('',#7938,1.);
#7938 = DIRECTION('',(0.,-1.,0.));
#7939 = ORIENTED_EDGE('',*,*,#7439,.T.);
#7940 = ORIENTED_EDGE('',*,*,#7894,.T.);
#7941 = PLANE('',#7942);
#7942 = AXIS2_PLACEMENT_3D('',#7943,#7944,#7945);
#7943 = CARTESIAN_POINT('',(0.,0.,3.1));
#7944 = DIRECTION('',(0.,0.,1.));
#7945 = DIRECTION('',(1.,0.,-0.));
#7946 = ADVANCED_FACE('',(#7947),#7972,.F.);
#7947 = FACE_BOUND('',#7948,.F.);
#7948 = EDGE_LOOP('',(#7949,#7950,#7958,#7964,#7965,#7966));
#7949 = ORIENTED_EDGE('',*,*,#7414,.T.);
#7950 = ORIENTED_EDGE('',*,*,#7951,.T.);
#7951 = EDGE_CURVE('',#7406,#7952,#7954,.T.);
#7952 = VERTEX_POINT('',#7953);
#7953 = CARTESIAN_POINT('',(-0.7,0.714142842854,3.1));
#7954 = LINE('',#7955,#7956);
#7955 = CARTESIAN_POINT('',(-0.7,1.5,3.1));
#7956 = VECTOR('',#7957,1.);
#7957 = DIRECTION('',(0.,-1.,0.));
#7958 = ORIENTED_EDGE('',*,*,#7959,.T.);
#7959 = EDGE_CURVE('',#7952,#7926,#7960,.T.);
#7960 = LINE('',#7961,#7962);
#7961 = CARTESIAN_POINT('',(-0.7,1.5,3.1));
#7962 = VECTOR('',#7963,1.);
#7963 = DIRECTION('',(0.,-1.,0.));
#7964 = ORIENTED_EDGE('',*,*,#7934,.T.);
#7965 = ORIENTED_EDGE('',*,*,#7431,.F.);
#7966 = ORIENTED_EDGE('',*,*,#7967,.F.);
#7967 = EDGE_CURVE('',#7415,#7423,#7968,.T.);
#7968 = LINE('',#7969,#7970);
#7969 = CARTESIAN_POINT('',(-0.7,1.5,1.3));
#7970 = VECTOR('',#7971,1.);
#7971 = DIRECTION('',(0.,-1.,0.));
#7972 = PLANE('',#7973);
#7973 = AXIS2_PLACEMENT_3D('',#7974,#7975,#7976);
#7974 = CARTESIAN_POINT('',(-0.7,1.5,1.3));
#7975 = DIRECTION('',(1.,0.,0.));
#7976 = DIRECTION('',(0.,-1.,0.));
#7977 = ADVANCED_FACE('',(#7978),#7982,.T.);
#7978 = FACE_BOUND('',#7979,.T.);
#7979 = EDGE_LOOP('',(#7980,#7981));
#7980 = ORIENTED_EDGE('',*,*,#7422,.T.);
#7981 = ORIENTED_EDGE('',*,*,#7967,.F.);
#7982 = PLANE('',#7983);
#7983 = AXIS2_PLACEMENT_3D('',#7984,#7985,#7986);
#7984 = CARTESIAN_POINT('',(4.806784296126E-03,-0.771227859051,1.3));
#7985 = DIRECTION('',(2.223760898824E-18,5.742701858695E-17,1.));
#7986 = DIRECTION('',(-9.012298008873E-51,1.,-5.742701858695E-17));
#7987 = ADVANCED_FACE('',(#7988),#8000,.T.);
#7988 = FACE_BOUND('',#7989,.T.);
#7989 = EDGE_LOOP('',(#7990,#7991,#7992,#7999));
#7990 = ORIENTED_EDGE('',*,*,#7405,.T.);
#7991 = ORIENTED_EDGE('',*,*,#7951,.T.);
#7992 = ORIENTED_EDGE('',*,*,#7993,.F.);
#7993 = EDGE_CURVE('',#7903,#7952,#7994,.T.);
#7994 = CIRCLE('',#7995,1.);
#7995 = AXIS2_PLACEMENT_3D('',#7996,#7997,#7998);
#7996 = CARTESIAN_POINT('',(0.,0.,3.1));
#7997 = DIRECTION('',(0.,0.,1.));
#7998 = DIRECTION('',(1.,0.,-0.));
#7999 = ORIENTED_EDGE('',*,*,#7910,.T.);
#8000 = PLANE('',#8001);
#8001 = AXIS2_PLACEMENT_3D('',#8002,#8003,#8004);
#8002 = CARTESIAN_POINT('',(0.,0.,3.1));
#8003 = DIRECTION('',(0.,0.,1.));
#8004 = DIRECTION('',(1.,0.,-0.));
#8005 = ADVANCED_FACE('',(#8006),#8031,.T.);
#8006 = FACE_BOUND('',#8007,.T.);
#8007 = EDGE_LOOP('',(#8008,#8016,#8017,#8025));
#8008 = ORIENTED_EDGE('',*,*,#8009,.T.);
#8009 = EDGE_CURVE('',#8010,#7479,#8012,.T.);
#8010 = VERTEX_POINT('',#8011);
#8011 = CARTESIAN_POINT('',(-0.5,1.5,2.9));
#8012 = LINE('',#8013,#8014);
#8013 = CARTESIAN_POINT('',(-0.5,1.5,2.9));
#8014 = VECTOR('',#8015,1.);
#8015 = DIRECTION('',(0.,-1.,0.));
#8016 = ORIENTED_EDGE('',*,*,#7478,.T.);
#8017 = ORIENTED_EDGE('',*,*,#8018,.F.);
#8018 = EDGE_CURVE('',#8019,#7481,#8021,.T.);
#8019 = VERTEX_POINT('',#8020);
#8020 = CARTESIAN_POINT('',(-0.5,1.5,1.5));
#8021 = LINE('',#8022,#8023);
#8022 = CARTESIAN_POINT('',(-0.5,1.5,1.5));
#8023 = VECTOR('',#8024,1.);
#8024 = DIRECTION('',(0.,-1.,0.));
#8025 = ORIENTED_EDGE('',*,*,#8026,.F.);
#8026 = EDGE_CURVE('',#8010,#8019,#8027,.T.);
#8027 = LINE('',#8028,#8029);
#8028 = CARTESIAN_POINT('',(-0.5,1.5,2.9));
#8029 = VECTOR('',#8030,1.);
#8030 = DIRECTION('',(0.,0.,-1.));
#8031 = PLANE('',#8032);
#8032 = AXIS2_PLACEMENT_3D('',#8033,#8034,#8035);
#8033 = CARTESIAN_POINT('',(-0.5,1.5,2.9));
#8034 = DIRECTION('',(1.,0.,0.));
#8035 = DIRECTION('',(0.,0.,-1.));
#8036 = ADVANCED_FACE('',(#8037),#8055,.T.);
#8037 = FACE_BOUND('',#8038,.T.);
#8038 = EDGE_LOOP('',(#8039,#8047,#8048,#8049));
#8039 = ORIENTED_EDGE('',*,*,#8040,.T.);
#8040 = EDGE_CURVE('',#8041,#7497,#8043,.T.);
#8041 = VERTEX_POINT('',#8042);
#8042 = CARTESIAN_POINT('',(0.5,1.5,2.9));
#8043 = LINE('',#8044,#8045);
#8044 = CARTESIAN_POINT('',(0.5,1.5,2.9));
#8045 = VECTOR('',#8046,1.);
#8046 = DIRECTION('',(0.,-1.,0.));
#8047 = ORIENTED_EDGE('',*,*,#7504,.T.);
#8048 = ORIENTED_EDGE('',*,*,#8009,.F.);
#8049 = ORIENTED_EDGE('',*,*,#8050,.F.);
#8050 = EDGE_CURVE('',#8041,#8010,#8051,.T.);
#8051 = LINE('',#8052,#8053);
#8052 = CARTESIAN_POINT('',(0.5,1.5,2.9));
#8053 = VECTOR('',#8054,1.);
#8054 = DIRECTION('',(-1.,0.,0.));
#8055 = PLANE('',#8056);
#8056 = AXIS2_PLACEMENT_3D('',#8057,#8058,#8059);
#8057 = CARTESIAN_POINT('',(0.5,1.5,2.9));
#8058 = DIRECTION('',(-0.,-0.,-1.));
#8059 = DIRECTION('',(-1.,0.,0.));
#8060 = ADVANCED_FACE('',(#8061),#8079,.T.);
#8061 = FACE_BOUND('',#8062,.T.);
#8062 = EDGE_LOOP('',(#8063,#8071,#8072,#8073));
#8063 = ORIENTED_EDGE('',*,*,#8064,.T.);
#8064 = EDGE_CURVE('',#8065,#7489,#8067,.T.);
#8065 = VERTEX_POINT('',#8066);
#8066 = CARTESIAN_POINT('',(0.5,1.5,1.5));
#8067 = LINE('',#8068,#8069);
#8068 = CARTESIAN_POINT('',(0.5,1.5,1.5));
#8069 = VECTOR('',#8070,1.);
#8070 = DIRECTION('',(0.,-1.,0.));
#8071 = ORIENTED_EDGE('',*,*,#7496,.T.);
#8072 = ORIENTED_EDGE('',*,*,#8040,.F.);
#8073 = ORIENTED_EDGE('',*,*,#8074,.F.);
#8074 = EDGE_CURVE('',#8065,#8041,#8075,.T.);
#8075 = LINE('',#8076,#8077);
#8076 = CARTESIAN_POINT('',(0.5,1.5,1.5));
#8077 = VECTOR('',#8078,1.);
#8078 = DIRECTION('',(0.,0.,1.));
#8079 = PLANE('',#8080);
#8080 = AXIS2_PLACEMENT_3D('',#8081,#8082,#8083);
#8081 = CARTESIAN_POINT('',(0.5,1.5,1.5));
#8082 = DIRECTION('',(-1.,0.,0.));
#8083 = DIRECTION('',(0.,0.,1.));
#8084 = ADVANCED_FACE('',(#8085),#8096,.T.);
#8085 = FACE_BOUND('',#8086,.T.);
#8086 = EDGE_LOOP('',(#8087,#8088,#8089,#8090));
#8087 = ORIENTED_EDGE('',*,*,#8018,.T.);
#8088 = ORIENTED_EDGE('',*,*,#7488,.T.);
#8089 = ORIENTED_EDGE('',*,*,#8064,.F.);
#8090 = ORIENTED_EDGE('',*,*,#8091,.F.);
#8091 = EDGE_CURVE('',#8019,#8065,#8092,.T.);
#8092 = LINE('',#8093,#8094);
#8093 = CARTESIAN_POINT('',(-0.5,1.5,1.5));
#8094 = VECTOR('',#8095,1.);
#8095 = DIRECTION('',(1.,0.,0.));
#8096 = PLANE('',#8097);
#8097 = AXIS2_PLACEMENT_3D('',#8098,#8099,#8100);
#8098 = CARTESIAN_POINT('',(-0.5,1.5,1.5));
#8099 = DIRECTION('',(0.,0.,1.));
#8100 = DIRECTION('',(1.,0.,-0.));
#8101 = ADVANCED_FACE('',(#8102),#8127,.T.);
#8102 = FACE_BOUND('',#8103,.T.);
#8103 = EDGE_LOOP('',(#8104,#8112,#8113,#8121));
#8104 = ORIENTED_EDGE('',*,*,#8105,.T.);
#8105 = EDGE_CURVE('',#8106,#7525,#8108,.T.);
#8106 = VERTEX_POINT('',#8107);
#8107 = CARTESIAN_POINT('',(2.04,1.5,2.9));
#8108 = LINE('',#8109,#8110);
#8109 = CARTESIAN_POINT('',(2.04,1.5,2.9));
#8110 = VECTOR('',#8111,1.);
#8111 = DIRECTION('',(0.,-1.,0.));
#8112 = ORIENTED_EDGE('',*,*,#7524,.T.);
#8113 = ORIENTED_EDGE('',*,*,#8114,.F.);
#8114 = EDGE_CURVE('',#8115,#7527,#8117,.T.);
#8115 = VERTEX_POINT('',#8116);
#8116 = CARTESIAN_POINT('',(2.04,1.5,1.5));
#8117 = LINE('',#8118,#8119);
#8118 = CARTESIAN_POINT('',(2.04,1.5,1.5));
#8119 = VECTOR('',#8120,1.);
#8120 = DIRECTION('',(0.,-1.,0.));
#8121 = ORIENTED_EDGE('',*,*,#8122,.F.);
#8122 = EDGE_CURVE('',#8106,#8115,#8123,.T.);
#8123 = LINE('',#8124,#8125);
#8124 = CARTESIAN_POINT('',(2.04,1.5,2.9));
#8125 = VECTOR('',#8126,1.);
#8126 = DIRECTION('',(0.,0.,-1.));
#8127 = PLANE('',#8128);
#8128 = AXIS2_PLACEMENT_3D('',#8129,#8130,#8131);
#8129 = CARTESIAN_POINT('',(2.04,1.5,2.9));
#8130 = DIRECTION('',(1.,0.,0.));
#8131 = DIRECTION('',(0.,0.,-1.));
#8132 = ADVANCED_FACE('',(#8133),#8151,.T.);
#8133 = FACE_BOUND('',#8134,.T.);
#8134 = EDGE_LOOP('',(#8135,#8143,#8144,#8145));
#8135 = ORIENTED_EDGE('',*,*,#8136,.T.);
#8136 = EDGE_CURVE('',#8137,#7543,#8139,.T.);
#8137 = VERTEX_POINT('',#8138);
#8138 = CARTESIAN_POINT('',(3.04,1.5,2.9));
#8139 = LINE('',#8140,#8141);
#8140 = CARTESIAN_POINT('',(3.04,1.5,2.9));
#8141 = VECTOR('',#8142,1.);
#8142 = DIRECTION('',(0.,-1.,0.));
#8143 = ORIENTED_EDGE('',*,*,#7550,.T.);
#8144 = ORIENTED_EDGE('',*,*,#8105,.F.);
#8145 = ORIENTED_EDGE('',*,*,#8146,.F.);
#8146 = EDGE_CURVE('',#8137,#8106,#8147,.T.);
#8147 = LINE('',#8148,#8149);
#8148 = CARTESIAN_POINT('',(3.04,1.5,2.9));
#8149 = VECTOR('',#8150,1.);
#8150 = DIRECTION('',(-1.,0.,0.));
#8151 = PLANE('',#8152);
#8152 = AXIS2_PLACEMENT_3D('',#8153,#8154,#8155);
#8153 = CARTESIAN_POINT('',(3.04,1.5,2.9));
#8154 = DIRECTION('',(-0.,-0.,-1.));
#8155 = DIRECTION('',(-1.,0.,0.));
#8156 = ADVANCED_FACE('',(#8157),#8175,.T.);
#8157 = FACE_BOUND('',#8158,.T.);
#8158 = EDGE_LOOP('',(#8159,#8167,#8168,#8169));
#8159 = ORIENTED_EDGE('',*,*,#8160,.T.);
#8160 = EDGE_CURVE('',#8161,#7535,#8163,.T.);
#8161 = VERTEX_POINT('',#8162);
#8162 = CARTESIAN_POINT('',(3.04,1.5,1.5));
#8163 = LINE('',#8164,#8165);
#8164 = CARTESIAN_POINT('',(3.04,1.5,1.5));
#8165 = VECTOR('',#8166,1.);
#8166 = DIRECTION('',(0.,-1.,0.));
#8167 = ORIENTED_EDGE('',*,*,#7542,.T.);
#8168 = ORIENTED_EDGE('',*,*,#8136,.F.);
#8169 = ORIENTED_EDGE('',*,*,#8170,.F.);
#8170 = EDGE_CURVE('',#8161,#8137,#8171,.T.);
#8171 = LINE('',#8172,#8173);
#8172 = CARTESIAN_POINT('',(3.04,1.5,1.5));
#8173 = VECTOR('',#8174,1.);
#8174 = DIRECTION('',(0.,0.,1.));
#8175 = PLANE('',#8176);
#8176 = AXIS2_PLACEMENT_3D('',#8177,#8178,#8179);
#8177 = CARTESIAN_POINT('',(3.04,1.5,1.5));
#8178 = DIRECTION('',(-1.,0.,0.));
#8179 = DIRECTION('',(0.,0.,1.));
#8180 = ADVANCED_FACE('',(#8181),#8192,.T.);
#8181 = FACE_BOUND('',#8182,.T.);
#8182 = EDGE_LOOP('',(#8183,#8184,#8185,#8186));
#8183 = ORIENTED_EDGE('',*,*,#8114,.T.);
#8184 = ORIENTED_EDGE('',*,*,#7534,.T.);
#8185 = ORIENTED_EDGE('',*,*,#8160,.F.);
#8186 = ORIENTED_EDGE('',*,*,#8187,.F.);
#8187 = EDGE_CURVE('',#8115,#8161,#8188,.T.);
#8188 = LINE('',#8189,#8190);
#8189 = CARTESIAN_POINT('',(2.04,1.5,1.5));
#8190 = VECTOR('',#8191,1.);
#8191 = DIRECTION('',(1.,0.,0.));
#8192 = PLANE('',#8193);
#8193 = AXIS2_PLACEMENT_3D('',#8194,#8195,#8196);
#8194 = CARTESIAN_POINT('',(2.04,1.5,1.5));
#8195 = DIRECTION('',(0.,0.,1.));
#8196 = DIRECTION('',(1.,0.,-0.));
#8197 = ADVANCED_FACE('',(#8198),#8223,.T.);
#8198 = FACE_BOUND('',#8199,.T.);
#8199 = EDGE_LOOP('',(#8200,#8208,#8209,#8217));
#8200 = ORIENTED_EDGE('',*,*,#8201,.T.);
#8201 = EDGE_CURVE('',#8202,#7571,#8204,.T.);
#8202 = VERTEX_POINT('',#8203);
#8203 = CARTESIAN_POINT('',(4.58,1.5,2.9));
#8204 = LINE('',#8205,#8206);
#8205 = CARTESIAN_POINT('',(4.58,1.5,2.9));
#8206 = VECTOR('',#8207,1.);
#8207 = DIRECTION('',(0.,-1.,0.));
#8208 = ORIENTED_EDGE('',*,*,#7570,.T.);
#8209 = ORIENTED_EDGE('',*,*,#8210,.F.);
#8210 = EDGE_CURVE('',#8211,#7573,#8213,.T.);
#8211 = VERTEX_POINT('',#8212);
#8212 = CARTESIAN_POINT('',(4.58,1.5,1.5));
#8213 = LINE('',#8214,#8215);
#8214 = CARTESIAN_POINT('',(4.58,1.5,1.5));
#8215 = VECTOR('',#8216,1.);
#8216 = DIRECTION('',(0.,-1.,0.));
#8217 = ORIENTED_EDGE('',*,*,#8218,.F.);
#8218 = EDGE_CURVE('',#8202,#8211,#8219,.T.);
#8219 = LINE('',#8220,#8221);
#8220 = CARTESIAN_POINT('',(4.58,1.5,2.9));
#8221 = VECTOR('',#8222,1.);
#8222 = DIRECTION('',(0.,0.,-1.));
#8223 = PLANE('',#8224);
#8224 = AXIS2_PLACEMENT_3D('',#8225,#8226,#8227);
#8225 = CARTESIAN_POINT('',(4.58,1.5,2.9));
#8226 = DIRECTION('',(1.,0.,0.));
#8227 = DIRECTION('',(0.,0.,-1.));
#8228 = ADVANCED_FACE('',(#8229),#8247,.T.);
#8229 = FACE_BOUND('',#8230,.T.);
#8230 = EDGE_LOOP('',(#8231,#8239,#8240,#8241));
#8231 = ORIENTED_EDGE('',*,*,#8232,.T.);
#8232 = EDGE_CURVE('',#8233,#7589,#8235,.T.);
#8233 = VERTEX_POINT('',#8234);
#8234 = CARTESIAN_POINT('',(5.58,1.5,2.9));
#8235 = LINE('',#8236,#8237);
#8236 = CARTESIAN_POINT('',(5.58,1.5,2.9));
#8237 = VECTOR('',#8238,1.);
#8238 = DIRECTION('',(0.,-1.,0.));
#8239 = ORIENTED_EDGE('',*,*,#7596,.T.);
#8240 = ORIENTED_EDGE('',*,*,#8201,.F.);
#8241 = ORIENTED_EDGE('',*,*,#8242,.F.);
#8242 = EDGE_CURVE('',#8233,#8202,#8243,.T.);
#8243 = LINE('',#8244,#8245);
#8244 = CARTESIAN_POINT('',(5.58,1.5,2.9));
#8245 = VECTOR('',#8246,1.);
#8246 = DIRECTION('',(-1.,0.,0.));
#8247 = PLANE('',#8248);
#8248 = AXIS2_PLACEMENT_3D('',#8249,#8250,#8251);
#8249 = CARTESIAN_POINT('',(5.58,1.5,2.9));
#8250 = DIRECTION('',(-0.,-0.,-1.));
#8251 = DIRECTION('',(-1.,0.,0.));
#8252 = ADVANCED_FACE('',(#8253),#8271,.T.);
#8253 = FACE_BOUND('',#8254,.T.);
#8254 = EDGE_LOOP('',(#8255,#8263,#8264,#8265));
#8255 = ORIENTED_EDGE('',*,*,#8256,.T.);
#8256 = EDGE_CURVE('',#8257,#7581,#8259,.T.);
#8257 = VERTEX_POINT('',#8258);
#8258 = CARTESIAN_POINT('',(5.58,1.5,1.5));
#8259 = LINE('',#8260,#8261);
#8260 = CARTESIAN_POINT('',(5.58,1.5,1.5));
#8261 = VECTOR('',#8262,1.);
#8262 = DIRECTION('',(0.,-1.,0.));
#8263 = ORIENTED_EDGE('',*,*,#7588,.T.);
#8264 = ORIENTED_EDGE('',*,*,#8232,.F.);
#8265 = ORIENTED_EDGE('',*,*,#8266,.F.);
#8266 = EDGE_CURVE('',#8257,#8233,#8267,.T.);
#8267 = LINE('',#8268,#8269);
#8268 = CARTESIAN_POINT('',(5.58,1.5,1.5));
#8269 = VECTOR('',#8270,1.);
#8270 = DIRECTION('',(0.,0.,1.));
#8271 = PLANE('',#8272);
#8272 = AXIS2_PLACEMENT_3D('',#8273,#8274,#8275);
#8273 = CARTESIAN_POINT('',(5.58,1.5,1.5));
#8274 = DIRECTION('',(-1.,0.,0.));
#8275 = DIRECTION('',(0.,0.,1.));
#8276 = ADVANCED_FACE('',(#8277),#8288,.T.);
#8277 = FACE_BOUND('',#8278,.T.);
#8278 = EDGE_LOOP('',(#8279,#8280,#8281,#8282));
#8279 = ORIENTED_EDGE('',*,*,#8210,.T.);
#8280 = ORIENTED_EDGE('',*,*,#7580,.T.);
#8281 = ORIENTED_EDGE('',*,*,#8256,.F.);
#8282 = ORIENTED_EDGE('',*,*,#8283,.F.);
#8283 = EDGE_CURVE('',#8211,#8257,#8284,.T.);
#8284 = LINE('',#8285,#8286);
#8285 = CARTESIAN_POINT('',(4.58,1.5,1.5));
#8286 = VECTOR('',#8287,1.);
#8287 = DIRECTION('',(1.,0.,0.));
#8288 = PLANE('',#8289);
#8289 = AXIS2_PLACEMENT_3D('',#8290,#8291,#8292);
#8290 = CARTESIAN_POINT('',(4.58,1.5,1.5));
#8291 = DIRECTION('',(0.,0.,1.));
#8292 = DIRECTION('',(1.,0.,-0.));
#8293 = ADVANCED_FACE('',(#8294),#8313,.F.);
#8294 = FACE_BOUND('',#8295,.F.);
#8295 = EDGE_LOOP('',(#8296,#8305,#8312));
#8296 = ORIENTED_EDGE('',*,*,#8297,.T.);
#8297 = EDGE_CURVE('',#7629,#8298,#8300,.T.);
#8298 = VERTEX_POINT('',#8299);
#8299 = CARTESIAN_POINT('',(6.08,0.,3.1));
#8300 = CIRCLE('',#8301,1.);
#8301 = AXIS2_PLACEMENT_3D('',#8302,#8303,#8304);
#8302 = CARTESIAN_POINT('',(5.08,0.,3.1));
#8303 = DIRECTION('',(0.,0.,1.));
#8304 = DIRECTION('',(1.,0.,-0.));
#8305 = ORIENTED_EDGE('',*,*,#8306,.T.);
#8306 = EDGE_CURVE('',#8298,#7637,#8307,.T.);
#8307 = CIRCLE('',#8308,1.);
#8308 = AXIS2_PLACEMENT_3D('',#8309,#8310,#8311);
#8309 = CARTESIAN_POINT('',(5.08,0.,3.1));
#8310 = DIRECTION('',(0.,0.,1.));
#8311 = DIRECTION('',(1.,0.,-0.));
#8312 = ORIENTED_EDGE('',*,*,#7636,.F.);
#8313 = PLANE('',#8314);
#8314 = AXIS2_PLACEMENT_3D('',#8315,#8316,#8317);
#8315 = CARTESIAN_POINT('',(5.08,1.910944170279E-18,3.1));
#8316 = DIRECTION('',(0.,0.,1.));
#8317 = DIRECTION('',(1.,0.,-0.));
#8318 = ADVANCED_FACE('',(#8319),#8416,.T.);
#8319 = FACE_BOUND('',#8320,.T.);
#8320 = EDGE_LOOP('',(#8321,#8332,#8340,#8349,#8357,#8366,#8374,#8383,
    #8391,#8398,#8404,#8405,#8406,#8413,#8414,#8415));
#8321 = ORIENTED_EDGE('',*,*,#8322,.F.);
#8322 = EDGE_CURVE('',#8323,#8325,#8327,.T.);
#8323 = VERTEX_POINT('',#8324);
#8324 = CARTESIAN_POINT('',(5.43,-0.93674969976,8.3));
#8325 = VERTEX_POINT('',#8326);
#8326 = CARTESIAN_POINT('',(6.08,0.,8.3));
#8327 = CIRCLE('',#8328,1.);
#8328 = AXIS2_PLACEMENT_3D('',#8329,#8330,#8331);
#8329 = CARTESIAN_POINT('',(5.08,0.,8.3));
#8330 = DIRECTION('',(0.,0.,1.));
#8331 = DIRECTION('',(1.,0.,-0.));
#8332 = ORIENTED_EDGE('',*,*,#8333,.T.);
#8333 = EDGE_CURVE('',#8323,#8334,#8336,.T.);
#8334 = VERTEX_POINT('',#8335);
#8335 = CARTESIAN_POINT('',(5.43,-0.93674969976,7.6));
#8336 = LINE('',#8337,#8338);
#8337 = CARTESIAN_POINT('',(5.43,-0.93674969976,3.1));
#8338 = VECTOR('',#8339,1.);
#8339 = DIRECTION('',(-0.,-0.,-1.));
#8340 = ORIENTED_EDGE('',*,*,#8341,.T.);
#8341 = EDGE_CURVE('',#8334,#8342,#8344,.T.);
#8342 = VERTEX_POINT('',#8343);
#8343 = CARTESIAN_POINT('',(4.73,-0.93674969976,7.6));
#8344 = CIRCLE('',#8345,1.);
#8345 = AXIS2_PLACEMENT_3D('',#8346,#8347,#8348);
#8346 = CARTESIAN_POINT('',(5.08,0.,7.6));
#8347 = DIRECTION('',(0.,0.,-1.));
#8348 = DIRECTION('',(1.,0.,0.));
#8349 = ORIENTED_EDGE('',*,*,#8350,.F.);
#8350 = EDGE_CURVE('',#8351,#8342,#8353,.T.);
#8351 = VERTEX_POINT('',#8352);
#8352 = CARTESIAN_POINT('',(4.73,-0.93674969976,8.3));
#8353 = LINE('',#8354,#8355);
#8354 = CARTESIAN_POINT('',(4.73,-0.93674969976,3.1));
#8355 = VECTOR('',#8356,1.);
#8356 = DIRECTION('',(-0.,-0.,-1.));
#8357 = ORIENTED_EDGE('',*,*,#8358,.F.);
#8358 = EDGE_CURVE('',#8359,#8351,#8361,.T.);
#8359 = VERTEX_POINT('',#8360);
#8360 = CARTESIAN_POINT('',(4.73,0.93674969976,8.3));
#8361 = CIRCLE('',#8362,1.);
#8362 = AXIS2_PLACEMENT_3D('',#8363,#8364,#8365);
#8363 = CARTESIAN_POINT('',(5.08,0.,8.3));
#8364 = DIRECTION('',(0.,0.,1.));
#8365 = DIRECTION('',(1.,0.,-0.));
#8366 = ORIENTED_EDGE('',*,*,#8367,.T.);
#8367 = EDGE_CURVE('',#8359,#8368,#8370,.T.);
#8368 = VERTEX_POINT('',#8369);
#8369 = CARTESIAN_POINT('',(4.73,0.93674969976,7.6));
#8370 = LINE('',#8371,#8372);
#8371 = CARTESIAN_POINT('',(4.73,0.93674969976,3.1));
#8372 = VECTOR('',#8373,1.);
#8373 = DIRECTION('',(-0.,-0.,-1.));
#8374 = ORIENTED_EDGE('',*,*,#8375,.T.);
#8375 = EDGE_CURVE('',#8368,#8376,#8378,.T.);
#8376 = VERTEX_POINT('',#8377);
#8377 = CARTESIAN_POINT('',(5.43,0.93674969976,7.6));
#8378 = CIRCLE('',#8379,1.);
#8379 = AXIS2_PLACEMENT_3D('',#8380,#8381,#8382);
#8380 = CARTESIAN_POINT('',(5.08,0.,7.6));
#8381 = DIRECTION('',(0.,0.,-1.));
#8382 = DIRECTION('',(1.,0.,0.));
#8383 = ORIENTED_EDGE('',*,*,#8384,.F.);
#8384 = EDGE_CURVE('',#8385,#8376,#8387,.T.);
#8385 = VERTEX_POINT('',#8386);
#8386 = CARTESIAN_POINT('',(5.43,0.93674969976,8.3));
#8387 = LINE('',#8388,#8389);
#8388 = CARTESIAN_POINT('',(5.43,0.93674969976,3.1));
#8389 = VECTOR('',#8390,1.);
#8390 = DIRECTION('',(-0.,-0.,-1.));
#8391 = ORIENTED_EDGE('',*,*,#8392,.F.);
#8392 = EDGE_CURVE('',#8325,#8385,#8393,.T.);
#8393 = CIRCLE('',#8394,1.);
#8394 = AXIS2_PLACEMENT_3D('',#8395,#8396,#8397);
#8395 = CARTESIAN_POINT('',(5.08,0.,8.3));
#8396 = DIRECTION('',(0.,0.,1.));
#8397 = DIRECTION('',(1.,0.,-0.));
#8398 = ORIENTED_EDGE('',*,*,#8399,.F.);
#8399 = EDGE_CURVE('',#8298,#8325,#8400,.T.);
#8400 = LINE('',#8401,#8402);
#8401 = CARTESIAN_POINT('',(6.08,0.,3.1));
#8402 = VECTOR('',#8403,1.);
#8403 = DIRECTION('',(0.,0.,1.));
#8404 = ORIENTED_EDGE('',*,*,#8306,.T.);
#8405 = ORIENTED_EDGE('',*,*,#7727,.T.);
#8406 = ORIENTED_EDGE('',*,*,#8407,.T.);
#8407 = EDGE_CURVE('',#7686,#7660,#8408,.T.);
#8408 = CIRCLE('',#8409,1.);
#8409 = AXIS2_PLACEMENT_3D('',#8410,#8411,#8412);
#8410 = CARTESIAN_POINT('',(5.08,0.,3.1));
#8411 = DIRECTION('',(0.,0.,1.));
#8412 = DIRECTION('',(1.,0.,-0.));
#8413 = ORIENTED_EDGE('',*,*,#7659,.T.);
#8414 = ORIENTED_EDGE('',*,*,#8297,.T.);
#8415 = ORIENTED_EDGE('',*,*,#8399,.T.);
#8416 = CYLINDRICAL_SURFACE('',#8417,1.);
#8417 = AXIS2_PLACEMENT_3D('',#8418,#8419,#8420);
#8418 = CARTESIAN_POINT('',(5.08,0.,3.1));
#8419 = DIRECTION('',(-0.,-0.,-1.));
#8420 = DIRECTION('',(1.,0.,0.));
#8421 = ADVANCED_FACE('',(#8422),#8426,.F.);
#8422 = FACE_BOUND('',#8423,.F.);
#8423 = EDGE_LOOP('',(#8424,#8425));
#8424 = ORIENTED_EDGE('',*,*,#7693,.F.);
#8425 = ORIENTED_EDGE('',*,*,#8407,.T.);
#8426 = PLANE('',#8427);
#8427 = AXIS2_PLACEMENT_3D('',#8428,#8429,#8430);
#8428 = CARTESIAN_POINT('',(5.08,1.910944170279E-18,3.1));
#8429 = DIRECTION('',(0.,0.,1.));
#8430 = DIRECTION('',(1.,0.,-0.));
#8431 = ADVANCED_FACE('',(#8432),#8451,.F.);
#8432 = FACE_BOUND('',#8433,.F.);
#8433 = EDGE_LOOP('',(#8434,#8443,#8450));
#8434 = ORIENTED_EDGE('',*,*,#8435,.T.);
#8435 = EDGE_CURVE('',#7762,#8436,#8438,.T.);
#8436 = VERTEX_POINT('',#8437);
#8437 = CARTESIAN_POINT('',(3.54,0.,3.1));
#8438 = CIRCLE('',#8439,1.);
#8439 = AXIS2_PLACEMENT_3D('',#8440,#8441,#8442);
#8440 = CARTESIAN_POINT('',(2.54,0.,3.1));
#8441 = DIRECTION('',(0.,0.,1.));
#8442 = DIRECTION('',(1.,0.,-0.));
#8443 = ORIENTED_EDGE('',*,*,#8444,.T.);
#8444 = EDGE_CURVE('',#8436,#7770,#8445,.T.);
#8445 = CIRCLE('',#8446,1.);
#8446 = AXIS2_PLACEMENT_3D('',#8447,#8448,#8449);
#8447 = CARTESIAN_POINT('',(2.54,0.,3.1));
#8448 = DIRECTION('',(0.,0.,1.));
#8449 = DIRECTION('',(1.,0.,-0.));
#8450 = ORIENTED_EDGE('',*,*,#7769,.F.);
#8451 = PLANE('',#8452);
#8452 = AXIS2_PLACEMENT_3D('',#8453,#8454,#8455);
#8453 = CARTESIAN_POINT('',(2.54,1.910944170279E-18,3.1));
#8454 = DIRECTION('',(0.,0.,1.));
#8455 = DIRECTION('',(1.,0.,-0.));
#8456 = ADVANCED_FACE('',(#8457),#8554,.T.);
#8457 = FACE_BOUND('',#8458,.T.);
#8458 = EDGE_LOOP('',(#8459,#8470,#8478,#8487,#8495,#8504,#8512,#8521,
    #8529,#8536,#8542,#8543,#8544,#8551,#8552,#8553));
#8459 = ORIENTED_EDGE('',*,*,#8460,.F.);
#8460 = EDGE_CURVE('',#8461,#8463,#8465,.T.);
#8461 = VERTEX_POINT('',#8462);
#8462 = CARTESIAN_POINT('',(2.89,-0.93674969976,8.3));
#8463 = VERTEX_POINT('',#8464);
#8464 = CARTESIAN_POINT('',(3.54,0.,8.3));
#8465 = CIRCLE('',#8466,1.);
#8466 = AXIS2_PLACEMENT_3D('',#8467,#8468,#8469);
#8467 = CARTESIAN_POINT('',(2.54,0.,8.3));
#8468 = DIRECTION('',(0.,0.,1.));
#8469 = DIRECTION('',(1.,0.,-0.));
#8470 = ORIENTED_EDGE('',*,*,#8471,.T.);
#8471 = EDGE_CURVE('',#8461,#8472,#8474,.T.);
#8472 = VERTEX_POINT('',#8473);
#8473 = CARTESIAN_POINT('',(2.89,-0.93674969976,7.6));
#8474 = LINE('',#8475,#8476);
#8475 = CARTESIAN_POINT('',(2.89,-0.93674969976,3.1));
#8476 = VECTOR('',#8477,1.);
#8477 = DIRECTION('',(-0.,-0.,-1.));
#8478 = ORIENTED_EDGE('',*,*,#8479,.T.);
#8479 = EDGE_CURVE('',#8472,#8480,#8482,.T.);
#8480 = VERTEX_POINT('',#8481);
#8481 = CARTESIAN_POINT('',(2.19,-0.93674969976,7.6));
#8482 = CIRCLE('',#8483,1.);
#8483 = AXIS2_PLACEMENT_3D('',#8484,#8485,#8486);
#8484 = CARTESIAN_POINT('',(2.54,0.,7.6));
#8485 = DIRECTION('',(0.,0.,-1.));
#8486 = DIRECTION('',(1.,0.,0.));
#8487 = ORIENTED_EDGE('',*,*,#8488,.F.);
#8488 = EDGE_CURVE('',#8489,#8480,#8491,.T.);
#8489 = VERTEX_POINT('',#8490);
#8490 = CARTESIAN_POINT('',(2.19,-0.93674969976,8.3));
#8491 = LINE('',#8492,#8493);
#8492 = CARTESIAN_POINT('',(2.19,-0.93674969976,3.1));
#8493 = VECTOR('',#8494,1.);
#8494 = DIRECTION('',(-0.,-0.,-1.));
#8495 = ORIENTED_EDGE('',*,*,#8496,.F.);
#8496 = EDGE_CURVE('',#8497,#8489,#8499,.T.);
#8497 = VERTEX_POINT('',#8498);
#8498 = CARTESIAN_POINT('',(2.19,0.93674969976,8.3));
#8499 = CIRCLE('',#8500,1.);
#8500 = AXIS2_PLACEMENT_3D('',#8501,#8502,#8503);
#8501 = CARTESIAN_POINT('',(2.54,0.,8.3));
#8502 = DIRECTION('',(0.,0.,1.));
#8503 = DIRECTION('',(1.,0.,-0.));
#8504 = ORIENTED_EDGE('',*,*,#8505,.T.);
#8505 = EDGE_CURVE('',#8497,#8506,#8508,.T.);
#8506 = VERTEX_POINT('',#8507);
#8507 = CARTESIAN_POINT('',(2.19,0.93674969976,7.6));
#8508 = LINE('',#8509,#8510);
#8509 = CARTESIAN_POINT('',(2.19,0.93674969976,3.1));
#8510 = VECTOR('',#8511,1.);
#8511 = DIRECTION('',(-0.,-0.,-1.));
#8512 = ORIENTED_EDGE('',*,*,#8513,.T.);
#8513 = EDGE_CURVE('',#8506,#8514,#8516,.T.);
#8514 = VERTEX_POINT('',#8515);
#8515 = CARTESIAN_POINT('',(2.89,0.93674969976,7.6));
#8516 = CIRCLE('',#8517,1.);
#8517 = AXIS2_PLACEMENT_3D('',#8518,#8519,#8520);
#8518 = CARTESIAN_POINT('',(2.54,0.,7.6));
#8519 = DIRECTION('',(0.,0.,-1.));
#8520 = DIRECTION('',(1.,0.,0.));
#8521 = ORIENTED_EDGE('',*,*,#8522,.F.);
#8522 = EDGE_CURVE('',#8523,#8514,#8525,.T.);
#8523 = VERTEX_POINT('',#8524);
#8524 = CARTESIAN_POINT('',(2.89,0.93674969976,8.3));
#8525 = LINE('',#8526,#8527);
#8526 = CARTESIAN_POINT('',(2.89,0.93674969976,3.1));
#8527 = VECTOR('',#8528,1.);
#8528 = DIRECTION('',(-0.,-0.,-1.));
#8529 = ORIENTED_EDGE('',*,*,#8530,.F.);
#8530 = EDGE_CURVE('',#8463,#8523,#8531,.T.);
#8531 = CIRCLE('',#8532,1.);
#8532 = AXIS2_PLACEMENT_3D('',#8533,#8534,#8535);
#8533 = CARTESIAN_POINT('',(2.54,0.,8.3));
#8534 = DIRECTION('',(0.,0.,1.));
#8535 = DIRECTION('',(1.,0.,-0.));
#8536 = ORIENTED_EDGE('',*,*,#8537,.F.);
#8537 = EDGE_CURVE('',#8436,#8463,#8538,.T.);
#8538 = LINE('',#8539,#8540);
#8539 = CARTESIAN_POINT('',(3.54,0.,3.1));
#8540 = VECTOR('',#8541,1.);
#8541 = DIRECTION('',(0.,0.,1.));
#8542 = ORIENTED_EDGE('',*,*,#8444,.T.);
#8543 = ORIENTED_EDGE('',*,*,#7860,.T.);
#8544 = ORIENTED_EDGE('',*,*,#8545,.T.);
#8545 = EDGE_CURVE('',#7819,#7793,#8546,.T.);
#8546 = CIRCLE('',#8547,1.);
#8547 = AXIS2_PLACEMENT_3D('',#8548,#8549,#8550);
#8548 = CARTESIAN_POINT('',(2.54,0.,3.1));
#8549 = DIRECTION('',(0.,0.,1.));
#8550 = DIRECTION('',(1.,0.,-0.));
#8551 = ORIENTED_EDGE('',*,*,#7792,.T.);
#8552 = ORIENTED_EDGE('',*,*,#8435,.T.);
#8553 = ORIENTED_EDGE('',*,*,#8537,.T.);
#8554 = CYLINDRICAL_SURFACE('',#8555,1.);
#8555 = AXIS2_PLACEMENT_3D('',#8556,#8557,#8558);
#8556 = CARTESIAN_POINT('',(2.54,0.,3.1));
#8557 = DIRECTION('',(-0.,-0.,-1.));
#8558 = DIRECTION('',(1.,0.,0.));
#8559 = ADVANCED_FACE('',(#8560),#8564,.F.);
#8560 = FACE_BOUND('',#8561,.F.);
#8561 = EDGE_LOOP('',(#8562,#8563));
#8562 = ORIENTED_EDGE('',*,*,#7826,.F.);
#8563 = ORIENTED_EDGE('',*,*,#8545,.T.);
#8564 = PLANE('',#8565);
#8565 = AXIS2_PLACEMENT_3D('',#8566,#8567,#8568);
#8566 = CARTESIAN_POINT('',(2.54,1.910944170279E-18,3.1));
#8567 = DIRECTION('',(0.,0.,1.));
#8568 = DIRECTION('',(1.,0.,-0.));
#8569 = ADVANCED_FACE('',(#8570),#8589,.F.);
#8570 = FACE_BOUND('',#8571,.F.);
#8571 = EDGE_LOOP('',(#8572,#8581,#8588));
#8572 = ORIENTED_EDGE('',*,*,#8573,.T.);
#8573 = EDGE_CURVE('',#7895,#8574,#8576,.T.);
#8574 = VERTEX_POINT('',#8575);
#8575 = CARTESIAN_POINT('',(1.,0.,3.1));
#8576 = CIRCLE('',#8577,1.);
#8577 = AXIS2_PLACEMENT_3D('',#8578,#8579,#8580);
#8578 = CARTESIAN_POINT('',(0.,0.,3.1));
#8579 = DIRECTION('',(0.,0.,1.));
#8580 = DIRECTION('',(1.,0.,-0.));
#8581 = ORIENTED_EDGE('',*,*,#8582,.T.);
#8582 = EDGE_CURVE('',#8574,#7903,#8583,.T.);
#8583 = CIRCLE('',#8584,1.);
#8584 = AXIS2_PLACEMENT_3D('',#8585,#8586,#8587);
#8585 = CARTESIAN_POINT('',(0.,0.,3.1));
#8586 = DIRECTION('',(0.,0.,1.));
#8587 = DIRECTION('',(1.,0.,-0.));
#8588 = ORIENTED_EDGE('',*,*,#7902,.F.);
#8589 = PLANE('',#8590);
#8590 = AXIS2_PLACEMENT_3D('',#8591,#8592,#8593);
#8591 = CARTESIAN_POINT('',(-6.409875621279E-17,1.910944170279E-18,3.1)
  );
#8592 = DIRECTION('',(0.,0.,1.));
#8593 = DIRECTION('',(1.,0.,-0.));
#8594 = ADVANCED_FACE('',(#8595),#8692,.T.);
#8595 = FACE_BOUND('',#8596,.T.);
#8596 = EDGE_LOOP('',(#8597,#8608,#8616,#8625,#8633,#8642,#8650,#8659,
    #8667,#8674,#8680,#8681,#8682,#8689,#8690,#8691));
#8597 = ORIENTED_EDGE('',*,*,#8598,.F.);
#8598 = EDGE_CURVE('',#8599,#8601,#8603,.T.);
#8599 = VERTEX_POINT('',#8600);
#8600 = CARTESIAN_POINT('',(0.35,-0.93674969976,8.3));
#8601 = VERTEX_POINT('',#8602);
#8602 = CARTESIAN_POINT('',(1.,0.,8.3));
#8603 = CIRCLE('',#8604,1.);
#8604 = AXIS2_PLACEMENT_3D('',#8605,#8606,#8607);
#8605 = CARTESIAN_POINT('',(0.,0.,8.3));
#8606 = DIRECTION('',(0.,0.,1.));
#8607 = DIRECTION('',(1.,0.,-0.));
#8608 = ORIENTED_EDGE('',*,*,#8609,.T.);
#8609 = EDGE_CURVE('',#8599,#8610,#8612,.T.);
#8610 = VERTEX_POINT('',#8611);
#8611 = CARTESIAN_POINT('',(0.35,-0.93674969976,7.6));
#8612 = LINE('',#8613,#8614);
#8613 = CARTESIAN_POINT('',(0.35,-0.93674969976,3.1));
#8614 = VECTOR('',#8615,1.);
#8615 = DIRECTION('',(-0.,-0.,-1.));
#8616 = ORIENTED_EDGE('',*,*,#8617,.T.);
#8617 = EDGE_CURVE('',#8610,#8618,#8620,.T.);
#8618 = VERTEX_POINT('',#8619);
#8619 = CARTESIAN_POINT('',(-0.35,-0.93674969976,7.6));
#8620 = CIRCLE('',#8621,1.);
#8621 = AXIS2_PLACEMENT_3D('',#8622,#8623,#8624);
#8622 = CARTESIAN_POINT('',(0.,0.,7.6));
#8623 = DIRECTION('',(0.,0.,-1.));
#8624 = DIRECTION('',(1.,0.,0.));
#8625 = ORIENTED_EDGE('',*,*,#8626,.F.);
#8626 = EDGE_CURVE('',#8627,#8618,#8629,.T.);
#8627 = VERTEX_POINT('',#8628);
#8628 = CARTESIAN_POINT('',(-0.35,-0.93674969976,8.3));
#8629 = LINE('',#8630,#8631);
#8630 = CARTESIAN_POINT('',(-0.35,-0.93674969976,3.1));
#8631 = VECTOR('',#8632,1.);
#8632 = DIRECTION('',(-0.,-0.,-1.));
#8633 = ORIENTED_EDGE('',*,*,#8634,.F.);
#8634 = EDGE_CURVE('',#8635,#8627,#8637,.T.);
#8635 = VERTEX_POINT('',#8636);
#8636 = CARTESIAN_POINT('',(-0.35,0.93674969976,8.3));
#8637 = CIRCLE('',#8638,1.);
#8638 = AXIS2_PLACEMENT_3D('',#8639,#8640,#8641);
#8639 = CARTESIAN_POINT('',(0.,0.,8.3));
#8640 = DIRECTION('',(0.,0.,1.));
#8641 = DIRECTION('',(1.,0.,-0.));
#8642 = ORIENTED_EDGE('',*,*,#8643,.T.);
#8643 = EDGE_CURVE('',#8635,#8644,#8646,.T.);
#8644 = VERTEX_POINT('',#8645);
#8645 = CARTESIAN_POINT('',(-0.35,0.93674969976,7.6));
#8646 = LINE('',#8647,#8648);
#8647 = CARTESIAN_POINT('',(-0.35,0.93674969976,3.1));
#8648 = VECTOR('',#8649,1.);
#8649 = DIRECTION('',(-0.,-0.,-1.));
#8650 = ORIENTED_EDGE('',*,*,#8651,.T.);
#8651 = EDGE_CURVE('',#8644,#8652,#8654,.T.);
#8652 = VERTEX_POINT('',#8653);
#8653 = CARTESIAN_POINT('',(0.35,0.93674969976,7.6));
#8654 = CIRCLE('',#8655,1.);
#8655 = AXIS2_PLACEMENT_3D('',#8656,#8657,#8658);
#8656 = CARTESIAN_POINT('',(0.,0.,7.6));
#8657 = DIRECTION('',(0.,0.,-1.));
#8658 = DIRECTION('',(1.,0.,0.));
#8659 = ORIENTED_EDGE('',*,*,#8660,.F.);
#8660 = EDGE_CURVE('',#8661,#8652,#8663,.T.);
#8661 = VERTEX_POINT('',#8662);
#8662 = CARTESIAN_POINT('',(0.35,0.93674969976,8.3));
#8663 = LINE('',#8664,#8665);
#8664 = CARTESIAN_POINT('',(0.35,0.93674969976,3.1));
#8665 = VECTOR('',#8666,1.);
#8666 = DIRECTION('',(-0.,-0.,-1.));
#8667 = ORIENTED_EDGE('',*,*,#8668,.F.);
#8668 = EDGE_CURVE('',#8601,#8661,#8669,.T.);
#8669 = CIRCLE('',#8670,1.);
#8670 = AXIS2_PLACEMENT_3D('',#8671,#8672,#8673);
#8671 = CARTESIAN_POINT('',(0.,0.,8.3));
#8672 = DIRECTION('',(0.,0.,1.));
#8673 = DIRECTION('',(1.,0.,-0.));
#8674 = ORIENTED_EDGE('',*,*,#8675,.F.);
#8675 = EDGE_CURVE('',#8574,#8601,#8676,.T.);
#8676 = LINE('',#8677,#8678);
#8677 = CARTESIAN_POINT('',(1.,0.,3.1));
#8678 = VECTOR('',#8679,1.);
#8679 = DIRECTION('',(0.,0.,1.));
#8680 = ORIENTED_EDGE('',*,*,#8582,.T.);
#8681 = ORIENTED_EDGE('',*,*,#7993,.T.);
#8682 = ORIENTED_EDGE('',*,*,#8683,.T.);
#8683 = EDGE_CURVE('',#7952,#7926,#8684,.T.);
#8684 = CIRCLE('',#8685,1.);
#8685 = AXIS2_PLACEMENT_3D('',#8686,#8687,#8688);
#8686 = CARTESIAN_POINT('',(0.,0.,3.1));
#8687 = DIRECTION('',(0.,0.,1.));
#8688 = DIRECTION('',(1.,0.,-0.));
#8689 = ORIENTED_EDGE('',*,*,#7925,.T.);
#8690 = ORIENTED_EDGE('',*,*,#8573,.T.);
#8691 = ORIENTED_EDGE('',*,*,#8675,.T.);
#8692 = CYLINDRICAL_SURFACE('',#8693,1.);
#8693 = AXIS2_PLACEMENT_3D('',#8694,#8695,#8696);
#8694 = CARTESIAN_POINT('',(0.,0.,3.1));
#8695 = DIRECTION('',(-0.,-0.,-1.));
#8696 = DIRECTION('',(1.,0.,0.));
#8697 = ADVANCED_FACE('',(#8698),#8702,.F.);
#8698 = FACE_BOUND('',#8699,.F.);
#8699 = EDGE_LOOP('',(#8700,#8701));
#8700 = ORIENTED_EDGE('',*,*,#7959,.F.);
#8701 = ORIENTED_EDGE('',*,*,#8683,.T.);
#8702 = PLANE('',#8703);
#8703 = AXIS2_PLACEMENT_3D('',#8704,#8705,#8706);
#8704 = CARTESIAN_POINT('',(-6.409875621279E-17,1.910944170279E-18,3.1)
  );
#8705 = DIRECTION('',(0.,0.,1.));
#8706 = DIRECTION('',(1.,0.,-0.));
#8707 = ADVANCED_FACE('',(#8708),#8714,.T.);
#8708 = FACE_BOUND('',#8709,.T.);
#8709 = EDGE_LOOP('',(#8710,#8711,#8712,#8713));
#8710 = ORIENTED_EDGE('',*,*,#8050,.T.);
#8711 = ORIENTED_EDGE('',*,*,#8026,.T.);
#8712 = ORIENTED_EDGE('',*,*,#8091,.T.);
#8713 = ORIENTED_EDGE('',*,*,#8074,.T.);
#8714 = PLANE('',#8715);
#8715 = AXIS2_PLACEMENT_3D('',#8716,#8717,#8718);
#8716 = CARTESIAN_POINT('',(0.,1.5,2.2));
#8717 = DIRECTION('',(-0.,-1.,-0.));
#8718 = DIRECTION('',(0.,0.,-1.));
#8719 = ADVANCED_FACE('',(#8720),#8726,.T.);
#8720 = FACE_BOUND('',#8721,.T.);
#8721 = EDGE_LOOP('',(#8722,#8723,#8724,#8725));
#8722 = ORIENTED_EDGE('',*,*,#8146,.T.);
#8723 = ORIENTED_EDGE('',*,*,#8122,.T.);
#8724 = ORIENTED_EDGE('',*,*,#8187,.T.);
#8725 = ORIENTED_EDGE('',*,*,#8170,.T.);
#8726 = PLANE('',#8727);
#8727 = AXIS2_PLACEMENT_3D('',#8728,#8729,#8730);
#8728 = CARTESIAN_POINT('',(2.54,1.5,2.2));
#8729 = DIRECTION('',(-0.,-1.,-0.));
#8730 = DIRECTION('',(0.,0.,-1.));
#8731 = ADVANCED_FACE('',(#8732),#8738,.T.);
#8732 = FACE_BOUND('',#8733,.T.);
#8733 = EDGE_LOOP('',(#8734,#8735,#8736,#8737));
#8734 = ORIENTED_EDGE('',*,*,#8242,.T.);
#8735 = ORIENTED_EDGE('',*,*,#8218,.T.);
#8736 = ORIENTED_EDGE('',*,*,#8283,.T.);
#8737 = ORIENTED_EDGE('',*,*,#8266,.T.);
#8738 = PLANE('',#8739);
#8739 = AXIS2_PLACEMENT_3D('',#8740,#8741,#8742);
#8740 = CARTESIAN_POINT('',(5.08,1.5,2.2));
#8741 = DIRECTION('',(-0.,-1.,-0.));
#8742 = DIRECTION('',(0.,0.,-1.));
#8743 = ADVANCED_FACE('',(#8744),#8754,.T.);
#8744 = FACE_BOUND('',#8745,.T.);
#8745 = EDGE_LOOP('',(#8746,#8747,#8748));
#8746 = ORIENTED_EDGE('',*,*,#8322,.T.);
#8747 = ORIENTED_EDGE('',*,*,#8392,.T.);
#8748 = ORIENTED_EDGE('',*,*,#8749,.F.);
#8749 = EDGE_CURVE('',#8323,#8385,#8750,.T.);
#8750 = LINE('',#8751,#8752);
#8751 = CARTESIAN_POINT('',(5.43,-1.1,8.3));
#8752 = VECTOR('',#8753,1.);
#8753 = DIRECTION('',(0.,1.,0.));
#8754 = PLANE('',#8755);
#8755 = AXIS2_PLACEMENT_3D('',#8756,#8757,#8758);
#8756 = CARTESIAN_POINT('',(5.08,1.910944170279E-18,8.3));
#8757 = DIRECTION('',(0.,0.,1.));
#8758 = DIRECTION('',(1.,0.,-0.));
#8759 = ADVANCED_FACE('',(#8760),#8771,.F.);
#8760 = FACE_BOUND('',#8761,.F.);
#8761 = EDGE_LOOP('',(#8762,#8763,#8764,#8770));
#8762 = ORIENTED_EDGE('',*,*,#8749,.F.);
#8763 = ORIENTED_EDGE('',*,*,#8333,.T.);
#8764 = ORIENTED_EDGE('',*,*,#8765,.T.);
#8765 = EDGE_CURVE('',#8334,#8376,#8766,.T.);
#8766 = LINE('',#8767,#8768);
#8767 = CARTESIAN_POINT('',(5.43,-1.1,7.6));
#8768 = VECTOR('',#8769,1.);
#8769 = DIRECTION('',(0.,1.,0.));
#8770 = ORIENTED_EDGE('',*,*,#8384,.F.);
#8771 = PLANE('',#8772);
#8772 = AXIS2_PLACEMENT_3D('',#8773,#8774,#8775);
#8773 = CARTESIAN_POINT('',(5.43,-1.1,8.3));
#8774 = DIRECTION('',(1.,0.,0.));
#8775 = DIRECTION('',(-0.,1.,0.));
#8776 = ADVANCED_FACE('',(#8777),#8788,.T.);
#8777 = FACE_BOUND('',#8778,.T.);
#8778 = EDGE_LOOP('',(#8779,#8785,#8786,#8787));
#8779 = ORIENTED_EDGE('',*,*,#8780,.T.);
#8780 = EDGE_CURVE('',#8368,#8342,#8781,.T.);
#8781 = LINE('',#8782,#8783);
#8782 = CARTESIAN_POINT('',(4.73,1.1,7.6));
#8783 = VECTOR('',#8784,1.);
#8784 = DIRECTION('',(0.,-1.,0.));
#8785 = ORIENTED_EDGE('',*,*,#8341,.F.);
#8786 = ORIENTED_EDGE('',*,*,#8765,.T.);
#8787 = ORIENTED_EDGE('',*,*,#8375,.F.);
#8788 = PLANE('',#8789);
#8789 = AXIS2_PLACEMENT_3D('',#8790,#8791,#8792);
#8790 = CARTESIAN_POINT('',(5.08,0.,7.6));
#8791 = DIRECTION('',(0.,0.,1.));
#8792 = DIRECTION('',(1.,0.,-0.));
#8793 = ADVANCED_FACE('',(#8794),#8805,.F.);
#8794 = FACE_BOUND('',#8795,.F.);
#8795 = EDGE_LOOP('',(#8796,#8802,#8803,#8804));
#8796 = ORIENTED_EDGE('',*,*,#8797,.F.);
#8797 = EDGE_CURVE('',#8359,#8351,#8798,.T.);
#8798 = LINE('',#8799,#8800);
#8799 = CARTESIAN_POINT('',(4.73,1.1,8.3));
#8800 = VECTOR('',#8801,1.);
#8801 = DIRECTION('',(0.,-1.,0.));
#8802 = ORIENTED_EDGE('',*,*,#8367,.T.);
#8803 = ORIENTED_EDGE('',*,*,#8780,.T.);
#8804 = ORIENTED_EDGE('',*,*,#8350,.F.);
#8805 = PLANE('',#8806);
#8806 = AXIS2_PLACEMENT_3D('',#8807,#8808,#8809);
#8807 = CARTESIAN_POINT('',(4.73,1.1,8.3));
#8808 = DIRECTION('',(-1.,0.,0.));
#8809 = DIRECTION('',(0.,-1.,0.));
#8810 = ADVANCED_FACE('',(#8811),#8815,.T.);
#8811 = FACE_BOUND('',#8812,.T.);
#8812 = EDGE_LOOP('',(#8813,#8814));
#8813 = ORIENTED_EDGE('',*,*,#8797,.F.);
#8814 = ORIENTED_EDGE('',*,*,#8358,.T.);
#8815 = PLANE('',#8816);
#8816 = AXIS2_PLACEMENT_3D('',#8817,#8818,#8819);
#8817 = CARTESIAN_POINT('',(5.08,1.910944170279E-18,8.3));
#8818 = DIRECTION('',(0.,0.,1.));
#8819 = DIRECTION('',(1.,0.,-0.));
#8820 = ADVANCED_FACE('',(#8821),#8831,.T.);
#8821 = FACE_BOUND('',#8822,.T.);
#8822 = EDGE_LOOP('',(#8823,#8824,#8825));
#8823 = ORIENTED_EDGE('',*,*,#8460,.T.);
#8824 = ORIENTED_EDGE('',*,*,#8530,.T.);
#8825 = ORIENTED_EDGE('',*,*,#8826,.F.);
#8826 = EDGE_CURVE('',#8461,#8523,#8827,.T.);
#8827 = LINE('',#8828,#8829);
#8828 = CARTESIAN_POINT('',(2.89,-1.1,8.3));
#8829 = VECTOR('',#8830,1.);
#8830 = DIRECTION('',(0.,1.,0.));
#8831 = PLANE('',#8832);
#8832 = AXIS2_PLACEMENT_3D('',#8833,#8834,#8835);
#8833 = CARTESIAN_POINT('',(2.54,1.910944170279E-18,8.3));
#8834 = DIRECTION('',(0.,0.,1.));
#8835 = DIRECTION('',(1.,0.,-0.));
#8836 = ADVANCED_FACE('',(#8837),#8848,.F.);
#8837 = FACE_BOUND('',#8838,.F.);
#8838 = EDGE_LOOP('',(#8839,#8840,#8841,#8847));
#8839 = ORIENTED_EDGE('',*,*,#8826,.F.);
#8840 = ORIENTED_EDGE('',*,*,#8471,.T.);
#8841 = ORIENTED_EDGE('',*,*,#8842,.T.);
#8842 = EDGE_CURVE('',#8472,#8514,#8843,.T.);
#8843 = LINE('',#8844,#8845);
#8844 = CARTESIAN_POINT('',(2.89,-1.1,7.6));
#8845 = VECTOR('',#8846,1.);
#8846 = DIRECTION('',(0.,1.,0.));
#8847 = ORIENTED_EDGE('',*,*,#8522,.F.);
#8848 = PLANE('',#8849);
#8849 = AXIS2_PLACEMENT_3D('',#8850,#8851,#8852);
#8850 = CARTESIAN_POINT('',(2.89,-1.1,8.3));
#8851 = DIRECTION('',(1.,0.,0.));
#8852 = DIRECTION('',(-0.,1.,0.));
#8853 = ADVANCED_FACE('',(#8854),#8865,.T.);
#8854 = FACE_BOUND('',#8855,.T.);
#8855 = EDGE_LOOP('',(#8856,#8862,#8863,#8864));
#8856 = ORIENTED_EDGE('',*,*,#8857,.T.);
#8857 = EDGE_CURVE('',#8506,#8480,#8858,.T.);
#8858 = LINE('',#8859,#8860);
#8859 = CARTESIAN_POINT('',(2.19,1.1,7.6));
#8860 = VECTOR('',#8861,1.);
#8861 = DIRECTION('',(0.,-1.,0.));
#8862 = ORIENTED_EDGE('',*,*,#8479,.F.);
#8863 = ORIENTED_EDGE('',*,*,#8842,.T.);
#8864 = ORIENTED_EDGE('',*,*,#8513,.F.);
#8865 = PLANE('',#8866);
#8866 = AXIS2_PLACEMENT_3D('',#8867,#8868,#8869);
#8867 = CARTESIAN_POINT('',(2.54,0.,7.6));
#8868 = DIRECTION('',(0.,0.,1.));
#8869 = DIRECTION('',(1.,0.,-0.));
#8870 = ADVANCED_FACE('',(#8871),#8882,.F.);
#8871 = FACE_BOUND('',#8872,.F.);
#8872 = EDGE_LOOP('',(#8873,#8879,#8880,#8881));
#8873 = ORIENTED_EDGE('',*,*,#8874,.F.);
#8874 = EDGE_CURVE('',#8497,#8489,#8875,.T.);
#8875 = LINE('',#8876,#8877);
#8876 = CARTESIAN_POINT('',(2.19,1.1,8.3));
#8877 = VECTOR('',#8878,1.);
#8878 = DIRECTION('',(0.,-1.,0.));
#8879 = ORIENTED_EDGE('',*,*,#8505,.T.);
#8880 = ORIENTED_EDGE('',*,*,#8857,.T.);
#8881 = ORIENTED_EDGE('',*,*,#8488,.F.);
#8882 = PLANE('',#8883);
#8883 = AXIS2_PLACEMENT_3D('',#8884,#8885,#8886);
#8884 = CARTESIAN_POINT('',(2.19,1.1,8.3));
#8885 = DIRECTION('',(-1.,0.,0.));
#8886 = DIRECTION('',(0.,-1.,0.));
#8887 = ADVANCED_FACE('',(#8888),#8892,.T.);
#8888 = FACE_BOUND('',#8889,.T.);
#8889 = EDGE_LOOP('',(#8890,#8891));
#8890 = ORIENTED_EDGE('',*,*,#8874,.F.);
#8891 = ORIENTED_EDGE('',*,*,#8496,.T.);
#8892 = PLANE('',#8893);
#8893 = AXIS2_PLACEMENT_3D('',#8894,#8895,#8896);
#8894 = CARTESIAN_POINT('',(2.54,1.910944170279E-18,8.3));
#8895 = DIRECTION('',(0.,0.,1.));
#8896 = DIRECTION('',(1.,0.,-0.));
#8897 = ADVANCED_FACE('',(#8898),#8908,.T.);
#8898 = FACE_BOUND('',#8899,.T.);
#8899 = EDGE_LOOP('',(#8900,#8901,#8902));
#8900 = ORIENTED_EDGE('',*,*,#8598,.T.);
#8901 = ORIENTED_EDGE('',*,*,#8668,.T.);
#8902 = ORIENTED_EDGE('',*,*,#8903,.F.);
#8903 = EDGE_CURVE('',#8599,#8661,#8904,.T.);
#8904 = LINE('',#8905,#8906);
#8905 = CARTESIAN_POINT('',(0.35,-1.1,8.3));
#8906 = VECTOR('',#8907,1.);
#8907 = DIRECTION('',(0.,1.,0.));
#8908 = PLANE('',#8909);
#8909 = AXIS2_PLACEMENT_3D('',#8910,#8911,#8912);
#8910 = CARTESIAN_POINT('',(-6.409875621279E-17,1.910944170279E-18,8.3)
  );
#8911 = DIRECTION('',(0.,0.,1.));
#8912 = DIRECTION('',(1.,0.,-0.));
#8913 = ADVANCED_FACE('',(#8914),#8925,.F.);
#8914 = FACE_BOUND('',#8915,.F.);
#8915 = EDGE_LOOP('',(#8916,#8917,#8918,#8924));
#8916 = ORIENTED_EDGE('',*,*,#8903,.F.);
#8917 = ORIENTED_EDGE('',*,*,#8609,.T.);
#8918 = ORIENTED_EDGE('',*,*,#8919,.T.);
#8919 = EDGE_CURVE('',#8610,#8652,#8920,.T.);
#8920 = LINE('',#8921,#8922);
#8921 = CARTESIAN_POINT('',(0.35,-1.1,7.6));
#8922 = VECTOR('',#8923,1.);
#8923 = DIRECTION('',(0.,1.,0.));
#8924 = ORIENTED_EDGE('',*,*,#8660,.F.);
#8925 = PLANE('',#8926);
#8926 = AXIS2_PLACEMENT_3D('',#8927,#8928,#8929);
#8927 = CARTESIAN_POINT('',(0.35,-1.1,8.3));
#8928 = DIRECTION('',(1.,0.,0.));
#8929 = DIRECTION('',(-0.,1.,0.));
#8930 = ADVANCED_FACE('',(#8931),#8942,.T.);
#8931 = FACE_BOUND('',#8932,.T.);
#8932 = EDGE_LOOP('',(#8933,#8939,#8940,#8941));
#8933 = ORIENTED_EDGE('',*,*,#8934,.T.);
#8934 = EDGE_CURVE('',#8644,#8618,#8935,.T.);
#8935 = LINE('',#8936,#8937);
#8936 = CARTESIAN_POINT('',(-0.35,1.1,7.6));
#8937 = VECTOR('',#8938,1.);
#8938 = DIRECTION('',(0.,-1.,0.));
#8939 = ORIENTED_EDGE('',*,*,#8617,.F.);
#8940 = ORIENTED_EDGE('',*,*,#8919,.T.);
#8941 = ORIENTED_EDGE('',*,*,#8651,.F.);
#8942 = PLANE('',#8943);
#8943 = AXIS2_PLACEMENT_3D('',#8944,#8945,#8946);
#8944 = CARTESIAN_POINT('',(0.,0.,7.6));
#8945 = DIRECTION('',(0.,0.,1.));
#8946 = DIRECTION('',(1.,0.,-0.));
#8947 = ADVANCED_FACE('',(#8948),#8959,.F.);
#8948 = FACE_BOUND('',#8949,.F.);
#8949 = EDGE_LOOP('',(#8950,#8956,#8957,#8958));
#8950 = ORIENTED_EDGE('',*,*,#8951,.F.);
#8951 = EDGE_CURVE('',#8635,#8627,#8952,.T.);
#8952 = LINE('',#8953,#8954);
#8953 = CARTESIAN_POINT('',(-0.35,1.1,8.3));
#8954 = VECTOR('',#8955,1.);
#8955 = DIRECTION('',(0.,-1.,0.));
#8956 = ORIENTED_EDGE('',*,*,#8643,.T.);
#8957 = ORIENTED_EDGE('',*,*,#8934,.T.);
#8958 = ORIENTED_EDGE('',*,*,#8626,.F.);
#8959 = PLANE('',#8960);
#8960 = AXIS2_PLACEMENT_3D('',#8961,#8962,#8963);
#8961 = CARTESIAN_POINT('',(-0.35,1.1,8.3));
#8962 = DIRECTION('',(-1.,0.,0.));
#8963 = DIRECTION('',(0.,-1.,0.));
#8964 = ADVANCED_FACE('',(#8965),#8969,.T.);
#8965 = FACE_BOUND('',#8966,.T.);
#8966 = EDGE_LOOP('',(#8967,#8968));
#8967 = ORIENTED_EDGE('',*,*,#8951,.F.);
#8968 = ORIENTED_EDGE('',*,*,#8634,.T.);
#8969 = PLANE('',#8970);
#8970 = AXIS2_PLACEMENT_3D('',#8971,#8972,#8973);
#8971 = CARTESIAN_POINT('',(-6.409875621279E-17,1.910944170279E-18,8.3)
  );
#8972 = DIRECTION('',(0.,0.,1.));
#8973 = DIRECTION('',(1.,0.,-0.));
#8974 = ( GEOMETRIC_REPRESENTATION_CONTEXT(3) 
GLOBAL_UNCERTAINTY_ASSIGNED_CONTEXT((#8978)) 
GLOBAL_UNIT_ASSIGNED_CONTEXT((#8975,#8976,#8977)) REPRESENTATION_CONTEXT
('Context #1','3D Context with UNIT and UNCERTAINTY') );
#8975 = ( LENGTH_UNIT() NAMED_UNIT(*) SI_UNIT(.MILLI.,.METRE.) );
#8976 = ( NAMED_UNIT(*) PLANE_ANGLE_UNIT() SI_UNIT($,.RADIAN.) );
#8977 = ( NAMED_UNIT(*) SI_UNIT($,.STERADIAN.) SOLID_ANGLE_UNIT() );
#8978 = UNCERTAINTY_MEASURE_WITH_UNIT(LENGTH_MEASURE(1.E-07),#8975,
  'distance_accuracy_value','confusion accuracy');
#8979 = CONTEXT_DEPENDENT_SHAPE_REPRESENTATION(#8980,#8982);
#8980 = ( REPRESENTATION_RELATIONSHIP('','',#5679,#10) 
REPRESENTATION_RELATIONSHIP_WITH_TRANSFORMATION(#8981) 
SHAPE_REPRESENTATION_RELATIONSHIP() );
#8981 = ITEM_DEFINED_TRANSFORMATION('','',#11,#19);
#8982 = PRODUCT_DEFINITION_SHAPE('Placement','Placement of an item',
  #8983);
#8983 = NEXT_ASSEMBLY_USAGE_OCCURRENCE('2','J_CAN_IN1','',#5,#5674,$);
#8984 = PRODUCT_RELATED_PRODUCT_CATEGORY('part',$,(#5676));
#8985 = CONTEXT_DEPENDENT_SHAPE_REPRESENTATION(#8986,#8988);
#8986 = ( REPRESENTATION_RELATIONSHIP('','',#60,#10) 
REPRESENTATION_RELATIONSHIP_WITH_TRANSFORMATION(#8987) 
SHAPE_REPRESENTATION_RELATIONSHIP() );
#8987 = ITEM_DEFINED_TRANSFORMATION('','',#11,#23);
#8988 = PRODUCT_DEFINITION_SHAPE('Placement','Placement of an item',
  #8989);
#8989 = NEXT_ASSEMBLY_USAGE_OCCURRENCE('3','M3','',#5,#55,$);
#8990 = CONTEXT_DEPENDENT_SHAPE_REPRESENTATION(#8991,#8993);
#8991 = ( REPRESENTATION_RELATIONSHIP('','',#60,#10) 
REPRESENTATION_RELATIONSHIP_WITH_TRANSFORMATION(#8992) 
SHAPE_REPRESENTATION_RELATIONSHIP() );
#8992 = ITEM_DEFINED_TRANSFORMATION('','',#11,#27);
#8993 = PRODUCT_DEFINITION_SHAPE('Placement','Placement of an item',
  #8994);
#8994 = NEXT_ASSEMBLY_USAGE_OCCURRENCE('4','M4','',#5,#55,$);
#8995 = CONTEXT_DEPENDENT_SHAPE_REPRESENTATION(#8996,#8998);
#8996 = ( REPRESENTATION_RELATIONSHIP('','',#60,#10) 
REPRESENTATION_RELATIONSHIP_WITH_TRANSFORMATION(#8997) 
SHAPE_REPRESENTATION_RELATIONSHIP() );
#8997 = ITEM_DEFINED_TRANSFORMATION('','',#11,#31);
#8998 = PRODUCT_DEFINITION_SHAPE('Placement','Placement of an item',
  #8999);
#8999 = NEXT_ASSEMBLY_USAGE_OCCURRENCE('5','M1','',#5,#55,$);
#9000 = SHAPE_DEFINITION_REPRESENTATION(#9001,#9007);
#9001 = PRODUCT_DEFINITION_SHAPE('','',#9002);
#9002 = PRODUCT_DEFINITION('design','',#9003,#9006);
#9003 = PRODUCT_DEFINITION_FORMATION('','',#9004);
#9004 = PRODUCT('AMASS_XT60PW-M_1x02_P7.20mm_Horizontal',
  'AMASS_XT60PW-M_1x02_P7.20mm_Horizontal','',(#9005));
#9005 = PRODUCT_CONTEXT('',#2,'mechanical');
#9006 = PRODUCT_DEFINITION_CONTEXT('part definition',#2,'design');
#9007 = SHAPE_REPRESENTATION('',(#11,#9008,#10110,#11212),#12920);
#9008 = MANIFOLD_SOLID_BREP('',#9009);
#9009 = CLOSED_SHELL('',(#9010,#9052,#9094,#9182,#9233,#9294,#9355,#9416
    ,#9448,#9480,#9512,#9597,#9619,#9651,#9683,#9715,#9737,#9759,#9781,
    #9794,#9807,#9820,#9833,#9846,#9859,#9872,#9885,#9927,#9977,#10012,
    #10062,#10079,#10098));
#9010 = ADVANCED_FACE('',(#9011),#9047,.T.);
#9011 = FACE_BOUND('',#9012,.T.);
#9012 = EDGE_LOOP('',(#9013,#9023,#9032,#9040));
#9013 = ORIENTED_EDGE('',*,*,#9014,.T.);
#9014 = EDGE_CURVE('',#9015,#9017,#9019,.T.);
#9015 = VERTEX_POINT('',#9016);
#9016 = CARTESIAN_POINT('',(5.266092039419,0.25,7.05));
#9017 = VERTEX_POINT('',#9018);
#9018 = CARTESIAN_POINT('',(5.266092039419,0.25,13.6));
#9019 = LINE('',#9020,#9021);
#9020 = CARTESIAN_POINT('',(5.266092039419,0.25,7.05));
#9021 = VECTOR('',#9022,1.);
#9022 = DIRECTION('',(0.,0.,1.));
#9023 = ORIENTED_EDGE('',*,*,#9024,.F.);
#9024 = EDGE_CURVE('',#9025,#9017,#9027,.T.);
#9025 = VERTEX_POINT('',#9026);
#9026 = CARTESIAN_POINT('',(6.95,1.933907960581,13.6));
#9027 = CIRCLE('',#9028,1.95);
#9028 = AXIS2_PLACEMENT_3D('',#9029,#9030,#9031);
#9029 = CARTESIAN_POINT('',(7.2,0.,13.6));
#9030 = DIRECTION('',(0.,0.,1.));
#9031 = DIRECTION('',(1.,0.,-0.));
#9032 = ORIENTED_EDGE('',*,*,#9033,.T.);
#9033 = EDGE_CURVE('',#9025,#9034,#9036,.T.);
#9034 = VERTEX_POINT('',#9035);
#9035 = CARTESIAN_POINT('',(6.95,1.933907960581,7.05));
#9036 = LINE('',#9037,#9038);
#9037 = CARTESIAN_POINT('',(6.95,1.933907960581,7.05));
#9038 = VECTOR('',#9039,1.);
#9039 = DIRECTION('',(0.,0.,-1.));
#9040 = ORIENTED_EDGE('',*,*,#9041,.F.);
#9041 = EDGE_CURVE('',#9015,#9034,#9042,.T.);
#9042 = CIRCLE('',#9043,1.95);
#9043 = AXIS2_PLACEMENT_3D('',#9044,#9045,#9046);
#9044 = CARTESIAN_POINT('',(7.2,0.,7.05));
#9045 = DIRECTION('',(0.,0.,-1.));
#9046 = DIRECTION('',(1.,0.,0.));
#9047 = CYLINDRICAL_SURFACE('',#9048,1.95);
#9048 = AXIS2_PLACEMENT_3D('',#9049,#9050,#9051);
#9049 = CARTESIAN_POINT('',(7.2,0.,7.05));
#9050 = DIRECTION('',(0.,0.,1.));
#9051 = DIRECTION('',(1.,0.,-0.));
#9052 = ADVANCED_FACE('',(#9053),#9089,.F.);
#9053 = FACE_BOUND('',#9054,.F.);
#9054 = EDGE_LOOP('',(#9055,#9066,#9074,#9083));
#9055 = ORIENTED_EDGE('',*,*,#9056,.T.);
#9056 = EDGE_CURVE('',#9057,#9059,#9061,.T.);
#9057 = VERTEX_POINT('',#9058);
#9058 = CARTESIAN_POINT('',(6.492893218813,0.25,14.6));
#9059 = VERTEX_POINT('',#9060);
#9060 = CARTESIAN_POINT('',(6.95,0.707106781187,14.6));
#9061 = CIRCLE('',#9062,0.75);
#9062 = AXIS2_PLACEMENT_3D('',#9063,#9064,#9065);
#9063 = CARTESIAN_POINT('',(7.2,0.,14.6));
#9064 = DIRECTION('',(0.,0.,-1.));
#9065 = DIRECTION('',(1.,0.,0.));
#9066 = ORIENTED_EDGE('',*,*,#9067,.F.);
#9067 = EDGE_CURVE('',#9068,#9059,#9070,.T.);
#9068 = VERTEX_POINT('',#9069);
#9069 = CARTESIAN_POINT('',(6.95,0.707106781187,7.05));
#9070 = LINE('',#9071,#9072);
#9071 = CARTESIAN_POINT('',(6.95,0.707106781187,10.825));
#9072 = VECTOR('',#9073,1.);
#9073 = DIRECTION('',(0.,0.,1.));
#9074 = ORIENTED_EDGE('',*,*,#9075,.F.);
#9075 = EDGE_CURVE('',#9076,#9068,#9078,.T.);
#9076 = VERTEX_POINT('',#9077);
#9077 = CARTESIAN_POINT('',(6.492893218813,0.25,7.05));
#9078 = CIRCLE('',#9079,0.75);
#9079 = AXIS2_PLACEMENT_3D('',#9080,#9081,#9082);
#9080 = CARTESIAN_POINT('',(7.2,0.,7.05));
#9081 = DIRECTION('',(0.,0.,-1.));
#9082 = DIRECTION('',(1.,0.,0.));
#9083 = ORIENTED_EDGE('',*,*,#9084,.F.);
#9084 = EDGE_CURVE('',#9057,#9076,#9085,.T.);
#9085 = LINE('',#9086,#9087);
#9086 = CARTESIAN_POINT('',(6.492893218813,0.25,10.825));
#9087 = VECTOR('',#9088,1.);
#9088 = DIRECTION('',(0.,0.,-1.));
#9089 = CYLINDRICAL_SURFACE('',#9090,0.75);
#9090 = AXIS2_PLACEMENT_3D('',#9091,#9092,#9093);
#9091 = CARTESIAN_POINT('',(7.2,0.,10.825));
#9092 = DIRECTION('',(0.,0.,-1.));
#9093 = DIRECTION('',(1.,0.,0.));
#9094 = ADVANCED_FACE('',(#9095),#9177,.F.);
#9095 = FACE_BOUND('',#9096,.F.);
#9096 = EDGE_LOOP('',(#9097,#9108,#9117,#9126,#9135,#9143,#9144,#9151,
    #9152,#9161,#9170));
#9097 = ORIENTED_EDGE('',*,*,#9098,.T.);
#9098 = EDGE_CURVE('',#9099,#9101,#9103,.T.);
#9099 = VERTEX_POINT('',#9100);
#9100 = CARTESIAN_POINT('',(7.907106781187,-0.25,7.05));
#9101 = VERTEX_POINT('',#9102);
#9102 = CARTESIAN_POINT('',(7.45,-0.707106781187,7.05));
#9103 = CIRCLE('',#9104,0.75);
#9104 = AXIS2_PLACEMENT_3D('',#9105,#9106,#9107);
#9105 = CARTESIAN_POINT('',(7.2,0.,7.05));
#9106 = DIRECTION('',(0.,0.,-1.));
#9107 = DIRECTION('',(1.,0.,0.));
#9108 = ORIENTED_EDGE('',*,*,#9109,.T.);
#9109 = EDGE_CURVE('',#9101,#9110,#9112,.T.);
#9110 = VERTEX_POINT('',#9111);
#9111 = CARTESIAN_POINT('',(6.95,-0.707106781187,7.05));
#9112 = CIRCLE('',#9113,0.75);
#9113 = AXIS2_PLACEMENT_3D('',#9114,#9115,#9116);
#9114 = CARTESIAN_POINT('',(7.2,0.,7.05));
#9115 = DIRECTION('',(0.,0.,-1.));
#9116 = DIRECTION('',(1.,0.,0.));
#9117 = ORIENTED_EDGE('',*,*,#9118,.T.);
#9118 = EDGE_CURVE('',#9110,#9119,#9121,.T.);
#9119 = VERTEX_POINT('',#9120);
#9120 = CARTESIAN_POINT('',(6.492893218813,-0.25,7.05));
#9121 = CIRCLE('',#9122,0.75);
#9122 = AXIS2_PLACEMENT_3D('',#9123,#9124,#9125);
#9123 = CARTESIAN_POINT('',(7.2,0.,7.05));
#9124 = DIRECTION('',(0.,0.,-1.));
#9125 = DIRECTION('',(1.,0.,0.));
#9126 = ORIENTED_EDGE('',*,*,#9127,.T.);
#9127 = EDGE_CURVE('',#9119,#9128,#9130,.T.);
#9128 = VERTEX_POINT('',#9129);
#9129 = CARTESIAN_POINT('',(6.45,9.184850993605E-17,7.05));
#9130 = CIRCLE('',#9131,0.75);
#9131 = AXIS2_PLACEMENT_3D('',#9132,#9133,#9134);
#9132 = CARTESIAN_POINT('',(7.2,0.,7.05));
#9133 = DIRECTION('',(0.,0.,-1.));
#9134 = DIRECTION('',(1.,0.,0.));
#9135 = ORIENTED_EDGE('',*,*,#9136,.T.);
#9136 = EDGE_CURVE('',#9128,#9137,#9139,.T.);
#9137 = VERTEX_POINT('',#9138);
#9138 = CARTESIAN_POINT('',(7.2,0.,6.599354535729));
#9139 = LINE('',#9140,#9141);
#9140 = CARTESIAN_POINT('',(6.825,4.592425496803E-17,6.824677267865));
#9141 = VECTOR('',#9142,1.);
#9142 = DIRECTION('',(0.857167300702,-1.049727191139E-16,-0.51503807491)
  );
#9143 = ORIENTED_EDGE('',*,*,#9136,.F.);
#9144 = ORIENTED_EDGE('',*,*,#9145,.T.);
#9145 = EDGE_CURVE('',#9128,#9076,#9146,.T.);
#9146 = CIRCLE('',#9147,0.75);
#9147 = AXIS2_PLACEMENT_3D('',#9148,#9149,#9150);
#9148 = CARTESIAN_POINT('',(7.2,0.,7.05));
#9149 = DIRECTION('',(0.,0.,-1.));
#9150 = DIRECTION('',(1.,0.,0.));
#9151 = ORIENTED_EDGE('',*,*,#9075,.T.);
#9152 = ORIENTED_EDGE('',*,*,#9153,.T.);
#9153 = EDGE_CURVE('',#9068,#9154,#9156,.T.);
#9154 = VERTEX_POINT('',#9155);
#9155 = CARTESIAN_POINT('',(7.45,0.707106781187,7.05));
#9156 = CIRCLE('',#9157,0.75);
#9157 = AXIS2_PLACEMENT_3D('',#9158,#9159,#9160);
#9158 = CARTESIAN_POINT('',(7.2,0.,7.05));
#9159 = DIRECTION('',(0.,0.,-1.));
#9160 = DIRECTION('',(1.,0.,0.));
#9161 = ORIENTED_EDGE('',*,*,#9162,.T.);
#9162 = EDGE_CURVE('',#9154,#9163,#9165,.T.);
#9163 = VERTEX_POINT('',#9164);
#9164 = CARTESIAN_POINT('',(7.907106781187,0.25,7.05));
#9165 = CIRCLE('',#9166,0.75);
#9166 = AXIS2_PLACEMENT_3D('',#9167,#9168,#9169);
#9167 = CARTESIAN_POINT('',(7.2,0.,7.05));
#9168 = DIRECTION('',(0.,0.,-1.));
#9169 = DIRECTION('',(1.,0.,0.));
#9170 = ORIENTED_EDGE('',*,*,#9171,.T.);
#9171 = EDGE_CURVE('',#9163,#9099,#9172,.T.);
#9172 = CIRCLE('',#9173,0.75);
#9173 = AXIS2_PLACEMENT_3D('',#9174,#9175,#9176);
#9174 = CARTESIAN_POINT('',(7.2,0.,7.05));
#9175 = DIRECTION('',(0.,0.,-1.));
#9176 = DIRECTION('',(1.,0.,0.));
#9177 = CONICAL_SURFACE('',#9178,0.375,1.029744258677);
#9178 = AXIS2_PLACEMENT_3D('',#9179,#9180,#9181);
#9179 = CARTESIAN_POINT('',(7.2,0.,6.824677267865));
#9180 = DIRECTION('',(0.,0.,1.));
#9181 = DIRECTION('',(1.,0.,-0.));
#9182 = ADVANCED_FACE('',(#9183),#9223,.F.);
#9183 = FACE_BOUND('',#9184,.F.);
#9184 = EDGE_LOOP('',(#9185,#9186,#9201,#9210));
#9185 = ORIENTED_EDGE('',*,*,#9024,.F.);
#9186 = ORIENTED_EDGE('',*,*,#9187,.F.);
#9187 = EDGE_CURVE('',#9188,#9025,#9190,.T.);
#9188 = VERTEX_POINT('',#9189);
#9189 = CARTESIAN_POINT('',(6.95,0.916515138991,14.6));
#9190 = B_SPLINE_CURVE_WITH_KNOTS('',3,(#9191,#9192,#9193,#9194,#9195,
    #9196,#9197,#9198,#9199,#9200),.UNSPECIFIED.,.F.,.F.,(4,2,2,2,4),(
    0.57480034267,0.613086463033,0.650445810202,0.687455912231,
    0.724311894366),.UNSPECIFIED.);
#9191 = CARTESIAN_POINT('',(6.95,0.916515138991,14.6));
#9192 = CARTESIAN_POINT('',(6.95,1.044135540204,14.6));
#9193 = CARTESIAN_POINT('',(6.95,1.194504974893,14.57097819248));
#9194 = CARTESIAN_POINT('',(6.95,1.427709908204,14.475083106557));
#9195 = CARTESIAN_POINT('',(6.95,1.552293827446,14.392558078833));
#9196 = CARTESIAN_POINT('',(6.95,1.727996346526,14.217680623171));
#9197 = CARTESIAN_POINT('',(6.95,1.810537221274,14.094786496255));
#9198 = CARTESIAN_POINT('',(6.95,1.905035623814,13.867422298393));
#9199 = CARTESIAN_POINT('',(6.95,1.933907960581,13.722853273784));
#9200 = CARTESIAN_POINT('',(6.95,1.933907960581,13.6));
#9201 = ORIENTED_EDGE('',*,*,#9202,.F.);
#9202 = EDGE_CURVE('',#9203,#9188,#9205,.T.);
#9203 = VERTEX_POINT('',#9204);
#9204 = CARTESIAN_POINT('',(6.283484861009,0.25,14.6));
#9205 = CIRCLE('',#9206,0.95);
#9206 = AXIS2_PLACEMENT_3D('',#9207,#9208,#9209);
#9207 = CARTESIAN_POINT('',(7.2,0.,14.6));
#9208 = DIRECTION('',(0.,0.,-1.));
#9209 = DIRECTION('',(1.,0.,0.));
#9210 = ORIENTED_EDGE('',*,*,#9211,.F.);
#9211 = EDGE_CURVE('',#9017,#9203,#9212,.T.);
#9212 = B_SPLINE_CURVE_WITH_KNOTS('',3,(#9213,#9214,#9215,#9216,#9217,
    #9218,#9219,#9220,#9221,#9222),.UNSPECIFIED.,.F.,.F.,(4,2,2,2,4),(
    0.241437298122,0.278293280257,0.315303382286,0.352662729455,
    0.390948849819),.UNSPECIFIED.);
#9213 = CARTESIAN_POINT('',(5.266092039419,0.25,13.6));
#9214 = CARTESIAN_POINT('',(5.266092039419,0.25,13.722853273784));
#9215 = CARTESIAN_POINT('',(5.294964376186,0.25,13.867422298393));
#9216 = CARTESIAN_POINT('',(5.389462778726,0.25,14.094786496255));
#9217 = CARTESIAN_POINT('',(5.472003653474,0.25,14.217680623171));
#9218 = CARTESIAN_POINT('',(5.647706172554,0.25,14.392558078833));
#9219 = CARTESIAN_POINT('',(5.772290091796,0.25,14.475083106557));
#9220 = CARTESIAN_POINT('',(6.005495025107,0.25,14.57097819248));
#9221 = CARTESIAN_POINT('',(6.155864459796,0.25,14.6));
#9222 = CARTESIAN_POINT('',(6.283484861009,0.25,14.6));
#9223 = ( BOUNDED_SURFACE() B_SPLINE_SURFACE(2,2,(
    (#9224,#9225,#9226)
    ,(#9227,#9228,#9229)
    ,(#9230,#9231,#9232
)),.UNSPECIFIED.,.F.,.F.,.F.) B_SPLINE_SURFACE_WITH_KNOTS((3,3),(3,3),(
    0.,1.570796326795),(1.699355286836,3.013033693548),
.PIECEWISE_BEZIER_KNOTS.) GEOMETRIC_REPRESENTATION_ITEM() 
RATIONAL_B_SPLINE_SURFACE((
    (1.,0.7919262197,1.)
    ,(0.707106781187,0.559976400149,0.707106781187)
,(1.,0.7919262197,1.))) REPRESENTATION_ITEM('') SURFACE() );
#9224 = CARTESIAN_POINT('',(6.95,1.933907960581,13.6));
#9225 = CARTESIAN_POINT('',(5.458855195075,1.741144804925,13.6));
#9226 = CARTESIAN_POINT('',(5.266092039419,0.25,13.6));
#9227 = CARTESIAN_POINT('',(6.95,1.933907960581,14.6));
#9228 = CARTESIAN_POINT('',(5.458855195075,1.741144804925,14.6));
#9229 = CARTESIAN_POINT('',(5.266092039419,0.25,14.6));
#9230 = CARTESIAN_POINT('',(7.078205128205,0.942160288488,14.6));
#9231 = CARTESIAN_POINT('',(6.351749966832,0.848250033168,14.6));
#9232 = CARTESIAN_POINT('',(6.257839711512,0.121794871795,14.6));
#9233 = ADVANCED_FACE('',(#9234),#9284,.F.);
#9234 = FACE_BOUND('',#9235,.F.);
#9235 = EDGE_LOOP('',(#9236,#9247,#9262,#9271));
#9236 = ORIENTED_EDGE('',*,*,#9237,.F.);
#9237 = EDGE_CURVE('',#9238,#9240,#9242,.T.);
#9238 = VERTEX_POINT('',#9239);
#9239 = CARTESIAN_POINT('',(6.95,-0.916515138991,14.6));
#9240 = VERTEX_POINT('',#9241);
#9241 = CARTESIAN_POINT('',(6.283484861009,-0.25,14.6));
#9242 = CIRCLE('',#9243,0.95);
#9243 = AXIS2_PLACEMENT_3D('',#9244,#9245,#9246);
#9244 = CARTESIAN_POINT('',(7.2,0.,14.6));
#9245 = DIRECTION('',(0.,0.,-1.));
#9246 = DIRECTION('',(1.,0.,0.));
#9247 = ORIENTED_EDGE('',*,*,#9248,.F.);
#9248 = EDGE_CURVE('',#9249,#9238,#9251,.T.);
#9249 = VERTEX_POINT('',#9250);
#9250 = CARTESIAN_POINT('',(6.95,-1.933907960581,13.6));
#9251 = B_SPLINE_CURVE_WITH_KNOTS('',3,(#9252,#9253,#9254,#9255,#9256,
    #9257,#9258,#9259,#9260,#9261),.UNSPECIFIED.,.F.,.F.,(4,2,2,2,4),(
    0.241437298122,0.278293280257,0.315303382286,0.352662729455,
    0.390948849819),.UNSPECIFIED.);
#9252 = CARTESIAN_POINT('',(6.95,-1.933907960581,13.6));
#9253 = CARTESIAN_POINT('',(6.95,-1.933907960581,13.722853273784));
#9254 = CARTESIAN_POINT('',(6.95,-1.905035623814,13.867422298393));
#9255 = CARTESIAN_POINT('',(6.95,-1.810537221274,14.094786496255));
#9256 = CARTESIAN_POINT('',(6.95,-1.727996346526,14.217680623171));
#9257 = CARTESIAN_POINT('',(6.95,-1.552293827446,14.392558078833));
#9258 = CARTESIAN_POINT('',(6.95,-1.427709908204,14.475083106557));
#9259 = CARTESIAN_POINT('',(6.95,-1.194504974893,14.57097819248));
#9260 = CARTESIAN_POINT('',(6.95,-1.044135540204,14.6));
#9261 = CARTESIAN_POINT('',(6.95,-0.916515138991,14.6));
#9262 = ORIENTED_EDGE('',*,*,#9263,.F.);
#9263 = EDGE_CURVE('',#9264,#9249,#9266,.T.);
#9264 = VERTEX_POINT('',#9265);
#9265 = CARTESIAN_POINT('',(5.266092039419,-0.25,13.6));
#9266 = CIRCLE('',#9267,1.95);
#9267 = AXIS2_PLACEMENT_3D('',#9268,#9269,#9270);
#9268 = CARTESIAN_POINT('',(7.2,0.,13.6));
#9269 = DIRECTION('',(0.,0.,1.));
#9270 = DIRECTION('',(1.,0.,-0.));
#9271 = ORIENTED_EDGE('',*,*,#9272,.F.);
#9272 = EDGE_CURVE('',#9240,#9264,#9273,.T.);
#9273 = B_SPLINE_CURVE_WITH_KNOTS('',3,(#9274,#9275,#9276,#9277,#9278,
    #9279,#9280,#9281,#9282,#9283),.UNSPECIFIED.,.F.,.F.,(4,2,2,2,4),(
    0.57480034267,0.613086463033,0.650445810202,0.687455912231,
    0.724311894366),.UNSPECIFIED.);
#9274 = CARTESIAN_POINT('',(6.283484861009,-0.25,14.6));
#9275 = CARTESIAN_POINT('',(6.155864459796,-0.25,14.6));
#9276 = CARTESIAN_POINT('',(6.005495025107,-0.25,14.57097819248));
#9277 = CARTESIAN_POINT('',(5.772290091796,-0.25,14.475083106557));
#9278 = CARTESIAN_POINT('',(5.647706172554,-0.25,14.392558078833));
#9279 = CARTESIAN_POINT('',(5.472003653474,-0.25,14.217680623171));
#9280 = CARTESIAN_POINT('',(5.389462778726,-0.25,14.094786496255));
#9281 = CARTESIAN_POINT('',(5.294964376186,-0.25,13.867422298393));
#9282 = CARTESIAN_POINT('',(5.266092039419,-0.25,13.722853273784));
#9283 = CARTESIAN_POINT('',(5.266092039419,-0.25,13.6));
#9284 = ( BOUNDED_SURFACE() B_SPLINE_SURFACE(2,2,(
    (#9285,#9286,#9287)
    ,(#9288,#9289,#9290)
    ,(#9291,#9292,#9293
)),.UNSPECIFIED.,.F.,.F.,.F.) B_SPLINE_SURFACE_WITH_KNOTS((3,3),(3,3),(
    0.,1.570796326795),(-3.013033693548,-1.699355286836),
.PIECEWISE_BEZIER_KNOTS.) GEOMETRIC_REPRESENTATION_ITEM() 
RATIONAL_B_SPLINE_SURFACE((
    (1.,0.7919262197,1.)
    ,(0.707106781187,0.559976400149,0.707106781187)
,(1.,0.7919262197,1.))) REPRESENTATION_ITEM('') SURFACE() );
#9285 = CARTESIAN_POINT('',(5.266092039419,-0.25,13.6));
#9286 = CARTESIAN_POINT('',(5.458855195075,-1.741144804925,13.6));
#9287 = CARTESIAN_POINT('',(6.95,-1.933907960581,13.6));
#9288 = CARTESIAN_POINT('',(5.266092039419,-0.25,14.6));
#9289 = CARTESIAN_POINT('',(5.458855195075,-1.741144804925,14.6));
#9290 = CARTESIAN_POINT('',(6.95,-1.933907960581,14.6));
#9291 = CARTESIAN_POINT('',(6.257839711512,-0.121794871795,14.6));
#9292 = CARTESIAN_POINT('',(6.351749966832,-0.848250033168,14.6));
#9293 = CARTESIAN_POINT('',(7.078205128205,-0.942160288488,14.6));
#9294 = ADVANCED_FACE('',(#9295),#9345,.F.);
#9295 = FACE_BOUND('',#9296,.F.);
#9296 = EDGE_LOOP('',(#9297,#9308,#9323,#9332));
#9297 = ORIENTED_EDGE('',*,*,#9298,.F.);
#9298 = EDGE_CURVE('',#9299,#9301,#9303,.T.);
#9299 = VERTEX_POINT('',#9300);
#9300 = CARTESIAN_POINT('',(8.116515138991,-0.25,14.6));
#9301 = VERTEX_POINT('',#9302);
#9302 = CARTESIAN_POINT('',(7.45,-0.916515138991,14.6));
#9303 = CIRCLE('',#9304,0.95);
#9304 = AXIS2_PLACEMENT_3D('',#9305,#9306,#9307);
#9305 = CARTESIAN_POINT('',(7.2,0.,14.6));
#9306 = DIRECTION('',(0.,0.,-1.));
#9307 = DIRECTION('',(1.,0.,0.));
#9308 = ORIENTED_EDGE('',*,*,#9309,.F.);
#9309 = EDGE_CURVE('',#9310,#9299,#9312,.T.);
#9310 = VERTEX_POINT('',#9311);
#9311 = CARTESIAN_POINT('',(9.133907960581,-0.25,13.6));
#9312 = B_SPLINE_CURVE_WITH_KNOTS('',3,(#9313,#9314,#9315,#9316,#9317,
    #9318,#9319,#9320,#9321,#9322),.UNSPECIFIED.,.F.,.F.,(4,2,2,2,4),(
    0.241437298122,0.278293280257,0.315303382286,0.352662729455,
    0.390948849819),.UNSPECIFIED.);
#9313 = CARTESIAN_POINT('',(9.133907960581,-0.25,13.6));
#9314 = CARTESIAN_POINT('',(9.133907960581,-0.25,13.722853273784));
#9315 = CARTESIAN_POINT('',(9.105035623814,-0.25,13.867422298393));
#9316 = CARTESIAN_POINT('',(9.010537221274,-0.25,14.094786496255));
#9317 = CARTESIAN_POINT('',(8.927996346526,-0.25,14.217680623171));
#9318 = CARTESIAN_POINT('',(8.752293827446,-0.25,14.392558078833));
#9319 = CARTESIAN_POINT('',(8.627709908204,-0.25,14.475083106557));
#9320 = CARTESIAN_POINT('',(8.394504974893,-0.25,14.57097819248));
#9321 = CARTESIAN_POINT('',(8.244135540204,-0.25,14.6));
#9322 = CARTESIAN_POINT('',(8.116515138991,-0.25,14.6));
#9323 = ORIENTED_EDGE('',*,*,#9324,.F.);
#9324 = EDGE_CURVE('',#9325,#9310,#9327,.T.);
#9325 = VERTEX_POINT('',#9326);
#9326 = CARTESIAN_POINT('',(7.45,-1.933907960581,13.6));
#9327 = CIRCLE('',#9328,1.95);
#9328 = AXIS2_PLACEMENT_3D('',#9329,#9330,#9331);
#9329 = CARTESIAN_POINT('',(7.2,0.,13.6));
#9330 = DIRECTION('',(0.,0.,1.));
#9331 = DIRECTION('',(1.,0.,-0.));
#9332 = ORIENTED_EDGE('',*,*,#9333,.F.);
#9333 = EDGE_CURVE('',#9301,#9325,#9334,.T.);
#9334 = B_SPLINE_CURVE_WITH_KNOTS('',3,(#9335,#9336,#9337,#9338,#9339,
    #9340,#9341,#9342,#9343,#9344),.UNSPECIFIED.,.F.,.F.,(4,2,2,2,4),(
    0.57480034267,0.613086463033,0.650445810202,0.687455912231,
    0.724311894366),.UNSPECIFIED.);
#9335 = CARTESIAN_POINT('',(7.45,-0.916515138991,14.6));
#9336 = CARTESIAN_POINT('',(7.45,-1.044135540204,14.6));
#9337 = CARTESIAN_POINT('',(7.45,-1.194504974893,14.57097819248));
#9338 = CARTESIAN_POINT('',(7.45,-1.427709908204,14.475083106557));
#9339 = CARTESIAN_POINT('',(7.45,-1.552293827446,14.392558078833));
#9340 = CARTESIAN_POINT('',(7.45,-1.727996346526,14.217680623171));
#9341 = CARTESIAN_POINT('',(7.45,-1.810537221274,14.094786496255));
#9342 = CARTESIAN_POINT('',(7.45,-1.905035623814,13.867422298393));
#9343 = CARTESIAN_POINT('',(7.45,-1.933907960581,13.722853273784));
#9344 = CARTESIAN_POINT('',(7.45,-1.933907960581,13.6));
#9345 = ( BOUNDED_SURFACE() B_SPLINE_SURFACE(2,2,(
    (#9346,#9347,#9348)
    ,(#9349,#9350,#9351)
    ,(#9352,#9353,#9354
)),.UNSPECIFIED.,.F.,.F.,.F.) B_SPLINE_SURFACE_WITH_KNOTS((3,3),(3,3),(
    0.,1.570796326795),(-1.442237366753,-0.128558960041),
.PIECEWISE_BEZIER_KNOTS.) GEOMETRIC_REPRESENTATION_ITEM() 
RATIONAL_B_SPLINE_SURFACE((
    (1.,0.7919262197,1.)
    ,(0.707106781187,0.559976400149,0.707106781187)
,(1.,0.7919262197,1.))) REPRESENTATION_ITEM('') SURFACE() );
#9346 = CARTESIAN_POINT('',(7.45,-1.933907960581,13.6));
#9347 = CARTESIAN_POINT('',(8.941144804925,-1.741144804925,13.6));
#9348 = CARTESIAN_POINT('',(9.133907960581,-0.25,13.6));
#9349 = CARTESIAN_POINT('',(7.45,-1.933907960581,14.6));
#9350 = CARTESIAN_POINT('',(8.941144804925,-1.741144804925,14.6));
#9351 = CARTESIAN_POINT('',(9.133907960581,-0.25,14.6));
#9352 = CARTESIAN_POINT('',(7.321794871795,-0.942160288488,14.6));
#9353 = CARTESIAN_POINT('',(8.048250033168,-0.848250033168,14.6));
#9354 = CARTESIAN_POINT('',(8.142160288488,-0.121794871795,14.6));
#9355 = ADVANCED_FACE('',(#9356),#9406,.F.);
#9356 = FACE_BOUND('',#9357,.F.);
#9357 = EDGE_LOOP('',(#9358,#9369,#9384,#9393));
#9358 = ORIENTED_EDGE('',*,*,#9359,.F.);
#9359 = EDGE_CURVE('',#9360,#9362,#9364,.T.);
#9360 = VERTEX_POINT('',#9361);
#9361 = CARTESIAN_POINT('',(7.45,0.916515138991,14.6));
#9362 = VERTEX_POINT('',#9363);
#9363 = CARTESIAN_POINT('',(8.116515138991,0.25,14.6));
#9364 = CIRCLE('',#9365,0.95);
#9365 = AXIS2_PLACEMENT_3D('',#9366,#9367,#9368);
#9366 = CARTESIAN_POINT('',(7.2,0.,14.6));
#9367 = DIRECTION('',(0.,0.,-1.));
#9368 = DIRECTION('',(1.,0.,0.));
#9369 = ORIENTED_EDGE('',*,*,#9370,.F.);
#9370 = EDGE_CURVE('',#9371,#9360,#9373,.T.);
#9371 = VERTEX_POINT('',#9372);
#9372 = CARTESIAN_POINT('',(7.45,1.933907960581,13.6));
#9373 = B_SPLINE_CURVE_WITH_KNOTS('',3,(#9374,#9375,#9376,#9377,#9378,
    #9379,#9380,#9381,#9382,#9383),.UNSPECIFIED.,.F.,.F.,(4,2,2,2,4),(
    0.241437298122,0.278293280257,0.315303382286,0.352662729455,
    0.390948849819),.UNSPECIFIED.);
#9374 = CARTESIAN_POINT('',(7.45,1.933907960581,13.6));
#9375 = CARTESIAN_POINT('',(7.45,1.933907960581,13.722853273784));
#9376 = CARTESIAN_POINT('',(7.45,1.905035623814,13.867422298393));
#9377 = CARTESIAN_POINT('',(7.45,1.810537221274,14.094786496255));
#9378 = CARTESIAN_POINT('',(7.45,1.727996346526,14.217680623171));
#9379 = CARTESIAN_POINT('',(7.45,1.552293827446,14.392558078833));
#9380 = CARTESIAN_POINT('',(7.45,1.427709908204,14.475083106557));
#9381 = CARTESIAN_POINT('',(7.45,1.194504974893,14.57097819248));
#9382 = CARTESIAN_POINT('',(7.45,1.044135540204,14.6));
#9383 = CARTESIAN_POINT('',(7.45,0.916515138991,14.6));
#9384 = ORIENTED_EDGE('',*,*,#9385,.F.);
#9385 = EDGE_CURVE('',#9386,#9371,#9388,.T.);
#9386 = VERTEX_POINT('',#9387);
#9387 = CARTESIAN_POINT('',(9.133907960581,0.25,13.6));
#9388 = CIRCLE('',#9389,1.95);
#9389 = AXIS2_PLACEMENT_3D('',#9390,#9391,#9392);
#9390 = CARTESIAN_POINT('',(7.2,0.,13.6));
#9391 = DIRECTION('',(0.,0.,1.));
#9392 = DIRECTION('',(1.,0.,-0.));
#9393 = ORIENTED_EDGE('',*,*,#9394,.F.);
#9394 = EDGE_CURVE('',#9362,#9386,#9395,.T.);
#9395 = B_SPLINE_CURVE_WITH_KNOTS('',3,(#9396,#9397,#9398,#9399,#9400,
    #9401,#9402,#9403,#9404,#9405),.UNSPECIFIED.,.F.,.F.,(4,2,2,2,4),(
    0.57480034267,0.613086463033,0.650445810202,0.687455912231,
    0.724311894366),.UNSPECIFIED.);
#9396 = CARTESIAN_POINT('',(8.116515138991,0.25,14.6));
#9397 = CARTESIAN_POINT('',(8.244135540204,0.25,14.6));
#9398 = CARTESIAN_POINT('',(8.394504974893,0.25,14.57097819248));
#9399 = CARTESIAN_POINT('',(8.627709908204,0.25,14.475083106557));
#9400 = CARTESIAN_POINT('',(8.752293827446,0.25,14.392558078833));
#9401 = CARTESIAN_POINT('',(8.927996346526,0.25,14.217680623171));
#9402 = CARTESIAN_POINT('',(9.010537221274,0.25,14.094786496255));
#9403 = CARTESIAN_POINT('',(9.105035623814,0.25,13.867422298393));
#9404 = CARTESIAN_POINT('',(9.133907960581,0.25,13.722853273784));
#9405 = CARTESIAN_POINT('',(9.133907960581,0.25,13.6));
#9406 = ( BOUNDED_SURFACE() B_SPLINE_SURFACE(2,2,(
    (#9407,#9408,#9409)
    ,(#9410,#9411,#9412)
    ,(#9413,#9414,#9415
)),.UNSPECIFIED.,.F.,.F.,.F.) B_SPLINE_SURFACE_WITH_KNOTS((3,3),(3,3),(
    0.,1.570796326795),(0.128558960041,1.442237366753),
.PIECEWISE_BEZIER_KNOTS.) GEOMETRIC_REPRESENTATION_ITEM() 
RATIONAL_B_SPLINE_SURFACE((
    (1.,0.7919262197,1.)
    ,(0.707106781187,0.559976400149,0.707106781187)
,(1.,0.7919262197,1.))) REPRESENTATION_ITEM('') SURFACE() );
#9407 = CARTESIAN_POINT('',(9.133907960581,0.25,13.6));
#9408 = CARTESIAN_POINT('',(8.941144804925,1.741144804925,13.6));
#9409 = CARTESIAN_POINT('',(7.45,1.933907960581,13.6));
#9410 = CARTESIAN_POINT('',(9.133907960581,0.25,14.6));
#9411 = CARTESIAN_POINT('',(8.941144804925,1.741144804925,14.6));
#9412 = CARTESIAN_POINT('',(7.45,1.933907960581,14.6));
#9413 = CARTESIAN_POINT('',(8.142160288488,0.121794871795,14.6));
#9414 = CARTESIAN_POINT('',(8.048250033168,0.848250033168,14.6));
#9415 = CARTESIAN_POINT('',(7.321794871795,0.942160288488,14.6));
#9416 = ADVANCED_FACE('',(#9417),#9443,.T.);
#9417 = FACE_BOUND('',#9418,.T.);
#9418 = EDGE_LOOP('',(#9419,#9427,#9436,#9442));
#9419 = ORIENTED_EDGE('',*,*,#9420,.T.);
#9420 = EDGE_CURVE('',#9264,#9421,#9423,.T.);
#9421 = VERTEX_POINT('',#9422);
#9422 = CARTESIAN_POINT('',(5.266092039419,-0.25,7.05));
#9423 = LINE('',#9424,#9425);
#9424 = CARTESIAN_POINT('',(5.266092039419,-0.25,7.05));
#9425 = VECTOR('',#9426,1.);
#9426 = DIRECTION('',(0.,0.,-1.));
#9427 = ORIENTED_EDGE('',*,*,#9428,.F.);
#9428 = EDGE_CURVE('',#9429,#9421,#9431,.T.);
#9429 = VERTEX_POINT('',#9430);
#9430 = CARTESIAN_POINT('',(6.95,-1.933907960581,7.05));
#9431 = CIRCLE('',#9432,1.95);
#9432 = AXIS2_PLACEMENT_3D('',#9433,#9434,#9435);
#9433 = CARTESIAN_POINT('',(7.2,0.,7.05));
#9434 = DIRECTION('',(0.,0.,-1.));
#9435 = DIRECTION('',(1.,0.,0.));
#9436 = ORIENTED_EDGE('',*,*,#9437,.T.);
#9437 = EDGE_CURVE('',#9429,#9249,#9438,.T.);
#9438 = LINE('',#9439,#9440);
#9439 = CARTESIAN_POINT('',(6.95,-1.933907960581,7.05));
#9440 = VECTOR('',#9441,1.);
#9441 = DIRECTION('',(0.,0.,1.));
#9442 = ORIENTED_EDGE('',*,*,#9263,.F.);
#9443 = CYLINDRICAL_SURFACE('',#9444,1.95);
#9444 = AXIS2_PLACEMENT_3D('',#9445,#9446,#9447);
#9445 = CARTESIAN_POINT('',(7.2,0.,7.05));
#9446 = DIRECTION('',(0.,0.,1.));
#9447 = DIRECTION('',(1.,0.,-0.));
#9448 = ADVANCED_FACE('',(#9449),#9475,.T.);
#9449 = FACE_BOUND('',#9450,.T.);
#9450 = EDGE_LOOP('',(#9451,#9459,#9468,#9474));
#9451 = ORIENTED_EDGE('',*,*,#9452,.T.);
#9452 = EDGE_CURVE('',#9325,#9453,#9455,.T.);
#9453 = VERTEX_POINT('',#9454);
#9454 = CARTESIAN_POINT('',(7.45,-1.933907960581,7.05));
#9455 = LINE('',#9456,#9457);
#9456 = CARTESIAN_POINT('',(7.45,-1.933907960581,7.05));
#9457 = VECTOR('',#9458,1.);
#9458 = DIRECTION('',(0.,0.,-1.));
#9459 = ORIENTED_EDGE('',*,*,#9460,.F.);
#9460 = EDGE_CURVE('',#9461,#9453,#9463,.T.);
#9461 = VERTEX_POINT('',#9462);
#9462 = CARTESIAN_POINT('',(9.133907960581,-0.25,7.05));
#9463 = CIRCLE('',#9464,1.95);
#9464 = AXIS2_PLACEMENT_3D('',#9465,#9466,#9467);
#9465 = CARTESIAN_POINT('',(7.2,0.,7.05));
#9466 = DIRECTION('',(0.,0.,-1.));
#9467 = DIRECTION('',(1.,0.,0.));
#9468 = ORIENTED_EDGE('',*,*,#9469,.T.);
#9469 = EDGE_CURVE('',#9461,#9310,#9470,.T.);
#9470 = LINE('',#9471,#9472);
#9471 = CARTESIAN_POINT('',(9.133907960581,-0.25,7.05));
#9472 = VECTOR('',#9473,1.);
#9473 = DIRECTION('',(0.,0.,1.));
#9474 = ORIENTED_EDGE('',*,*,#9324,.F.);
#9475 = CYLINDRICAL_SURFACE('',#9476,1.95);
#9476 = AXIS2_PLACEMENT_3D('',#9477,#9478,#9479);
#9477 = CARTESIAN_POINT('',(7.2,0.,7.05));
#9478 = DIRECTION('',(0.,0.,1.));
#9479 = DIRECTION('',(1.,0.,-0.));
#9480 = ADVANCED_FACE('',(#9481),#9507,.T.);
#9481 = FACE_BOUND('',#9482,.T.);
#9482 = EDGE_LOOP('',(#9483,#9491,#9500,#9506));
#9483 = ORIENTED_EDGE('',*,*,#9484,.T.);
#9484 = EDGE_CURVE('',#9386,#9485,#9487,.T.);
#9485 = VERTEX_POINT('',#9486);
#9486 = CARTESIAN_POINT('',(9.133907960581,0.25,7.05));
#9487 = LINE('',#9488,#9489);
#9488 = CARTESIAN_POINT('',(9.133907960581,0.25,7.05));
#9489 = VECTOR('',#9490,1.);
#9490 = DIRECTION('',(0.,0.,-1.));
#9491 = ORIENTED_EDGE('',*,*,#9492,.F.);
#9492 = EDGE_CURVE('',#9493,#9485,#9495,.T.);
#9493 = VERTEX_POINT('',#9494);
#9494 = CARTESIAN_POINT('',(7.45,1.933907960581,7.05));
#9495 = CIRCLE('',#9496,1.95);
#9496 = AXIS2_PLACEMENT_3D('',#9497,#9498,#9499);
#9497 = CARTESIAN_POINT('',(7.2,0.,7.05));
#9498 = DIRECTION('',(0.,0.,-1.));
#9499 = DIRECTION('',(1.,0.,0.));
#9500 = ORIENTED_EDGE('',*,*,#9501,.T.);
#9501 = EDGE_CURVE('',#9493,#9371,#9502,.T.);
#9502 = LINE('',#9503,#9504);
#9503 = CARTESIAN_POINT('',(7.45,1.933907960581,7.05));
#9504 = VECTOR('',#9505,1.);
#9505 = DIRECTION('',(0.,0.,1.));
#9506 = ORIENTED_EDGE('',*,*,#9385,.F.);
#9507 = CYLINDRICAL_SURFACE('',#9508,1.95);
#9508 = AXIS2_PLACEMENT_3D('',#9509,#9510,#9511);
#9509 = CARTESIAN_POINT('',(7.2,0.,7.05));
#9510 = DIRECTION('',(0.,0.,1.));
#9511 = DIRECTION('',(1.,0.,-0.));
#9512 = ADVANCED_FACE('',(#9513,#9533),#9592,.T.);
#9513 = FACE_BOUND('',#9514,.T.);
#9514 = EDGE_LOOP('',(#9515,#9526));
#9515 = ORIENTED_EDGE('',*,*,#9516,.T.);
#9516 = EDGE_CURVE('',#9517,#9519,#9521,.T.);
#9517 = VERTEX_POINT('',#9518);
#9518 = CARTESIAN_POINT('',(5.05,-2.632990618167E-16,7.05));
#9519 = VERTEX_POINT('',#9520);
#9520 = CARTESIAN_POINT('',(9.35,-2.632990618167E-16,7.05));
#9521 = CIRCLE('',#9522,2.15);
#9522 = AXIS2_PLACEMENT_3D('',#9523,#9524,#9525);
#9523 = CARTESIAN_POINT('',(7.2,0.,7.05));
#9524 = DIRECTION('',(0.,0.,1.));
#9525 = DIRECTION('',(1.,0.,-0.));
#9526 = ORIENTED_EDGE('',*,*,#9527,.T.);
#9527 = EDGE_CURVE('',#9519,#9517,#9528,.T.);
#9528 = CIRCLE('',#9529,2.15);
#9529 = AXIS2_PLACEMENT_3D('',#9530,#9531,#9532);
#9530 = CARTESIAN_POINT('',(7.2,0.,7.05));
#9531 = DIRECTION('',(0.,0.,1.));
#9532 = DIRECTION('',(1.,0.,-0.));
#9533 = FACE_BOUND('',#9534,.T.);
#9534 = EDGE_LOOP('',(#9535,#9536,#9542,#9543,#9549,#9550,#9556,#9557,
    #9563,#9564,#9570,#9571,#9577,#9578,#9584,#9585,#9586));
#9535 = ORIENTED_EDGE('',*,*,#9041,.T.);
#9536 = ORIENTED_EDGE('',*,*,#9537,.F.);
#9537 = EDGE_CURVE('',#9068,#9034,#9538,.T.);
#9538 = LINE('',#9539,#9540);
#9539 = CARTESIAN_POINT('',(6.95,2.147196634859,7.05));
#9540 = VECTOR('',#9541,1.);
#9541 = DIRECTION('',(0.,1.,0.));
#9542 = ORIENTED_EDGE('',*,*,#9153,.T.);
#9543 = ORIENTED_EDGE('',*,*,#9544,.F.);
#9544 = EDGE_CURVE('',#9493,#9154,#9545,.T.);
#9545 = LINE('',#9546,#9547);
#9546 = CARTESIAN_POINT('',(7.45,-2.147196634859,7.05));
#9547 = VECTOR('',#9548,1.);
#9548 = DIRECTION('',(0.,-1.,0.));
#9549 = ORIENTED_EDGE('',*,*,#9492,.T.);
#9550 = ORIENTED_EDGE('',*,*,#9551,.F.);
#9551 = EDGE_CURVE('',#9163,#9485,#9552,.T.);
#9552 = LINE('',#9553,#9554);
#9553 = CARTESIAN_POINT('',(4.900000212342,0.25,7.05));
#9554 = VECTOR('',#9555,1.);
#9555 = DIRECTION('',(1.,0.,0.));
#9556 = ORIENTED_EDGE('',*,*,#9171,.T.);
#9557 = ORIENTED_EDGE('',*,*,#9558,.F.);
#9558 = EDGE_CURVE('',#9461,#9099,#9559,.T.);
#9559 = LINE('',#9560,#9561);
#9560 = CARTESIAN_POINT('',(9.499999787658,-0.25,7.05));
#9561 = VECTOR('',#9562,1.);
#9562 = DIRECTION('',(-1.,0.,0.));
#9563 = ORIENTED_EDGE('',*,*,#9460,.T.);
#9564 = ORIENTED_EDGE('',*,*,#9565,.F.);
#9565 = EDGE_CURVE('',#9101,#9453,#9566,.T.);
#9566 = LINE('',#9567,#9568);
#9567 = CARTESIAN_POINT('',(7.45,-2.147196634859,7.05));
#9568 = VECTOR('',#9569,1.);
#9569 = DIRECTION('',(0.,-1.,0.));
#9570 = ORIENTED_EDGE('',*,*,#9109,.T.);
#9571 = ORIENTED_EDGE('',*,*,#9572,.F.);
#9572 = EDGE_CURVE('',#9429,#9110,#9573,.T.);
#9573 = LINE('',#9574,#9575);
#9574 = CARTESIAN_POINT('',(6.95,2.147196634859,7.05));
#9575 = VECTOR('',#9576,1.);
#9576 = DIRECTION('',(0.,1.,0.));
#9577 = ORIENTED_EDGE('',*,*,#9428,.T.);
#9578 = ORIENTED_EDGE('',*,*,#9579,.F.);
#9579 = EDGE_CURVE('',#9119,#9421,#9580,.T.);
#9580 = LINE('',#9581,#9582);
#9581 = CARTESIAN_POINT('',(9.499999787658,-0.25,7.05));
#9582 = VECTOR('',#9583,1.);
#9583 = DIRECTION('',(-1.,0.,0.));
#9584 = ORIENTED_EDGE('',*,*,#9127,.T.);
#9585 = ORIENTED_EDGE('',*,*,#9145,.T.);
#9586 = ORIENTED_EDGE('',*,*,#9587,.F.);
#9587 = EDGE_CURVE('',#9015,#9076,#9588,.T.);
#9588 = LINE('',#9589,#9590);
#9589 = CARTESIAN_POINT('',(4.900000212342,0.25,7.05));
#9590 = VECTOR('',#9591,1.);
#9591 = DIRECTION('',(1.,0.,0.));
#9592 = PLANE('',#9593);
#9593 = AXIS2_PLACEMENT_3D('',#9594,#9595,#9596);
#9594 = CARTESIAN_POINT('',(7.2,0.,7.05));
#9595 = DIRECTION('',(0.,0.,1.));
#9596 = DIRECTION('',(1.,0.,-0.));
#9597 = ADVANCED_FACE('',(#9598),#9614,.T.);
#9598 = FACE_BOUND('',#9599,.T.);
#9599 = EDGE_LOOP('',(#9600,#9606,#9607,#9613));
#9600 = ORIENTED_EDGE('',*,*,#9601,.T.);
#9601 = EDGE_CURVE('',#9203,#9057,#9602,.T.);
#9602 = LINE('',#9603,#9604);
#9603 = CARTESIAN_POINT('',(6.050000106171,0.25,14.6));
#9604 = VECTOR('',#9605,1.);
#9605 = DIRECTION('',(1.,0.,0.));
#9606 = ORIENTED_EDGE('',*,*,#9056,.T.);
#9607 = ORIENTED_EDGE('',*,*,#9608,.T.);
#9608 = EDGE_CURVE('',#9059,#9188,#9609,.T.);
#9609 = LINE('',#9610,#9611);
#9610 = CARTESIAN_POINT('',(6.95,0.125,14.6));
#9611 = VECTOR('',#9612,1.);
#9612 = DIRECTION('',(0.,1.,0.));
#9613 = ORIENTED_EDGE('',*,*,#9202,.F.);
#9614 = PLANE('',#9615);
#9615 = AXIS2_PLACEMENT_3D('',#9616,#9617,#9618);
#9616 = CARTESIAN_POINT('',(7.2,0.,14.6));
#9617 = DIRECTION('',(0.,0.,1.));
#9618 = DIRECTION('',(1.,0.,-0.));
#9619 = ADVANCED_FACE('',(#9620),#9646,.T.);
#9620 = FACE_BOUND('',#9621,.T.);
#9621 = EDGE_LOOP('',(#9622,#9630,#9631,#9639));
#9622 = ORIENTED_EDGE('',*,*,#9623,.T.);
#9623 = EDGE_CURVE('',#9624,#9240,#9626,.T.);
#9624 = VERTEX_POINT('',#9625);
#9625 = CARTESIAN_POINT('',(6.492893218813,-0.25,14.6));
#9626 = LINE('',#9627,#9628);
#9627 = CARTESIAN_POINT('',(7.075,-0.25,14.6));
#9628 = VECTOR('',#9629,1.);
#9629 = DIRECTION('',(-1.,0.,0.));
#9630 = ORIENTED_EDGE('',*,*,#9237,.F.);
#9631 = ORIENTED_EDGE('',*,*,#9632,.T.);
#9632 = EDGE_CURVE('',#9238,#9633,#9635,.T.);
#9633 = VERTEX_POINT('',#9634);
#9634 = CARTESIAN_POINT('',(6.95,-0.707106781187,14.6));
#9635 = LINE('',#9636,#9637);
#9636 = CARTESIAN_POINT('',(6.95,-1.073598317429,14.6));
#9637 = VECTOR('',#9638,1.);
#9638 = DIRECTION('',(0.,1.,0.));
#9639 = ORIENTED_EDGE('',*,*,#9640,.T.);
#9640 = EDGE_CURVE('',#9633,#9624,#9641,.T.);
#9641 = CIRCLE('',#9642,0.75);
#9642 = AXIS2_PLACEMENT_3D('',#9643,#9644,#9645);
#9643 = CARTESIAN_POINT('',(7.2,0.,14.6));
#9644 = DIRECTION('',(0.,0.,-1.));
#9645 = DIRECTION('',(1.,0.,0.));
#9646 = PLANE('',#9647);
#9647 = AXIS2_PLACEMENT_3D('',#9648,#9649,#9650);
#9648 = CARTESIAN_POINT('',(7.2,0.,14.6));
#9649 = DIRECTION('',(0.,0.,1.));
#9650 = DIRECTION('',(1.,0.,-0.));
#9651 = ADVANCED_FACE('',(#9652),#9678,.T.);
#9652 = FACE_BOUND('',#9653,.T.);
#9653 = EDGE_LOOP('',(#9654,#9662,#9663,#9671));
#9654 = ORIENTED_EDGE('',*,*,#9655,.T.);
#9655 = EDGE_CURVE('',#9656,#9301,#9658,.T.);
#9656 = VERTEX_POINT('',#9657);
#9657 = CARTESIAN_POINT('',(7.45,-0.707106781187,14.6));
#9658 = LINE('',#9659,#9660);
#9659 = CARTESIAN_POINT('',(7.45,-0.125,14.6));
#9660 = VECTOR('',#9661,1.);
#9661 = DIRECTION('',(0.,-1.,0.));
#9662 = ORIENTED_EDGE('',*,*,#9298,.F.);
#9663 = ORIENTED_EDGE('',*,*,#9664,.T.);
#9664 = EDGE_CURVE('',#9299,#9665,#9667,.T.);
#9665 = VERTEX_POINT('',#9666);
#9666 = CARTESIAN_POINT('',(7.907106781187,-0.25,14.6));
#9667 = LINE('',#9668,#9669);
#9668 = CARTESIAN_POINT('',(8.349999893829,-0.25,14.6));
#9669 = VECTOR('',#9670,1.);
#9670 = DIRECTION('',(-1.,0.,0.));
#9671 = ORIENTED_EDGE('',*,*,#9672,.T.);
#9672 = EDGE_CURVE('',#9665,#9656,#9673,.T.);
#9673 = CIRCLE('',#9674,0.75);
#9674 = AXIS2_PLACEMENT_3D('',#9675,#9676,#9677);
#9675 = CARTESIAN_POINT('',(7.2,0.,14.6));
#9676 = DIRECTION('',(0.,0.,-1.));
#9677 = DIRECTION('',(1.,0.,0.));
#9678 = PLANE('',#9679);
#9679 = AXIS2_PLACEMENT_3D('',#9680,#9681,#9682);
#9680 = CARTESIAN_POINT('',(7.2,0.,14.6));
#9681 = DIRECTION('',(0.,0.,1.));
#9682 = DIRECTION('',(1.,0.,-0.));
#9683 = ADVANCED_FACE('',(#9684),#9710,.T.);
#9684 = FACE_BOUND('',#9685,.T.);
#9685 = EDGE_LOOP('',(#9686,#9694,#9695,#9703));
#9686 = ORIENTED_EDGE('',*,*,#9687,.T.);
#9687 = EDGE_CURVE('',#9688,#9362,#9690,.T.);
#9688 = VERTEX_POINT('',#9689);
#9689 = CARTESIAN_POINT('',(7.907106781187,0.25,14.6));
#9690 = LINE('',#9691,#9692);
#9691 = CARTESIAN_POINT('',(7.325,0.25,14.6));
#9692 = VECTOR('',#9693,1.);
#9693 = DIRECTION('',(1.,0.,0.));
#9694 = ORIENTED_EDGE('',*,*,#9359,.F.);
#9695 = ORIENTED_EDGE('',*,*,#9696,.T.);
#9696 = EDGE_CURVE('',#9360,#9697,#9699,.T.);
#9697 = VERTEX_POINT('',#9698);
#9698 = CARTESIAN_POINT('',(7.45,0.707106781187,14.6));
#9699 = LINE('',#9700,#9701);
#9700 = CARTESIAN_POINT('',(7.45,1.073598317429,14.6));
#9701 = VECTOR('',#9702,1.);
#9702 = DIRECTION('',(0.,-1.,0.));
#9703 = ORIENTED_EDGE('',*,*,#9704,.T.);
#9704 = EDGE_CURVE('',#9697,#9688,#9705,.T.);
#9705 = CIRCLE('',#9706,0.75);
#9706 = AXIS2_PLACEMENT_3D('',#9707,#9708,#9709);
#9707 = CARTESIAN_POINT('',(7.2,0.,14.6));
#9708 = DIRECTION('',(0.,0.,-1.));
#9709 = DIRECTION('',(1.,0.,0.));
#9710 = PLANE('',#9711);
#9711 = AXIS2_PLACEMENT_3D('',#9712,#9713,#9714);
#9712 = CARTESIAN_POINT('',(7.2,0.,14.6));
#9713 = DIRECTION('',(0.,0.,1.));
#9714 = DIRECTION('',(1.,0.,-0.));
#9715 = ADVANCED_FACE('',(#9716),#9732,.F.);
#9716 = FACE_BOUND('',#9717,.F.);
#9717 = EDGE_LOOP('',(#9718,#9719,#9725,#9726));
#9718 = ORIENTED_EDGE('',*,*,#9118,.F.);
#9719 = ORIENTED_EDGE('',*,*,#9720,.F.);
#9720 = EDGE_CURVE('',#9633,#9110,#9721,.T.);
#9721 = LINE('',#9722,#9723);
#9722 = CARTESIAN_POINT('',(6.95,-0.707106781187,10.825));
#9723 = VECTOR('',#9724,1.);
#9724 = DIRECTION('',(0.,0.,-1.));
#9725 = ORIENTED_EDGE('',*,*,#9640,.T.);
#9726 = ORIENTED_EDGE('',*,*,#9727,.F.);
#9727 = EDGE_CURVE('',#9119,#9624,#9728,.T.);
#9728 = LINE('',#9729,#9730);
#9729 = CARTESIAN_POINT('',(6.492893218813,-0.25,10.825));
#9730 = VECTOR('',#9731,1.);
#9731 = DIRECTION('',(0.,0.,1.));
#9732 = CYLINDRICAL_SURFACE('',#9733,0.75);
#9733 = AXIS2_PLACEMENT_3D('',#9734,#9735,#9736);
#9734 = CARTESIAN_POINT('',(7.2,0.,10.825));
#9735 = DIRECTION('',(0.,0.,-1.));
#9736 = DIRECTION('',(1.,0.,0.));
#9737 = ADVANCED_FACE('',(#9738),#9754,.F.);
#9738 = FACE_BOUND('',#9739,.F.);
#9739 = EDGE_LOOP('',(#9740,#9741,#9747,#9748));
#9740 = ORIENTED_EDGE('',*,*,#9098,.F.);
#9741 = ORIENTED_EDGE('',*,*,#9742,.F.);
#9742 = EDGE_CURVE('',#9665,#9099,#9743,.T.);
#9743 = LINE('',#9744,#9745);
#9744 = CARTESIAN_POINT('',(7.907106781187,-0.25,10.825));
#9745 = VECTOR('',#9746,1.);
#9746 = DIRECTION('',(0.,0.,-1.));
#9747 = ORIENTED_EDGE('',*,*,#9672,.T.);
#9748 = ORIENTED_EDGE('',*,*,#9749,.F.);
#9749 = EDGE_CURVE('',#9101,#9656,#9750,.T.);
#9750 = LINE('',#9751,#9752);
#9751 = CARTESIAN_POINT('',(7.45,-0.707106781187,10.825));
#9752 = VECTOR('',#9753,1.);
#9753 = DIRECTION('',(0.,0.,1.));
#9754 = CYLINDRICAL_SURFACE('',#9755,0.75);
#9755 = AXIS2_PLACEMENT_3D('',#9756,#9757,#9758);
#9756 = CARTESIAN_POINT('',(7.2,0.,10.825));
#9757 = DIRECTION('',(0.,0.,-1.));
#9758 = DIRECTION('',(1.,0.,0.));
#9759 = ADVANCED_FACE('',(#9760),#9776,.F.);
#9760 = FACE_BOUND('',#9761,.F.);
#9761 = EDGE_LOOP('',(#9762,#9763,#9769,#9770));
#9762 = ORIENTED_EDGE('',*,*,#9162,.F.);
#9763 = ORIENTED_EDGE('',*,*,#9764,.F.);
#9764 = EDGE_CURVE('',#9697,#9154,#9765,.T.);
#9765 = LINE('',#9766,#9767);
#9766 = CARTESIAN_POINT('',(7.45,0.707106781187,10.825));
#9767 = VECTOR('',#9768,1.);
#9768 = DIRECTION('',(0.,0.,-1.));
#9769 = ORIENTED_EDGE('',*,*,#9704,.T.);
#9770 = ORIENTED_EDGE('',*,*,#9771,.F.);
#9771 = EDGE_CURVE('',#9163,#9688,#9772,.T.);
#9772 = LINE('',#9773,#9774);
#9773 = CARTESIAN_POINT('',(7.907106781187,0.25,10.825));
#9774 = VECTOR('',#9775,1.);
#9775 = DIRECTION('',(0.,0.,1.));
#9776 = CYLINDRICAL_SURFACE('',#9777,0.75);
#9777 = AXIS2_PLACEMENT_3D('',#9778,#9779,#9780);
#9778 = CARTESIAN_POINT('',(7.2,0.,10.825));
#9779 = DIRECTION('',(0.,0.,-1.));
#9780 = DIRECTION('',(1.,0.,0.));
#9781 = ADVANCED_FACE('',(#9782),#9789,.F.);
#9782 = FACE_BOUND('',#9783,.T.);
#9783 = EDGE_LOOP('',(#9784,#9785,#9786,#9787,#9788));
#9784 = ORIENTED_EDGE('',*,*,#9764,.F.);
#9785 = ORIENTED_EDGE('',*,*,#9696,.F.);
#9786 = ORIENTED_EDGE('',*,*,#9370,.F.);
#9787 = ORIENTED_EDGE('',*,*,#9501,.F.);
#9788 = ORIENTED_EDGE('',*,*,#9544,.T.);
#9789 = PLANE('',#9790);
#9790 = AXIS2_PLACEMENT_3D('',#9791,#9792,#9793);
#9791 = CARTESIAN_POINT('',(7.45,2.147196634859,14.6));
#9792 = DIRECTION('',(1.,0.,0.));
#9793 = DIRECTION('',(0.,-1.,0.));
#9794 = ADVANCED_FACE('',(#9795),#9802,.F.);
#9795 = FACE_BOUND('',#9796,.T.);
#9796 = EDGE_LOOP('',(#9797,#9798,#9799,#9800,#9801));
#9797 = ORIENTED_EDGE('',*,*,#9742,.F.);
#9798 = ORIENTED_EDGE('',*,*,#9664,.F.);
#9799 = ORIENTED_EDGE('',*,*,#9309,.F.);
#9800 = ORIENTED_EDGE('',*,*,#9469,.F.);
#9801 = ORIENTED_EDGE('',*,*,#9558,.T.);
#9802 = PLANE('',#9803);
#9803 = AXIS2_PLACEMENT_3D('',#9804,#9805,#9806);
#9804 = CARTESIAN_POINT('',(9.499999787658,-0.25,14.6));
#9805 = DIRECTION('',(0.,-1.,0.));
#9806 = DIRECTION('',(-1.,0.,0.));
#9807 = ADVANCED_FACE('',(#9808),#9815,.F.);
#9808 = FACE_BOUND('',#9809,.T.);
#9809 = EDGE_LOOP('',(#9810,#9811,#9812,#9813,#9814));
#9810 = ORIENTED_EDGE('',*,*,#9720,.F.);
#9811 = ORIENTED_EDGE('',*,*,#9632,.F.);
#9812 = ORIENTED_EDGE('',*,*,#9248,.F.);
#9813 = ORIENTED_EDGE('',*,*,#9437,.F.);
#9814 = ORIENTED_EDGE('',*,*,#9572,.T.);
#9815 = PLANE('',#9816);
#9816 = AXIS2_PLACEMENT_3D('',#9817,#9818,#9819);
#9817 = CARTESIAN_POINT('',(6.95,-2.147196634859,14.6));
#9818 = DIRECTION('',(-1.,0.,0.));
#9819 = DIRECTION('',(0.,1.,0.));
#9820 = ADVANCED_FACE('',(#9821),#9828,.F.);
#9821 = FACE_BOUND('',#9822,.T.);
#9822 = EDGE_LOOP('',(#9823,#9824,#9825,#9826,#9827));
#9823 = ORIENTED_EDGE('',*,*,#9067,.F.);
#9824 = ORIENTED_EDGE('',*,*,#9537,.T.);
#9825 = ORIENTED_EDGE('',*,*,#9033,.F.);
#9826 = ORIENTED_EDGE('',*,*,#9187,.F.);
#9827 = ORIENTED_EDGE('',*,*,#9608,.F.);
#9828 = PLANE('',#9829);
#9829 = AXIS2_PLACEMENT_3D('',#9830,#9831,#9832);
#9830 = CARTESIAN_POINT('',(6.95,0.25,14.6));
#9831 = DIRECTION('',(-1.,0.,0.));
#9832 = DIRECTION('',(0.,1.,0.));
#9833 = ADVANCED_FACE('',(#9834),#9841,.F.);
#9834 = FACE_BOUND('',#9835,.T.);
#9835 = EDGE_LOOP('',(#9836,#9837,#9838,#9839,#9840));
#9836 = ORIENTED_EDGE('',*,*,#9771,.F.);
#9837 = ORIENTED_EDGE('',*,*,#9551,.T.);
#9838 = ORIENTED_EDGE('',*,*,#9484,.F.);
#9839 = ORIENTED_EDGE('',*,*,#9394,.F.);
#9840 = ORIENTED_EDGE('',*,*,#9687,.F.);
#9841 = PLANE('',#9842);
#9842 = AXIS2_PLACEMENT_3D('',#9843,#9844,#9845);
#9843 = CARTESIAN_POINT('',(7.45,0.25,14.6));
#9844 = DIRECTION('',(0.,1.,0.));
#9845 = DIRECTION('',(1.,0.,0.));
#9846 = ADVANCED_FACE('',(#9847),#9854,.F.);
#9847 = FACE_BOUND('',#9848,.T.);
#9848 = EDGE_LOOP('',(#9849,#9850,#9851,#9852,#9853));
#9849 = ORIENTED_EDGE('',*,*,#9749,.F.);
#9850 = ORIENTED_EDGE('',*,*,#9565,.T.);
#9851 = ORIENTED_EDGE('',*,*,#9452,.F.);
#9852 = ORIENTED_EDGE('',*,*,#9333,.F.);
#9853 = ORIENTED_EDGE('',*,*,#9655,.F.);
#9854 = PLANE('',#9855);
#9855 = AXIS2_PLACEMENT_3D('',#9856,#9857,#9858);
#9856 = CARTESIAN_POINT('',(7.45,-0.25,14.6));
#9857 = DIRECTION('',(1.,0.,0.));
#9858 = DIRECTION('',(0.,-1.,0.));
#9859 = ADVANCED_FACE('',(#9860),#9867,.F.);
#9860 = FACE_BOUND('',#9861,.T.);
#9861 = EDGE_LOOP('',(#9862,#9863,#9864,#9865,#9866));
#9862 = ORIENTED_EDGE('',*,*,#9727,.F.);
#9863 = ORIENTED_EDGE('',*,*,#9579,.T.);
#9864 = ORIENTED_EDGE('',*,*,#9420,.F.);
#9865 = ORIENTED_EDGE('',*,*,#9272,.F.);
#9866 = ORIENTED_EDGE('',*,*,#9623,.F.);
#9867 = PLANE('',#9868);
#9868 = AXIS2_PLACEMENT_3D('',#9869,#9870,#9871);
#9869 = CARTESIAN_POINT('',(6.95,-0.25,14.6));
#9870 = DIRECTION('',(0.,-1.,0.));
#9871 = DIRECTION('',(-1.,0.,0.));
#9872 = ADVANCED_FACE('',(#9873),#9880,.F.);
#9873 = FACE_BOUND('',#9874,.T.);
#9874 = EDGE_LOOP('',(#9875,#9876,#9877,#9878,#9879));
#9875 = ORIENTED_EDGE('',*,*,#9014,.F.);
#9876 = ORIENTED_EDGE('',*,*,#9587,.T.);
#9877 = ORIENTED_EDGE('',*,*,#9084,.F.);
#9878 = ORIENTED_EDGE('',*,*,#9601,.F.);
#9879 = ORIENTED_EDGE('',*,*,#9211,.F.);
#9880 = PLANE('',#9881);
#9881 = AXIS2_PLACEMENT_3D('',#9882,#9883,#9884);
#9882 = CARTESIAN_POINT('',(4.900000212342,0.25,14.6));
#9883 = DIRECTION('',(0.,1.,0.));
#9884 = DIRECTION('',(1.,0.,0.));
#9885 = ADVANCED_FACE('',(#9886),#9922,.T.);
#9886 = FACE_BOUND('',#9887,.T.);
#9887 = EDGE_LOOP('',(#9888,#9898,#9907,#9915));
#9888 = ORIENTED_EDGE('',*,*,#9889,.T.);
#9889 = EDGE_CURVE('',#9890,#9892,#9894,.T.);
#9890 = VERTEX_POINT('',#9891);
#9891 = CARTESIAN_POINT('',(7.2,2.15,-4.5));
#9892 = VERTEX_POINT('',#9893);
#9893 = CARTESIAN_POINT('',(7.2,1.5,-4.5));
#9894 = LINE('',#9895,#9896);
#9895 = CARTESIAN_POINT('',(7.2,-1.075,-4.5));
#9896 = VECTOR('',#9897,1.);
#9897 = DIRECTION('',(0.,-1.,0.));
#9898 = ORIENTED_EDGE('',*,*,#9899,.T.);
#9899 = EDGE_CURVE('',#9892,#9900,#9902,.T.);
#9900 = VERTEX_POINT('',#9901);
#9901 = CARTESIAN_POINT('',(7.2,-1.5,-4.5));
#9902 = CIRCLE('',#9903,1.5);
#9903 = AXIS2_PLACEMENT_3D('',#9904,#9905,#9906);
#9904 = CARTESIAN_POINT('',(7.2,0.,-4.5));
#9905 = DIRECTION('',(0.,0.,1.));
#9906 = DIRECTION('',(-1.,0.,0.));
#9907 = ORIENTED_EDGE('',*,*,#9908,.T.);
#9908 = EDGE_CURVE('',#9900,#9909,#9911,.T.);
#9909 = VERTEX_POINT('',#9910);
#9910 = CARTESIAN_POINT('',(7.2,-2.15,-4.5));
#9911 = LINE('',#9912,#9913);
#9912 = CARTESIAN_POINT('',(7.2,-1.075,-4.5));
#9913 = VECTOR('',#9914,1.);
#9914 = DIRECTION('',(0.,-1.,0.));
#9915 = ORIENTED_EDGE('',*,*,#9916,.T.);
#9916 = EDGE_CURVE('',#9909,#9890,#9917,.T.);
#9917 = CIRCLE('',#9918,2.15);
#9918 = AXIS2_PLACEMENT_3D('',#9919,#9920,#9921);
#9919 = CARTESIAN_POINT('',(7.2,0.,-4.5));
#9920 = DIRECTION('',(0.,0.,-1.));
#9921 = DIRECTION('',(-1.,0.,0.));
#9922 = PLANE('',#9923);
#9923 = AXIS2_PLACEMENT_3D('',#9924,#9925,#9926);
#9924 = CARTESIAN_POINT('',(7.2,0.,-4.5));
#9925 = DIRECTION('',(0.,0.,-1.));
#9926 = DIRECTION('',(-1.,0.,0.));
#9927 = ADVANCED_FACE('',(#9928),#9972,.T.);
#9928 = FACE_BOUND('',#9929,.T.);
#9929 = EDGE_LOOP('',(#9930,#9938,#9939,#9947,#9956,#9962,#9963,#9964,
    #9965));
#9930 = ORIENTED_EDGE('',*,*,#9931,.T.);
#9931 = EDGE_CURVE('',#9932,#9890,#9934,.T.);
#9932 = VERTEX_POINT('',#9933);
#9933 = CARTESIAN_POINT('',(7.2,2.15,-1.5));
#9934 = LINE('',#9935,#9936);
#9935 = CARTESIAN_POINT('',(7.2,2.15,3.));
#9936 = VECTOR('',#9937,1.);
#9937 = DIRECTION('',(0.,0.,-1.));
#9938 = ORIENTED_EDGE('',*,*,#9916,.F.);
#9939 = ORIENTED_EDGE('',*,*,#9940,.T.);
#9940 = EDGE_CURVE('',#9909,#9941,#9943,.T.);
#9941 = VERTEX_POINT('',#9942);
#9942 = CARTESIAN_POINT('',(7.2,-2.15,-1.5));
#9943 = LINE('',#9944,#9945);
#9944 = CARTESIAN_POINT('',(7.2,-2.15,3.));
#9945 = VECTOR('',#9946,1.);
#9946 = DIRECTION('',(0.,0.,1.));
#9947 = ORIENTED_EDGE('',*,*,#9948,.T.);
#9948 = EDGE_CURVE('',#9941,#9949,#9951,.T.);
#9949 = VERTEX_POINT('',#9950);
#9950 = CARTESIAN_POINT('',(9.35,-2.632990618167E-16,-1.5));
#9951 = CIRCLE('',#9952,2.15);
#9952 = AXIS2_PLACEMENT_3D('',#9953,#9954,#9955);
#9953 = CARTESIAN_POINT('',(7.2,0.,-1.5));
#9954 = DIRECTION('',(0.,0.,1.));
#9955 = DIRECTION('',(-1.,0.,0.));
#9956 = ORIENTED_EDGE('',*,*,#9957,.T.);
#9957 = EDGE_CURVE('',#9949,#9519,#9958,.T.);
#9958 = LINE('',#9959,#9960);
#9959 = CARTESIAN_POINT('',(9.35,-2.632990618167E-16,3.));
#9960 = VECTOR('',#9961,1.);
#9961 = DIRECTION('',(0.,0.,1.));
#9962 = ORIENTED_EDGE('',*,*,#9516,.F.);
#9963 = ORIENTED_EDGE('',*,*,#9527,.F.);
#9964 = ORIENTED_EDGE('',*,*,#9957,.F.);
#9965 = ORIENTED_EDGE('',*,*,#9966,.T.);
#9966 = EDGE_CURVE('',#9949,#9932,#9967,.T.);
#9967 = CIRCLE('',#9968,2.15);
#9968 = AXIS2_PLACEMENT_3D('',#9969,#9970,#9971);
#9969 = CARTESIAN_POINT('',(7.2,0.,-1.5));
#9970 = DIRECTION('',(0.,0.,1.));
#9971 = DIRECTION('',(-1.,0.,0.));
#9972 = CYLINDRICAL_SURFACE('',#9973,2.15);
#9973 = AXIS2_PLACEMENT_3D('',#9974,#9975,#9976);
#9974 = CARTESIAN_POINT('',(7.2,0.,3.));
#9975 = DIRECTION('',(0.,0.,-1.));
#9976 = DIRECTION('',(-1.,0.,0.));
#9977 = ADVANCED_FACE('',(#9978),#10007,.F.);
#9978 = FACE_BOUND('',#9979,.F.);
#9979 = EDGE_LOOP('',(#9980,#9990,#9991,#10000));
#9980 = ORIENTED_EDGE('',*,*,#9981,.T.);
#9981 = EDGE_CURVE('',#9982,#9984,#9986,.T.);
#9982 = VERTEX_POINT('',#9983);
#9983 = CARTESIAN_POINT('',(8.7,1.836970198721E-16,1.5));
#9984 = VERTEX_POINT('',#9985);
#9985 = CARTESIAN_POINT('',(7.2,0.,2.401290928541));
#9986 = LINE('',#9987,#9988);
#9987 = CARTESIAN_POINT('',(7.95,9.184850993605E-17,1.950645464271));
#9988 = VECTOR('',#9989,1.);
#9989 = DIRECTION('',(-0.857167300702,-1.049727191139E-16,0.51503807491)
  );
#9990 = ORIENTED_EDGE('',*,*,#9981,.F.);
#9991 = ORIENTED_EDGE('',*,*,#9992,.T.);
#9992 = EDGE_CURVE('',#9982,#9993,#9995,.T.);
#9993 = VERTEX_POINT('',#9994);
#9994 = CARTESIAN_POINT('',(5.7,0.,1.5));
#9995 = CIRCLE('',#9996,1.5);
#9996 = AXIS2_PLACEMENT_3D('',#9997,#9998,#9999);
#9997 = CARTESIAN_POINT('',(7.2,0.,1.5));
#9998 = DIRECTION('',(0.,0.,1.));
#9999 = DIRECTION('',(-1.,0.,0.));
#10000 = ORIENTED_EDGE('',*,*,#10001,.T.);
#10001 = EDGE_CURVE('',#9993,#9982,#10002,.T.);
#10002 = CIRCLE('',#10003,1.5);
#10003 = AXIS2_PLACEMENT_3D('',#10004,#10005,#10006);
#10004 = CARTESIAN_POINT('',(7.2,0.,1.5));
#10005 = DIRECTION('',(0.,0.,1.));
#10006 = DIRECTION('',(-1.,0.,0.));
#10007 = CONICAL_SURFACE('',#10008,0.75,1.029744258677);
#10008 = AXIS2_PLACEMENT_3D('',#10009,#10010,#10011);
#10009 = CARTESIAN_POINT('',(7.2,0.,1.950645464271));
#10010 = DIRECTION('',(0.,0.,-1.));
#10011 = DIRECTION('',(-1.,0.,0.));
#10012 = ADVANCED_FACE('',(#10013),#10057,.F.);
#10013 = FACE_BOUND('',#10014,.F.);
#10014 = EDGE_LOOP('',(#10015,#10016,#10024,#10033,#10039,#10040,#10041,
    #10042,#10051));
#10015 = ORIENTED_EDGE('',*,*,#9899,.T.);
#10016 = ORIENTED_EDGE('',*,*,#10017,.F.);
#10017 = EDGE_CURVE('',#10018,#9900,#10020,.T.);
#10018 = VERTEX_POINT('',#10019);
#10019 = CARTESIAN_POINT('',(7.2,-1.5,-1.5));
#10020 = LINE('',#10021,#10022);
#10021 = CARTESIAN_POINT('',(7.2,-1.5,-1.5));
#10022 = VECTOR('',#10023,1.);
#10023 = DIRECTION('',(0.,0.,-1.));
#10024 = ORIENTED_EDGE('',*,*,#10025,.F.);
#10025 = EDGE_CURVE('',#10026,#10018,#10028,.T.);
#10026 = VERTEX_POINT('',#10027);
#10027 = CARTESIAN_POINT('',(8.7,1.836970198721E-16,-1.5));
#10028 = CIRCLE('',#10029,1.5);
#10029 = AXIS2_PLACEMENT_3D('',#10030,#10031,#10032);
#10030 = CARTESIAN_POINT('',(7.2,0.,-1.5));
#10031 = DIRECTION('',(0.,0.,-1.));
#10032 = DIRECTION('',(-1.,0.,0.));
#10033 = ORIENTED_EDGE('',*,*,#10034,.T.);
#10034 = EDGE_CURVE('',#10026,#9982,#10035,.T.);
#10035 = LINE('',#10036,#10037);
#10036 = CARTESIAN_POINT('',(8.7,1.836970198721E-16,-1.5));
#10037 = VECTOR('',#10038,1.);
#10038 = DIRECTION('',(0.,0.,1.));
#10039 = ORIENTED_EDGE('',*,*,#10001,.F.);
#10040 = ORIENTED_EDGE('',*,*,#9992,.F.);
#10041 = ORIENTED_EDGE('',*,*,#10034,.F.);
#10042 = ORIENTED_EDGE('',*,*,#10043,.F.);
#10043 = EDGE_CURVE('',#10044,#10026,#10046,.T.);
#10044 = VERTEX_POINT('',#10045);
#10045 = CARTESIAN_POINT('',(7.2,1.5,-1.5));
#10046 = CIRCLE('',#10047,1.5);
#10047 = AXIS2_PLACEMENT_3D('',#10048,#10049,#10050);
#10048 = CARTESIAN_POINT('',(7.2,0.,-1.5));
#10049 = DIRECTION('',(0.,0.,-1.));
#10050 = DIRECTION('',(-1.,0.,0.));
#10051 = ORIENTED_EDGE('',*,*,#10052,.F.);
#10052 = EDGE_CURVE('',#9892,#10044,#10053,.T.);
#10053 = LINE('',#10054,#10055);
#10054 = CARTESIAN_POINT('',(7.2,1.5,-1.5));
#10055 = VECTOR('',#10056,1.);
#10056 = DIRECTION('',(0.,0.,1.));
#10057 = CYLINDRICAL_SURFACE('',#10058,1.5);
#10058 = AXIS2_PLACEMENT_3D('',#10059,#10060,#10061);
#10059 = CARTESIAN_POINT('',(7.2,0.,-1.5));
#10060 = DIRECTION('',(0.,0.,1.));
#10061 = DIRECTION('',(-1.,0.,0.));
#10062 = ADVANCED_FACE('',(#10063),#10074,.F.);
#10063 = FACE_BOUND('',#10064,.T.);
#10064 = EDGE_LOOP('',(#10065,#10066,#10067,#10068));
#10065 = ORIENTED_EDGE('',*,*,#10052,.F.);
#10066 = ORIENTED_EDGE('',*,*,#9889,.F.);
#10067 = ORIENTED_EDGE('',*,*,#9931,.F.);
#10068 = ORIENTED_EDGE('',*,*,#10069,.F.);
#10069 = EDGE_CURVE('',#10044,#9932,#10070,.T.);
#10070 = LINE('',#10071,#10072);
#10071 = CARTESIAN_POINT('',(7.2,-2.15,-1.5));
#10072 = VECTOR('',#10073,1.);
#10073 = DIRECTION('',(0.,1.,0.));
#10074 = PLANE('',#10075);
#10075 = AXIS2_PLACEMENT_3D('',#10076,#10077,#10078);
#10076 = CARTESIAN_POINT('',(7.2,-2.15,-4.5));
#10077 = DIRECTION('',(-1.,0.,0.));
#10078 = DIRECTION('',(0.,0.,1.));
#10079 = ADVANCED_FACE('',(#10080),#10093,.F.);
#10080 = FACE_BOUND('',#10081,.T.);
#10081 = EDGE_LOOP('',(#10082,#10083,#10084,#10085,#10086,#10092));
#10082 = ORIENTED_EDGE('',*,*,#10043,.F.);
#10083 = ORIENTED_EDGE('',*,*,#10069,.T.);
#10084 = ORIENTED_EDGE('',*,*,#9966,.F.);
#10085 = ORIENTED_EDGE('',*,*,#9948,.F.);
#10086 = ORIENTED_EDGE('',*,*,#10087,.T.);
#10087 = EDGE_CURVE('',#9941,#10018,#10088,.T.);
#10088 = LINE('',#10089,#10090);
#10089 = CARTESIAN_POINT('',(7.2,-2.15,-1.5));
#10090 = VECTOR('',#10091,1.);
#10091 = DIRECTION('',(0.,1.,0.));
#10092 = ORIENTED_EDGE('',*,*,#10025,.F.);
#10093 = PLANE('',#10094);
#10094 = AXIS2_PLACEMENT_3D('',#10095,#10096,#10097);
#10095 = CARTESIAN_POINT('',(7.2,-2.15,-1.5));
#10096 = DIRECTION('',(0.,0.,1.));
#10097 = DIRECTION('',(1.,0.,-0.));
#10098 = ADVANCED_FACE('',(#10099),#10105,.F.);
#10099 = FACE_BOUND('',#10100,.T.);
#10100 = EDGE_LOOP('',(#10101,#10102,#10103,#10104));
#10101 = ORIENTED_EDGE('',*,*,#10017,.F.);
#10102 = ORIENTED_EDGE('',*,*,#10087,.F.);
#10103 = ORIENTED_EDGE('',*,*,#9940,.F.);
#10104 = ORIENTED_EDGE('',*,*,#9908,.F.);
#10105 = PLANE('',#10106);
#10106 = AXIS2_PLACEMENT_3D('',#10107,#10108,#10109);
#10107 = CARTESIAN_POINT('',(7.2,-2.15,-4.5));
#10108 = DIRECTION('',(-1.,0.,0.));
#10109 = DIRECTION('',(0.,0.,1.));
#10110 = MANIFOLD_SOLID_BREP('',#10111);
#10111 = CLOSED_SHELL('',(#10112,#10285,#10327,#10359,#10387,#10431,
    #10472,#10533,#10594,#10655,#10677,#10699,#10721,#10753,#10785,
    #10817,#10839,#10861,#10883,#10896,#10909,#10922,#10935,#10948,
    #10961,#10974,#10987,#11063,#11082,#11142,#11166,#11188,#11200));
#10112 = ADVANCED_FACE('',(#10113,#10133),#10280,.T.);
#10113 = FACE_BOUND('',#10114,.T.);
#10114 = EDGE_LOOP('',(#10115,#10126));
#10115 = ORIENTED_EDGE('',*,*,#10116,.T.);
#10116 = EDGE_CURVE('',#10117,#10119,#10121,.T.);
#10117 = VERTEX_POINT('',#10118);
#10118 = CARTESIAN_POINT('',(-2.15,-2.632990618167E-16,7.05));
#10119 = VERTEX_POINT('',#10120);
#10120 = CARTESIAN_POINT('',(2.15,-2.632990618167E-16,7.05));
#10121 = CIRCLE('',#10122,2.15);
#10122 = AXIS2_PLACEMENT_3D('',#10123,#10124,#10125);
#10123 = CARTESIAN_POINT('',(0.,0.,7.05));
#10124 = DIRECTION('',(0.,0.,1.));
#10125 = DIRECTION('',(1.,0.,-0.));
#10126 = ORIENTED_EDGE('',*,*,#10127,.T.);
#10127 = EDGE_CURVE('',#10119,#10117,#10128,.T.);
#10128 = CIRCLE('',#10129,2.15);
#10129 = AXIS2_PLACEMENT_3D('',#10130,#10131,#10132);
#10130 = CARTESIAN_POINT('',(0.,0.,7.05));
#10131 = DIRECTION('',(0.,0.,1.));
#10132 = DIRECTION('',(1.,0.,-0.));
#10133 = FACE_BOUND('',#10134,.T.);
#10134 = EDGE_LOOP('',(#10135,#10146,#10154,#10163,#10171,#10180,#10188,
    #10197,#10205,#10214,#10222,#10231,#10240,#10248,#10257,#10265,
    #10274));
#10135 = ORIENTED_EDGE('',*,*,#10136,.T.);
#10136 = EDGE_CURVE('',#10137,#10139,#10141,.T.);
#10137 = VERTEX_POINT('',#10138);
#10138 = CARTESIAN_POINT('',(0.25,1.933907960581,7.05));
#10139 = VERTEX_POINT('',#10140);
#10140 = CARTESIAN_POINT('',(1.933907960581,0.25,7.05));
#10141 = CIRCLE('',#10142,1.95);
#10142 = AXIS2_PLACEMENT_3D('',#10143,#10144,#10145);
#10143 = CARTESIAN_POINT('',(0.,0.,7.05));
#10144 = DIRECTION('',(0.,0.,-1.));
#10145 = DIRECTION('',(1.,0.,0.));
#10146 = ORIENTED_EDGE('',*,*,#10147,.F.);
#10147 = EDGE_CURVE('',#10148,#10139,#10150,.T.);
#10148 = VERTEX_POINT('',#10149);
#10149 = CARTESIAN_POINT('',(0.707106781187,0.25,7.05));
#10150 = LINE('',#10151,#10152);
#10151 = CARTESIAN_POINT('',(2.123482971891,0.25,7.05));
#10152 = VECTOR('',#10153,1.);
#10153 = DIRECTION('',(1.,0.,0.));
#10154 = ORIENTED_EDGE('',*,*,#10155,.T.);
#10155 = EDGE_CURVE('',#10148,#10156,#10158,.T.);
#10156 = VERTEX_POINT('',#10157);
#10157 = CARTESIAN_POINT('',(0.707106781187,-0.25,7.05));
#10158 = CIRCLE('',#10159,0.75);
#10159 = AXIS2_PLACEMENT_3D('',#10160,#10161,#10162);
#10160 = CARTESIAN_POINT('',(3.703263240893E-17,0.,7.05));
#10161 = DIRECTION('',(0.,0.,-1.));
#10162 = DIRECTION('',(1.,0.,0.));
#10163 = ORIENTED_EDGE('',*,*,#10164,.F.);
#10164 = EDGE_CURVE('',#10165,#10156,#10167,.T.);
#10165 = VERTEX_POINT('',#10166);
#10166 = CARTESIAN_POINT('',(1.933907960581,-0.25,7.05));
#10167 = LINE('',#10168,#10169);
#10168 = CARTESIAN_POINT('',(-2.123482971891,-0.25,7.05));
#10169 = VECTOR('',#10170,1.);
#10170 = DIRECTION('',(-1.,0.,0.));
#10171 = ORIENTED_EDGE('',*,*,#10172,.T.);
#10172 = EDGE_CURVE('',#10165,#10173,#10175,.T.);
#10173 = VERTEX_POINT('',#10174);
#10174 = CARTESIAN_POINT('',(0.25,-1.933907960581,7.05));
#10175 = CIRCLE('',#10176,1.95);
#10176 = AXIS2_PLACEMENT_3D('',#10177,#10178,#10179);
#10177 = CARTESIAN_POINT('',(0.,0.,7.05));
#10178 = DIRECTION('',(0.,0.,-1.));
#10179 = DIRECTION('',(1.,0.,0.));
#10180 = ORIENTED_EDGE('',*,*,#10181,.F.);
#10181 = EDGE_CURVE('',#10182,#10173,#10184,.T.);
#10182 = VERTEX_POINT('',#10183);
#10183 = CARTESIAN_POINT('',(0.25,-0.707106781187,7.05));
#10184 = LINE('',#10185,#10186);
#10185 = CARTESIAN_POINT('',(0.25,-2.127528048725,7.05));
#10186 = VECTOR('',#10187,1.);
#10187 = DIRECTION('',(0.,-1.,0.));
#10188 = ORIENTED_EDGE('',*,*,#10189,.T.);
#10189 = EDGE_CURVE('',#10182,#10190,#10192,.T.);
#10190 = VERTEX_POINT('',#10191);
#10191 = CARTESIAN_POINT('',(-0.25,-0.707106781187,7.05));
#10192 = CIRCLE('',#10193,0.75);
#10193 = AXIS2_PLACEMENT_3D('',#10194,#10195,#10196);
#10194 = CARTESIAN_POINT('',(3.703263240893E-17,0.,7.05));
#10195 = DIRECTION('',(0.,0.,-1.));
#10196 = DIRECTION('',(1.,0.,0.));
#10197 = ORIENTED_EDGE('',*,*,#10198,.F.);
#10198 = EDGE_CURVE('',#10199,#10190,#10201,.T.);
#10199 = VERTEX_POINT('',#10200);
#10200 = CARTESIAN_POINT('',(-0.25,-1.933907960581,7.05));
#10201 = LINE('',#10202,#10203);
#10202 = CARTESIAN_POINT('',(-0.25,2.127528048725,7.05));
#10203 = VECTOR('',#10204,1.);
#10204 = DIRECTION('',(0.,1.,0.));
#10205 = ORIENTED_EDGE('',*,*,#10206,.T.);
#10206 = EDGE_CURVE('',#10199,#10207,#10209,.T.);
#10207 = VERTEX_POINT('',#10208);
#10208 = CARTESIAN_POINT('',(-1.933907960581,-0.25,7.05));
#10209 = CIRCLE('',#10210,1.95);
#10210 = AXIS2_PLACEMENT_3D('',#10211,#10212,#10213);
#10211 = CARTESIAN_POINT('',(0.,0.,7.05));
#10212 = DIRECTION('',(0.,0.,-1.));
#10213 = DIRECTION('',(1.,0.,0.));
#10214 = ORIENTED_EDGE('',*,*,#10215,.F.);
#10215 = EDGE_CURVE('',#10216,#10207,#10218,.T.);
#10216 = VERTEX_POINT('',#10217);
#10217 = CARTESIAN_POINT('',(-0.707106781187,-0.25,7.05));
#10218 = LINE('',#10219,#10220);
#10219 = CARTESIAN_POINT('',(-2.123482971891,-0.25,7.05));
#10220 = VECTOR('',#10221,1.);
#10221 = DIRECTION('',(-1.,0.,0.));
#10222 = ORIENTED_EDGE('',*,*,#10223,.T.);
#10223 = EDGE_CURVE('',#10216,#10224,#10226,.T.);
#10224 = VERTEX_POINT('',#10225);
#10225 = CARTESIAN_POINT('',(-0.75,9.184850993605E-17,7.05));
#10226 = CIRCLE('',#10227,0.75);
#10227 = AXIS2_PLACEMENT_3D('',#10228,#10229,#10230);
#10228 = CARTESIAN_POINT('',(3.703263240893E-17,0.,7.05));
#10229 = DIRECTION('',(0.,0.,-1.));
#10230 = DIRECTION('',(1.,0.,0.));
#10231 = ORIENTED_EDGE('',*,*,#10232,.T.);
#10232 = EDGE_CURVE('',#10224,#10233,#10235,.T.);
#10233 = VERTEX_POINT('',#10234);
#10234 = CARTESIAN_POINT('',(-0.707106781187,0.25,7.05));
#10235 = CIRCLE('',#10236,0.75);
#10236 = AXIS2_PLACEMENT_3D('',#10237,#10238,#10239);
#10237 = CARTESIAN_POINT('',(3.703263240893E-17,0.,7.05));
#10238 = DIRECTION('',(0.,0.,-1.));
#10239 = DIRECTION('',(1.,0.,0.));
#10240 = ORIENTED_EDGE('',*,*,#10241,.F.);
#10241 = EDGE_CURVE('',#10242,#10233,#10244,.T.);
#10242 = VERTEX_POINT('',#10243);
#10243 = CARTESIAN_POINT('',(-1.933907960581,0.25,7.05));
#10244 = LINE('',#10245,#10246);
#10245 = CARTESIAN_POINT('',(2.123482971891,0.25,7.05));
#10246 = VECTOR('',#10247,1.);
#10247 = DIRECTION('',(1.,0.,0.));
#10248 = ORIENTED_EDGE('',*,*,#10249,.T.);
#10249 = EDGE_CURVE('',#10242,#10250,#10252,.T.);
#10250 = VERTEX_POINT('',#10251);
#10251 = CARTESIAN_POINT('',(-0.25,1.933907960581,7.05));
#10252 = CIRCLE('',#10253,1.95);
#10253 = AXIS2_PLACEMENT_3D('',#10254,#10255,#10256);
#10254 = CARTESIAN_POINT('',(0.,0.,7.05));
#10255 = DIRECTION('',(0.,0.,-1.));
#10256 = DIRECTION('',(1.,0.,0.));
#10257 = ORIENTED_EDGE('',*,*,#10258,.F.);
#10258 = EDGE_CURVE('',#10259,#10250,#10261,.T.);
#10259 = VERTEX_POINT('',#10260);
#10260 = CARTESIAN_POINT('',(-0.25,0.707106781187,7.05));
#10261 = LINE('',#10262,#10263);
#10262 = CARTESIAN_POINT('',(-0.25,2.127528048725,7.05));
#10263 = VECTOR('',#10264,1.);
#10264 = DIRECTION('',(0.,1.,0.));
#10265 = ORIENTED_EDGE('',*,*,#10266,.T.);
#10266 = EDGE_CURVE('',#10259,#10267,#10269,.T.);
#10267 = VERTEX_POINT('',#10268);
#10268 = CARTESIAN_POINT('',(0.25,0.707106781187,7.05));
#10269 = CIRCLE('',#10270,0.75);
#10270 = AXIS2_PLACEMENT_3D('',#10271,#10272,#10273);
#10271 = CARTESIAN_POINT('',(3.703263240893E-17,0.,7.05));
#10272 = DIRECTION('',(0.,0.,-1.));
#10273 = DIRECTION('',(1.,0.,0.));
#10274 = ORIENTED_EDGE('',*,*,#10275,.F.);
#10275 = EDGE_CURVE('',#10137,#10267,#10276,.T.);
#10276 = LINE('',#10277,#10278);
#10277 = CARTESIAN_POINT('',(0.25,-2.127528048725,7.05));
#10278 = VECTOR('',#10279,1.);
#10279 = DIRECTION('',(0.,-1.,0.));
#10280 = PLANE('',#10281);
#10281 = AXIS2_PLACEMENT_3D('',#10282,#10283,#10284);
#10282 = CARTESIAN_POINT('',(0.,0.,7.05));
#10283 = DIRECTION('',(0.,0.,1.));
#10284 = DIRECTION('',(1.,0.,-0.));
#10285 = ADVANCED_FACE('',(#10286),#10322,.T.);
#10286 = FACE_BOUND('',#10287,.T.);
#10287 = EDGE_LOOP('',(#10288,#10298,#10307,#10315));
#10288 = ORIENTED_EDGE('',*,*,#10289,.T.);
#10289 = EDGE_CURVE('',#10290,#10292,#10294,.T.);
#10290 = VERTEX_POINT('',#10291);
#10291 = CARTESIAN_POINT('',(0.25,0.916515138991,14.6));
#10292 = VERTEX_POINT('',#10293);
#10293 = CARTESIAN_POINT('',(0.25,0.707106781187,14.6));
#10294 = LINE('',#10295,#10296);
#10295 = CARTESIAN_POINT('',(0.25,1.063764024363,14.6));
#10296 = VECTOR('',#10297,1.);
#10297 = DIRECTION('',(0.,-1.,0.));
#10298 = ORIENTED_EDGE('',*,*,#10299,.T.);
#10299 = EDGE_CURVE('',#10292,#10300,#10302,.T.);
#10300 = VERTEX_POINT('',#10301);
#10301 = CARTESIAN_POINT('',(0.707106781187,0.25,14.6));
#10302 = CIRCLE('',#10303,0.75);
#10303 = AXIS2_PLACEMENT_3D('',#10304,#10305,#10306);
#10304 = CARTESIAN_POINT('',(3.703263240893E-17,0.,14.6));
#10305 = DIRECTION('',(0.,0.,-1.));
#10306 = DIRECTION('',(1.,0.,0.));
#10307 = ORIENTED_EDGE('',*,*,#10308,.T.);
#10308 = EDGE_CURVE('',#10300,#10309,#10311,.T.);
#10309 = VERTEX_POINT('',#10310);
#10310 = CARTESIAN_POINT('',(0.916515138991,0.25,14.6));
#10311 = LINE('',#10312,#10313);
#10312 = CARTESIAN_POINT('',(0.125,0.25,14.6));
#10313 = VECTOR('',#10314,1.);
#10314 = DIRECTION('',(1.,0.,0.));
#10315 = ORIENTED_EDGE('',*,*,#10316,.F.);
#10316 = EDGE_CURVE('',#10290,#10309,#10317,.T.);
#10317 = CIRCLE('',#10318,0.95);
#10318 = AXIS2_PLACEMENT_3D('',#10319,#10320,#10321);
#10319 = CARTESIAN_POINT('',(0.,0.,14.6));
#10320 = DIRECTION('',(0.,0.,-1.));
#10321 = DIRECTION('',(1.,0.,0.));
#10322 = PLANE('',#10323);
#10323 = AXIS2_PLACEMENT_3D('',#10324,#10325,#10326);
#10324 = CARTESIAN_POINT('',(0.,0.,14.6));
#10325 = DIRECTION('',(0.,0.,1.));
#10326 = DIRECTION('',(1.,0.,-0.));
#10327 = ADVANCED_FACE('',(#10328),#10354,.T.);
#10328 = FACE_BOUND('',#10329,.T.);
#10329 = EDGE_LOOP('',(#10330,#10338,#10347,#10353));
#10330 = ORIENTED_EDGE('',*,*,#10331,.T.);
#10331 = EDGE_CURVE('',#10137,#10332,#10334,.T.);
#10332 = VERTEX_POINT('',#10333);
#10333 = CARTESIAN_POINT('',(0.25,1.933907960581,13.6));
#10334 = LINE('',#10335,#10336);
#10335 = CARTESIAN_POINT('',(0.25,1.933907960581,7.05));
#10336 = VECTOR('',#10337,1.);
#10337 = DIRECTION('',(0.,0.,1.));
#10338 = ORIENTED_EDGE('',*,*,#10339,.F.);
#10339 = EDGE_CURVE('',#10340,#10332,#10342,.T.);
#10340 = VERTEX_POINT('',#10341);
#10341 = CARTESIAN_POINT('',(1.933907960581,0.25,13.6));
#10342 = CIRCLE('',#10343,1.95);
#10343 = AXIS2_PLACEMENT_3D('',#10344,#10345,#10346);
#10344 = CARTESIAN_POINT('',(0.,0.,13.6));
#10345 = DIRECTION('',(0.,0.,1.));
#10346 = DIRECTION('',(1.,0.,-0.));
#10347 = ORIENTED_EDGE('',*,*,#10348,.T.);
#10348 = EDGE_CURVE('',#10340,#10139,#10349,.T.);
#10349 = LINE('',#10350,#10351);
#10350 = CARTESIAN_POINT('',(1.933907960581,0.25,7.05));
#10351 = VECTOR('',#10352,1.);
#10352 = DIRECTION('',(0.,0.,-1.));
#10353 = ORIENTED_EDGE('',*,*,#10136,.F.);
#10354 = CYLINDRICAL_SURFACE('',#10355,1.95);
#10355 = AXIS2_PLACEMENT_3D('',#10356,#10357,#10358);
#10356 = CARTESIAN_POINT('',(0.,0.,7.05));
#10357 = DIRECTION('',(0.,0.,1.));
#10358 = DIRECTION('',(1.,0.,-0.));
#10359 = ADVANCED_FACE('',(#10360),#10382,.F.);
#10360 = FACE_BOUND('',#10361,.F.);
#10361 = EDGE_LOOP('',(#10362,#10363,#10369,#10376));
#10362 = ORIENTED_EDGE('',*,*,#10299,.T.);
#10363 = ORIENTED_EDGE('',*,*,#10364,.F.);
#10364 = EDGE_CURVE('',#10148,#10300,#10365,.T.);
#10365 = LINE('',#10366,#10367);
#10366 = CARTESIAN_POINT('',(0.707106781187,0.25,10.825));
#10367 = VECTOR('',#10368,1.);
#10368 = DIRECTION('',(0.,0.,1.));
#10369 = ORIENTED_EDGE('',*,*,#10370,.F.);
#10370 = EDGE_CURVE('',#10267,#10148,#10371,.T.);
#10371 = CIRCLE('',#10372,0.75);
#10372 = AXIS2_PLACEMENT_3D('',#10373,#10374,#10375);
#10373 = CARTESIAN_POINT('',(3.703263240893E-17,0.,7.05));
#10374 = DIRECTION('',(0.,0.,-1.));
#10375 = DIRECTION('',(1.,0.,0.));
#10376 = ORIENTED_EDGE('',*,*,#10377,.F.);
#10377 = EDGE_CURVE('',#10292,#10267,#10378,.T.);
#10378 = LINE('',#10379,#10380);
#10379 = CARTESIAN_POINT('',(0.25,0.707106781187,10.825));
#10380 = VECTOR('',#10381,1.);
#10381 = DIRECTION('',(0.,0.,-1.));
#10382 = CYLINDRICAL_SURFACE('',#10383,0.75);
#10383 = AXIS2_PLACEMENT_3D('',#10384,#10385,#10386);
#10384 = CARTESIAN_POINT('',(3.703263240893E-17,0.,10.825));
#10385 = DIRECTION('',(0.,0.,-1.));
#10386 = DIRECTION('',(1.,0.,0.));
#10387 = ADVANCED_FACE('',(#10388),#10426,.F.);
#10388 = FACE_BOUND('',#10389,.F.);
#10389 = EDGE_LOOP('',(#10390,#10397,#10398,#10405,#10406,#10414,#10415,
    #10416,#10423,#10424,#10425));
#10390 = ORIENTED_EDGE('',*,*,#10391,.T.);
#10391 = EDGE_CURVE('',#10156,#10182,#10392,.T.);
#10392 = CIRCLE('',#10393,0.75);
#10393 = AXIS2_PLACEMENT_3D('',#10394,#10395,#10396);
#10394 = CARTESIAN_POINT('',(3.703263240893E-17,0.,7.05));
#10395 = DIRECTION('',(0.,0.,-1.));
#10396 = DIRECTION('',(1.,0.,0.));
#10397 = ORIENTED_EDGE('',*,*,#10189,.T.);
#10398 = ORIENTED_EDGE('',*,*,#10399,.T.);
#10399 = EDGE_CURVE('',#10190,#10216,#10400,.T.);
#10400 = CIRCLE('',#10401,0.75);
#10401 = AXIS2_PLACEMENT_3D('',#10402,#10403,#10404);
#10402 = CARTESIAN_POINT('',(3.703263240893E-17,0.,7.05));
#10403 = DIRECTION('',(0.,0.,-1.));
#10404 = DIRECTION('',(1.,0.,0.));
#10405 = ORIENTED_EDGE('',*,*,#10223,.T.);
#10406 = ORIENTED_EDGE('',*,*,#10407,.T.);
#10407 = EDGE_CURVE('',#10224,#10408,#10410,.T.);
#10408 = VERTEX_POINT('',#10409);
#10409 = CARTESIAN_POINT('',(3.703263240893E-17,0.,6.599354535729));
#10410 = LINE('',#10411,#10412);
#10411 = CARTESIAN_POINT('',(-0.375,4.592425496803E-17,6.824677267865));
#10412 = VECTOR('',#10413,1.);
#10413 = DIRECTION('',(0.857167300702,-1.049727191139E-16,-0.51503807491
    ));
#10414 = ORIENTED_EDGE('',*,*,#10407,.F.);
#10415 = ORIENTED_EDGE('',*,*,#10232,.T.);
#10416 = ORIENTED_EDGE('',*,*,#10417,.T.);
#10417 = EDGE_CURVE('',#10233,#10259,#10418,.T.);
#10418 = CIRCLE('',#10419,0.75);
#10419 = AXIS2_PLACEMENT_3D('',#10420,#10421,#10422);
#10420 = CARTESIAN_POINT('',(3.703263240893E-17,0.,7.05));
#10421 = DIRECTION('',(0.,0.,-1.));
#10422 = DIRECTION('',(1.,0.,0.));
#10423 = ORIENTED_EDGE('',*,*,#10266,.T.);
#10424 = ORIENTED_EDGE('',*,*,#10370,.T.);
#10425 = ORIENTED_EDGE('',*,*,#10155,.T.);
#10426 = CONICAL_SURFACE('',#10427,0.375,1.029744258677);
#10427 = AXIS2_PLACEMENT_3D('',#10428,#10429,#10430);
#10428 = CARTESIAN_POINT('',(3.703263240893E-17,0.,6.824677267865));
#10429 = DIRECTION('',(0.,0.,1.));
#10430 = DIRECTION('',(1.,0.,-0.));
#10431 = ADVANCED_FACE('',(#10432),#10462,.F.);
#10432 = FACE_BOUND('',#10433,.F.);
#10433 = EDGE_LOOP('',(#10434,#10435,#10448,#10449));
#10434 = ORIENTED_EDGE('',*,*,#10339,.F.);
#10435 = ORIENTED_EDGE('',*,*,#10436,.F.);
#10436 = EDGE_CURVE('',#10309,#10340,#10437,.T.);
#10437 = B_SPLINE_CURVE_WITH_KNOTS('',3,(#10438,#10439,#10440,#10441,
    #10442,#10443,#10444,#10445,#10446,#10447),.UNSPECIFIED.,.F.,.F.,(4,
    2,2,2,4),(0.57480034267,0.613086463033,0.650445810202,0.687455912231
    ,0.724311894366),.UNSPECIFIED.);
#10438 = CARTESIAN_POINT('',(0.916515138991,0.25,14.6));
#10439 = CARTESIAN_POINT('',(1.044135540204,0.25,14.6));
#10440 = CARTESIAN_POINT('',(1.194504974893,0.25,14.57097819248));
#10441 = CARTESIAN_POINT('',(1.427709908204,0.25,14.475083106557));
#10442 = CARTESIAN_POINT('',(1.552293827446,0.25,14.392558078833));
#10443 = CARTESIAN_POINT('',(1.727996346526,0.25,14.217680623171));
#10444 = CARTESIAN_POINT('',(1.810537221274,0.25,14.094786496255));
#10445 = CARTESIAN_POINT('',(1.905035623814,0.25,13.867422298393));
#10446 = CARTESIAN_POINT('',(1.933907960581,0.25,13.722853273784));
#10447 = CARTESIAN_POINT('',(1.933907960581,0.25,13.6));
#10448 = ORIENTED_EDGE('',*,*,#10316,.F.);
#10449 = ORIENTED_EDGE('',*,*,#10450,.F.);
#10450 = EDGE_CURVE('',#10332,#10290,#10451,.T.);
#10451 = B_SPLINE_CURVE_WITH_KNOTS('',3,(#10452,#10453,#10454,#10455,
    #10456,#10457,#10458,#10459,#10460,#10461),.UNSPECIFIED.,.F.,.F.,(4,
    2,2,2,4),(0.241437298122,0.278293280257,0.315303382286,
    0.352662729455,0.390948849819),.UNSPECIFIED.);
#10452 = CARTESIAN_POINT('',(0.25,1.933907960581,13.6));
#10453 = CARTESIAN_POINT('',(0.25,1.933907960581,13.722853273784));
#10454 = CARTESIAN_POINT('',(0.25,1.905035623814,13.867422298393));
#10455 = CARTESIAN_POINT('',(0.25,1.810537221274,14.094786496255));
#10456 = CARTESIAN_POINT('',(0.25,1.727996346526,14.217680623171));
#10457 = CARTESIAN_POINT('',(0.25,1.552293827446,14.392558078833));
#10458 = CARTESIAN_POINT('',(0.25,1.427709908204,14.475083106557));
#10459 = CARTESIAN_POINT('',(0.25,1.194504974893,14.57097819248));
#10460 = CARTESIAN_POINT('',(0.25,1.044135540204,14.6));
#10461 = CARTESIAN_POINT('',(0.25,0.916515138991,14.6));
#10462 = ( BOUNDED_SURFACE() B_SPLINE_SURFACE(2,2,(
    (#10463,#10464,#10465)
    ,(#10466,#10467,#10468)
    ,(#10469,#10470,#10471
)),.UNSPECIFIED.,.F.,.F.,.F.) B_SPLINE_SURFACE_WITH_KNOTS((3,3),(3,3),(
    0.,1.570796326795),(0.128558960041,1.442237366753),
.PIECEWISE_BEZIER_KNOTS.) GEOMETRIC_REPRESENTATION_ITEM() 
RATIONAL_B_SPLINE_SURFACE((
    (1.,0.7919262197,1.)
    ,(0.707106781187,0.559976400149,0.707106781187)
,(1.,0.7919262197,1.))) REPRESENTATION_ITEM('') SURFACE() );
#10463 = CARTESIAN_POINT('',(1.933907960581,0.25,13.6));
#10464 = CARTESIAN_POINT('',(1.741144804925,1.741144804925,13.6));
#10465 = CARTESIAN_POINT('',(0.25,1.933907960581,13.6));
#10466 = CARTESIAN_POINT('',(1.933907960581,0.25,14.6));
#10467 = CARTESIAN_POINT('',(1.741144804925,1.741144804925,14.6));
#10468 = CARTESIAN_POINT('',(0.25,1.933907960581,14.6));
#10469 = CARTESIAN_POINT('',(0.942160288488,0.121794871795,14.6));
#10470 = CARTESIAN_POINT('',(0.848250033168,0.848250033168,14.6));
#10471 = CARTESIAN_POINT('',(0.121794871795,0.942160288488,14.6));
#10472 = ADVANCED_FACE('',(#10473),#10523,.F.);
#10473 = FACE_BOUND('',#10474,.F.);
#10474 = EDGE_LOOP('',(#10475,#10486,#10501,#10510));
#10475 = ORIENTED_EDGE('',*,*,#10476,.F.);
#10476 = EDGE_CURVE('',#10477,#10479,#10481,.T.);
#10477 = VERTEX_POINT('',#10478);
#10478 = CARTESIAN_POINT('',(-0.916515138991,0.25,14.6));
#10479 = VERTEX_POINT('',#10480);
#10480 = CARTESIAN_POINT('',(-0.25,0.916515138991,14.6));
#10481 = CIRCLE('',#10482,0.95);
#10482 = AXIS2_PLACEMENT_3D('',#10483,#10484,#10485);
#10483 = CARTESIAN_POINT('',(0.,0.,14.6));
#10484 = DIRECTION('',(0.,0.,-1.));
#10485 = DIRECTION('',(1.,0.,0.));
#10486 = ORIENTED_EDGE('',*,*,#10487,.F.);
#10487 = EDGE_CURVE('',#10488,#10477,#10490,.T.);
#10488 = VERTEX_POINT('',#10489);
#10489 = CARTESIAN_POINT('',(-1.933907960581,0.25,13.6));
#10490 = B_SPLINE_CURVE_WITH_KNOTS('',3,(#10491,#10492,#10493,#10494,
    #10495,#10496,#10497,#10498,#10499,#10500),.UNSPECIFIED.,.F.,.F.,(4,
    2,2,2,4),(0.241437298122,0.278293280257,0.315303382286,
    0.352662729455,0.390948849819),.UNSPECIFIED.);
#10491 = CARTESIAN_POINT('',(-1.933907960581,0.25,13.6));
#10492 = CARTESIAN_POINT('',(-1.933907960581,0.25,13.722853273784));
#10493 = CARTESIAN_POINT('',(-1.905035623814,0.25,13.867422298393));
#10494 = CARTESIAN_POINT('',(-1.810537221274,0.25,14.094786496255));
#10495 = CARTESIAN_POINT('',(-1.727996346526,0.25,14.217680623171));
#10496 = CARTESIAN_POINT('',(-1.552293827446,0.25,14.392558078833));
#10497 = CARTESIAN_POINT('',(-1.427709908204,0.25,14.475083106557));
#10498 = CARTESIAN_POINT('',(-1.194504974893,0.25,14.57097819248));
#10499 = CARTESIAN_POINT('',(-1.044135540204,0.25,14.6));
#10500 = CARTESIAN_POINT('',(-0.916515138991,0.25,14.6));
#10501 = ORIENTED_EDGE('',*,*,#10502,.F.);
#10502 = EDGE_CURVE('',#10503,#10488,#10505,.T.);
#10503 = VERTEX_POINT('',#10504);
#10504 = CARTESIAN_POINT('',(-0.25,1.933907960581,13.6));
#10505 = CIRCLE('',#10506,1.95);
#10506 = AXIS2_PLACEMENT_3D('',#10507,#10508,#10509);
#10507 = CARTESIAN_POINT('',(0.,0.,13.6));
#10508 = DIRECTION('',(0.,0.,1.));
#10509 = DIRECTION('',(1.,0.,-0.));
#10510 = ORIENTED_EDGE('',*,*,#10511,.F.);
#10511 = EDGE_CURVE('',#10479,#10503,#10512,.T.);
#10512 = B_SPLINE_CURVE_WITH_KNOTS('',3,(#10513,#10514,#10515,#10516,
    #10517,#10518,#10519,#10520,#10521,#10522),.UNSPECIFIED.,.F.,.F.,(4,
    2,2,2,4),(0.57480034267,0.613086463033,0.650445810202,0.687455912231
    ,0.724311894366),.UNSPECIFIED.);
#10513 = CARTESIAN_POINT('',(-0.25,0.916515138991,14.6));
#10514 = CARTESIAN_POINT('',(-0.25,1.044135540204,14.6));
#10515 = CARTESIAN_POINT('',(-0.25,1.194504974893,14.57097819248));
#10516 = CARTESIAN_POINT('',(-0.25,1.427709908204,14.475083106557));
#10517 = CARTESIAN_POINT('',(-0.25,1.552293827446,14.392558078833));
#10518 = CARTESIAN_POINT('',(-0.25,1.727996346526,14.217680623171));
#10519 = CARTESIAN_POINT('',(-0.25,1.810537221274,14.094786496255));
#10520 = CARTESIAN_POINT('',(-0.25,1.905035623814,13.867422298393));
#10521 = CARTESIAN_POINT('',(-0.25,1.933907960581,13.722853273784));
#10522 = CARTESIAN_POINT('',(-0.25,1.933907960581,13.6));
#10523 = ( BOUNDED_SURFACE() B_SPLINE_SURFACE(2,2,(
    (#10524,#10525,#10526)
    ,(#10527,#10528,#10529)
    ,(#10530,#10531,#10532
)),.UNSPECIFIED.,.F.,.F.,.F.) B_SPLINE_SURFACE_WITH_KNOTS((3,3),(3,3),(
    0.,1.570796326795),(1.699355286836,3.013033693548),
.PIECEWISE_BEZIER_KNOTS.) GEOMETRIC_REPRESENTATION_ITEM() 
RATIONAL_B_SPLINE_SURFACE((
    (1.,0.7919262197,1.)
    ,(0.707106781187,0.559976400149,0.707106781187)
,(1.,0.7919262197,1.))) REPRESENTATION_ITEM('') SURFACE() );
#10524 = CARTESIAN_POINT('',(-0.25,1.933907960581,13.6));
#10525 = CARTESIAN_POINT('',(-1.741144804925,1.741144804925,13.6));
#10526 = CARTESIAN_POINT('',(-1.933907960581,0.25,13.6));
#10527 = CARTESIAN_POINT('',(-0.25,1.933907960581,14.6));
#10528 = CARTESIAN_POINT('',(-1.741144804925,1.741144804925,14.6));
#10529 = CARTESIAN_POINT('',(-1.933907960581,0.25,14.6));
#10530 = CARTESIAN_POINT('',(-0.121794871795,0.942160288488,14.6));
#10531 = CARTESIAN_POINT('',(-0.848250033168,0.848250033168,14.6));
#10532 = CARTESIAN_POINT('',(-0.942160288488,0.121794871795,14.6));
#10533 = ADVANCED_FACE('',(#10534),#10584,.F.);
#10534 = FACE_BOUND('',#10535,.F.);
#10535 = EDGE_LOOP('',(#10536,#10547,#10562,#10571));
#10536 = ORIENTED_EDGE('',*,*,#10537,.F.);
#10537 = EDGE_CURVE('',#10538,#10540,#10542,.T.);
#10538 = VERTEX_POINT('',#10539);
#10539 = CARTESIAN_POINT('',(-0.25,-0.916515138991,14.6));
#10540 = VERTEX_POINT('',#10541);
#10541 = CARTESIAN_POINT('',(-0.916515138991,-0.25,14.6));
#10542 = CIRCLE('',#10543,0.95);
#10543 = AXIS2_PLACEMENT_3D('',#10544,#10545,#10546);
#10544 = CARTESIAN_POINT('',(0.,0.,14.6));
#10545 = DIRECTION('',(0.,0.,-1.));
#10546 = DIRECTION('',(1.,0.,0.));
#10547 = ORIENTED_EDGE('',*,*,#10548,.F.);
#10548 = EDGE_CURVE('',#10549,#10538,#10551,.T.);
#10549 = VERTEX_POINT('',#10550);
#10550 = CARTESIAN_POINT('',(-0.25,-1.933907960581,13.6));
#10551 = B_SPLINE_CURVE_WITH_KNOTS('',3,(#10552,#10553,#10554,#10555,
    #10556,#10557,#10558,#10559,#10560,#10561),.UNSPECIFIED.,.F.,.F.,(4,
    2,2,2,4),(0.241437298122,0.278293280257,0.315303382286,
    0.352662729455,0.390948849819),.UNSPECIFIED.);
#10552 = CARTESIAN_POINT('',(-0.25,-1.933907960581,13.6));
#10553 = CARTESIAN_POINT('',(-0.25,-1.933907960581,13.722853273784));
#10554 = CARTESIAN_POINT('',(-0.25,-1.905035623814,13.867422298393));
#10555 = CARTESIAN_POINT('',(-0.25,-1.810537221274,14.094786496255));
#10556 = CARTESIAN_POINT('',(-0.25,-1.727996346526,14.217680623171));
#10557 = CARTESIAN_POINT('',(-0.25,-1.552293827446,14.392558078833));
#10558 = CARTESIAN_POINT('',(-0.25,-1.427709908204,14.475083106557));
#10559 = CARTESIAN_POINT('',(-0.25,-1.194504974893,14.57097819248));
#10560 = CARTESIAN_POINT('',(-0.25,-1.044135540204,14.6));
#10561 = CARTESIAN_POINT('',(-0.25,-0.916515138991,14.6));
#10562 = ORIENTED_EDGE('',*,*,#10563,.F.);
#10563 = EDGE_CURVE('',#10564,#10549,#10566,.T.);
#10564 = VERTEX_POINT('',#10565);
#10565 = CARTESIAN_POINT('',(-1.933907960581,-0.25,13.6));
#10566 = CIRCLE('',#10567,1.95);
#10567 = AXIS2_PLACEMENT_3D('',#10568,#10569,#10570);
#10568 = CARTESIAN_POINT('',(0.,0.,13.6));
#10569 = DIRECTION('',(0.,0.,1.));
#10570 = DIRECTION('',(1.,0.,-0.));
#10571 = ORIENTED_EDGE('',*,*,#10572,.F.);
#10572 = EDGE_CURVE('',#10540,#10564,#10573,.T.);
#10573 = B_SPLINE_CURVE_WITH_KNOTS('',3,(#10574,#10575,#10576,#10577,
    #10578,#10579,#10580,#10581,#10582,#10583),.UNSPECIFIED.,.F.,.F.,(4,
    2,2,2,4),(0.57480034267,0.613086463033,0.650445810202,0.687455912231
    ,0.724311894366),.UNSPECIFIED.);
#10574 = CARTESIAN_POINT('',(-0.916515138991,-0.25,14.6));
#10575 = CARTESIAN_POINT('',(-1.044135540204,-0.25,14.6));
#10576 = CARTESIAN_POINT('',(-1.194504974893,-0.25,14.57097819248));
#10577 = CARTESIAN_POINT('',(-1.427709908204,-0.25,14.475083106557));
#10578 = CARTESIAN_POINT('',(-1.552293827446,-0.25,14.392558078833));
#10579 = CARTESIAN_POINT('',(-1.727996346526,-0.25,14.217680623171));
#10580 = CARTESIAN_POINT('',(-1.810537221274,-0.25,14.094786496255));
#10581 = CARTESIAN_POINT('',(-1.905035623814,-0.25,13.867422298393));
#10582 = CARTESIAN_POINT('',(-1.933907960581,-0.25,13.722853273784));
#10583 = CARTESIAN_POINT('',(-1.933907960581,-0.25,13.6));
#10584 = ( BOUNDED_SURFACE() B_SPLINE_SURFACE(2,2,(
    (#10585,#10586,#10587)
    ,(#10588,#10589,#10590)
    ,(#10591,#10592,#10593
)),.UNSPECIFIED.,.F.,.F.,.F.) B_SPLINE_SURFACE_WITH_KNOTS((3,3),(3,3),(
    0.,1.570796326795),(-3.013033693548,-1.699355286836),
.PIECEWISE_BEZIER_KNOTS.) GEOMETRIC_REPRESENTATION_ITEM() 
RATIONAL_B_SPLINE_SURFACE((
    (1.,0.7919262197,1.)
    ,(0.707106781187,0.559976400149,0.707106781187)
,(1.,0.7919262197,1.))) REPRESENTATION_ITEM('') SURFACE() );
#10585 = CARTESIAN_POINT('',(-1.933907960581,-0.25,13.6));
#10586 = CARTESIAN_POINT('',(-1.741144804925,-1.741144804925,13.6));
#10587 = CARTESIAN_POINT('',(-0.25,-1.933907960581,13.6));
#10588 = CARTESIAN_POINT('',(-1.933907960581,-0.25,14.6));
#10589 = CARTESIAN_POINT('',(-1.741144804925,-1.741144804925,14.6));
#10590 = CARTESIAN_POINT('',(-0.25,-1.933907960581,14.6));
#10591 = CARTESIAN_POINT('',(-0.942160288488,-0.121794871795,14.6));
#10592 = CARTESIAN_POINT('',(-0.848250033168,-0.848250033168,14.6));
#10593 = CARTESIAN_POINT('',(-0.121794871795,-0.942160288488,14.6));
#10594 = ADVANCED_FACE('',(#10595),#10645,.F.);
#10595 = FACE_BOUND('',#10596,.F.);
#10596 = EDGE_LOOP('',(#10597,#10608,#10623,#10632));
#10597 = ORIENTED_EDGE('',*,*,#10598,.F.);
#10598 = EDGE_CURVE('',#10599,#10601,#10603,.T.);
#10599 = VERTEX_POINT('',#10600);
#10600 = CARTESIAN_POINT('',(0.916515138991,-0.25,14.6));
#10601 = VERTEX_POINT('',#10602);
#10602 = CARTESIAN_POINT('',(0.25,-0.916515138991,14.6));
#10603 = CIRCLE('',#10604,0.95);
#10604 = AXIS2_PLACEMENT_3D('',#10605,#10606,#10607);
#10605 = CARTESIAN_POINT('',(0.,0.,14.6));
#10606 = DIRECTION('',(0.,0.,-1.));
#10607 = DIRECTION('',(1.,0.,0.));
#10608 = ORIENTED_EDGE('',*,*,#10609,.F.);
#10609 = EDGE_CURVE('',#10610,#10599,#10612,.T.);
#10610 = VERTEX_POINT('',#10611);
#10611 = CARTESIAN_POINT('',(1.933907960581,-0.25,13.6));
#10612 = B_SPLINE_CURVE_WITH_KNOTS('',3,(#10613,#10614,#10615,#10616,
    #10617,#10618,#10619,#10620,#10621,#10622),.UNSPECIFIED.,.F.,.F.,(4,
    2,2,2,4),(0.241437298122,0.278293280257,0.315303382286,
    0.352662729455,0.390948849819),.UNSPECIFIED.);
#10613 = CARTESIAN_POINT('',(1.933907960581,-0.25,13.6));
#10614 = CARTESIAN_POINT('',(1.933907960581,-0.25,13.722853273784));
#10615 = CARTESIAN_POINT('',(1.905035623814,-0.25,13.867422298393));
#10616 = CARTESIAN_POINT('',(1.810537221274,-0.25,14.094786496255));
#10617 = CARTESIAN_POINT('',(1.727996346526,-0.25,14.217680623171));
#10618 = CARTESIAN_POINT('',(1.552293827446,-0.25,14.392558078833));
#10619 = CARTESIAN_POINT('',(1.427709908204,-0.25,14.475083106557));
#10620 = CARTESIAN_POINT('',(1.194504974893,-0.25,14.57097819248));
#10621 = CARTESIAN_POINT('',(1.044135540204,-0.25,14.6));
#10622 = CARTESIAN_POINT('',(0.916515138991,-0.25,14.6));
#10623 = ORIENTED_EDGE('',*,*,#10624,.F.);
#10624 = EDGE_CURVE('',#10625,#10610,#10627,.T.);
#10625 = VERTEX_POINT('',#10626);
#10626 = CARTESIAN_POINT('',(0.25,-1.933907960581,13.6));
#10627 = CIRCLE('',#10628,1.95);
#10628 = AXIS2_PLACEMENT_3D('',#10629,#10630,#10631);
#10629 = CARTESIAN_POINT('',(0.,0.,13.6));
#10630 = DIRECTION('',(0.,0.,1.));
#10631 = DIRECTION('',(1.,0.,-0.));
#10632 = ORIENTED_EDGE('',*,*,#10633,.F.);
#10633 = EDGE_CURVE('',#10601,#10625,#10634,.T.);
#10634 = B_SPLINE_CURVE_WITH_KNOTS('',3,(#10635,#10636,#10637,#10638,
    #10639,#10640,#10641,#10642,#10643,#10644),.UNSPECIFIED.,.F.,.F.,(4,
    2,2,2,4),(0.57480034267,0.613086463033,0.650445810202,0.687455912231
    ,0.724311894366),.UNSPECIFIED.);
#10635 = CARTESIAN_POINT('',(0.25,-0.916515138991,14.6));
#10636 = CARTESIAN_POINT('',(0.25,-1.044135540204,14.6));
#10637 = CARTESIAN_POINT('',(0.25,-1.194504974893,14.57097819248));
#10638 = CARTESIAN_POINT('',(0.25,-1.427709908204,14.475083106557));
#10639 = CARTESIAN_POINT('',(0.25,-1.552293827446,14.392558078833));
#10640 = CARTESIAN_POINT('',(0.25,-1.727996346526,14.217680623171));
#10641 = CARTESIAN_POINT('',(0.25,-1.810537221274,14.094786496255));
#10642 = CARTESIAN_POINT('',(0.25,-1.905035623814,13.867422298393));
#10643 = CARTESIAN_POINT('',(0.25,-1.933907960581,13.722853273784));
#10644 = CARTESIAN_POINT('',(0.25,-1.933907960581,13.6));
#10645 = ( BOUNDED_SURFACE() B_SPLINE_SURFACE(2,2,(
    (#10646,#10647,#10648)
    ,(#10649,#10650,#10651)
    ,(#10652,#10653,#10654
)),.UNSPECIFIED.,.F.,.F.,.F.) B_SPLINE_SURFACE_WITH_KNOTS((3,3),(3,3),(
    0.,1.570796326795),(-1.442237366753,-0.128558960041),
.PIECEWISE_BEZIER_KNOTS.) GEOMETRIC_REPRESENTATION_ITEM() 
RATIONAL_B_SPLINE_SURFACE((
    (1.,0.7919262197,1.)
    ,(0.707106781187,0.559976400149,0.707106781187)
,(1.,0.7919262197,1.))) REPRESENTATION_ITEM('') SURFACE() );
#10646 = CARTESIAN_POINT('',(0.25,-1.933907960581,13.6));
#10647 = CARTESIAN_POINT('',(1.741144804925,-1.741144804925,13.6));
#10648 = CARTESIAN_POINT('',(1.933907960581,-0.25,13.6));
#10649 = CARTESIAN_POINT('',(0.25,-1.933907960581,14.6));
#10650 = CARTESIAN_POINT('',(1.741144804925,-1.741144804925,14.6));
#10651 = CARTESIAN_POINT('',(1.933907960581,-0.25,14.6));
#10652 = CARTESIAN_POINT('',(0.121794871795,-0.942160288488,14.6));
#10653 = CARTESIAN_POINT('',(0.848250033168,-0.848250033168,14.6));
#10654 = CARTESIAN_POINT('',(0.942160288488,-0.121794871795,14.6));
#10655 = ADVANCED_FACE('',(#10656),#10672,.T.);
#10656 = FACE_BOUND('',#10657,.T.);
#10657 = EDGE_LOOP('',(#10658,#10664,#10665,#10671));
#10658 = ORIENTED_EDGE('',*,*,#10659,.T.);
#10659 = EDGE_CURVE('',#10503,#10250,#10660,.T.);
#10660 = LINE('',#10661,#10662);
#10661 = CARTESIAN_POINT('',(-0.25,1.933907960581,7.05));
#10662 = VECTOR('',#10663,1.);
#10663 = DIRECTION('',(0.,0.,-1.));
#10664 = ORIENTED_EDGE('',*,*,#10249,.F.);
#10665 = ORIENTED_EDGE('',*,*,#10666,.T.);
#10666 = EDGE_CURVE('',#10242,#10488,#10667,.T.);
#10667 = LINE('',#10668,#10669);
#10668 = CARTESIAN_POINT('',(-1.933907960581,0.25,7.05));
#10669 = VECTOR('',#10670,1.);
#10670 = DIRECTION('',(0.,0.,1.));
#10671 = ORIENTED_EDGE('',*,*,#10502,.F.);
#10672 = CYLINDRICAL_SURFACE('',#10673,1.95);
#10673 = AXIS2_PLACEMENT_3D('',#10674,#10675,#10676);
#10674 = CARTESIAN_POINT('',(0.,0.,7.05));
#10675 = DIRECTION('',(0.,0.,1.));
#10676 = DIRECTION('',(1.,0.,-0.));
#10677 = ADVANCED_FACE('',(#10678),#10694,.T.);
#10678 = FACE_BOUND('',#10679,.T.);
#10679 = EDGE_LOOP('',(#10680,#10686,#10687,#10693));
#10680 = ORIENTED_EDGE('',*,*,#10681,.T.);
#10681 = EDGE_CURVE('',#10564,#10207,#10682,.T.);
#10682 = LINE('',#10683,#10684);
#10683 = CARTESIAN_POINT('',(-1.933907960581,-0.25,7.05));
#10684 = VECTOR('',#10685,1.);
#10685 = DIRECTION('',(0.,0.,-1.));
#10686 = ORIENTED_EDGE('',*,*,#10206,.F.);
#10687 = ORIENTED_EDGE('',*,*,#10688,.T.);
#10688 = EDGE_CURVE('',#10199,#10549,#10689,.T.);
#10689 = LINE('',#10690,#10691);
#10690 = CARTESIAN_POINT('',(-0.25,-1.933907960581,7.05));
#10691 = VECTOR('',#10692,1.);
#10692 = DIRECTION('',(0.,0.,1.));
#10693 = ORIENTED_EDGE('',*,*,#10563,.F.);
#10694 = CYLINDRICAL_SURFACE('',#10695,1.95);
#10695 = AXIS2_PLACEMENT_3D('',#10696,#10697,#10698);
#10696 = CARTESIAN_POINT('',(0.,0.,7.05));
#10697 = DIRECTION('',(0.,0.,1.));
#10698 = DIRECTION('',(1.,0.,-0.));
#10699 = ADVANCED_FACE('',(#10700),#10716,.T.);
#10700 = FACE_BOUND('',#10701,.T.);
#10701 = EDGE_LOOP('',(#10702,#10708,#10709,#10715));
#10702 = ORIENTED_EDGE('',*,*,#10703,.T.);
#10703 = EDGE_CURVE('',#10625,#10173,#10704,.T.);
#10704 = LINE('',#10705,#10706);
#10705 = CARTESIAN_POINT('',(0.25,-1.933907960581,7.05));
#10706 = VECTOR('',#10707,1.);
#10707 = DIRECTION('',(0.,0.,-1.));
#10708 = ORIENTED_EDGE('',*,*,#10172,.F.);
#10709 = ORIENTED_EDGE('',*,*,#10710,.T.);
#10710 = EDGE_CURVE('',#10165,#10610,#10711,.T.);
#10711 = LINE('',#10712,#10713);
#10712 = CARTESIAN_POINT('',(1.933907960581,-0.25,7.05));
#10713 = VECTOR('',#10714,1.);
#10714 = DIRECTION('',(0.,0.,1.));
#10715 = ORIENTED_EDGE('',*,*,#10624,.F.);
#10716 = CYLINDRICAL_SURFACE('',#10717,1.95);
#10717 = AXIS2_PLACEMENT_3D('',#10718,#10719,#10720);
#10718 = CARTESIAN_POINT('',(0.,0.,7.05));
#10719 = DIRECTION('',(0.,0.,1.));
#10720 = DIRECTION('',(1.,0.,-0.));
#10721 = ADVANCED_FACE('',(#10722),#10748,.T.);
#10722 = FACE_BOUND('',#10723,.T.);
#10723 = EDGE_LOOP('',(#10724,#10732,#10733,#10741));
#10724 = ORIENTED_EDGE('',*,*,#10725,.T.);
#10725 = EDGE_CURVE('',#10726,#10479,#10728,.T.);
#10726 = VERTEX_POINT('',#10727);
#10727 = CARTESIAN_POINT('',(-0.25,0.707106781187,14.6));
#10728 = LINE('',#10729,#10730);
#10729 = CARTESIAN_POINT('',(-0.25,0.125,14.6));
#10730 = VECTOR('',#10731,1.);
#10731 = DIRECTION('',(0.,1.,0.));
#10732 = ORIENTED_EDGE('',*,*,#10476,.F.);
#10733 = ORIENTED_EDGE('',*,*,#10734,.T.);
#10734 = EDGE_CURVE('',#10477,#10735,#10737,.T.);
#10735 = VERTEX_POINT('',#10736);
#10736 = CARTESIAN_POINT('',(-0.707106781187,0.25,14.6));
#10737 = LINE('',#10738,#10739);
#10738 = CARTESIAN_POINT('',(-1.061741485945,0.25,14.6));
#10739 = VECTOR('',#10740,1.);
#10740 = DIRECTION('',(1.,0.,0.));
#10741 = ORIENTED_EDGE('',*,*,#10742,.T.);
#10742 = EDGE_CURVE('',#10735,#10726,#10743,.T.);
#10743 = CIRCLE('',#10744,0.75);
#10744 = AXIS2_PLACEMENT_3D('',#10745,#10746,#10747);
#10745 = CARTESIAN_POINT('',(3.703263240893E-17,0.,14.6));
#10746 = DIRECTION('',(0.,0.,-1.));
#10747 = DIRECTION('',(1.,0.,0.));
#10748 = PLANE('',#10749);
#10749 = AXIS2_PLACEMENT_3D('',#10750,#10751,#10752);
#10750 = CARTESIAN_POINT('',(0.,0.,14.6));
#10751 = DIRECTION('',(0.,0.,1.));
#10752 = DIRECTION('',(1.,0.,-0.));
#10753 = ADVANCED_FACE('',(#10754),#10780,.T.);
#10754 = FACE_BOUND('',#10755,.T.);
#10755 = EDGE_LOOP('',(#10756,#10764,#10765,#10773));
#10756 = ORIENTED_EDGE('',*,*,#10757,.T.);
#10757 = EDGE_CURVE('',#10758,#10540,#10760,.T.);
#10758 = VERTEX_POINT('',#10759);
#10759 = CARTESIAN_POINT('',(-0.707106781187,-0.25,14.6));
#10760 = LINE('',#10761,#10762);
#10761 = CARTESIAN_POINT('',(-0.125,-0.25,14.6));
#10762 = VECTOR('',#10763,1.);
#10763 = DIRECTION('',(-1.,0.,0.));
#10764 = ORIENTED_EDGE('',*,*,#10537,.F.);
#10765 = ORIENTED_EDGE('',*,*,#10766,.T.);
#10766 = EDGE_CURVE('',#10538,#10767,#10769,.T.);
#10767 = VERTEX_POINT('',#10768);
#10768 = CARTESIAN_POINT('',(-0.25,-0.707106781187,14.6));
#10769 = LINE('',#10770,#10771);
#10770 = CARTESIAN_POINT('',(-0.25,-1.063764024363,14.6));
#10771 = VECTOR('',#10772,1.);
#10772 = DIRECTION('',(0.,1.,0.));
#10773 = ORIENTED_EDGE('',*,*,#10774,.T.);
#10774 = EDGE_CURVE('',#10767,#10758,#10775,.T.);
#10775 = CIRCLE('',#10776,0.75);
#10776 = AXIS2_PLACEMENT_3D('',#10777,#10778,#10779);
#10777 = CARTESIAN_POINT('',(3.703263240893E-17,0.,14.6));
#10778 = DIRECTION('',(0.,0.,-1.));
#10779 = DIRECTION('',(1.,0.,0.));
#10780 = PLANE('',#10781);
#10781 = AXIS2_PLACEMENT_3D('',#10782,#10783,#10784);
#10782 = CARTESIAN_POINT('',(0.,0.,14.6));
#10783 = DIRECTION('',(0.,0.,1.));
#10784 = DIRECTION('',(1.,0.,-0.));
#10785 = ADVANCED_FACE('',(#10786),#10812,.T.);
#10786 = FACE_BOUND('',#10787,.T.);
#10787 = EDGE_LOOP('',(#10788,#10796,#10797,#10805));
#10788 = ORIENTED_EDGE('',*,*,#10789,.T.);
#10789 = EDGE_CURVE('',#10790,#10601,#10792,.T.);
#10790 = VERTEX_POINT('',#10791);
#10791 = CARTESIAN_POINT('',(0.25,-0.707106781187,14.6));
#10792 = LINE('',#10793,#10794);
#10793 = CARTESIAN_POINT('',(0.25,-0.125,14.6));
#10794 = VECTOR('',#10795,1.);
#10795 = DIRECTION('',(0.,-1.,0.));
#10796 = ORIENTED_EDGE('',*,*,#10598,.F.);
#10797 = ORIENTED_EDGE('',*,*,#10798,.T.);
#10798 = EDGE_CURVE('',#10599,#10799,#10801,.T.);
#10799 = VERTEX_POINT('',#10800);
#10800 = CARTESIAN_POINT('',(0.707106781187,-0.25,14.6));
#10801 = LINE('',#10802,#10803);
#10802 = CARTESIAN_POINT('',(1.061741485945,-0.25,14.6));
#10803 = VECTOR('',#10804,1.);
#10804 = DIRECTION('',(-1.,0.,0.));
#10805 = ORIENTED_EDGE('',*,*,#10806,.T.);
#10806 = EDGE_CURVE('',#10799,#10790,#10807,.T.);
#10807 = CIRCLE('',#10808,0.75);
#10808 = AXIS2_PLACEMENT_3D('',#10809,#10810,#10811);
#10809 = CARTESIAN_POINT('',(3.703263240893E-17,0.,14.6));
#10810 = DIRECTION('',(0.,0.,-1.));
#10811 = DIRECTION('',(1.,0.,0.));
#10812 = PLANE('',#10813);
#10813 = AXIS2_PLACEMENT_3D('',#10814,#10815,#10816);
#10814 = CARTESIAN_POINT('',(0.,0.,14.6));
#10815 = DIRECTION('',(0.,0.,1.));
#10816 = DIRECTION('',(1.,0.,-0.));
#10817 = ADVANCED_FACE('',(#10818),#10834,.F.);
#10818 = FACE_BOUND('',#10819,.F.);
#10819 = EDGE_LOOP('',(#10820,#10821,#10827,#10828));
#10820 = ORIENTED_EDGE('',*,*,#10417,.F.);
#10821 = ORIENTED_EDGE('',*,*,#10822,.F.);
#10822 = EDGE_CURVE('',#10735,#10233,#10823,.T.);
#10823 = LINE('',#10824,#10825);
#10824 = CARTESIAN_POINT('',(-0.707106781187,0.25,10.825));
#10825 = VECTOR('',#10826,1.);
#10826 = DIRECTION('',(0.,0.,-1.));
#10827 = ORIENTED_EDGE('',*,*,#10742,.T.);
#10828 = ORIENTED_EDGE('',*,*,#10829,.F.);
#10829 = EDGE_CURVE('',#10259,#10726,#10830,.T.);
#10830 = LINE('',#10831,#10832);
#10831 = CARTESIAN_POINT('',(-0.25,0.707106781187,10.825));
#10832 = VECTOR('',#10833,1.);
#10833 = DIRECTION('',(0.,0.,1.));
#10834 = CYLINDRICAL_SURFACE('',#10835,0.75);
#10835 = AXIS2_PLACEMENT_3D('',#10836,#10837,#10838);
#10836 = CARTESIAN_POINT('',(3.703263240893E-17,0.,10.825));
#10837 = DIRECTION('',(0.,0.,-1.));
#10838 = DIRECTION('',(1.,0.,0.));
#10839 = ADVANCED_FACE('',(#10840),#10856,.F.);
#10840 = FACE_BOUND('',#10841,.F.);
#10841 = EDGE_LOOP('',(#10842,#10843,#10849,#10850));
#10842 = ORIENTED_EDGE('',*,*,#10399,.F.);
#10843 = ORIENTED_EDGE('',*,*,#10844,.F.);
#10844 = EDGE_CURVE('',#10767,#10190,#10845,.T.);
#10845 = LINE('',#10846,#10847);
#10846 = CARTESIAN_POINT('',(-0.25,-0.707106781187,10.825));
#10847 = VECTOR('',#10848,1.);
#10848 = DIRECTION('',(0.,0.,-1.));
#10849 = ORIENTED_EDGE('',*,*,#10774,.T.);
#10850 = ORIENTED_EDGE('',*,*,#10851,.F.);
#10851 = EDGE_CURVE('',#10216,#10758,#10852,.T.);
#10852 = LINE('',#10853,#10854);
#10853 = CARTESIAN_POINT('',(-0.707106781187,-0.25,10.825));
#10854 = VECTOR('',#10855,1.);
#10855 = DIRECTION('',(0.,0.,1.));
#10856 = CYLINDRICAL_SURFACE('',#10857,0.75);
#10857 = AXIS2_PLACEMENT_3D('',#10858,#10859,#10860);
#10858 = CARTESIAN_POINT('',(3.703263240893E-17,0.,10.825));
#10859 = DIRECTION('',(0.,0.,-1.));
#10860 = DIRECTION('',(1.,0.,0.));
#10861 = ADVANCED_FACE('',(#10862),#10878,.F.);
#10862 = FACE_BOUND('',#10863,.F.);
#10863 = EDGE_LOOP('',(#10864,#10865,#10871,#10872));
#10864 = ORIENTED_EDGE('',*,*,#10391,.F.);
#10865 = ORIENTED_EDGE('',*,*,#10866,.F.);
#10866 = EDGE_CURVE('',#10799,#10156,#10867,.T.);
#10867 = LINE('',#10868,#10869);
#10868 = CARTESIAN_POINT('',(0.707106781187,-0.25,10.825));
#10869 = VECTOR('',#10870,1.);
#10870 = DIRECTION('',(0.,0.,-1.));
#10871 = ORIENTED_EDGE('',*,*,#10806,.T.);
#10872 = ORIENTED_EDGE('',*,*,#10873,.F.);
#10873 = EDGE_CURVE('',#10182,#10790,#10874,.T.);
#10874 = LINE('',#10875,#10876);
#10875 = CARTESIAN_POINT('',(0.25,-0.707106781187,10.825));
#10876 = VECTOR('',#10877,1.);
#10877 = DIRECTION('',(0.,0.,1.));
#10878 = CYLINDRICAL_SURFACE('',#10879,0.75);
#10879 = AXIS2_PLACEMENT_3D('',#10880,#10881,#10882);
#10880 = CARTESIAN_POINT('',(3.703263240893E-17,0.,10.825));
#10881 = DIRECTION('',(0.,0.,-1.));
#10882 = DIRECTION('',(1.,0.,0.));
#10883 = ADVANCED_FACE('',(#10884),#10891,.F.);
#10884 = FACE_BOUND('',#10885,.T.);
#10885 = EDGE_LOOP('',(#10886,#10887,#10888,#10889,#10890));
#10886 = ORIENTED_EDGE('',*,*,#10866,.F.);
#10887 = ORIENTED_EDGE('',*,*,#10798,.F.);
#10888 = ORIENTED_EDGE('',*,*,#10609,.F.);
#10889 = ORIENTED_EDGE('',*,*,#10710,.F.);
#10890 = ORIENTED_EDGE('',*,*,#10164,.T.);
#10891 = PLANE('',#10892);
#10892 = AXIS2_PLACEMENT_3D('',#10893,#10894,#10895);
#10893 = CARTESIAN_POINT('',(2.123482971891,-0.25,14.6));
#10894 = DIRECTION('',(0.,-1.,0.));
#10895 = DIRECTION('',(-1.,0.,0.));
#10896 = ADVANCED_FACE('',(#10897),#10904,.F.);
#10897 = FACE_BOUND('',#10898,.T.);
#10898 = EDGE_LOOP('',(#10899,#10900,#10901,#10902,#10903));
#10899 = ORIENTED_EDGE('',*,*,#10844,.F.);
#10900 = ORIENTED_EDGE('',*,*,#10766,.F.);
#10901 = ORIENTED_EDGE('',*,*,#10548,.F.);
#10902 = ORIENTED_EDGE('',*,*,#10688,.F.);
#10903 = ORIENTED_EDGE('',*,*,#10198,.T.);
#10904 = PLANE('',#10905);
#10905 = AXIS2_PLACEMENT_3D('',#10906,#10907,#10908);
#10906 = CARTESIAN_POINT('',(-0.25,-2.127528048725,14.6));
#10907 = DIRECTION('',(-1.,0.,0.));
#10908 = DIRECTION('',(0.,1.,0.));
#10909 = ADVANCED_FACE('',(#10910),#10917,.F.);
#10910 = FACE_BOUND('',#10911,.T.);
#10911 = EDGE_LOOP('',(#10912,#10913,#10914,#10915,#10916));
#10912 = ORIENTED_EDGE('',*,*,#10377,.F.);
#10913 = ORIENTED_EDGE('',*,*,#10289,.F.);
#10914 = ORIENTED_EDGE('',*,*,#10450,.F.);
#10915 = ORIENTED_EDGE('',*,*,#10331,.F.);
#10916 = ORIENTED_EDGE('',*,*,#10275,.T.);
#10917 = PLANE('',#10918);
#10918 = AXIS2_PLACEMENT_3D('',#10919,#10920,#10921);
#10919 = CARTESIAN_POINT('',(0.25,2.127528048725,14.6));
#10920 = DIRECTION('',(1.,0.,0.));
#10921 = DIRECTION('',(0.,-1.,0.));
#10922 = ADVANCED_FACE('',(#10923),#10930,.F.);
#10923 = FACE_BOUND('',#10924,.T.);
#10924 = EDGE_LOOP('',(#10925,#10926,#10927,#10928,#10929));
#10925 = ORIENTED_EDGE('',*,*,#10364,.F.);
#10926 = ORIENTED_EDGE('',*,*,#10147,.T.);
#10927 = ORIENTED_EDGE('',*,*,#10348,.F.);
#10928 = ORIENTED_EDGE('',*,*,#10436,.F.);
#10929 = ORIENTED_EDGE('',*,*,#10308,.F.);
#10930 = PLANE('',#10931);
#10931 = AXIS2_PLACEMENT_3D('',#10932,#10933,#10934);
#10932 = CARTESIAN_POINT('',(0.25,0.25,14.6));
#10933 = DIRECTION('',(0.,1.,0.));
#10934 = DIRECTION('',(1.,0.,0.));
#10935 = ADVANCED_FACE('',(#10936),#10943,.F.);
#10936 = FACE_BOUND('',#10937,.T.);
#10937 = EDGE_LOOP('',(#10938,#10939,#10940,#10941,#10942));
#10938 = ORIENTED_EDGE('',*,*,#10873,.F.);
#10939 = ORIENTED_EDGE('',*,*,#10181,.T.);
#10940 = ORIENTED_EDGE('',*,*,#10703,.F.);
#10941 = ORIENTED_EDGE('',*,*,#10633,.F.);
#10942 = ORIENTED_EDGE('',*,*,#10789,.F.);
#10943 = PLANE('',#10944);
#10944 = AXIS2_PLACEMENT_3D('',#10945,#10946,#10947);
#10945 = CARTESIAN_POINT('',(0.25,-0.25,14.6));
#10946 = DIRECTION('',(1.,0.,0.));
#10947 = DIRECTION('',(0.,-1.,0.));
#10948 = ADVANCED_FACE('',(#10949),#10956,.F.);
#10949 = FACE_BOUND('',#10950,.T.);
#10950 = EDGE_LOOP('',(#10951,#10952,#10953,#10954,#10955));
#10951 = ORIENTED_EDGE('',*,*,#10851,.F.);
#10952 = ORIENTED_EDGE('',*,*,#10215,.T.);
#10953 = ORIENTED_EDGE('',*,*,#10681,.F.);
#10954 = ORIENTED_EDGE('',*,*,#10572,.F.);
#10955 = ORIENTED_EDGE('',*,*,#10757,.F.);
#10956 = PLANE('',#10957);
#10957 = AXIS2_PLACEMENT_3D('',#10958,#10959,#10960);
#10958 = CARTESIAN_POINT('',(-0.25,-0.25,14.6));
#10959 = DIRECTION('',(0.,-1.,0.));
#10960 = DIRECTION('',(-1.,0.,0.));
#10961 = ADVANCED_FACE('',(#10962),#10969,.F.);
#10962 = FACE_BOUND('',#10963,.T.);
#10963 = EDGE_LOOP('',(#10964,#10965,#10966,#10967,#10968));
#10964 = ORIENTED_EDGE('',*,*,#10666,.F.);
#10965 = ORIENTED_EDGE('',*,*,#10241,.T.);
#10966 = ORIENTED_EDGE('',*,*,#10822,.F.);
#10967 = ORIENTED_EDGE('',*,*,#10734,.F.);
#10968 = ORIENTED_EDGE('',*,*,#10487,.F.);
#10969 = PLANE('',#10970);
#10970 = AXIS2_PLACEMENT_3D('',#10971,#10972,#10973);
#10971 = CARTESIAN_POINT('',(-2.123482971891,0.25,14.6));
#10972 = DIRECTION('',(0.,1.,0.));
#10973 = DIRECTION('',(1.,0.,0.));
#10974 = ADVANCED_FACE('',(#10975),#10982,.F.);
#10975 = FACE_BOUND('',#10976,.T.);
#10976 = EDGE_LOOP('',(#10977,#10978,#10979,#10980,#10981));
#10977 = ORIENTED_EDGE('',*,*,#10829,.F.);
#10978 = ORIENTED_EDGE('',*,*,#10258,.T.);
#10979 = ORIENTED_EDGE('',*,*,#10659,.F.);
#10980 = ORIENTED_EDGE('',*,*,#10511,.F.);
#10981 = ORIENTED_EDGE('',*,*,#10725,.F.);
#10982 = PLANE('',#10983);
#10983 = AXIS2_PLACEMENT_3D('',#10984,#10985,#10986);
#10984 = CARTESIAN_POINT('',(-0.25,0.25,14.6));
#10985 = DIRECTION('',(-1.,0.,0.));
#10986 = DIRECTION('',(0.,1.,0.));
#10987 = ADVANCED_FACE('',(#10988),#11058,.F.);
#10988 = FACE_BOUND('',#10989,.F.);
#10989 = EDGE_LOOP('',(#10990,#11001,#11009,#11018,#11026,#11035,#11042,
    #11043,#11052));
#10990 = ORIENTED_EDGE('',*,*,#10991,.F.);
#10991 = EDGE_CURVE('',#10992,#10994,#10996,.T.);
#10992 = VERTEX_POINT('',#10993);
#10993 = CARTESIAN_POINT('',(0.,-1.5,-1.5));
#10994 = VERTEX_POINT('',#10995);
#10995 = CARTESIAN_POINT('',(0.,1.5,-1.5));
#10996 = CIRCLE('',#10997,1.5);
#10997 = AXIS2_PLACEMENT_3D('',#10998,#10999,#11000);
#10998 = CARTESIAN_POINT('',(-8.381069439917E-17,0.,-1.5));
#10999 = DIRECTION('',(0.,0.,-1.));
#11000 = DIRECTION('',(-1.,0.,0.));
#11001 = ORIENTED_EDGE('',*,*,#11002,.F.);
#11002 = EDGE_CURVE('',#11003,#10992,#11005,.T.);
#11003 = VERTEX_POINT('',#11004);
#11004 = CARTESIAN_POINT('',(0.,-1.5,-4.5));
#11005 = LINE('',#11006,#11007);
#11006 = CARTESIAN_POINT('',(0.,-1.5,-1.5));
#11007 = VECTOR('',#11008,1.);
#11008 = DIRECTION('',(0.,0.,1.));
#11009 = ORIENTED_EDGE('',*,*,#11010,.T.);
#11010 = EDGE_CURVE('',#11003,#11011,#11013,.T.);
#11011 = VERTEX_POINT('',#11012);
#11012 = CARTESIAN_POINT('',(1.5,1.836970198721E-16,-4.5));
#11013 = CIRCLE('',#11014,1.5);
#11014 = AXIS2_PLACEMENT_3D('',#11015,#11016,#11017);
#11015 = CARTESIAN_POINT('',(-8.381069439917E-17,0.,-4.5));
#11016 = DIRECTION('',(0.,0.,1.));
#11017 = DIRECTION('',(-1.,0.,0.));
#11018 = ORIENTED_EDGE('',*,*,#11019,.T.);
#11019 = EDGE_CURVE('',#11011,#11020,#11022,.T.);
#11020 = VERTEX_POINT('',#11021);
#11021 = CARTESIAN_POINT('',(1.5,1.836970198721E-16,1.5));
#11022 = LINE('',#11023,#11024);
#11023 = CARTESIAN_POINT('',(1.5,1.836970198721E-16,-1.5));
#11024 = VECTOR('',#11025,1.);
#11025 = DIRECTION('',(0.,0.,1.));
#11026 = ORIENTED_EDGE('',*,*,#11027,.F.);
#11027 = EDGE_CURVE('',#11028,#11020,#11030,.T.);
#11028 = VERTEX_POINT('',#11029);
#11029 = CARTESIAN_POINT('',(-1.5,0.,1.5));
#11030 = CIRCLE('',#11031,1.5);
#11031 = AXIS2_PLACEMENT_3D('',#11032,#11033,#11034);
#11032 = CARTESIAN_POINT('',(-8.381069439917E-17,0.,1.5));
#11033 = DIRECTION('',(0.,0.,1.));
#11034 = DIRECTION('',(-1.,0.,0.));
#11035 = ORIENTED_EDGE('',*,*,#11036,.F.);
#11036 = EDGE_CURVE('',#11020,#11028,#11037,.T.);
#11037 = CIRCLE('',#11038,1.5);
#11038 = AXIS2_PLACEMENT_3D('',#11039,#11040,#11041);
#11039 = CARTESIAN_POINT('',(-8.381069439917E-17,0.,1.5));
#11040 = DIRECTION('',(0.,0.,1.));
#11041 = DIRECTION('',(-1.,0.,0.));
#11042 = ORIENTED_EDGE('',*,*,#11019,.F.);
#11043 = ORIENTED_EDGE('',*,*,#11044,.T.);
#11044 = EDGE_CURVE('',#11011,#11045,#11047,.T.);
#11045 = VERTEX_POINT('',#11046);
#11046 = CARTESIAN_POINT('',(0.,1.5,-4.5));
#11047 = CIRCLE('',#11048,1.5);
#11048 = AXIS2_PLACEMENT_3D('',#11049,#11050,#11051);
#11049 = CARTESIAN_POINT('',(-8.381069439917E-17,0.,-4.5));
#11050 = DIRECTION('',(0.,0.,1.));
#11051 = DIRECTION('',(-1.,0.,0.));
#11052 = ORIENTED_EDGE('',*,*,#11053,.F.);
#11053 = EDGE_CURVE('',#10994,#11045,#11054,.T.);
#11054 = LINE('',#11055,#11056);
#11055 = CARTESIAN_POINT('',(0.,1.5,-1.5));
#11056 = VECTOR('',#11057,1.);
#11057 = DIRECTION('',(0.,0.,-1.));
#11058 = CYLINDRICAL_SURFACE('',#11059,1.5);
#11059 = AXIS2_PLACEMENT_3D('',#11060,#11061,#11062);
#11060 = CARTESIAN_POINT('',(-8.381069439917E-17,0.,-1.5));
#11061 = DIRECTION('',(0.,0.,1.));
#11062 = DIRECTION('',(-1.,0.,0.));
#11063 = ADVANCED_FACE('',(#11064),#11077,.F.);
#11064 = FACE_BOUND('',#11065,.F.);
#11065 = EDGE_LOOP('',(#11066,#11074,#11075,#11076));
#11066 = ORIENTED_EDGE('',*,*,#11067,.T.);
#11067 = EDGE_CURVE('',#11020,#11068,#11070,.T.);
#11068 = VERTEX_POINT('',#11069);
#11069 = CARTESIAN_POINT('',(-8.381069439917E-17,0.,2.401290928541));
#11070 = LINE('',#11071,#11072);
#11071 = CARTESIAN_POINT('',(0.75,9.184850993605E-17,1.950645464271));
#11072 = VECTOR('',#11073,1.);
#11073 = DIRECTION('',(-0.857167300702,-1.049727191139E-16,0.51503807491
    ));
#11074 = ORIENTED_EDGE('',*,*,#11067,.F.);
#11075 = ORIENTED_EDGE('',*,*,#11036,.T.);
#11076 = ORIENTED_EDGE('',*,*,#11027,.T.);
#11077 = CONICAL_SURFACE('',#11078,0.75,1.029744258677);
#11078 = AXIS2_PLACEMENT_3D('',#11079,#11080,#11081);
#11079 = CARTESIAN_POINT('',(-8.381069439917E-17,0.,1.950645464271));
#11080 = DIRECTION('',(0.,0.,-1.));
#11081 = DIRECTION('',(-1.,0.,0.));
#11082 = ADVANCED_FACE('',(#11083),#11137,.T.);
#11083 = FACE_BOUND('',#11084,.T.);
#11084 = EDGE_LOOP('',(#11085,#11095,#11104,#11112,#11121,#11127,#11128,
    #11129,#11130));
#11085 = ORIENTED_EDGE('',*,*,#11086,.T.);
#11086 = EDGE_CURVE('',#11087,#11089,#11091,.T.);
#11087 = VERTEX_POINT('',#11088);
#11088 = CARTESIAN_POINT('',(0.,2.15,-4.5));
#11089 = VERTEX_POINT('',#11090);
#11090 = CARTESIAN_POINT('',(0.,2.15,-1.5));
#11091 = LINE('',#11092,#11093);
#11092 = CARTESIAN_POINT('',(0.,2.15,3.));
#11093 = VECTOR('',#11094,1.);
#11094 = DIRECTION('',(0.,0.,1.));
#11095 = ORIENTED_EDGE('',*,*,#11096,.T.);
#11096 = EDGE_CURVE('',#11089,#11097,#11099,.T.);
#11097 = VERTEX_POINT('',#11098);
#11098 = CARTESIAN_POINT('',(0.,-2.15,-1.5));
#11099 = CIRCLE('',#11100,2.15);
#11100 = AXIS2_PLACEMENT_3D('',#11101,#11102,#11103);
#11101 = CARTESIAN_POINT('',(0.,0.,-1.5));
#11102 = DIRECTION('',(0.,0.,1.));
#11103 = DIRECTION('',(-1.,0.,0.));
#11104 = ORIENTED_EDGE('',*,*,#11105,.T.);
#11105 = EDGE_CURVE('',#11097,#11106,#11108,.T.);
#11106 = VERTEX_POINT('',#11107);
#11107 = CARTESIAN_POINT('',(0.,-2.15,-4.5));
#11108 = LINE('',#11109,#11110);
#11109 = CARTESIAN_POINT('',(0.,-2.15,3.));
#11110 = VECTOR('',#11111,1.);
#11111 = DIRECTION('',(0.,0.,-1.));
#11112 = ORIENTED_EDGE('',*,*,#11113,.F.);
#11113 = EDGE_CURVE('',#11114,#11106,#11116,.T.);
#11114 = VERTEX_POINT('',#11115);
#11115 = CARTESIAN_POINT('',(2.15,-2.632990618167E-16,-4.5));
#11116 = CIRCLE('',#11117,2.15);
#11117 = AXIS2_PLACEMENT_3D('',#11118,#11119,#11120);
#11118 = CARTESIAN_POINT('',(0.,0.,-4.5));
#11119 = DIRECTION('',(0.,0.,-1.));
#11120 = DIRECTION('',(-1.,0.,0.));
#11121 = ORIENTED_EDGE('',*,*,#11122,.T.);
#11122 = EDGE_CURVE('',#11114,#10119,#11123,.T.);
#11123 = LINE('',#11124,#11125);
#11124 = CARTESIAN_POINT('',(2.15,-2.632990618167E-16,3.));
#11125 = VECTOR('',#11126,1.);
#11126 = DIRECTION('',(0.,0.,1.));
#11127 = ORIENTED_EDGE('',*,*,#10116,.F.);
#11128 = ORIENTED_EDGE('',*,*,#10127,.F.);
#11129 = ORIENTED_EDGE('',*,*,#11122,.F.);
#11130 = ORIENTED_EDGE('',*,*,#11131,.F.);
#11131 = EDGE_CURVE('',#11087,#11114,#11132,.T.);
#11132 = CIRCLE('',#11133,2.15);
#11133 = AXIS2_PLACEMENT_3D('',#11134,#11135,#11136);
#11134 = CARTESIAN_POINT('',(0.,0.,-4.5));
#11135 = DIRECTION('',(0.,0.,-1.));
#11136 = DIRECTION('',(-1.,0.,0.));
#11137 = CYLINDRICAL_SURFACE('',#11138,2.15);
#11138 = AXIS2_PLACEMENT_3D('',#11139,#11140,#11141);
#11139 = CARTESIAN_POINT('',(0.,0.,3.));
#11140 = DIRECTION('',(0.,0.,-1.));
#11141 = DIRECTION('',(-1.,0.,0.));
#11142 = ADVANCED_FACE('',(#11143),#11161,.T.);
#11143 = FACE_BOUND('',#11144,.T.);
#11144 = EDGE_LOOP('',(#11145,#11151,#11152,#11153,#11159,#11160));
#11145 = ORIENTED_EDGE('',*,*,#11146,.T.);
#11146 = EDGE_CURVE('',#11045,#11087,#11147,.T.);
#11147 = LINE('',#11148,#11149);
#11148 = CARTESIAN_POINT('',(0.,-1.075,-4.5));
#11149 = VECTOR('',#11150,1.);
#11150 = DIRECTION('',(0.,1.,0.));
#11151 = ORIENTED_EDGE('',*,*,#11131,.T.);
#11152 = ORIENTED_EDGE('',*,*,#11113,.T.);
#11153 = ORIENTED_EDGE('',*,*,#11154,.T.);
#11154 = EDGE_CURVE('',#11106,#11003,#11155,.T.);
#11155 = LINE('',#11156,#11157);
#11156 = CARTESIAN_POINT('',(0.,-1.075,-4.5));
#11157 = VECTOR('',#11158,1.);
#11158 = DIRECTION('',(0.,1.,0.));
#11159 = ORIENTED_EDGE('',*,*,#11010,.T.);
#11160 = ORIENTED_EDGE('',*,*,#11044,.T.);
#11161 = PLANE('',#11162);
#11162 = AXIS2_PLACEMENT_3D('',#11163,#11164,#11165);
#11163 = CARTESIAN_POINT('',(0.,0.,-4.5));
#11164 = DIRECTION('',(0.,0.,-1.));
#11165 = DIRECTION('',(-1.,0.,0.));
#11166 = ADVANCED_FACE('',(#11167),#11183,.F.);
#11167 = FACE_BOUND('',#11168,.T.);
#11168 = EDGE_LOOP('',(#11169,#11170,#11176,#11177));
#11169 = ORIENTED_EDGE('',*,*,#10991,.F.);
#11170 = ORIENTED_EDGE('',*,*,#11171,.F.);
#11171 = EDGE_CURVE('',#11097,#10992,#11172,.T.);
#11172 = LINE('',#11173,#11174);
#11173 = CARTESIAN_POINT('',(0.,-2.15,-1.5));
#11174 = VECTOR('',#11175,1.);
#11175 = DIRECTION('',(0.,1.,0.));
#11176 = ORIENTED_EDGE('',*,*,#11096,.F.);
#11177 = ORIENTED_EDGE('',*,*,#11178,.F.);
#11178 = EDGE_CURVE('',#10994,#11089,#11179,.T.);
#11179 = LINE('',#11180,#11181);
#11180 = CARTESIAN_POINT('',(0.,-2.15,-1.5));
#11181 = VECTOR('',#11182,1.);
#11182 = DIRECTION('',(0.,1.,0.));
#11183 = PLANE('',#11184);
#11184 = AXIS2_PLACEMENT_3D('',#11185,#11186,#11187);
#11185 = CARTESIAN_POINT('',(-2.89999993518,-2.15,-1.5));
#11186 = DIRECTION('',(0.,0.,1.));
#11187 = DIRECTION('',(1.,0.,-0.));
#11188 = ADVANCED_FACE('',(#11189),#11195,.F.);
#11189 = FACE_BOUND('',#11190,.T.);
#11190 = EDGE_LOOP('',(#11191,#11192,#11193,#11194));
#11191 = ORIENTED_EDGE('',*,*,#11053,.F.);
#11192 = ORIENTED_EDGE('',*,*,#11178,.T.);
#11193 = ORIENTED_EDGE('',*,*,#11086,.F.);
#11194 = ORIENTED_EDGE('',*,*,#11146,.F.);
#11195 = PLANE('',#11196);
#11196 = AXIS2_PLACEMENT_3D('',#11197,#11198,#11199);
#11197 = CARTESIAN_POINT('',(0.,-2.15,-1.5));
#11198 = DIRECTION('',(1.,0.,0.));
#11199 = DIRECTION('',(0.,0.,-1.));
#11200 = ADVANCED_FACE('',(#11201),#11207,.F.);
#11201 = FACE_BOUND('',#11202,.T.);
#11202 = EDGE_LOOP('',(#11203,#11204,#11205,#11206));
#11203 = ORIENTED_EDGE('',*,*,#11002,.F.);
#11204 = ORIENTED_EDGE('',*,*,#11154,.F.);
#11205 = ORIENTED_EDGE('',*,*,#11105,.F.);
#11206 = ORIENTED_EDGE('',*,*,#11171,.T.);
#11207 = PLANE('',#11208);
#11208 = AXIS2_PLACEMENT_3D('',#11209,#11210,#11211);
#11209 = CARTESIAN_POINT('',(0.,-2.15,-1.5));
#11210 = DIRECTION('',(1.,0.,0.));
#11211 = DIRECTION('',(0.,0.,-1.));
#11212 = MANIFOLD_SOLID_BREP('',#11213);
#11213 = CLOSED_SHELL('',(#11214,#11256,#11298,#11338,#11369,#11400,
    #11422,#11434,#11474,#11505,#11536,#11558,#11570,#11610,#11641,
    #11672,#11694,#11706,#11746,#11777,#11808,#11839,#11870,#11901,
    #11932,#11963,#11994,#12025,#12056,#12078,#12098,#12131,#12143,
    #12176,#12188,#12228,#12268,#12290,#12400,#12431,#12455,#12483,
    #12500,#12512,#12543,#12567,#12595,#12619,#12643,#12660,#12706,
    #12737,#12774,#12805,#12842,#12878,#12900));
#11214 = ADVANCED_FACE('',(#11215),#11251,.F.);
#11215 = FACE_BOUND('',#11216,.F.);
#11216 = EDGE_LOOP('',(#11217,#11227,#11234,#11235,#11244));
#11217 = ORIENTED_EDGE('',*,*,#11218,.T.);
#11218 = EDGE_CURVE('',#11219,#11221,#11223,.T.);
#11219 = VERTEX_POINT('',#11220);
#11220 = CARTESIAN_POINT('',(2.15,-2.632990618167E-16,6.7));
#11221 = VERTEX_POINT('',#11222);
#11222 = CARTESIAN_POINT('',(2.15,-2.632990618167E-16,3.));
#11223 = LINE('',#11224,#11225);
#11224 = CARTESIAN_POINT('',(2.15,-2.632990618167E-16,3.));
#11225 = VECTOR('',#11226,1.);
#11226 = DIRECTION('',(0.,0.,-1.));
#11227 = ORIENTED_EDGE('',*,*,#11228,.T.);
#11228 = EDGE_CURVE('',#11221,#11221,#11229,.T.);
#11229 = CIRCLE('',#11230,2.15);
#11230 = AXIS2_PLACEMENT_3D('',#11231,#11232,#11233);
#11231 = CARTESIAN_POINT('',(0.,0.,3.));
#11232 = DIRECTION('',(0.,0.,1.));
#11233 = DIRECTION('',(-1.,0.,0.));
#11234 = ORIENTED_EDGE('',*,*,#11218,.F.);
#11235 = ORIENTED_EDGE('',*,*,#11236,.T.);
#11236 = EDGE_CURVE('',#11219,#11237,#11239,.T.);
#11237 = VERTEX_POINT('',#11238);
#11238 = CARTESIAN_POINT('',(-2.15,-2.632990618167E-16,6.7));
#11239 = CIRCLE('',#11240,2.15);
#11240 = AXIS2_PLACEMENT_3D('',#11241,#11242,#11243);
#11241 = CARTESIAN_POINT('',(0.,0.,6.7));
#11242 = DIRECTION('',(0.,0.,-1.));
#11243 = DIRECTION('',(1.,0.,0.));
#11244 = ORIENTED_EDGE('',*,*,#11245,.T.);
#11245 = EDGE_CURVE('',#11237,#11219,#11246,.T.);
#11246 = CIRCLE('',#11247,2.15);
#11247 = AXIS2_PLACEMENT_3D('',#11248,#11249,#11250);
#11248 = CARTESIAN_POINT('',(0.,0.,6.7));
#11249 = DIRECTION('',(0.,0.,-1.));
#11250 = DIRECTION('',(1.,0.,0.));
#11251 = CYLINDRICAL_SURFACE('',#11252,2.15);
#11252 = AXIS2_PLACEMENT_3D('',#11253,#11254,#11255);
#11253 = CARTESIAN_POINT('',(0.,0.,3.));
#11254 = DIRECTION('',(0.,0.,-1.));
#11255 = DIRECTION('',(-1.,0.,0.));
#11256 = ADVANCED_FACE('',(#11257),#11293,.F.);
#11257 = FACE_BOUND('',#11258,.F.);
#11258 = EDGE_LOOP('',(#11259,#11269,#11276,#11277,#11286));
#11259 = ORIENTED_EDGE('',*,*,#11260,.T.);
#11260 = EDGE_CURVE('',#11261,#11263,#11265,.T.);
#11261 = VERTEX_POINT('',#11262);
#11262 = CARTESIAN_POINT('',(9.35,-2.632990618167E-16,6.7));
#11263 = VERTEX_POINT('',#11264);
#11264 = CARTESIAN_POINT('',(9.35,-2.632990618167E-16,3.));
#11265 = LINE('',#11266,#11267);
#11266 = CARTESIAN_POINT('',(9.35,-2.632990618167E-16,3.));
#11267 = VECTOR('',#11268,1.);
#11268 = DIRECTION('',(0.,0.,-1.));
#11269 = ORIENTED_EDGE('',*,*,#11270,.T.);
#11270 = EDGE_CURVE('',#11263,#11263,#11271,.T.);
#11271 = CIRCLE('',#11272,2.15);
#11272 = AXIS2_PLACEMENT_3D('',#11273,#11274,#11275);
#11273 = CARTESIAN_POINT('',(7.2,0.,3.));
#11274 = DIRECTION('',(0.,0.,1.));
#11275 = DIRECTION('',(-1.,0.,0.));
#11276 = ORIENTED_EDGE('',*,*,#11260,.F.);
#11277 = ORIENTED_EDGE('',*,*,#11278,.T.);
#11278 = EDGE_CURVE('',#11261,#11279,#11281,.T.);
#11279 = VERTEX_POINT('',#11280);
#11280 = CARTESIAN_POINT('',(5.05,-2.632990618167E-16,6.7));
#11281 = CIRCLE('',#11282,2.15);
#11282 = AXIS2_PLACEMENT_3D('',#11283,#11284,#11285);
#11283 = CARTESIAN_POINT('',(7.2,0.,6.7));
#11284 = DIRECTION('',(0.,0.,-1.));
#11285 = DIRECTION('',(1.,0.,0.));
#11286 = ORIENTED_EDGE('',*,*,#11287,.T.);
#11287 = EDGE_CURVE('',#11279,#11261,#11288,.T.);
#11288 = CIRCLE('',#11289,2.15);
#11289 = AXIS2_PLACEMENT_3D('',#11290,#11291,#11292);
#11290 = CARTESIAN_POINT('',(7.2,0.,6.7));
#11291 = DIRECTION('',(0.,0.,-1.));
#11292 = DIRECTION('',(1.,0.,0.));
#11293 = CYLINDRICAL_SURFACE('',#11294,2.15);
#11294 = AXIS2_PLACEMENT_3D('',#11295,#11296,#11297);
#11295 = CARTESIAN_POINT('',(7.2,0.,3.));
#11296 = DIRECTION('',(0.,0.,-1.));
#11297 = DIRECTION('',(-1.,0.,0.));
#11298 = ADVANCED_FACE('',(#11299),#11333,.F.);
#11299 = FACE_BOUND('',#11300,.T.);
#11300 = EDGE_LOOP('',(#11301,#11311,#11319,#11327));
#11301 = ORIENTED_EDGE('',*,*,#11302,.F.);
#11302 = EDGE_CURVE('',#11303,#11305,#11307,.T.);
#11303 = VERTEX_POINT('',#11304);
#11304 = CARTESIAN_POINT('',(-0.349010858087,-4.05,1.));
#11305 = VERTEX_POINT('',#11306);
#11306 = CARTESIAN_POINT('',(-0.349010858087,-4.05,6.5));
#11307 = LINE('',#11308,#11309);
#11308 = CARTESIAN_POINT('',(-0.349010858087,-4.05,0.5));
#11309 = VECTOR('',#11310,1.);
#11310 = DIRECTION('',(0.,0.,1.));
#11311 = ORIENTED_EDGE('',*,*,#11312,.T.);
#11312 = EDGE_CURVE('',#11303,#11313,#11315,.T.);
#11313 = VERTEX_POINT('',#11314);
#11314 = CARTESIAN_POINT('',(-0.349010858087,-3.25,1.));
#11315 = LINE('',#11316,#11317);
#11316 = CARTESIAN_POINT('',(-0.349010858087,-4.05,1.));
#11317 = VECTOR('',#11318,1.);
#11318 = DIRECTION('',(0.,1.,0.));
#11319 = ORIENTED_EDGE('',*,*,#11320,.T.);
#11320 = EDGE_CURVE('',#11313,#11321,#11323,.T.);
#11321 = VERTEX_POINT('',#11322);
#11322 = CARTESIAN_POINT('',(-0.349010858087,-3.25,6.5));
#11323 = LINE('',#11324,#11325);
#11324 = CARTESIAN_POINT('',(-0.349010858087,-3.25,1.));
#11325 = VECTOR('',#11326,1.);
#11326 = DIRECTION('',(0.,0.,1.));
#11327 = ORIENTED_EDGE('',*,*,#11328,.F.);
#11328 = EDGE_CURVE('',#11305,#11321,#11329,.T.);
#11329 = LINE('',#11330,#11331);
#11330 = CARTESIAN_POINT('',(-0.349010858087,-4.05,6.5));
#11331 = VECTOR('',#11332,1.);
#11332 = DIRECTION('',(0.,1.,0.));
#11333 = PLANE('',#11334);
#11334 = AXIS2_PLACEMENT_3D('',#11335,#11336,#11337);
#11335 = CARTESIAN_POINT('',(-0.349010858087,-4.05,1.));
#11336 = DIRECTION('',(-1.,0.,0.));
#11337 = DIRECTION('',(0.,0.,1.));
#11338 = ADVANCED_FACE('',(#11339),#11364,.F.);
#11339 = FACE_BOUND('',#11340,.T.);
#11340 = EDGE_LOOP('',(#11341,#11349,#11357,#11363));
#11341 = ORIENTED_EDGE('',*,*,#11342,.F.);
#11342 = EDGE_CURVE('',#11343,#11303,#11345,.T.);
#11343 = VERTEX_POINT('',#11344);
#11344 = CARTESIAN_POINT('',(9.650989141913,-4.05,1.));
#11345 = LINE('',#11346,#11347);
#11346 = CARTESIAN_POINT('',(4.250494570956,-4.05,1.));
#11347 = VECTOR('',#11348,1.);
#11348 = DIRECTION('',(-1.,0.,0.));
#11349 = ORIENTED_EDGE('',*,*,#11350,.T.);
#11350 = EDGE_CURVE('',#11343,#11351,#11353,.T.);
#11351 = VERTEX_POINT('',#11352);
#11352 = CARTESIAN_POINT('',(9.650989141913,-3.25,1.));
#11353 = LINE('',#11354,#11355);
#11354 = CARTESIAN_POINT('',(9.650989141913,-4.05,1.));
#11355 = VECTOR('',#11356,1.);
#11356 = DIRECTION('',(0.,1.,0.));
#11357 = ORIENTED_EDGE('',*,*,#11358,.T.);
#11358 = EDGE_CURVE('',#11351,#11313,#11359,.T.);
#11359 = LINE('',#11360,#11361);
#11360 = CARTESIAN_POINT('',(9.650989141913,-3.25,1.));
#11361 = VECTOR('',#11362,1.);
#11362 = DIRECTION('',(-1.,0.,0.));
#11363 = ORIENTED_EDGE('',*,*,#11312,.F.);
#11364 = PLANE('',#11365);
#11365 = AXIS2_PLACEMENT_3D('',#11366,#11367,#11368);
#11366 = CARTESIAN_POINT('',(9.650989141913,-4.05,1.));
#11367 = DIRECTION('',(0.,0.,-1.));
#11368 = DIRECTION('',(-1.,0.,0.));
#11369 = ADVANCED_FACE('',(#11370),#11395,.F.);
#11370 = FACE_BOUND('',#11371,.T.);
#11371 = EDGE_LOOP('',(#11372,#11380,#11388,#11394));
#11372 = ORIENTED_EDGE('',*,*,#11373,.F.);
#11373 = EDGE_CURVE('',#11374,#11343,#11376,.T.);
#11374 = VERTEX_POINT('',#11375);
#11375 = CARTESIAN_POINT('',(9.650989141913,-4.05,6.5));
#11376 = LINE('',#11377,#11378);
#11377 = CARTESIAN_POINT('',(9.650989141913,-4.05,3.25));
#11378 = VECTOR('',#11379,1.);
#11379 = DIRECTION('',(0.,0.,-1.));
#11380 = ORIENTED_EDGE('',*,*,#11381,.T.);
#11381 = EDGE_CURVE('',#11374,#11382,#11384,.T.);
#11382 = VERTEX_POINT('',#11383);
#11383 = CARTESIAN_POINT('',(9.650989141913,-3.25,6.5));
#11384 = LINE('',#11385,#11386);
#11385 = CARTESIAN_POINT('',(9.650989141913,-4.05,6.5));
#11386 = VECTOR('',#11387,1.);
#11387 = DIRECTION('',(0.,1.,0.));
#11388 = ORIENTED_EDGE('',*,*,#11389,.T.);
#11389 = EDGE_CURVE('',#11382,#11351,#11390,.T.);
#11390 = LINE('',#11391,#11392);
#11391 = CARTESIAN_POINT('',(9.650989141913,-3.25,6.5));
#11392 = VECTOR('',#11393,1.);
#11393 = DIRECTION('',(0.,0.,-1.));
#11394 = ORIENTED_EDGE('',*,*,#11350,.F.);
#11395 = PLANE('',#11396);
#11396 = AXIS2_PLACEMENT_3D('',#11397,#11398,#11399);
#11397 = CARTESIAN_POINT('',(9.650989141913,-4.05,6.5));
#11398 = DIRECTION('',(1.,0.,0.));
#11399 = DIRECTION('',(0.,0.,-1.));
#11400 = ADVANCED_FACE('',(#11401),#11417,.F.);
#11401 = FACE_BOUND('',#11402,.T.);
#11402 = EDGE_LOOP('',(#11403,#11409,#11410,#11416));
#11403 = ORIENTED_EDGE('',*,*,#11404,.F.);
#11404 = EDGE_CURVE('',#11305,#11374,#11405,.T.);
#11405 = LINE('',#11406,#11407);
#11406 = CARTESIAN_POINT('',(-0.749505429044,-4.05,6.5));
#11407 = VECTOR('',#11408,1.);
#11408 = DIRECTION('',(1.,0.,0.));
#11409 = ORIENTED_EDGE('',*,*,#11328,.T.);
#11410 = ORIENTED_EDGE('',*,*,#11411,.T.);
#11411 = EDGE_CURVE('',#11321,#11382,#11412,.T.);
#11412 = LINE('',#11413,#11414);
#11413 = CARTESIAN_POINT('',(-0.349010858087,-3.25,6.5));
#11414 = VECTOR('',#11415,1.);
#11415 = DIRECTION('',(1.,0.,0.));
#11416 = ORIENTED_EDGE('',*,*,#11381,.F.);
#11417 = PLANE('',#11418);
#11418 = AXIS2_PLACEMENT_3D('',#11419,#11420,#11421);
#11419 = CARTESIAN_POINT('',(-0.349010858087,-4.05,6.5));
#11420 = DIRECTION('',(0.,0.,1.));
#11421 = DIRECTION('',(1.,0.,-0.));
#11422 = ADVANCED_FACE('',(#11423),#11429,.F.);
#11423 = FACE_BOUND('',#11424,.T.);
#11424 = EDGE_LOOP('',(#11425,#11426,#11427,#11428));
#11425 = ORIENTED_EDGE('',*,*,#11411,.F.);
#11426 = ORIENTED_EDGE('',*,*,#11320,.F.);
#11427 = ORIENTED_EDGE('',*,*,#11358,.F.);
#11428 = ORIENTED_EDGE('',*,*,#11389,.F.);
#11429 = PLANE('',#11430);
#11430 = AXIS2_PLACEMENT_3D('',#11431,#11432,#11433);
#11431 = CARTESIAN_POINT('',(4.650989141913,-3.25,3.75));
#11432 = DIRECTION('',(0.,1.,0.));
#11433 = DIRECTION('',(0.,-0.,1.));
#11434 = ADVANCED_FACE('',(#11435),#11469,.F.);
#11435 = FACE_BOUND('',#11436,.T.);
#11436 = EDGE_LOOP('',(#11437,#11447,#11455,#11463));
#11437 = ORIENTED_EDGE('',*,*,#11438,.F.);
#11438 = EDGE_CURVE('',#11439,#11441,#11443,.T.);
#11439 = VERTEX_POINT('',#11440);
#11440 = CARTESIAN_POINT('',(-0.65,4.05,1.));
#11441 = VERTEX_POINT('',#11442);
#11442 = CARTESIAN_POINT('',(9.35,4.05,1.));
#11443 = LINE('',#11444,#11445);
#11444 = CARTESIAN_POINT('',(5.35,4.05,1.));
#11445 = VECTOR('',#11446,1.);
#11446 = DIRECTION('',(1.,0.,0.));
#11447 = ORIENTED_EDGE('',*,*,#11448,.T.);
#11448 = EDGE_CURVE('',#11439,#11449,#11451,.T.);
#11449 = VERTEX_POINT('',#11450);
#11450 = CARTESIAN_POINT('',(-0.65,3.25,1.));
#11451 = LINE('',#11452,#11453);
#11452 = CARTESIAN_POINT('',(-0.65,4.05,1.));
#11453 = VECTOR('',#11454,1.);
#11454 = DIRECTION('',(0.,-1.,0.));
#11455 = ORIENTED_EDGE('',*,*,#11456,.T.);
#11456 = EDGE_CURVE('',#11449,#11457,#11459,.T.);
#11457 = VERTEX_POINT('',#11458);
#11458 = CARTESIAN_POINT('',(9.35,3.25,1.));
#11459 = LINE('',#11460,#11461);
#11460 = CARTESIAN_POINT('',(9.35,3.25,1.));
#11461 = VECTOR('',#11462,1.);
#11462 = DIRECTION('',(1.,0.,0.));
#11463 = ORIENTED_EDGE('',*,*,#11464,.F.);
#11464 = EDGE_CURVE('',#11441,#11457,#11465,.T.);
#11465 = LINE('',#11466,#11467);
#11466 = CARTESIAN_POINT('',(9.35,4.05,1.));
#11467 = VECTOR('',#11468,1.);
#11468 = DIRECTION('',(0.,-1.,0.));
#11469 = PLANE('',#11470);
#11470 = AXIS2_PLACEMENT_3D('',#11471,#11472,#11473);
#11471 = CARTESIAN_POINT('',(-0.65,4.05,1.));
#11472 = DIRECTION('',(0.,0.,-1.));
#11473 = DIRECTION('',(1.,0.,0.));
#11474 = ADVANCED_FACE('',(#11475),#11500,.F.);
#11475 = FACE_BOUND('',#11476,.T.);
#11476 = EDGE_LOOP('',(#11477,#11485,#11493,#11499));
#11477 = ORIENTED_EDGE('',*,*,#11478,.F.);
#11478 = EDGE_CURVE('',#11479,#11439,#11481,.T.);
#11479 = VERTEX_POINT('',#11480);
#11480 = CARTESIAN_POINT('',(-0.65,4.05,6.5));
#11481 = LINE('',#11482,#11483);
#11482 = CARTESIAN_POINT('',(-0.65,4.05,3.25));
#11483 = VECTOR('',#11484,1.);
#11484 = DIRECTION('',(0.,0.,-1.));
#11485 = ORIENTED_EDGE('',*,*,#11486,.T.);
#11486 = EDGE_CURVE('',#11479,#11487,#11489,.T.);
#11487 = VERTEX_POINT('',#11488);
#11488 = CARTESIAN_POINT('',(-0.65,3.25,6.5));
#11489 = LINE('',#11490,#11491);
#11490 = CARTESIAN_POINT('',(-0.65,4.05,6.5));
#11491 = VECTOR('',#11492,1.);
#11492 = DIRECTION('',(0.,-1.,0.));
#11493 = ORIENTED_EDGE('',*,*,#11494,.T.);
#11494 = EDGE_CURVE('',#11487,#11449,#11495,.T.);
#11495 = LINE('',#11496,#11497);
#11496 = CARTESIAN_POINT('',(-0.65,3.25,1.));
#11497 = VECTOR('',#11498,1.);
#11498 = DIRECTION('',(0.,0.,-1.));
#11499 = ORIENTED_EDGE('',*,*,#11448,.F.);
#11500 = PLANE('',#11501);
#11501 = AXIS2_PLACEMENT_3D('',#11502,#11503,#11504);
#11502 = CARTESIAN_POINT('',(-0.65,4.05,6.5));
#11503 = DIRECTION('',(-1.,0.,0.));
#11504 = DIRECTION('',(0.,0.,-1.));
#11505 = ADVANCED_FACE('',(#11506),#11531,.F.);
#11506 = FACE_BOUND('',#11507,.T.);
#11507 = EDGE_LOOP('',(#11508,#11516,#11524,#11530));
#11508 = ORIENTED_EDGE('',*,*,#11509,.F.);
#11509 = EDGE_CURVE('',#11510,#11479,#11512,.T.);
#11510 = VERTEX_POINT('',#11511);
#11511 = CARTESIAN_POINT('',(9.35,4.05,6.5));
#11512 = LINE('',#11513,#11514);
#11513 = CARTESIAN_POINT('',(10.35,4.05,6.5));
#11514 = VECTOR('',#11515,1.);
#11515 = DIRECTION('',(-1.,0.,0.));
#11516 = ORIENTED_EDGE('',*,*,#11517,.T.);
#11517 = EDGE_CURVE('',#11510,#11518,#11520,.T.);
#11518 = VERTEX_POINT('',#11519);
#11519 = CARTESIAN_POINT('',(9.35,3.25,6.5));
#11520 = LINE('',#11521,#11522);
#11521 = CARTESIAN_POINT('',(9.35,4.05,6.5));
#11522 = VECTOR('',#11523,1.);
#11523 = DIRECTION('',(0.,-1.,0.));
#11524 = ORIENTED_EDGE('',*,*,#11525,.T.);
#11525 = EDGE_CURVE('',#11518,#11487,#11526,.T.);
#11526 = LINE('',#11527,#11528);
#11527 = CARTESIAN_POINT('',(-0.65,3.25,6.5));
#11528 = VECTOR('',#11529,1.);
#11529 = DIRECTION('',(-1.,0.,0.));
#11530 = ORIENTED_EDGE('',*,*,#11486,.F.);
#11531 = PLANE('',#11532);
#11532 = AXIS2_PLACEMENT_3D('',#11533,#11534,#11535);
#11533 = CARTESIAN_POINT('',(9.35,4.05,6.5));
#11534 = DIRECTION('',(0.,0.,1.));
#11535 = DIRECTION('',(-1.,0.,0.));
#11536 = ADVANCED_FACE('',(#11537),#11553,.F.);
#11537 = FACE_BOUND('',#11538,.T.);
#11538 = EDGE_LOOP('',(#11539,#11545,#11546,#11552));
#11539 = ORIENTED_EDGE('',*,*,#11540,.F.);
#11540 = EDGE_CURVE('',#11441,#11510,#11541,.T.);
#11541 = LINE('',#11542,#11543);
#11542 = CARTESIAN_POINT('',(9.35,4.05,0.5));
#11543 = VECTOR('',#11544,1.);
#11544 = DIRECTION('',(0.,0.,1.));
#11545 = ORIENTED_EDGE('',*,*,#11464,.T.);
#11546 = ORIENTED_EDGE('',*,*,#11547,.T.);
#11547 = EDGE_CURVE('',#11457,#11518,#11548,.T.);
#11548 = LINE('',#11549,#11550);
#11549 = CARTESIAN_POINT('',(9.35,3.25,6.5));
#11550 = VECTOR('',#11551,1.);
#11551 = DIRECTION('',(0.,0.,1.));
#11552 = ORIENTED_EDGE('',*,*,#11517,.F.);
#11553 = PLANE('',#11554);
#11554 = AXIS2_PLACEMENT_3D('',#11555,#11556,#11557);
#11555 = CARTESIAN_POINT('',(9.35,4.05,1.));
#11556 = DIRECTION('',(1.,0.,0.));
#11557 = DIRECTION('',(0.,0.,1.));
#11558 = ADVANCED_FACE('',(#11559),#11565,.F.);
#11559 = FACE_BOUND('',#11560,.T.);
#11560 = EDGE_LOOP('',(#11561,#11562,#11563,#11564));
#11561 = ORIENTED_EDGE('',*,*,#11547,.F.);
#11562 = ORIENTED_EDGE('',*,*,#11456,.F.);
#11563 = ORIENTED_EDGE('',*,*,#11494,.F.);
#11564 = ORIENTED_EDGE('',*,*,#11525,.F.);
#11565 = PLANE('',#11566);
#11566 = AXIS2_PLACEMENT_3D('',#11567,#11568,#11569);
#11567 = CARTESIAN_POINT('',(4.35,3.25,3.75));
#11568 = DIRECTION('',(0.,-1.,0.));
#11569 = DIRECTION('',(0.,0.,-1.));
#11570 = ADVANCED_FACE('',(#11571),#11605,.T.);
#11571 = FACE_BOUND('',#11572,.T.);
#11572 = EDGE_LOOP('',(#11573,#11583,#11591,#11599));
#11573 = ORIENTED_EDGE('',*,*,#11574,.F.);
#11574 = EDGE_CURVE('',#11575,#11577,#11579,.T.);
#11575 = VERTEX_POINT('',#11576);
#11576 = CARTESIAN_POINT('',(-4.15,-1.,3.));
#11577 = VERTEX_POINT('',#11578);
#11578 = CARTESIAN_POINT('',(-4.15,1.,3.));
#11579 = LINE('',#11580,#11581);
#11580 = CARTESIAN_POINT('',(-4.15,1.275,3.));
#11581 = VECTOR('',#11582,1.);
#11582 = DIRECTION('',(0.,1.,0.));
#11583 = ORIENTED_EDGE('',*,*,#11584,.T.);
#11584 = EDGE_CURVE('',#11575,#11585,#11587,.T.);
#11585 = VERTEX_POINT('',#11586);
#11586 = CARTESIAN_POINT('',(-4.35,-1.,3.));
#11587 = LINE('',#11588,#11589);
#11588 = CARTESIAN_POINT('',(-4.15,-1.,3.));
#11589 = VECTOR('',#11590,1.);
#11590 = DIRECTION('',(-1.,0.,0.));
#11591 = ORIENTED_EDGE('',*,*,#11592,.F.);
#11592 = EDGE_CURVE('',#11593,#11585,#11595,.T.);
#11593 = VERTEX_POINT('',#11594);
#11594 = CARTESIAN_POINT('',(-4.35,1.,3.));
#11595 = LINE('',#11596,#11597);
#11596 = CARTESIAN_POINT('',(-4.35,-1.,3.));
#11597 = VECTOR('',#11598,1.);
#11598 = DIRECTION('',(0.,-1.,0.));
#11599 = ORIENTED_EDGE('',*,*,#11600,.F.);
#11600 = EDGE_CURVE('',#11577,#11593,#11601,.T.);
#11601 = LINE('',#11602,#11603);
#11602 = CARTESIAN_POINT('',(-4.15,1.,3.));
#11603 = VECTOR('',#11604,1.);
#11604 = DIRECTION('',(-1.,0.,0.));
#11605 = PLANE('',#11606);
#11606 = AXIS2_PLACEMENT_3D('',#11607,#11608,#11609);
#11607 = CARTESIAN_POINT('',(-4.15,1.,3.));
#11608 = DIRECTION('',(0.,0.,-1.));
#11609 = DIRECTION('',(0.,-1.,0.));
#11610 = ADVANCED_FACE('',(#11611),#11636,.T.);
#11611 = FACE_BOUND('',#11612,.T.);
#11612 = EDGE_LOOP('',(#11613,#11621,#11622,#11630));
#11613 = ORIENTED_EDGE('',*,*,#11614,.F.);
#11614 = EDGE_CURVE('',#11577,#11615,#11617,.T.);
#11615 = VERTEX_POINT('',#11616);
#11616 = CARTESIAN_POINT('',(-4.15,1.,3.2));
#11617 = LINE('',#11618,#11619);
#11618 = CARTESIAN_POINT('',(-4.15,1.,1.6));
#11619 = VECTOR('',#11620,1.);
#11620 = DIRECTION('',(0.,0.,1.));
#11621 = ORIENTED_EDGE('',*,*,#11600,.T.);
#11622 = ORIENTED_EDGE('',*,*,#11623,.F.);
#11623 = EDGE_CURVE('',#11624,#11593,#11626,.T.);
#11624 = VERTEX_POINT('',#11625);
#11625 = CARTESIAN_POINT('',(-4.35,1.,3.2));
#11626 = LINE('',#11627,#11628);
#11627 = CARTESIAN_POINT('',(-4.35,1.,3.));
#11628 = VECTOR('',#11629,1.);
#11629 = DIRECTION('',(0.,0.,-1.));
#11630 = ORIENTED_EDGE('',*,*,#11631,.F.);
#11631 = EDGE_CURVE('',#11615,#11624,#11632,.T.);
#11632 = LINE('',#11633,#11634);
#11633 = CARTESIAN_POINT('',(-4.15,1.,3.2));
#11634 = VECTOR('',#11635,1.);
#11635 = DIRECTION('',(-1.,0.,0.));
#11636 = PLANE('',#11637);
#11637 = AXIS2_PLACEMENT_3D('',#11638,#11639,#11640);
#11638 = CARTESIAN_POINT('',(-4.15,1.,3.2));
#11639 = DIRECTION('',(0.,1.,0.));
#11640 = DIRECTION('',(0.,0.,-1.));
#11641 = ADVANCED_FACE('',(#11642),#11667,.T.);
#11642 = FACE_BOUND('',#11643,.T.);
#11643 = EDGE_LOOP('',(#11644,#11652,#11653,#11661));
#11644 = ORIENTED_EDGE('',*,*,#11645,.F.);
#11645 = EDGE_CURVE('',#11615,#11646,#11648,.T.);
#11646 = VERTEX_POINT('',#11647);
#11647 = CARTESIAN_POINT('',(-4.15,-1.,3.2));
#11648 = LINE('',#11649,#11650);
#11649 = CARTESIAN_POINT('',(-4.15,0.275,3.2));
#11650 = VECTOR('',#11651,1.);
#11651 = DIRECTION('',(0.,-1.,0.));
#11652 = ORIENTED_EDGE('',*,*,#11631,.T.);
#11653 = ORIENTED_EDGE('',*,*,#11654,.F.);
#11654 = EDGE_CURVE('',#11655,#11624,#11657,.T.);
#11655 = VERTEX_POINT('',#11656);
#11656 = CARTESIAN_POINT('',(-4.35,-1.,3.2));
#11657 = LINE('',#11658,#11659);
#11658 = CARTESIAN_POINT('',(-4.35,1.,3.2));
#11659 = VECTOR('',#11660,1.);
#11660 = DIRECTION('',(0.,1.,0.));
#11661 = ORIENTED_EDGE('',*,*,#11662,.F.);
#11662 = EDGE_CURVE('',#11646,#11655,#11663,.T.);
#11663 = LINE('',#11664,#11665);
#11664 = CARTESIAN_POINT('',(-4.15,-1.,3.2));
#11665 = VECTOR('',#11666,1.);
#11666 = DIRECTION('',(-1.,0.,0.));
#11667 = PLANE('',#11668);
#11668 = AXIS2_PLACEMENT_3D('',#11669,#11670,#11671);
#11669 = CARTESIAN_POINT('',(-4.15,-1.,3.2));
#11670 = DIRECTION('',(0.,0.,1.));
#11671 = DIRECTION('',(0.,1.,0.));
#11672 = ADVANCED_FACE('',(#11673),#11689,.T.);
#11673 = FACE_BOUND('',#11674,.T.);
#11674 = EDGE_LOOP('',(#11675,#11681,#11682,#11688));
#11675 = ORIENTED_EDGE('',*,*,#11676,.F.);
#11676 = EDGE_CURVE('',#11646,#11575,#11677,.T.);
#11677 = LINE('',#11678,#11679);
#11678 = CARTESIAN_POINT('',(-4.15,-1.,1.5));
#11679 = VECTOR('',#11680,1.);
#11680 = DIRECTION('',(0.,0.,-1.));
#11681 = ORIENTED_EDGE('',*,*,#11662,.T.);
#11682 = ORIENTED_EDGE('',*,*,#11683,.F.);
#11683 = EDGE_CURVE('',#11585,#11655,#11684,.T.);
#11684 = LINE('',#11685,#11686);
#11685 = CARTESIAN_POINT('',(-4.35,-1.,3.2));
#11686 = VECTOR('',#11687,1.);
#11687 = DIRECTION('',(0.,0.,1.));
#11688 = ORIENTED_EDGE('',*,*,#11584,.F.);
#11689 = PLANE('',#11690);
#11690 = AXIS2_PLACEMENT_3D('',#11691,#11692,#11693);
#11691 = CARTESIAN_POINT('',(-4.15,-1.,3.));
#11692 = DIRECTION('',(0.,-1.,0.));
#11693 = DIRECTION('',(0.,0.,1.));
#11694 = ADVANCED_FACE('',(#11695),#11701,.T.);
#11695 = FACE_BOUND('',#11696,.T.);
#11696 = EDGE_LOOP('',(#11697,#11698,#11699,#11700));
#11697 = ORIENTED_EDGE('',*,*,#11683,.T.);
#11698 = ORIENTED_EDGE('',*,*,#11654,.T.);
#11699 = ORIENTED_EDGE('',*,*,#11623,.T.);
#11700 = ORIENTED_EDGE('',*,*,#11592,.T.);
#11701 = PLANE('',#11702);
#11702 = AXIS2_PLACEMENT_3D('',#11703,#11704,#11705);
#11703 = CARTESIAN_POINT('',(-4.35,0.,3.1));
#11704 = DIRECTION('',(-1.,0.,0.));
#11705 = DIRECTION('',(0.,0.,1.));
#11706 = ADVANCED_FACE('',(#11707),#11741,.T.);
#11707 = FACE_BOUND('',#11708,.T.);
#11708 = EDGE_LOOP('',(#11709,#11719,#11727,#11735));
#11709 = ORIENTED_EDGE('',*,*,#11710,.F.);
#11710 = EDGE_CURVE('',#11711,#11713,#11715,.T.);
#11711 = VERTEX_POINT('',#11712);
#11712 = CARTESIAN_POINT('',(11.35,-0.25,2.750000860135));
#11713 = VERTEX_POINT('',#11714);
#11714 = CARTESIAN_POINT('',(11.35,-1.000000860135,2.750000860135));
#11715 = LINE('',#11716,#11717);
#11716 = CARTESIAN_POINT('',(11.35,-2.525000430068,2.750000860135));
#11717 = VECTOR('',#11718,1.);
#11718 = DIRECTION('',(0.,-1.,-1.480295668494E-15));
#11719 = ORIENTED_EDGE('',*,*,#11720,.T.);
#11720 = EDGE_CURVE('',#11711,#11721,#11723,.T.);
#11721 = VERTEX_POINT('',#11722);
#11722 = CARTESIAN_POINT('',(11.55,-0.25,2.750000860135));
#11723 = LINE('',#11724,#11725);
#11724 = CARTESIAN_POINT('',(11.35,-0.25,2.750000860135));
#11725 = VECTOR('',#11726,1.);
#11726 = DIRECTION('',(1.,0.,0.));
#11727 = ORIENTED_EDGE('',*,*,#11728,.F.);
#11728 = EDGE_CURVE('',#11729,#11721,#11731,.T.);
#11729 = VERTEX_POINT('',#11730);
#11730 = CARTESIAN_POINT('',(11.55,-1.000000860135,2.750000860135));
#11731 = LINE('',#11732,#11733);
#11732 = CARTESIAN_POINT('',(11.55,-1.000000860135,2.750000860135));
#11733 = VECTOR('',#11734,1.);
#11734 = DIRECTION('',(0.,1.,1.480295668494E-15));
#11735 = ORIENTED_EDGE('',*,*,#11736,.F.);
#11736 = EDGE_CURVE('',#11713,#11729,#11737,.T.);
#11737 = LINE('',#11738,#11739);
#11738 = CARTESIAN_POINT('',(11.35,-1.000000860135,2.750000860135));
#11739 = VECTOR('',#11740,1.);
#11740 = DIRECTION('',(1.,0.,0.));
#11741 = PLANE('',#11742);
#11742 = AXIS2_PLACEMENT_3D('',#11743,#11744,#11745);
#11743 = CARTESIAN_POINT('',(11.35,-1.000000860135,2.750000860135));
#11744 = DIRECTION('',(0.,1.480295668494E-15,-1.));
#11745 = DIRECTION('',(0.,1.,1.480295668494E-15));
#11746 = ADVANCED_FACE('',(#11747),#11772,.T.);
#11747 = FACE_BOUND('',#11748,.T.);
#11748 = EDGE_LOOP('',(#11749,#11757,#11758,#11766));
#11749 = ORIENTED_EDGE('',*,*,#11750,.F.);
#11750 = EDGE_CURVE('',#11713,#11751,#11753,.T.);
#11751 = VERTEX_POINT('',#11752);
#11752 = CARTESIAN_POINT('',(11.35,-1.000000860135,3.250000860135));
#11753 = LINE('',#11754,#11755);
#11754 = CARTESIAN_POINT('',(11.35,-1.000000860135,1.625000430068));
#11755 = VECTOR('',#11756,1.);
#11756 = DIRECTION('',(0.,1.110223024625E-15,1.));
#11757 = ORIENTED_EDGE('',*,*,#11736,.T.);
#11758 = ORIENTED_EDGE('',*,*,#11759,.F.);
#11759 = EDGE_CURVE('',#11760,#11729,#11762,.T.);
#11760 = VERTEX_POINT('',#11761);
#11761 = CARTESIAN_POINT('',(11.55,-1.000000860135,3.250000860135));
#11762 = LINE('',#11763,#11764);
#11763 = CARTESIAN_POINT('',(11.55,-1.000000860135,3.250000860135));
#11764 = VECTOR('',#11765,1.);
#11765 = DIRECTION('',(0.,-1.110223024625E-15,-1.));
#11766 = ORIENTED_EDGE('',*,*,#11767,.F.);
#11767 = EDGE_CURVE('',#11751,#11760,#11768,.T.);
#11768 = LINE('',#11769,#11770);
#11769 = CARTESIAN_POINT('',(11.35,-1.000000860135,3.250000860135));
#11770 = VECTOR('',#11771,1.);
#11771 = DIRECTION('',(1.,0.,0.));
#11772 = PLANE('',#11773);
#11773 = AXIS2_PLACEMENT_3D('',#11774,#11775,#11776);
#11774 = CARTESIAN_POINT('',(11.35,-1.000000860135,3.250000860135));
#11775 = DIRECTION('',(0.,-1.,1.110223024625E-15));
#11776 = DIRECTION('',(0.,-1.110223024625E-15,-1.));
#11777 = ADVANCED_FACE('',(#11778),#11803,.T.);
#11778 = FACE_BOUND('',#11779,.T.);
#11779 = EDGE_LOOP('',(#11780,#11788,#11789,#11797));
#11780 = ORIENTED_EDGE('',*,*,#11781,.F.);
#11781 = EDGE_CURVE('',#11751,#11782,#11784,.T.);
#11782 = VERTEX_POINT('',#11783);
#11783 = CARTESIAN_POINT('',(11.35,-0.25,3.250000860135));
#11784 = LINE('',#11785,#11786);
#11785 = CARTESIAN_POINT('',(11.35,-2.15,3.250000860135));
#11786 = VECTOR('',#11787,1.);
#11787 = DIRECTION('',(0.,1.,0.));
#11788 = ORIENTED_EDGE('',*,*,#11767,.T.);
#11789 = ORIENTED_EDGE('',*,*,#11790,.F.);
#11790 = EDGE_CURVE('',#11791,#11760,#11793,.T.);
#11791 = VERTEX_POINT('',#11792);
#11792 = CARTESIAN_POINT('',(11.55,-0.25,3.250000860135));
#11793 = LINE('',#11794,#11795);
#11794 = CARTESIAN_POINT('',(11.55,-0.25,3.250000860135));
#11795 = VECTOR('',#11796,1.);
#11796 = DIRECTION('',(0.,-1.,0.));
#11797 = ORIENTED_EDGE('',*,*,#11798,.F.);
#11798 = EDGE_CURVE('',#11782,#11791,#11799,.T.);
#11799 = LINE('',#11800,#11801);
#11800 = CARTESIAN_POINT('',(11.35,-0.25,3.250000860135));
#11801 = VECTOR('',#11802,1.);
#11802 = DIRECTION('',(1.,0.,0.));
#11803 = PLANE('',#11804);
#11804 = AXIS2_PLACEMENT_3D('',#11805,#11806,#11807);
#11805 = CARTESIAN_POINT('',(11.35,-0.25,3.250000860135));
#11806 = DIRECTION('',(0.,0.,1.));
#11807 = DIRECTION('',(0.,-1.,0.));
#11808 = ADVANCED_FACE('',(#11809),#11834,.T.);
#11809 = FACE_BOUND('',#11810,.T.);
#11810 = EDGE_LOOP('',(#11811,#11819,#11820,#11828));
#11811 = ORIENTED_EDGE('',*,*,#11812,.F.);
#11812 = EDGE_CURVE('',#11782,#11813,#11815,.T.);
#11813 = VERTEX_POINT('',#11814);
#11814 = CARTESIAN_POINT('',(11.35,-0.25,4.000001720271));
#11815 = LINE('',#11816,#11817);
#11816 = CARTESIAN_POINT('',(11.35,-0.25,2.000000860135));
#11817 = VECTOR('',#11818,1.);
#11818 = DIRECTION('',(0.,-9.251847928087E-17,1.));
#11819 = ORIENTED_EDGE('',*,*,#11798,.T.);
#11820 = ORIENTED_EDGE('',*,*,#11821,.F.);
#11821 = EDGE_CURVE('',#11822,#11791,#11824,.T.);
#11822 = VERTEX_POINT('',#11823);
#11823 = CARTESIAN_POINT('',(11.55,-0.25,4.000001720271));
#11824 = LINE('',#11825,#11826);
#11825 = CARTESIAN_POINT('',(11.55,-0.25,4.000001720271));
#11826 = VECTOR('',#11827,1.);
#11827 = DIRECTION('',(0.,9.251847928087E-17,-1.));
#11828 = ORIENTED_EDGE('',*,*,#11829,.F.);
#11829 = EDGE_CURVE('',#11813,#11822,#11830,.T.);
#11830 = LINE('',#11831,#11832);
#11831 = CARTESIAN_POINT('',(11.35,-0.25,4.000001720271));
#11832 = VECTOR('',#11833,1.);
#11833 = DIRECTION('',(1.,0.,0.));
#11834 = PLANE('',#11835);
#11835 = AXIS2_PLACEMENT_3D('',#11836,#11837,#11838);
#11836 = CARTESIAN_POINT('',(11.35,-0.25,4.000001720271));
#11837 = DIRECTION('',(0.,-1.,-9.251847928087E-17));
#11838 = DIRECTION('',(0.,9.251847928087E-17,-1.));
#11839 = ADVANCED_FACE('',(#11840),#11865,.T.);
#11840 = FACE_BOUND('',#11841,.T.);
#11841 = EDGE_LOOP('',(#11842,#11850,#11851,#11859));
#11842 = ORIENTED_EDGE('',*,*,#11843,.F.);
#11843 = EDGE_CURVE('',#11813,#11844,#11846,.T.);
#11844 = VERTEX_POINT('',#11845);
#11845 = CARTESIAN_POINT('',(11.35,0.250002366257,4.000001720271));
#11846 = LINE('',#11847,#11848);
#11847 = CARTESIAN_POINT('',(11.35,-1.899998816872,4.000001720271));
#11848 = VECTOR('',#11849,1.);
#11849 = DIRECTION('',(0.,1.,0.));
#11850 = ORIENTED_EDGE('',*,*,#11829,.T.);
#11851 = ORIENTED_EDGE('',*,*,#11852,.F.);
#11852 = EDGE_CURVE('',#11853,#11822,#11855,.T.);
#11853 = VERTEX_POINT('',#11854);
#11854 = CARTESIAN_POINT('',(11.55,0.250002366257,4.000001720271));
#11855 = LINE('',#11856,#11857);
#11856 = CARTESIAN_POINT('',(11.55,0.250002366257,4.000001720271));
#11857 = VECTOR('',#11858,1.);
#11858 = DIRECTION('',(0.,-1.,0.));
#11859 = ORIENTED_EDGE('',*,*,#11860,.F.);
#11860 = EDGE_CURVE('',#11844,#11853,#11861,.T.);
#11861 = LINE('',#11862,#11863);
#11862 = CARTESIAN_POINT('',(11.35,0.250002366257,4.000001720271));
#11863 = VECTOR('',#11864,1.);
#11864 = DIRECTION('',(1.,0.,0.));
#11865 = PLANE('',#11866);
#11866 = AXIS2_PLACEMENT_3D('',#11867,#11868,#11869);
#11867 = CARTESIAN_POINT('',(11.35,0.250002366257,4.000001720271));
#11868 = DIRECTION('',(0.,0.,1.));
#11869 = DIRECTION('',(0.,-1.,0.));
#11870 = ADVANCED_FACE('',(#11871),#11896,.T.);
#11871 = FACE_BOUND('',#11872,.T.);
#11872 = EDGE_LOOP('',(#11873,#11881,#11882,#11890));
#11873 = ORIENTED_EDGE('',*,*,#11874,.F.);
#11874 = EDGE_CURVE('',#11844,#11875,#11877,.T.);
#11875 = VERTEX_POINT('',#11876);
#11876 = CARTESIAN_POINT('',(11.35,0.250002366257,3.250000860134));
#11877 = LINE('',#11878,#11879);
#11878 = CARTESIAN_POINT('',(11.35,0.250002366257,1.625000430067));
#11879 = VECTOR('',#11880,1.);
#11880 = DIRECTION('',(0.,9.251847928069E-17,-1.));
#11881 = ORIENTED_EDGE('',*,*,#11860,.T.);
#11882 = ORIENTED_EDGE('',*,*,#11883,.F.);
#11883 = EDGE_CURVE('',#11884,#11853,#11886,.T.);
#11884 = VERTEX_POINT('',#11885);
#11885 = CARTESIAN_POINT('',(11.55,0.250002366257,3.250000860134));
#11886 = LINE('',#11887,#11888);
#11887 = CARTESIAN_POINT('',(11.55,0.250002366257,3.250000860134));
#11888 = VECTOR('',#11889,1.);
#11889 = DIRECTION('',(0.,-9.251847928069E-17,1.));
#11890 = ORIENTED_EDGE('',*,*,#11891,.F.);
#11891 = EDGE_CURVE('',#11875,#11884,#11892,.T.);
#11892 = LINE('',#11893,#11894);
#11893 = CARTESIAN_POINT('',(11.35,0.250002366257,3.250000860134));
#11894 = VECTOR('',#11895,1.);
#11895 = DIRECTION('',(1.,0.,0.));
#11896 = PLANE('',#11897);
#11897 = AXIS2_PLACEMENT_3D('',#11898,#11899,#11900);
#11898 = CARTESIAN_POINT('',(11.35,0.250002366257,3.250000860134));
#11899 = DIRECTION('',(0.,1.,9.251847928069E-17));
#11900 = DIRECTION('',(0.,-9.251847928069E-17,1.));
#11901 = ADVANCED_FACE('',(#11902),#11927,.T.);
#11902 = FACE_BOUND('',#11903,.T.);
#11903 = EDGE_LOOP('',(#11904,#11912,#11913,#11921));
#11904 = ORIENTED_EDGE('',*,*,#11905,.F.);
#11905 = EDGE_CURVE('',#11875,#11906,#11908,.T.);
#11906 = VERTEX_POINT('',#11907);
#11907 = CARTESIAN_POINT('',(11.35,1.000003226392,3.250000860134));
#11908 = LINE('',#11909,#11910);
#11909 = CARTESIAN_POINT('',(11.35,-1.524998386804,3.250000860134));
#11910 = VECTOR('',#11911,1.);
#11911 = DIRECTION('',(0.,1.,0.));
#11912 = ORIENTED_EDGE('',*,*,#11891,.T.);
#11913 = ORIENTED_EDGE('',*,*,#11914,.F.);
#11914 = EDGE_CURVE('',#11915,#11884,#11917,.T.);
#11915 = VERTEX_POINT('',#11916);
#11916 = CARTESIAN_POINT('',(11.55,1.000003226392,3.250000860134));
#11917 = LINE('',#11918,#11919);
#11918 = CARTESIAN_POINT('',(11.55,1.000003226392,3.250000860134));
#11919 = VECTOR('',#11920,1.);
#11920 = DIRECTION('',(0.,-1.,0.));
#11921 = ORIENTED_EDGE('',*,*,#11922,.F.);
#11922 = EDGE_CURVE('',#11906,#11915,#11923,.T.);
#11923 = LINE('',#11924,#11925);
#11924 = CARTESIAN_POINT('',(11.35,1.000003226392,3.250000860134));
#11925 = VECTOR('',#11926,1.);
#11926 = DIRECTION('',(1.,0.,0.));
#11927 = PLANE('',#11928);
#11928 = AXIS2_PLACEMENT_3D('',#11929,#11930,#11931);
#11929 = CARTESIAN_POINT('',(11.35,1.000003226392,3.250000860134));
#11930 = DIRECTION('',(0.,0.,1.));
#11931 = DIRECTION('',(0.,-1.,0.));
#11932 = ADVANCED_FACE('',(#11933),#11958,.T.);
#11933 = FACE_BOUND('',#11934,.T.);
#11934 = EDGE_LOOP('',(#11935,#11943,#11944,#11952));
#11935 = ORIENTED_EDGE('',*,*,#11936,.F.);
#11936 = EDGE_CURVE('',#11906,#11937,#11939,.T.);
#11937 = VERTEX_POINT('',#11938);
#11938 = CARTESIAN_POINT('',(11.35,1.000002366257,2.750000860134));
#11939 = LINE('',#11940,#11941);
#11940 = CARTESIAN_POINT('',(11.35,1.000000000876,1.374996086385));
#11941 = VECTOR('',#11942,1.);
#11942 = DIRECTION('',(0.,-1.720270748071E-06,-0.999999999999));
#11943 = ORIENTED_EDGE('',*,*,#11922,.T.);
#11944 = ORIENTED_EDGE('',*,*,#11945,.F.);
#11945 = EDGE_CURVE('',#11946,#11915,#11948,.T.);
#11946 = VERTEX_POINT('',#11947);
#11947 = CARTESIAN_POINT('',(11.55,1.000002366257,2.750000860134));
#11948 = LINE('',#11949,#11950);
#11949 = CARTESIAN_POINT('',(11.55,1.000002366257,2.750000860134));
#11950 = VECTOR('',#11951,1.);
#11951 = DIRECTION('',(0.,1.720270748071E-06,0.999999999999));
#11952 = ORIENTED_EDGE('',*,*,#11953,.F.);
#11953 = EDGE_CURVE('',#11937,#11946,#11954,.T.);
#11954 = LINE('',#11955,#11956);
#11955 = CARTESIAN_POINT('',(11.35,1.000002366257,2.750000860134));
#11956 = VECTOR('',#11957,1.);
#11957 = DIRECTION('',(1.,0.,0.));
#11958 = PLANE('',#11959);
#11959 = AXIS2_PLACEMENT_3D('',#11960,#11961,#11962);
#11960 = CARTESIAN_POINT('',(11.35,1.000002366257,2.750000860134));
#11961 = DIRECTION('',(0.,0.999999999999,-1.720270748071E-06));
#11962 = DIRECTION('',(0.,1.720270748071E-06,0.999999999999));
#11963 = ADVANCED_FACE('',(#11964),#11989,.T.);
#11964 = FACE_BOUND('',#11965,.T.);
#11965 = EDGE_LOOP('',(#11966,#11974,#11975,#11983));
#11966 = ORIENTED_EDGE('',*,*,#11967,.F.);
#11967 = EDGE_CURVE('',#11937,#11968,#11970,.T.);
#11968 = VERTEX_POINT('',#11969);
#11969 = CARTESIAN_POINT('',(11.35,0.250001506121,2.750000860134));
#11970 = LINE('',#11971,#11972);
#11971 = CARTESIAN_POINT('',(11.35,-1.899999246939,2.750000860134));
#11972 = VECTOR('',#11973,1.);
#11973 = DIRECTION('',(0.,-1.,0.));
#11974 = ORIENTED_EDGE('',*,*,#11953,.T.);
#11975 = ORIENTED_EDGE('',*,*,#11976,.F.);
#11976 = EDGE_CURVE('',#11977,#11946,#11979,.T.);
#11977 = VERTEX_POINT('',#11978);
#11978 = CARTESIAN_POINT('',(11.55,0.250001506121,2.750000860134));
#11979 = LINE('',#11980,#11981);
#11980 = CARTESIAN_POINT('',(11.55,0.250001506121,2.750000860134));
#11981 = VECTOR('',#11982,1.);
#11982 = DIRECTION('',(0.,1.,0.));
#11983 = ORIENTED_EDGE('',*,*,#11984,.F.);
#11984 = EDGE_CURVE('',#11968,#11977,#11985,.T.);
#11985 = LINE('',#11986,#11987);
#11986 = CARTESIAN_POINT('',(11.35,0.250001506121,2.750000860134));
#11987 = VECTOR('',#11988,1.);
#11988 = DIRECTION('',(1.,0.,0.));
#11989 = PLANE('',#11990);
#11990 = AXIS2_PLACEMENT_3D('',#11991,#11992,#11993);
#11991 = CARTESIAN_POINT('',(11.35,0.250001506121,2.750000860134));
#11992 = DIRECTION('',(0.,0.,-1.));
#11993 = DIRECTION('',(0.,1.,0.));
#11994 = ADVANCED_FACE('',(#11995),#12020,.T.);
#11995 = FACE_BOUND('',#11996,.T.);
#11996 = EDGE_LOOP('',(#11997,#12005,#12006,#12014));
#11997 = ORIENTED_EDGE('',*,*,#11998,.F.);
#11998 = EDGE_CURVE('',#11968,#11999,#12001,.T.);
#11999 = VERTEX_POINT('',#12000);
#12000 = CARTESIAN_POINT('',(11.35,0.25,2.));
#12001 = LINE('',#12002,#12003);
#12002 = CARTESIAN_POINT('',(11.35,0.249997991832,0.999995682462));
#12003 = VECTOR('',#12004,1.);
#12004 = DIRECTION('',(0.,-2.008159217909E-06,-0.999999999998));
#12005 = ORIENTED_EDGE('',*,*,#11984,.T.);
#12006 = ORIENTED_EDGE('',*,*,#12007,.F.);
#12007 = EDGE_CURVE('',#12008,#11977,#12010,.T.);
#12008 = VERTEX_POINT('',#12009);
#12009 = CARTESIAN_POINT('',(11.55,0.25,2.));
#12010 = LINE('',#12011,#12012);
#12011 = CARTESIAN_POINT('',(11.55,0.25,2.));
#12012 = VECTOR('',#12013,1.);
#12013 = DIRECTION('',(0.,2.008159217909E-06,0.999999999998));
#12014 = ORIENTED_EDGE('',*,*,#12015,.F.);
#12015 = EDGE_CURVE('',#11999,#12008,#12016,.T.);
#12016 = LINE('',#12017,#12018);
#12017 = CARTESIAN_POINT('',(11.35,0.25,2.));
#12018 = VECTOR('',#12019,1.);
#12019 = DIRECTION('',(1.,0.,0.));
#12020 = PLANE('',#12021);
#12021 = AXIS2_PLACEMENT_3D('',#12022,#12023,#12024);
#12022 = CARTESIAN_POINT('',(11.35,0.25,2.));
#12023 = DIRECTION('',(0.,0.999999999998,-2.008159217909E-06));
#12024 = DIRECTION('',(0.,2.008159217909E-06,0.999999999998));
#12025 = ADVANCED_FACE('',(#12026),#12051,.T.);
#12026 = FACE_BOUND('',#12027,.T.);
#12027 = EDGE_LOOP('',(#12028,#12036,#12037,#12045));
#12028 = ORIENTED_EDGE('',*,*,#12029,.F.);
#12029 = EDGE_CURVE('',#11999,#12030,#12032,.T.);
#12030 = VERTEX_POINT('',#12031);
#12031 = CARTESIAN_POINT('',(11.35,-0.25,2.));
#12032 = LINE('',#12033,#12034);
#12033 = CARTESIAN_POINT('',(11.35,-2.15,2.));
#12034 = VECTOR('',#12035,1.);
#12035 = DIRECTION('',(0.,-1.,0.));
#12036 = ORIENTED_EDGE('',*,*,#12015,.T.);
#12037 = ORIENTED_EDGE('',*,*,#12038,.F.);
#12038 = EDGE_CURVE('',#12039,#12008,#12041,.T.);
#12039 = VERTEX_POINT('',#12040);
#12040 = CARTESIAN_POINT('',(11.55,-0.25,2.));
#12041 = LINE('',#12042,#12043);
#12042 = CARTESIAN_POINT('',(11.55,-0.25,2.));
#12043 = VECTOR('',#12044,1.);
#12044 = DIRECTION('',(0.,1.,0.));
#12045 = ORIENTED_EDGE('',*,*,#12046,.F.);
#12046 = EDGE_CURVE('',#12030,#12039,#12047,.T.);
#12047 = LINE('',#12048,#12049);
#12048 = CARTESIAN_POINT('',(11.35,-0.25,2.));
#12049 = VECTOR('',#12050,1.);
#12050 = DIRECTION('',(1.,0.,0.));
#12051 = PLANE('',#12052);
#12052 = AXIS2_PLACEMENT_3D('',#12053,#12054,#12055);
#12053 = CARTESIAN_POINT('',(11.35,-0.25,2.));
#12054 = DIRECTION('',(0.,0.,-1.));
#12055 = DIRECTION('',(0.,1.,0.));
#12056 = ADVANCED_FACE('',(#12057),#12073,.T.);
#12057 = FACE_BOUND('',#12058,.T.);
#12058 = EDGE_LOOP('',(#12059,#12065,#12066,#12072));
#12059 = ORIENTED_EDGE('',*,*,#12060,.F.);
#12060 = EDGE_CURVE('',#12030,#11711,#12061,.T.);
#12061 = LINE('',#12062,#12063);
#12062 = CARTESIAN_POINT('',(11.35,-0.25,1.375000430068));
#12063 = VECTOR('',#12064,1.);
#12064 = DIRECTION('',(0.,-9.714440324492E-16,1.));
#12065 = ORIENTED_EDGE('',*,*,#12046,.T.);
#12066 = ORIENTED_EDGE('',*,*,#12067,.F.);
#12067 = EDGE_CURVE('',#11721,#12039,#12068,.T.);
#12068 = LINE('',#12069,#12070);
#12069 = CARTESIAN_POINT('',(11.55,-0.25,2.750000860135));
#12070 = VECTOR('',#12071,1.);
#12071 = DIRECTION('',(0.,9.714440324492E-16,-1.));
#12072 = ORIENTED_EDGE('',*,*,#11720,.F.);
#12073 = PLANE('',#12074);
#12074 = AXIS2_PLACEMENT_3D('',#12075,#12076,#12077);
#12075 = CARTESIAN_POINT('',(11.35,-0.25,2.750000860135));
#12076 = DIRECTION('',(0.,-1.,-9.714440324492E-16));
#12077 = DIRECTION('',(0.,9.714440324492E-16,-1.));
#12078 = ADVANCED_FACE('',(#12079),#12093,.T.);
#12079 = FACE_BOUND('',#12080,.T.);
#12080 = EDGE_LOOP('',(#12081,#12082,#12083,#12084,#12085,#12086,#12087,
    #12088,#12089,#12090,#12091,#12092));
#12081 = ORIENTED_EDGE('',*,*,#12067,.T.);
#12082 = ORIENTED_EDGE('',*,*,#12038,.T.);
#12083 = ORIENTED_EDGE('',*,*,#12007,.T.);
#12084 = ORIENTED_EDGE('',*,*,#11976,.T.);
#12085 = ORIENTED_EDGE('',*,*,#11945,.T.);
#12086 = ORIENTED_EDGE('',*,*,#11914,.T.);
#12087 = ORIENTED_EDGE('',*,*,#11883,.T.);
#12088 = ORIENTED_EDGE('',*,*,#11852,.T.);
#12089 = ORIENTED_EDGE('',*,*,#11821,.T.);
#12090 = ORIENTED_EDGE('',*,*,#11790,.T.);
#12091 = ORIENTED_EDGE('',*,*,#11759,.T.);
#12092 = ORIENTED_EDGE('',*,*,#11728,.T.);
#12093 = PLANE('',#12094);
#12094 = AXIS2_PLACEMENT_3D('',#12095,#12096,#12097);
#12095 = CARTESIAN_POINT('',(11.55,1.183128257448E-06,3.000000860135));
#12096 = DIRECTION('',(1.,0.,0.));
#12097 = DIRECTION('',(0.,0.,-1.));
#12098 = ADVANCED_FACE('',(#12099),#12126,.F.);
#12099 = FACE_BOUND('',#12100,.F.);
#12100 = EDGE_LOOP('',(#12101,#12111,#12118,#12119));
#12101 = ORIENTED_EDGE('',*,*,#12102,.T.);
#12102 = EDGE_CURVE('',#12103,#12105,#12107,.T.);
#12103 = VERTEX_POINT('',#12104);
#12104 = CARTESIAN_POINT('',(4.2,-3.673940397442E-16,0.));
#12105 = VERTEX_POINT('',#12106);
#12106 = CARTESIAN_POINT('',(4.2,-3.673940397442E-16,3.));
#12107 = LINE('',#12108,#12109);
#12108 = CARTESIAN_POINT('',(4.2,-3.673940397442E-16,0.));
#12109 = VECTOR('',#12110,1.);
#12110 = DIRECTION('',(0.,0.,1.));
#12111 = ORIENTED_EDGE('',*,*,#12112,.F.);
#12112 = EDGE_CURVE('',#12105,#12105,#12113,.T.);
#12113 = CIRCLE('',#12114,3.);
#12114 = AXIS2_PLACEMENT_3D('',#12115,#12116,#12117);
#12115 = CARTESIAN_POINT('',(7.2,0.,3.));
#12116 = DIRECTION('',(0.,0.,1.));
#12117 = DIRECTION('',(1.,0.,-0.));
#12118 = ORIENTED_EDGE('',*,*,#12102,.F.);
#12119 = ORIENTED_EDGE('',*,*,#12120,.T.);
#12120 = EDGE_CURVE('',#12103,#12103,#12121,.T.);
#12121 = CIRCLE('',#12122,3.);
#12122 = AXIS2_PLACEMENT_3D('',#12123,#12124,#12125);
#12123 = CARTESIAN_POINT('',(7.2,0.,0.));
#12124 = DIRECTION('',(0.,0.,1.));
#12125 = DIRECTION('',(1.,0.,-0.));
#12126 = CYLINDRICAL_SURFACE('',#12127,3.);
#12127 = AXIS2_PLACEMENT_3D('',#12128,#12129,#12130);
#12128 = CARTESIAN_POINT('',(7.2,0.,0.));
#12129 = DIRECTION('',(0.,0.,1.));
#12130 = DIRECTION('',(1.,0.,-0.));
#12131 = ADVANCED_FACE('',(#12132,#12135),#12138,.F.);
#12132 = FACE_BOUND('',#12133,.T.);
#12133 = EDGE_LOOP('',(#12134));
#12134 = ORIENTED_EDGE('',*,*,#12112,.F.);
#12135 = FACE_BOUND('',#12136,.T.);
#12136 = EDGE_LOOP('',(#12137));
#12137 = ORIENTED_EDGE('',*,*,#11270,.T.);
#12138 = PLANE('',#12139);
#12139 = AXIS2_PLACEMENT_3D('',#12140,#12141,#12142);
#12140 = CARTESIAN_POINT('',(7.2,0.,3.));
#12141 = DIRECTION('',(0.,0.,1.));
#12142 = DIRECTION('',(1.,0.,-0.));
#12143 = ADVANCED_FACE('',(#12144),#12171,.F.);
#12144 = FACE_BOUND('',#12145,.F.);
#12145 = EDGE_LOOP('',(#12146,#12156,#12163,#12164));
#12146 = ORIENTED_EDGE('',*,*,#12147,.T.);
#12147 = EDGE_CURVE('',#12148,#12150,#12152,.T.);
#12148 = VERTEX_POINT('',#12149);
#12149 = CARTESIAN_POINT('',(-3.,-3.673940397442E-16,0.));
#12150 = VERTEX_POINT('',#12151);
#12151 = CARTESIAN_POINT('',(-3.,-3.673940397442E-16,3.));
#12152 = LINE('',#12153,#12154);
#12153 = CARTESIAN_POINT('',(-3.,-3.673940397442E-16,0.));
#12154 = VECTOR('',#12155,1.);
#12155 = DIRECTION('',(0.,0.,1.));
#12156 = ORIENTED_EDGE('',*,*,#12157,.F.);
#12157 = EDGE_CURVE('',#12150,#12150,#12158,.T.);
#12158 = CIRCLE('',#12159,3.);
#12159 = AXIS2_PLACEMENT_3D('',#12160,#12161,#12162);
#12160 = CARTESIAN_POINT('',(0.,0.,3.));
#12161 = DIRECTION('',(0.,0.,1.));
#12162 = DIRECTION('',(1.,0.,-0.));
#12163 = ORIENTED_EDGE('',*,*,#12147,.F.);
#12164 = ORIENTED_EDGE('',*,*,#12165,.T.);
#12165 = EDGE_CURVE('',#12148,#12148,#12166,.T.);
#12166 = CIRCLE('',#12167,3.);
#12167 = AXIS2_PLACEMENT_3D('',#12168,#12169,#12170);
#12168 = CARTESIAN_POINT('',(0.,0.,0.));
#12169 = DIRECTION('',(0.,0.,1.));
#12170 = DIRECTION('',(1.,0.,-0.));
#12171 = CYLINDRICAL_SURFACE('',#12172,3.);
#12172 = AXIS2_PLACEMENT_3D('',#12173,#12174,#12175);
#12173 = CARTESIAN_POINT('',(0.,0.,0.));
#12174 = DIRECTION('',(0.,0.,1.));
#12175 = DIRECTION('',(1.,0.,-0.));
#12176 = ADVANCED_FACE('',(#12177,#12180),#12183,.F.);
#12177 = FACE_BOUND('',#12178,.T.);
#12178 = EDGE_LOOP('',(#12179));
#12179 = ORIENTED_EDGE('',*,*,#12157,.F.);
#12180 = FACE_BOUND('',#12181,.T.);
#12181 = EDGE_LOOP('',(#12182));
#12182 = ORIENTED_EDGE('',*,*,#11228,.T.);
#12183 = PLANE('',#12184);
#12184 = AXIS2_PLACEMENT_3D('',#12185,#12186,#12187);
#12185 = CARTESIAN_POINT('',(0.,0.,3.));
#12186 = DIRECTION('',(0.,0.,1.));
#12187 = DIRECTION('',(1.,0.,-0.));
#12188 = ADVANCED_FACE('',(#12189),#12223,.T.);
#12189 = FACE_BOUND('',#12190,.T.);
#12190 = EDGE_LOOP('',(#12191,#12201,#12209,#12217));
#12191 = ORIENTED_EDGE('',*,*,#12192,.F.);
#12192 = EDGE_CURVE('',#12193,#12195,#12197,.T.);
#12193 = VERTEX_POINT('',#12194);
#12194 = CARTESIAN_POINT('',(3.099999959767,-3.299999926239,6.7));
#12195 = VERTEX_POINT('',#12196);
#12196 = CARTESIAN_POINT('',(3.099999959767,-2.,6.7));
#12197 = LINE('',#12198,#12199);
#12198 = CARTESIAN_POINT('',(3.099999959767,-1.,6.7));
#12199 = VECTOR('',#12200,1.);
#12200 = DIRECTION('',(0.,1.,0.));
#12201 = ORIENTED_EDGE('',*,*,#12202,.F.);
#12202 = EDGE_CURVE('',#12203,#12193,#12205,.T.);
#12203 = VERTEX_POINT('',#12204);
#12204 = CARTESIAN_POINT('',(3.099999959767,-3.299999926239,14.5));
#12205 = LINE('',#12206,#12207);
#12206 = CARTESIAN_POINT('',(3.099999959767,-3.3,11.35));
#12207 = VECTOR('',#12208,1.);
#12208 = DIRECTION('',(0.,0.,-1.));
#12209 = ORIENTED_EDGE('',*,*,#12210,.F.);
#12210 = EDGE_CURVE('',#12211,#12203,#12213,.T.);
#12211 = VERTEX_POINT('',#12212);
#12212 = CARTESIAN_POINT('',(3.099999959767,-2.,14.5));
#12213 = LINE('',#12214,#12215);
#12214 = CARTESIAN_POINT('',(3.099999959767,-2.,14.5));
#12215 = VECTOR('',#12216,1.);
#12216 = DIRECTION('',(0.,-1.,0.));
#12217 = ORIENTED_EDGE('',*,*,#12218,.F.);
#12218 = EDGE_CURVE('',#12195,#12211,#12219,.T.);
#12219 = LINE('',#12220,#12221);
#12220 = CARTESIAN_POINT('',(3.099999959767,-2.,6.7));
#12221 = VECTOR('',#12222,1.);
#12222 = DIRECTION('',(0.,0.,1.));
#12223 = PLANE('',#12224);
#12224 = AXIS2_PLACEMENT_3D('',#12225,#12226,#12227);
#12225 = CARTESIAN_POINT('',(3.099999959767,-2.,6.7));
#12226 = DIRECTION('',(-1.,0.,0.));
#12227 = DIRECTION('',(0.,-1.,0.));
#12228 = ADVANCED_FACE('',(#12229),#12263,.T.);
#12229 = FACE_BOUND('',#12230,.T.);
#12230 = EDGE_LOOP('',(#12231,#12241,#12249,#12257));
#12231 = ORIENTED_EDGE('',*,*,#12232,.F.);
#12232 = EDGE_CURVE('',#12233,#12235,#12237,.T.);
#12233 = VERTEX_POINT('',#12234);
#12234 = CARTESIAN_POINT('',(4.099999959767,-2.,6.7));
#12235 = VERTEX_POINT('',#12236);
#12236 = CARTESIAN_POINT('',(4.099999959767,-3.299999926239,6.7));
#12237 = LINE('',#12238,#12239);
#12238 = CARTESIAN_POINT('',(4.099999959767,-1.64999996312,6.7));
#12239 = VECTOR('',#12240,1.);
#12240 = DIRECTION('',(0.,-1.,0.));
#12241 = ORIENTED_EDGE('',*,*,#12242,.T.);
#12242 = EDGE_CURVE('',#12233,#12243,#12245,.T.);
#12243 = VERTEX_POINT('',#12244);
#12244 = CARTESIAN_POINT('',(4.099999959767,-2.,14.5));
#12245 = LINE('',#12246,#12247);
#12246 = CARTESIAN_POINT('',(4.099999959767,-2.,6.7));
#12247 = VECTOR('',#12248,1.);
#12248 = DIRECTION('',(0.,0.,1.));
#12249 = ORIENTED_EDGE('',*,*,#12250,.F.);
#12250 = EDGE_CURVE('',#12251,#12243,#12253,.T.);
#12251 = VERTEX_POINT('',#12252);
#12252 = CARTESIAN_POINT('',(4.099999959767,-3.299999926239,14.5));
#12253 = LINE('',#12254,#12255);
#12254 = CARTESIAN_POINT('',(4.099999959767,-3.299999926239,14.5));
#12255 = VECTOR('',#12256,1.);
#12256 = DIRECTION('',(0.,1.,0.));
#12257 = ORIENTED_EDGE('',*,*,#12258,.F.);
#12258 = EDGE_CURVE('',#12235,#12251,#12259,.T.);
#12259 = LINE('',#12260,#12261);
#12260 = CARTESIAN_POINT('',(4.099999959767,-3.3,11.35));
#12261 = VECTOR('',#12262,1.);
#12262 = DIRECTION('',(0.,0.,1.));
#12263 = PLANE('',#12264);
#12264 = AXIS2_PLACEMENT_3D('',#12265,#12266,#12267);
#12265 = CARTESIAN_POINT('',(4.099999959767,-3.299999926239,6.7));
#12266 = DIRECTION('',(1.,0.,0.));
#12267 = DIRECTION('',(-0.,1.,0.));
#12268 = ADVANCED_FACE('',(#12269),#12285,.T.);
#12269 = FACE_BOUND('',#12270,.T.);
#12270 = EDGE_LOOP('',(#12271,#12272,#12278,#12279));
#12271 = ORIENTED_EDGE('',*,*,#12250,.T.);
#12272 = ORIENTED_EDGE('',*,*,#12273,.T.);
#12273 = EDGE_CURVE('',#12243,#12211,#12274,.T.);
#12274 = LINE('',#12275,#12276);
#12275 = CARTESIAN_POINT('',(4.099999959767,-2.,14.5));
#12276 = VECTOR('',#12277,1.);
#12277 = DIRECTION('',(-1.,0.,0.));
#12278 = ORIENTED_EDGE('',*,*,#12210,.T.);
#12279 = ORIENTED_EDGE('',*,*,#12280,.F.);
#12280 = EDGE_CURVE('',#12251,#12203,#12281,.T.);
#12281 = LINE('',#12282,#12283);
#12282 = CARTESIAN_POINT('',(7.099999979883,-3.3,14.5));
#12283 = VECTOR('',#12284,1.);
#12284 = DIRECTION('',(-1.,-4.836113808461E-17,0.));
#12285 = PLANE('',#12286);
#12286 = AXIS2_PLACEMENT_3D('',#12287,#12288,#12289);
#12287 = CARTESIAN_POINT('',(3.599999959767,-2.64999996312,14.5));
#12288 = DIRECTION('',(0.,0.,1.));
#12289 = DIRECTION('',(1.,0.,-0.));
#12290 = ADVANCED_FACE('',(#12291,#12387,#12391),#12395,.F.);
#12291 = FACE_BOUND('',#12292,.T.);
#12292 = EDGE_LOOP('',(#12293,#12294,#12302,#12310,#12318,#12326,#12334,
    #12342,#12348,#12349,#12357,#12365,#12373,#12381));
#12293 = ORIENTED_EDGE('',*,*,#12232,.T.);
#12294 = ORIENTED_EDGE('',*,*,#12295,.F.);
#12295 = EDGE_CURVE('',#12296,#12235,#12298,.T.);
#12296 = VERTEX_POINT('',#12297);
#12297 = CARTESIAN_POINT('',(10.6,-3.3,6.7));
#12298 = LINE('',#12299,#12300);
#12299 = CARTESIAN_POINT('',(-0.878462548614,-3.3,6.7));
#12300 = VECTOR('',#12301,1.);
#12301 = DIRECTION('',(-1.,-4.836113808461E-17,0.));
#12302 = ORIENTED_EDGE('',*,*,#12303,.F.);
#12303 = EDGE_CURVE('',#12304,#12296,#12306,.T.);
#12304 = VERTEX_POINT('',#12305);
#12305 = CARTESIAN_POINT('',(10.6,3.3,6.7));
#12306 = LINE('',#12307,#12308);
#12307 = CARTESIAN_POINT('',(10.6,-3.3,6.7));
#12308 = VECTOR('',#12309,1.);
#12309 = DIRECTION('',(0.,-1.,0.));
#12310 = ORIENTED_EDGE('',*,*,#12311,.F.);
#12311 = EDGE_CURVE('',#12312,#12304,#12314,.T.);
#12312 = VERTEX_POINT('',#12313);
#12313 = CARTESIAN_POINT('',(-0.878462548614,3.3,6.7));
#12314 = LINE('',#12315,#12316);
#12315 = CARTESIAN_POINT('',(10.6,3.3,6.7));
#12316 = VECTOR('',#12317,1.);
#12317 = DIRECTION('',(1.,9.672227616923E-17,0.));
#12318 = ORIENTED_EDGE('',*,*,#12319,.F.);
#12319 = EDGE_CURVE('',#12320,#12312,#12322,.T.);
#12320 = VERTEX_POINT('',#12321);
#12321 = CARTESIAN_POINT('',(-3.4,1.198718790512,6.7));
#12322 = LINE('',#12323,#12324);
#12323 = CARTESIAN_POINT('',(-0.878462548614,3.3,6.7));
#12324 = VECTOR('',#12325,1.);
#12325 = DIRECTION('',(0.768221279597,0.640184399664,0.));
#12326 = ORIENTED_EDGE('',*,*,#12327,.F.);
#12327 = EDGE_CURVE('',#12328,#12320,#12330,.T.);
#12328 = VERTEX_POINT('',#12329);
#12329 = CARTESIAN_POINT('',(-3.4,-1.198718790512,6.7));
#12330 = LINE('',#12331,#12332);
#12331 = CARTESIAN_POINT('',(-3.4,1.198718790512,6.7));
#12332 = VECTOR('',#12333,1.);
#12333 = DIRECTION('',(0.,1.,0.));
#12334 = ORIENTED_EDGE('',*,*,#12335,.F.);
#12335 = EDGE_CURVE('',#12336,#12328,#12338,.T.);
#12336 = VERTEX_POINT('',#12337);
#12337 = CARTESIAN_POINT('',(-0.878462548614,-3.3,6.7));
#12338 = LINE('',#12339,#12340);
#12339 = CARTESIAN_POINT('',(-3.4,-1.198718790512,6.7));
#12340 = VECTOR('',#12341,1.);
#12341 = DIRECTION('',(-0.768221279597,0.640184399664,0.));
#12342 = ORIENTED_EDGE('',*,*,#12343,.F.);
#12343 = EDGE_CURVE('',#12193,#12336,#12344,.T.);
#12344 = LINE('',#12345,#12346);
#12345 = CARTESIAN_POINT('',(-0.878462548614,-3.3,6.7));
#12346 = VECTOR('',#12347,1.);
#12347 = DIRECTION('',(-1.,-4.836113808461E-17,0.));
#12348 = ORIENTED_EDGE('',*,*,#12192,.T.);
#12349 = ORIENTED_EDGE('',*,*,#12350,.T.);
#12350 = EDGE_CURVE('',#12195,#12351,#12353,.T.);
#12351 = VERTEX_POINT('',#12352);
#12352 = CARTESIAN_POINT('',(2.95,-2.,6.7));
#12353 = LINE('',#12354,#12355);
#12354 = CARTESIAN_POINT('',(3.925,-2.,6.7));
#12355 = VECTOR('',#12356,1.);
#12356 = DIRECTION('',(-1.,0.,0.));
#12357 = ORIENTED_EDGE('',*,*,#12358,.T.);
#12358 = EDGE_CURVE('',#12351,#12359,#12361,.T.);
#12359 = VERTEX_POINT('',#12360);
#12360 = CARTESIAN_POINT('',(2.95,2.,6.7));
#12361 = LINE('',#12362,#12363);
#12362 = CARTESIAN_POINT('',(2.95,-1.,6.7));
#12363 = VECTOR('',#12364,1.);
#12364 = DIRECTION('',(0.,1.,0.));
#12365 = ORIENTED_EDGE('',*,*,#12366,.T.);
#12366 = EDGE_CURVE('',#12359,#12367,#12369,.T.);
#12367 = VERTEX_POINT('',#12368);
#12368 = CARTESIAN_POINT('',(4.25,2.,6.7));
#12369 = LINE('',#12370,#12371);
#12370 = CARTESIAN_POINT('',(3.275,2.,6.7));
#12371 = VECTOR('',#12372,1.);
#12372 = DIRECTION('',(1.,0.,0.));
#12373 = ORIENTED_EDGE('',*,*,#12374,.T.);
#12374 = EDGE_CURVE('',#12367,#12375,#12377,.T.);
#12375 = VERTEX_POINT('',#12376);
#12376 = CARTESIAN_POINT('',(4.25,-2.,6.7));
#12377 = LINE('',#12378,#12379);
#12378 = CARTESIAN_POINT('',(4.25,1.,6.7));
#12379 = VECTOR('',#12380,1.);
#12380 = DIRECTION('',(0.,-1.,0.));
#12381 = ORIENTED_EDGE('',*,*,#12382,.T.);
#12382 = EDGE_CURVE('',#12375,#12233,#12383,.T.);
#12383 = LINE('',#12384,#12385);
#12384 = CARTESIAN_POINT('',(3.925,-2.,6.7));
#12385 = VECTOR('',#12386,1.);
#12386 = DIRECTION('',(-1.,0.,0.));
#12387 = FACE_BOUND('',#12388,.T.);
#12388 = EDGE_LOOP('',(#12389,#12390));
#12389 = ORIENTED_EDGE('',*,*,#11245,.T.);
#12390 = ORIENTED_EDGE('',*,*,#11236,.T.);
#12391 = FACE_BOUND('',#12392,.T.);
#12392 = EDGE_LOOP('',(#12393,#12394));
#12393 = ORIENTED_EDGE('',*,*,#11287,.T.);
#12394 = ORIENTED_EDGE('',*,*,#11278,.T.);
#12395 = PLANE('',#12396);
#12396 = AXIS2_PLACEMENT_3D('',#12397,#12398,#12399);
#12397 = CARTESIAN_POINT('',(3.6,0.,6.7));
#12398 = DIRECTION('',(0.,0.,-1.));
#12399 = DIRECTION('',(-1.,0.,0.));
#12400 = ADVANCED_FACE('',(#12401),#12426,.F.);
#12401 = FACE_BOUND('',#12402,.T.);
#12402 = EDGE_LOOP('',(#12403,#12404,#12412,#12420));
#12403 = ORIENTED_EDGE('',*,*,#12366,.F.);
#12404 = ORIENTED_EDGE('',*,*,#12405,.T.);
#12405 = EDGE_CURVE('',#12359,#12406,#12408,.T.);
#12406 = VERTEX_POINT('',#12407);
#12407 = CARTESIAN_POINT('',(2.95,2.,5.7));
#12408 = LINE('',#12409,#12410);
#12409 = CARTESIAN_POINT('',(2.95,2.,6.7));
#12410 = VECTOR('',#12411,1.);
#12411 = DIRECTION('',(0.,0.,-1.));
#12412 = ORIENTED_EDGE('',*,*,#12413,.T.);
#12413 = EDGE_CURVE('',#12406,#12414,#12416,.T.);
#12414 = VERTEX_POINT('',#12415);
#12415 = CARTESIAN_POINT('',(4.25,2.,5.7));
#12416 = LINE('',#12417,#12418);
#12417 = CARTESIAN_POINT('',(4.25,2.,5.7));
#12418 = VECTOR('',#12419,1.);
#12419 = DIRECTION('',(1.,0.,0.));
#12420 = ORIENTED_EDGE('',*,*,#12421,.F.);
#12421 = EDGE_CURVE('',#12367,#12414,#12422,.T.);
#12422 = LINE('',#12423,#12424);
#12423 = CARTESIAN_POINT('',(4.25,2.,6.7));
#12424 = VECTOR('',#12425,1.);
#12425 = DIRECTION('',(0.,0.,-1.));
#12426 = PLANE('',#12427);
#12427 = AXIS2_PLACEMENT_3D('',#12428,#12429,#12430);
#12428 = CARTESIAN_POINT('',(2.95,2.,6.7));
#12429 = DIRECTION('',(0.,1.,0.));
#12430 = DIRECTION('',(1.,0.,0.));
#12431 = ADVANCED_FACE('',(#12432),#12450,.F.);
#12432 = FACE_BOUND('',#12433,.T.);
#12433 = EDGE_LOOP('',(#12434,#12435,#12443,#12449));
#12434 = ORIENTED_EDGE('',*,*,#12358,.F.);
#12435 = ORIENTED_EDGE('',*,*,#12436,.T.);
#12436 = EDGE_CURVE('',#12351,#12437,#12439,.T.);
#12437 = VERTEX_POINT('',#12438);
#12438 = CARTESIAN_POINT('',(2.95,-2.,5.7));
#12439 = LINE('',#12440,#12441);
#12440 = CARTESIAN_POINT('',(2.95,-2.,6.7));
#12441 = VECTOR('',#12442,1.);
#12442 = DIRECTION('',(0.,0.,-1.));
#12443 = ORIENTED_EDGE('',*,*,#12444,.T.);
#12444 = EDGE_CURVE('',#12437,#12406,#12445,.T.);
#12445 = LINE('',#12446,#12447);
#12446 = CARTESIAN_POINT('',(2.95,2.,5.7));
#12447 = VECTOR('',#12448,1.);
#12448 = DIRECTION('',(0.,1.,0.));
#12449 = ORIENTED_EDGE('',*,*,#12405,.F.);
#12450 = PLANE('',#12451);
#12451 = AXIS2_PLACEMENT_3D('',#12452,#12453,#12454);
#12452 = CARTESIAN_POINT('',(2.95,-2.,6.7));
#12453 = DIRECTION('',(-1.,0.,0.));
#12454 = DIRECTION('',(0.,1.,0.));
#12455 = ADVANCED_FACE('',(#12456),#12478,.F.);
#12456 = FACE_BOUND('',#12457,.T.);
#12457 = EDGE_LOOP('',(#12458,#12459,#12467,#12473,#12474,#12475,#12476,
    #12477));
#12458 = ORIENTED_EDGE('',*,*,#12382,.F.);
#12459 = ORIENTED_EDGE('',*,*,#12460,.T.);
#12460 = EDGE_CURVE('',#12375,#12461,#12463,.T.);
#12461 = VERTEX_POINT('',#12462);
#12462 = CARTESIAN_POINT('',(4.25,-2.,5.7));
#12463 = LINE('',#12464,#12465);
#12464 = CARTESIAN_POINT('',(4.25,-2.,6.7));
#12465 = VECTOR('',#12466,1.);
#12466 = DIRECTION('',(0.,0.,-1.));
#12467 = ORIENTED_EDGE('',*,*,#12468,.T.);
#12468 = EDGE_CURVE('',#12461,#12437,#12469,.T.);
#12469 = LINE('',#12470,#12471);
#12470 = CARTESIAN_POINT('',(2.95,-2.,5.7));
#12471 = VECTOR('',#12472,1.);
#12472 = DIRECTION('',(-1.,0.,0.));
#12473 = ORIENTED_EDGE('',*,*,#12436,.F.);
#12474 = ORIENTED_EDGE('',*,*,#12350,.F.);
#12475 = ORIENTED_EDGE('',*,*,#12218,.T.);
#12476 = ORIENTED_EDGE('',*,*,#12273,.F.);
#12477 = ORIENTED_EDGE('',*,*,#12242,.F.);
#12478 = PLANE('',#12479);
#12479 = AXIS2_PLACEMENT_3D('',#12480,#12481,#12482);
#12480 = CARTESIAN_POINT('',(4.25,-2.,6.7));
#12481 = DIRECTION('',(0.,-1.,0.));
#12482 = DIRECTION('',(-1.,0.,0.));
#12483 = ADVANCED_FACE('',(#12484),#12495,.F.);
#12484 = FACE_BOUND('',#12485,.T.);
#12485 = EDGE_LOOP('',(#12486,#12487,#12488,#12494));
#12486 = ORIENTED_EDGE('',*,*,#12374,.F.);
#12487 = ORIENTED_EDGE('',*,*,#12421,.T.);
#12488 = ORIENTED_EDGE('',*,*,#12489,.T.);
#12489 = EDGE_CURVE('',#12414,#12461,#12490,.T.);
#12490 = LINE('',#12491,#12492);
#12491 = CARTESIAN_POINT('',(4.25,-2.,5.7));
#12492 = VECTOR('',#12493,1.);
#12493 = DIRECTION('',(0.,-1.,0.));
#12494 = ORIENTED_EDGE('',*,*,#12460,.F.);
#12495 = PLANE('',#12496);
#12496 = AXIS2_PLACEMENT_3D('',#12497,#12498,#12499);
#12497 = CARTESIAN_POINT('',(4.25,2.,6.7));
#12498 = DIRECTION('',(1.,0.,0.));
#12499 = DIRECTION('',(0.,-1.,0.));
#12500 = ADVANCED_FACE('',(#12501),#12507,.F.);
#12501 = FACE_BOUND('',#12502,.T.);
#12502 = EDGE_LOOP('',(#12503,#12504,#12505,#12506));
#12503 = ORIENTED_EDGE('',*,*,#12489,.F.);
#12504 = ORIENTED_EDGE('',*,*,#12413,.F.);
#12505 = ORIENTED_EDGE('',*,*,#12444,.F.);
#12506 = ORIENTED_EDGE('',*,*,#12468,.F.);
#12507 = PLANE('',#12508);
#12508 = AXIS2_PLACEMENT_3D('',#12509,#12510,#12511);
#12509 = CARTESIAN_POINT('',(3.6,0.,5.7));
#12510 = DIRECTION('',(0.,0.,-1.));
#12511 = DIRECTION('',(-1.,0.,0.));
#12512 = ADVANCED_FACE('',(#12513),#12538,.F.);
#12513 = FACE_BOUND('',#12514,.T.);
#12514 = EDGE_LOOP('',(#12515,#12525,#12531,#12532));
#12515 = ORIENTED_EDGE('',*,*,#12516,.F.);
#12516 = EDGE_CURVE('',#12517,#12519,#12521,.T.);
#12517 = VERTEX_POINT('',#12518);
#12518 = CARTESIAN_POINT('',(-3.4,-1.198718790512,16.));
#12519 = VERTEX_POINT('',#12520);
#12520 = CARTESIAN_POINT('',(-3.4,1.198718790512,16.));
#12521 = LINE('',#12522,#12523);
#12522 = CARTESIAN_POINT('',(-3.4,-0.599359395256,16.));
#12523 = VECTOR('',#12524,1.);
#12524 = DIRECTION('',(0.,1.,0.));
#12525 = ORIENTED_EDGE('',*,*,#12526,.T.);
#12526 = EDGE_CURVE('',#12517,#12328,#12527,.T.);
#12527 = LINE('',#12528,#12529);
#12528 = CARTESIAN_POINT('',(-3.4,-1.198718790512,16.));
#12529 = VECTOR('',#12530,1.);
#12530 = DIRECTION('',(0.,0.,-1.));
#12531 = ORIENTED_EDGE('',*,*,#12327,.T.);
#12532 = ORIENTED_EDGE('',*,*,#12533,.F.);
#12533 = EDGE_CURVE('',#12519,#12320,#12534,.T.);
#12534 = LINE('',#12535,#12536);
#12535 = CARTESIAN_POINT('',(-3.4,1.198718790512,16.));
#12536 = VECTOR('',#12537,1.);
#12537 = DIRECTION('',(0.,0.,-1.));
#12538 = PLANE('',#12539);
#12539 = AXIS2_PLACEMENT_3D('',#12540,#12541,#12542);
#12540 = CARTESIAN_POINT('',(-3.4,-1.198718790512,16.));
#12541 = DIRECTION('',(-1.,0.,0.));
#12542 = DIRECTION('',(0.,1.,0.));
#12543 = ADVANCED_FACE('',(#12544),#12562,.F.);
#12544 = FACE_BOUND('',#12545,.T.);
#12545 = EDGE_LOOP('',(#12546,#12554,#12560,#12561));
#12546 = ORIENTED_EDGE('',*,*,#12547,.F.);
#12547 = EDGE_CURVE('',#12548,#12517,#12550,.T.);
#12548 = VERTEX_POINT('',#12549);
#12549 = CARTESIAN_POINT('',(-0.878462548614,-3.3,16.));
#12550 = LINE('',#12551,#12552);
#12551 = CARTESIAN_POINT('',(-0.368424419515,-3.725031774249,16.));
#12552 = VECTOR('',#12553,1.);
#12553 = DIRECTION('',(-0.768221279597,0.640184399664,0.));
#12554 = ORIENTED_EDGE('',*,*,#12555,.T.);
#12555 = EDGE_CURVE('',#12548,#12336,#12556,.T.);
#12556 = LINE('',#12557,#12558);
#12557 = CARTESIAN_POINT('',(-0.878462548614,-3.3,16.));
#12558 = VECTOR('',#12559,1.);
#12559 = DIRECTION('',(0.,0.,-1.));
#12560 = ORIENTED_EDGE('',*,*,#12335,.T.);
#12561 = ORIENTED_EDGE('',*,*,#12526,.F.);
#12562 = PLANE('',#12563);
#12563 = AXIS2_PLACEMENT_3D('',#12564,#12565,#12566);
#12564 = CARTESIAN_POINT('',(-0.878462548614,-3.3,16.));
#12565 = DIRECTION('',(-0.640184399664,-0.768221279597,0.));
#12566 = DIRECTION('',(-0.768221279597,0.640184399664,0.));
#12567 = ADVANCED_FACE('',(#12568),#12590,.F.);
#12568 = FACE_BOUND('',#12569,.T.);
#12569 = EDGE_LOOP('',(#12570,#12571,#12572,#12573,#12581,#12587,#12588,
    #12589));
#12570 = ORIENTED_EDGE('',*,*,#12202,.T.);
#12571 = ORIENTED_EDGE('',*,*,#12343,.T.);
#12572 = ORIENTED_EDGE('',*,*,#12555,.F.);
#12573 = ORIENTED_EDGE('',*,*,#12574,.F.);
#12574 = EDGE_CURVE('',#12575,#12548,#12577,.T.);
#12575 = VERTEX_POINT('',#12576);
#12576 = CARTESIAN_POINT('',(10.6,-3.3,16.));
#12577 = LINE('',#12578,#12579);
#12578 = CARTESIAN_POINT('',(7.1,-3.3,16.));
#12579 = VECTOR('',#12580,1.);
#12580 = DIRECTION('',(-1.,-4.836113808461E-17,0.));
#12581 = ORIENTED_EDGE('',*,*,#12582,.T.);
#12582 = EDGE_CURVE('',#12575,#12296,#12583,.T.);
#12583 = LINE('',#12584,#12585);
#12584 = CARTESIAN_POINT('',(10.6,-3.3,16.));
#12585 = VECTOR('',#12586,1.);
#12586 = DIRECTION('',(0.,0.,-1.));
#12587 = ORIENTED_EDGE('',*,*,#12295,.T.);
#12588 = ORIENTED_EDGE('',*,*,#12258,.T.);
#12589 = ORIENTED_EDGE('',*,*,#12280,.T.);
#12590 = PLANE('',#12591);
#12591 = AXIS2_PLACEMENT_3D('',#12592,#12593,#12594);
#12592 = CARTESIAN_POINT('',(10.6,-3.3,16.));
#12593 = DIRECTION('',(4.836113808461E-17,-1.,0.));
#12594 = DIRECTION('',(-1.,-4.836113808461E-17,0.));
#12595 = ADVANCED_FACE('',(#12596),#12614,.F.);
#12596 = FACE_BOUND('',#12597,.T.);
#12597 = EDGE_LOOP('',(#12598,#12606,#12612,#12613));
#12598 = ORIENTED_EDGE('',*,*,#12599,.F.);
#12599 = EDGE_CURVE('',#12600,#12575,#12602,.T.);
#12600 = VERTEX_POINT('',#12601);
#12601 = CARTESIAN_POINT('',(10.6,3.3,16.));
#12602 = LINE('',#12603,#12604);
#12603 = CARTESIAN_POINT('',(10.6,1.65,16.));
#12604 = VECTOR('',#12605,1.);
#12605 = DIRECTION('',(0.,-1.,0.));
#12606 = ORIENTED_EDGE('',*,*,#12607,.T.);
#12607 = EDGE_CURVE('',#12600,#12304,#12608,.T.);
#12608 = LINE('',#12609,#12610);
#12609 = CARTESIAN_POINT('',(10.6,3.3,16.));
#12610 = VECTOR('',#12611,1.);
#12611 = DIRECTION('',(0.,0.,-1.));
#12612 = ORIENTED_EDGE('',*,*,#12303,.T.);
#12613 = ORIENTED_EDGE('',*,*,#12582,.F.);
#12614 = PLANE('',#12615);
#12615 = AXIS2_PLACEMENT_3D('',#12616,#12617,#12618);
#12616 = CARTESIAN_POINT('',(10.6,3.3,16.));
#12617 = DIRECTION('',(1.,0.,0.));
#12618 = DIRECTION('',(0.,-1.,0.));
#12619 = ADVANCED_FACE('',(#12620),#12638,.F.);
#12620 = FACE_BOUND('',#12621,.T.);
#12621 = EDGE_LOOP('',(#12622,#12630,#12636,#12637));
#12622 = ORIENTED_EDGE('',*,*,#12623,.F.);
#12623 = EDGE_CURVE('',#12624,#12600,#12626,.T.);
#12624 = VERTEX_POINT('',#12625);
#12625 = CARTESIAN_POINT('',(-0.878462548614,3.3,16.));
#12626 = LINE('',#12627,#12628);
#12627 = CARTESIAN_POINT('',(1.360768725693,3.3,16.));
#12628 = VECTOR('',#12629,1.);
#12629 = DIRECTION('',(1.,9.672227616923E-17,0.));
#12630 = ORIENTED_EDGE('',*,*,#12631,.T.);
#12631 = EDGE_CURVE('',#12624,#12312,#12632,.T.);
#12632 = LINE('',#12633,#12634);
#12633 = CARTESIAN_POINT('',(-0.878462548614,3.3,16.));
#12634 = VECTOR('',#12635,1.);
#12635 = DIRECTION('',(0.,0.,-1.));
#12636 = ORIENTED_EDGE('',*,*,#12311,.T.);
#12637 = ORIENTED_EDGE('',*,*,#12607,.F.);
#12638 = PLANE('',#12639);
#12639 = AXIS2_PLACEMENT_3D('',#12640,#12641,#12642);
#12640 = CARTESIAN_POINT('',(-0.878462548614,3.3,16.));
#12641 = DIRECTION('',(-9.672227616923E-17,1.,0.));
#12642 = DIRECTION('',(1.,9.672227616923E-17,0.));
#12643 = ADVANCED_FACE('',(#12644),#12655,.F.);
#12644 = FACE_BOUND('',#12645,.T.);
#12645 = EDGE_LOOP('',(#12646,#12652,#12653,#12654));
#12646 = ORIENTED_EDGE('',*,*,#12647,.F.);
#12647 = EDGE_CURVE('',#12519,#12624,#12648,.T.);
#12648 = LINE('',#12649,#12650);
#12649 = CARTESIAN_POINT('',(-1.629193145208,2.674391169505,16.));
#12650 = VECTOR('',#12651,1.);
#12651 = DIRECTION('',(0.768221279597,0.640184399664,0.));
#12652 = ORIENTED_EDGE('',*,*,#12533,.T.);
#12653 = ORIENTED_EDGE('',*,*,#12319,.T.);
#12654 = ORIENTED_EDGE('',*,*,#12631,.F.);
#12655 = PLANE('',#12656);
#12656 = AXIS2_PLACEMENT_3D('',#12657,#12658,#12659);
#12657 = CARTESIAN_POINT('',(-3.4,1.198718790512,16.));
#12658 = DIRECTION('',(-0.640184399664,0.768221279597,0.));
#12659 = DIRECTION('',(0.768221279597,0.640184399664,0.));
#12660 = ADVANCED_FACE('',(#12661,#12695),#12701,.T.);
#12661 = FACE_BOUND('',#12662,.T.);
#12662 = EDGE_LOOP('',(#12663,#12673,#12681,#12689));
#12663 = ORIENTED_EDGE('',*,*,#12664,.F.);
#12664 = EDGE_CURVE('',#12665,#12667,#12669,.T.);
#12665 = VERTEX_POINT('',#12666);
#12666 = CARTESIAN_POINT('',(11.35,-4.05,0.));
#12667 = VERTEX_POINT('',#12668);
#12668 = CARTESIAN_POINT('',(-1.15,-4.05,0.));
#12669 = LINE('',#12670,#12671);
#12670 = CARTESIAN_POINT('',(11.35,-4.05,0.));
#12671 = VECTOR('',#12672,1.);
#12672 = DIRECTION('',(-1.,0.,0.));
#12673 = ORIENTED_EDGE('',*,*,#12674,.T.);
#12674 = EDGE_CURVE('',#12665,#12675,#12677,.T.);
#12675 = VERTEX_POINT('',#12676);
#12676 = CARTESIAN_POINT('',(11.35,-4.05,16.));
#12677 = LINE('',#12678,#12679);
#12678 = CARTESIAN_POINT('',(11.35,-4.05,0.));
#12679 = VECTOR('',#12680,1.);
#12680 = DIRECTION('',(0.,0.,1.));
#12681 = ORIENTED_EDGE('',*,*,#12682,.F.);
#12682 = EDGE_CURVE('',#12683,#12675,#12685,.T.);
#12683 = VERTEX_POINT('',#12684);
#12684 = CARTESIAN_POINT('',(-1.15,-4.05,16.));
#12685 = LINE('',#12686,#12687);
#12686 = CARTESIAN_POINT('',(11.35,-4.05,16.));
#12687 = VECTOR('',#12688,1.);
#12688 = DIRECTION('',(1.,0.,0.));
#12689 = ORIENTED_EDGE('',*,*,#12690,.F.);
#12690 = EDGE_CURVE('',#12667,#12683,#12691,.T.);
#12691 = LINE('',#12692,#12693);
#12692 = CARTESIAN_POINT('',(-1.15,-4.05,0.));
#12693 = VECTOR('',#12694,1.);
#12694 = DIRECTION('',(0.,0.,1.));
#12695 = FACE_BOUND('',#12696,.T.);
#12696 = EDGE_LOOP('',(#12697,#12698,#12699,#12700));
#12697 = ORIENTED_EDGE('',*,*,#11302,.T.);
#12698 = ORIENTED_EDGE('',*,*,#11404,.T.);
#12699 = ORIENTED_EDGE('',*,*,#11373,.T.);
#12700 = ORIENTED_EDGE('',*,*,#11342,.T.);
#12701 = PLANE('',#12702);
#12702 = AXIS2_PLACEMENT_3D('',#12703,#12704,#12705);
#12703 = CARTESIAN_POINT('',(-1.15,-4.05,0.));
#12704 = DIRECTION('',(0.,-1.,0.));
#12705 = DIRECTION('',(1.,0.,0.));
#12706 = ADVANCED_FACE('',(#12707),#12732,.T.);
#12707 = FACE_BOUND('',#12708,.T.);
#12708 = EDGE_LOOP('',(#12709,#12717,#12718,#12726));
#12709 = ORIENTED_EDGE('',*,*,#12710,.F.);
#12710 = EDGE_CURVE('',#12667,#12711,#12713,.T.);
#12711 = VERTEX_POINT('',#12712);
#12712 = CARTESIAN_POINT('',(-4.15,-1.55,0.));
#12713 = LINE('',#12714,#12715);
#12714 = CARTESIAN_POINT('',(-1.15,-4.05,0.));
#12715 = VECTOR('',#12716,1.);
#12716 = DIRECTION('',(-0.768221279597,0.640184399664,0.));
#12717 = ORIENTED_EDGE('',*,*,#12690,.T.);
#12718 = ORIENTED_EDGE('',*,*,#12719,.F.);
#12719 = EDGE_CURVE('',#12720,#12683,#12722,.T.);
#12720 = VERTEX_POINT('',#12721);
#12721 = CARTESIAN_POINT('',(-4.15,-1.55,16.));
#12722 = LINE('',#12723,#12724);
#12723 = CARTESIAN_POINT('',(-1.15,-4.05,16.));
#12724 = VECTOR('',#12725,1.);
#12725 = DIRECTION('',(0.768221279597,-0.640184399664,0.));
#12726 = ORIENTED_EDGE('',*,*,#12727,.F.);
#12727 = EDGE_CURVE('',#12711,#12720,#12728,.T.);
#12728 = LINE('',#12729,#12730);
#12729 = CARTESIAN_POINT('',(-4.15,-1.55,0.));
#12730 = VECTOR('',#12731,1.);
#12731 = DIRECTION('',(0.,0.,1.));
#12732 = PLANE('',#12733);
#12733 = AXIS2_PLACEMENT_3D('',#12734,#12735,#12736);
#12734 = CARTESIAN_POINT('',(-4.15,-1.55,0.));
#12735 = DIRECTION('',(-0.640184399664,-0.768221279597,0.));
#12736 = DIRECTION('',(0.768221279597,-0.640184399664,0.));
#12737 = ADVANCED_FACE('',(#12738,#12763),#12769,.T.);
#12738 = FACE_BOUND('',#12739,.T.);
#12739 = EDGE_LOOP('',(#12740,#12748,#12749,#12757));
#12740 = ORIENTED_EDGE('',*,*,#12741,.T.);
#12741 = EDGE_CURVE('',#12742,#12711,#12744,.T.);
#12742 = VERTEX_POINT('',#12743);
#12743 = CARTESIAN_POINT('',(-4.15,1.55,0.));
#12744 = LINE('',#12745,#12746);
#12745 = CARTESIAN_POINT('',(-4.15,1.55,0.));
#12746 = VECTOR('',#12747,1.);
#12747 = DIRECTION('',(0.,-1.,0.));
#12748 = ORIENTED_EDGE('',*,*,#12727,.T.);
#12749 = ORIENTED_EDGE('',*,*,#12750,.F.);
#12750 = EDGE_CURVE('',#12751,#12720,#12753,.T.);
#12751 = VERTEX_POINT('',#12752);
#12752 = CARTESIAN_POINT('',(-4.15,1.55,16.));
#12753 = LINE('',#12754,#12755);
#12754 = CARTESIAN_POINT('',(-4.15,1.55,16.));
#12755 = VECTOR('',#12756,1.);
#12756 = DIRECTION('',(0.,-1.,0.));
#12757 = ORIENTED_EDGE('',*,*,#12758,.F.);
#12758 = EDGE_CURVE('',#12742,#12751,#12759,.T.);
#12759 = LINE('',#12760,#12761);
#12760 = CARTESIAN_POINT('',(-4.15,1.55,0.));
#12761 = VECTOR('',#12762,1.);
#12762 = DIRECTION('',(0.,0.,1.));
#12763 = FACE_BOUND('',#12764,.T.);
#12764 = EDGE_LOOP('',(#12765,#12766,#12767,#12768));
#12765 = ORIENTED_EDGE('',*,*,#11574,.T.);
#12766 = ORIENTED_EDGE('',*,*,#11614,.T.);
#12767 = ORIENTED_EDGE('',*,*,#11645,.T.);
#12768 = ORIENTED_EDGE('',*,*,#11676,.T.);
#12769 = PLANE('',#12770);
#12770 = AXIS2_PLACEMENT_3D('',#12771,#12772,#12773);
#12771 = CARTESIAN_POINT('',(-4.15,1.55,0.));
#12772 = DIRECTION('',(-1.,0.,0.));
#12773 = DIRECTION('',(0.,-1.,0.));
#12774 = ADVANCED_FACE('',(#12775),#12800,.T.);
#12775 = FACE_BOUND('',#12776,.T.);
#12776 = EDGE_LOOP('',(#12777,#12785,#12786,#12794));
#12777 = ORIENTED_EDGE('',*,*,#12778,.T.);
#12778 = EDGE_CURVE('',#12779,#12742,#12781,.T.);
#12779 = VERTEX_POINT('',#12780);
#12780 = CARTESIAN_POINT('',(-1.15,4.05,0.));
#12781 = LINE('',#12782,#12783);
#12782 = CARTESIAN_POINT('',(-1.15,4.05,0.));
#12783 = VECTOR('',#12784,1.);
#12784 = DIRECTION('',(-0.768221279597,-0.640184399664,0.));
#12785 = ORIENTED_EDGE('',*,*,#12758,.T.);
#12786 = ORIENTED_EDGE('',*,*,#12787,.F.);
#12787 = EDGE_CURVE('',#12788,#12751,#12790,.T.);
#12788 = VERTEX_POINT('',#12789);
#12789 = CARTESIAN_POINT('',(-1.15,4.05,16.));
#12790 = LINE('',#12791,#12792);
#12791 = CARTESIAN_POINT('',(-1.15,4.05,16.));
#12792 = VECTOR('',#12793,1.);
#12793 = DIRECTION('',(-0.768221279597,-0.640184399664,0.));
#12794 = ORIENTED_EDGE('',*,*,#12795,.F.);
#12795 = EDGE_CURVE('',#12779,#12788,#12796,.T.);
#12796 = LINE('',#12797,#12798);
#12797 = CARTESIAN_POINT('',(-1.15,4.05,0.));
#12798 = VECTOR('',#12799,1.);
#12799 = DIRECTION('',(0.,0.,1.));
#12800 = PLANE('',#12801);
#12801 = AXIS2_PLACEMENT_3D('',#12802,#12803,#12804);
#12802 = CARTESIAN_POINT('',(-1.15,4.05,0.));
#12803 = DIRECTION('',(-0.640184399664,0.768221279597,0.));
#12804 = DIRECTION('',(-0.768221279597,-0.640184399664,0.));
#12805 = ADVANCED_FACE('',(#12806,#12831),#12837,.T.);
#12806 = FACE_BOUND('',#12807,.T.);
#12807 = EDGE_LOOP('',(#12808,#12816,#12817,#12825));
#12808 = ORIENTED_EDGE('',*,*,#12809,.T.);
#12809 = EDGE_CURVE('',#12810,#12779,#12812,.T.);
#12810 = VERTEX_POINT('',#12811);
#12811 = CARTESIAN_POINT('',(11.35,4.05,0.));
#12812 = LINE('',#12813,#12814);
#12813 = CARTESIAN_POINT('',(11.35,4.05,0.));
#12814 = VECTOR('',#12815,1.);
#12815 = DIRECTION('',(-1.,0.,0.));
#12816 = ORIENTED_EDGE('',*,*,#12795,.T.);
#12817 = ORIENTED_EDGE('',*,*,#12818,.F.);
#12818 = EDGE_CURVE('',#12819,#12788,#12821,.T.);
#12819 = VERTEX_POINT('',#12820);
#12820 = CARTESIAN_POINT('',(11.35,4.05,16.));
#12821 = LINE('',#12822,#12823);
#12822 = CARTESIAN_POINT('',(11.35,4.05,16.));
#12823 = VECTOR('',#12824,1.);
#12824 = DIRECTION('',(-1.,0.,0.));
#12825 = ORIENTED_EDGE('',*,*,#12826,.F.);
#12826 = EDGE_CURVE('',#12810,#12819,#12827,.T.);
#12827 = LINE('',#12828,#12829);
#12828 = CARTESIAN_POINT('',(11.35,4.05,0.));
#12829 = VECTOR('',#12830,1.);
#12830 = DIRECTION('',(0.,0.,1.));
#12831 = FACE_BOUND('',#12832,.T.);
#12832 = EDGE_LOOP('',(#12833,#12834,#12835,#12836));
#12833 = ORIENTED_EDGE('',*,*,#11438,.T.);
#12834 = ORIENTED_EDGE('',*,*,#11540,.T.);
#12835 = ORIENTED_EDGE('',*,*,#11509,.T.);
#12836 = ORIENTED_EDGE('',*,*,#11478,.T.);
#12837 = PLANE('',#12838);
#12838 = AXIS2_PLACEMENT_3D('',#12839,#12840,#12841);
#12839 = CARTESIAN_POINT('',(11.35,4.05,0.));
#12840 = DIRECTION('',(0.,1.,0.));
#12841 = DIRECTION('',(-1.,0.,0.));
#12842 = ADVANCED_FACE('',(#12843,#12859),#12873,.T.);
#12843 = FACE_BOUND('',#12844,.T.);
#12844 = EDGE_LOOP('',(#12845,#12851,#12852,#12858));
#12845 = ORIENTED_EDGE('',*,*,#12846,.T.);
#12846 = EDGE_CURVE('',#12665,#12810,#12847,.T.);
#12847 = LINE('',#12848,#12849);
#12848 = CARTESIAN_POINT('',(11.35,-4.05,0.));
#12849 = VECTOR('',#12850,1.);
#12850 = DIRECTION('',(0.,1.,0.));
#12851 = ORIENTED_EDGE('',*,*,#12826,.T.);
#12852 = ORIENTED_EDGE('',*,*,#12853,.F.);
#12853 = EDGE_CURVE('',#12675,#12819,#12854,.T.);
#12854 = LINE('',#12855,#12856);
#12855 = CARTESIAN_POINT('',(11.35,-4.05,16.));
#12856 = VECTOR('',#12857,1.);
#12857 = DIRECTION('',(0.,1.,0.));
#12858 = ORIENTED_EDGE('',*,*,#12674,.F.);
#12859 = FACE_BOUND('',#12860,.T.);
#12860 = EDGE_LOOP('',(#12861,#12862,#12863,#12864,#12865,#12866,#12867,
    #12868,#12869,#12870,#12871,#12872));
#12861 = ORIENTED_EDGE('',*,*,#11710,.T.);
#12862 = ORIENTED_EDGE('',*,*,#11750,.T.);
#12863 = ORIENTED_EDGE('',*,*,#11781,.T.);
#12864 = ORIENTED_EDGE('',*,*,#11812,.T.);
#12865 = ORIENTED_EDGE('',*,*,#11843,.T.);
#12866 = ORIENTED_EDGE('',*,*,#11874,.T.);
#12867 = ORIENTED_EDGE('',*,*,#11905,.T.);
#12868 = ORIENTED_EDGE('',*,*,#11936,.T.);
#12869 = ORIENTED_EDGE('',*,*,#11967,.T.);
#12870 = ORIENTED_EDGE('',*,*,#11998,.T.);
#12871 = ORIENTED_EDGE('',*,*,#12029,.T.);
#12872 = ORIENTED_EDGE('',*,*,#12060,.T.);
#12873 = PLANE('',#12874);
#12874 = AXIS2_PLACEMENT_3D('',#12875,#12876,#12877);
#12875 = CARTESIAN_POINT('',(11.35,-4.05,0.));
#12876 = DIRECTION('',(1.,0.,0.));
#12877 = DIRECTION('',(-0.,1.,0.));
#12878 = ADVANCED_FACE('',(#12879,#12887),#12895,.T.);
#12879 = FACE_BOUND('',#12880,.T.);
#12880 = EDGE_LOOP('',(#12881,#12882,#12883,#12884,#12885,#12886));
#12881 = ORIENTED_EDGE('',*,*,#12853,.T.);
#12882 = ORIENTED_EDGE('',*,*,#12818,.T.);
#12883 = ORIENTED_EDGE('',*,*,#12787,.T.);
#12884 = ORIENTED_EDGE('',*,*,#12750,.T.);
#12885 = ORIENTED_EDGE('',*,*,#12719,.T.);
#12886 = ORIENTED_EDGE('',*,*,#12682,.T.);
#12887 = FACE_BOUND('',#12888,.T.);
#12888 = EDGE_LOOP('',(#12889,#12890,#12891,#12892,#12893,#12894));
#12889 = ORIENTED_EDGE('',*,*,#12516,.T.);
#12890 = ORIENTED_EDGE('',*,*,#12647,.T.);
#12891 = ORIENTED_EDGE('',*,*,#12623,.T.);
#12892 = ORIENTED_EDGE('',*,*,#12599,.T.);
#12893 = ORIENTED_EDGE('',*,*,#12574,.T.);
#12894 = ORIENTED_EDGE('',*,*,#12547,.T.);
#12895 = PLANE('',#12896);
#12896 = AXIS2_PLACEMENT_3D('',#12897,#12898,#12899);
#12897 = CARTESIAN_POINT('',(3.6,0.,16.));
#12898 = DIRECTION('',(0.,0.,1.));
#12899 = DIRECTION('',(1.,0.,-0.));
#12900 = ADVANCED_FACE('',(#12901,#12909,#12912),#12915,.F.);
#12901 = FACE_BOUND('',#12902,.T.);
#12902 = EDGE_LOOP('',(#12903,#12904,#12905,#12906,#12907,#12908));
#12903 = ORIENTED_EDGE('',*,*,#12846,.F.);
#12904 = ORIENTED_EDGE('',*,*,#12664,.T.);
#12905 = ORIENTED_EDGE('',*,*,#12710,.T.);
#12906 = ORIENTED_EDGE('',*,*,#12741,.F.);
#12907 = ORIENTED_EDGE('',*,*,#12778,.F.);
#12908 = ORIENTED_EDGE('',*,*,#12809,.F.);
#12909 = FACE_BOUND('',#12910,.T.);
#12910 = EDGE_LOOP('',(#12911));
#12911 = ORIENTED_EDGE('',*,*,#12120,.T.);
#12912 = FACE_BOUND('',#12913,.T.);
#12913 = EDGE_LOOP('',(#12914));
#12914 = ORIENTED_EDGE('',*,*,#12165,.T.);
#12915 = PLANE('',#12916);
#12916 = AXIS2_PLACEMENT_3D('',#12917,#12918,#12919);
#12917 = CARTESIAN_POINT('',(3.6,0.,0.));
#12918 = DIRECTION('',(0.,0.,1.));
#12919 = DIRECTION('',(1.,0.,-0.));
#12920 = ( GEOMETRIC_REPRESENTATION_CONTEXT(3) 
GLOBAL_UNCERTAINTY_ASSIGNED_CONTEXT((#12924)) 
GLOBAL_UNIT_ASSIGNED_CONTEXT((#12921,#12922,#12923)) 
REPRESENTATION_CONTEXT('Context #1',
  '3D Context with UNIT and UNCERTAINTY') );
#12921 = ( LENGTH_UNIT() NAMED_UNIT(*) SI_UNIT(.MILLI.,.METRE.) );
#12922 = ( NAMED_UNIT(*) PLANE_ANGLE_UNIT() SI_UNIT($,.RADIAN.) );
#12923 = ( NAMED_UNIT(*) SI_UNIT($,.STERADIAN.) SOLID_ANGLE_UNIT() );
#12924 = UNCERTAINTY_MEASURE_WITH_UNIT(LENGTH_MEASURE(1.E-04),#12921,
  'distance_accuracy_value','confusion accuracy');
#12925 = CONTEXT_DEPENDENT_SHAPE_REPRESENTATION(#12926,#12928);
#12926 = ( REPRESENTATION_RELATIONSHIP('','',#9007,#10) 
REPRESENTATION_RELATIONSHIP_WITH_TRANSFORMATION(#12927) 
SHAPE_REPRESENTATION_RELATIONSHIP() );
#12927 = ITEM_DEFINED_TRANSFORMATION('','',#11,#35);
#12928 = PRODUCT_DEFINITION_SHAPE('Placement','Placement of an item',
  #12929);
#12929 = NEXT_ASSEMBLY_USAGE_OCCURRENCE('6','J_PWR_IN1','',#5,#9002,$);
#12930 = PRODUCT_RELATED_PRODUCT_CATEGORY('part',$,(#9004));
#12931 = CONTEXT_DEPENDENT_SHAPE_REPRESENTATION(#12932,#12934);
#12932 = ( REPRESENTATION_RELATIONSHIP('','',#60,#10) 
REPRESENTATION_RELATIONSHIP_WITH_TRANSFORMATION(#12933) 
SHAPE_REPRESENTATION_RELATIONSHIP() );
#12933 = ITEM_DEFINED_TRANSFORMATION('','',#11,#39);
#12934 = PRODUCT_DEFINITION_SHAPE('Placement','Placement of an item',
  #12935);
#12935 = NEXT_ASSEMBLY_USAGE_OCCURRENCE('7','M2','',#5,#55,$);
#12936 = SHAPE_DEFINITION_REPRESENTATION(#12937,#12943);
#12937 = PRODUCT_DEFINITION_SHAPE('','',#12938);
#12938 = PRODUCT_DEFINITION('design','',#12939,#12942);
#12939 = PRODUCT_DEFINITION_FORMATION('','',#12940);
#12940 = PRODUCT('motor_can_power_hub_rev_a_PCB',
  'motor_can_power_hub_rev_a_PCB','',(#12941));
#12941 = PRODUCT_CONTEXT('',#2,'mechanical');
#12942 = PRODUCT_DEFINITION_CONTEXT('part definition',#2,'design');
#12943 = ADVANCED_BREP_SHAPE_REPRESENTATION('',(#11,#12944),#14934);
#12944 = MANIFOLD_SOLID_BREP('',#12945);
#12945 = CLOSED_SHELL('',(#12946,#12986,#13017,#13048,#13577,#14106,
    #14118,#14135,#14152,#14169,#14186,#14203,#14220,#14237,#14254,
    #14271,#14288,#14305,#14322,#14339,#14356,#14373,#14390,#14407,
    #14424,#14441,#14458,#14475,#14492,#14509,#14526,#14543,#14560,
    #14577,#14594,#14611,#14628,#14650,#14667,#14684,#14696,#14713,
    #14730,#14747,#14764,#14781,#14798,#14815,#14832,#14849,#14871,
    #14888,#14905,#14917));
#12946 = ADVANCED_FACE('',(#12947),#12981,.T.);
#12947 = FACE_BOUND('',#12948,.T.);
#12948 = EDGE_LOOP('',(#12949,#12959,#12967,#12975));
#12949 = ORIENTED_EDGE('',*,*,#12950,.T.);
#12950 = EDGE_CURVE('',#12951,#12953,#12955,.T.);
#12951 = VERTEX_POINT('',#12952);
#12952 = CARTESIAN_POINT('',(21.5,-10.,0.));
#12953 = VERTEX_POINT('',#12954);
#12954 = CARTESIAN_POINT('',(21.5,-10.,1.51));
#12955 = LINE('',#12956,#12957);
#12956 = CARTESIAN_POINT('',(21.5,-10.,0.));
#12957 = VECTOR('',#12958,1.);
#12958 = DIRECTION('',(0.,0.,1.));
#12959 = ORIENTED_EDGE('',*,*,#12960,.T.);
#12960 = EDGE_CURVE('',#12953,#12961,#12963,.T.);
#12961 = VERTEX_POINT('',#12962);
#12962 = CARTESIAN_POINT('',(-21.5,-10.,1.51));
#12963 = LINE('',#12964,#12965);
#12964 = CARTESIAN_POINT('',(21.5,-10.,1.51));
#12965 = VECTOR('',#12966,1.);
#12966 = DIRECTION('',(-1.,0.,0.));
#12967 = ORIENTED_EDGE('',*,*,#12968,.F.);
#12968 = EDGE_CURVE('',#12969,#12961,#12971,.T.);
#12969 = VERTEX_POINT('',#12970);
#12970 = CARTESIAN_POINT('',(-21.5,-10.,0.));
#12971 = LINE('',#12972,#12973);
#12972 = CARTESIAN_POINT('',(-21.5,-10.,0.));
#12973 = VECTOR('',#12974,1.);
#12974 = DIRECTION('',(0.,0.,1.));
#12975 = ORIENTED_EDGE('',*,*,#12976,.F.);
#12976 = EDGE_CURVE('',#12951,#12969,#12977,.T.);
#12977 = LINE('',#12978,#12979);
#12978 = CARTESIAN_POINT('',(21.5,-10.,0.));
#12979 = VECTOR('',#12980,1.);
#12980 = DIRECTION('',(-1.,0.,0.));
#12981 = PLANE('',#12982);
#12982 = AXIS2_PLACEMENT_3D('',#12983,#12984,#12985);
#12983 = CARTESIAN_POINT('',(21.5,-10.,0.));
#12984 = DIRECTION('',(0.,-1.,0.));
#12985 = DIRECTION('',(-1.,0.,0.));
#12986 = ADVANCED_FACE('',(#12987),#13012,.T.);
#12987 = FACE_BOUND('',#12988,.T.);
#12988 = EDGE_LOOP('',(#12989,#12999,#13005,#13006));
#12989 = ORIENTED_EDGE('',*,*,#12990,.T.);
#12990 = EDGE_CURVE('',#12991,#12993,#12995,.T.);
#12991 = VERTEX_POINT('',#12992);
#12992 = CARTESIAN_POINT('',(21.5,10.,0.));
#12993 = VERTEX_POINT('',#12994);
#12994 = CARTESIAN_POINT('',(21.5,10.,1.51));
#12995 = LINE('',#12996,#12997);
#12996 = CARTESIAN_POINT('',(21.5,10.,0.));
#12997 = VECTOR('',#12998,1.);
#12998 = DIRECTION('',(0.,0.,1.));
#12999 = ORIENTED_EDGE('',*,*,#13000,.T.);
#13000 = EDGE_CURVE('',#12993,#12953,#13001,.T.);
#13001 = LINE('',#13002,#13003);
#13002 = CARTESIAN_POINT('',(21.5,10.,1.51));
#13003 = VECTOR('',#13004,1.);
#13004 = DIRECTION('',(0.,-1.,0.));
#13005 = ORIENTED_EDGE('',*,*,#12950,.F.);
#13006 = ORIENTED_EDGE('',*,*,#13007,.F.);
#13007 = EDGE_CURVE('',#12991,#12951,#13008,.T.);
#13008 = LINE('',#13009,#13010);
#13009 = CARTESIAN_POINT('',(21.5,10.,0.));
#13010 = VECTOR('',#13011,1.);
#13011 = DIRECTION('',(0.,-1.,0.));
#13012 = PLANE('',#13013);
#13013 = AXIS2_PLACEMENT_3D('',#13014,#13015,#13016);
#13014 = CARTESIAN_POINT('',(21.5,10.,0.));
#13015 = DIRECTION('',(1.,0.,-0.));
#13016 = DIRECTION('',(0.,-1.,0.));
#13017 = ADVANCED_FACE('',(#13018),#13043,.T.);
#13018 = FACE_BOUND('',#13019,.T.);
#13019 = EDGE_LOOP('',(#13020,#13021,#13029,#13037));
#13020 = ORIENTED_EDGE('',*,*,#12968,.T.);
#13021 = ORIENTED_EDGE('',*,*,#13022,.T.);
#13022 = EDGE_CURVE('',#12961,#13023,#13025,.T.);
#13023 = VERTEX_POINT('',#13024);
#13024 = CARTESIAN_POINT('',(-21.5,10.,1.51));
#13025 = LINE('',#13026,#13027);
#13026 = CARTESIAN_POINT('',(-21.5,-10.,1.51));
#13027 = VECTOR('',#13028,1.);
#13028 = DIRECTION('',(0.,1.,0.));
#13029 = ORIENTED_EDGE('',*,*,#13030,.F.);
#13030 = EDGE_CURVE('',#13031,#13023,#13033,.T.);
#13031 = VERTEX_POINT('',#13032);
#13032 = CARTESIAN_POINT('',(-21.5,10.,0.));
#13033 = LINE('',#13034,#13035);
#13034 = CARTESIAN_POINT('',(-21.5,10.,0.));
#13035 = VECTOR('',#13036,1.);
#13036 = DIRECTION('',(0.,0.,1.));
#13037 = ORIENTED_EDGE('',*,*,#13038,.F.);
#13038 = EDGE_CURVE('',#12969,#13031,#13039,.T.);
#13039 = LINE('',#13040,#13041);
#13040 = CARTESIAN_POINT('',(-21.5,-10.,0.));
#13041 = VECTOR('',#13042,1.);
#13042 = DIRECTION('',(0.,1.,0.));
#13043 = PLANE('',#13044);
#13044 = AXIS2_PLACEMENT_3D('',#13045,#13046,#13047);
#13045 = CARTESIAN_POINT('',(-21.5,-10.,0.));
#13046 = DIRECTION('',(-1.,0.,0.));
#13047 = DIRECTION('',(0.,1.,0.));
#13048 = ADVANCED_FACE('',(#13049,#13060,#13071,#13082,#13093,#13104,
    #13115,#13126,#13137,#13148,#13159,#13170,#13181,#13192,#13203,
    #13214,#13225,#13236,#13247,#13258,#13269,#13280,#13291,#13302,
    #13313,#13324,#13335,#13346,#13357,#13368,#13379,#13390,#13426,
    #13437,#13448,#13459,#13470,#13481,#13492,#13503,#13514,#13525,
    #13561),#13572,.F.);
#13049 = FACE_BOUND('',#13050,.F.);
#13050 = EDGE_LOOP('',(#13051,#13052,#13053,#13059));
#13051 = ORIENTED_EDGE('',*,*,#12976,.F.);
#13052 = ORIENTED_EDGE('',*,*,#13007,.F.);
#13053 = ORIENTED_EDGE('',*,*,#13054,.F.);
#13054 = EDGE_CURVE('',#13031,#12991,#13055,.T.);
#13055 = LINE('',#13056,#13057);
#13056 = CARTESIAN_POINT('',(-21.5,10.,0.));
#13057 = VECTOR('',#13058,1.);
#13058 = DIRECTION('',(1.,0.,0.));
#13059 = ORIENTED_EDGE('',*,*,#13038,.F.);
#13060 = FACE_BOUND('',#13061,.F.);
#13061 = EDGE_LOOP('',(#13062));
#13062 = ORIENTED_EDGE('',*,*,#13063,.T.);
#13063 = EDGE_CURVE('',#13064,#13064,#13066,.T.);
#13064 = VERTEX_POINT('',#13065);
#13065 = CARTESIAN_POINT('',(-19.2,-8.065,0.));
#13066 = CIRCLE('',#13067,0.365);
#13067 = AXIS2_PLACEMENT_3D('',#13068,#13069,#13070);
#13068 = CARTESIAN_POINT('',(-19.2,-7.7,0.));
#13069 = DIRECTION('',(-0.,0.,-1.));
#13070 = DIRECTION('',(9.7334621337E-15,-1.,-0.));
#13071 = FACE_BOUND('',#13072,.F.);
#13072 = EDGE_LOOP('',(#13073));
#13073 = ORIENTED_EDGE('',*,*,#13074,.T.);
#13074 = EDGE_CURVE('',#13075,#13075,#13077,.T.);
#13075 = VERTEX_POINT('',#13076);
#13076 = CARTESIAN_POINT('',(-14.6,-8.065,0.));
#13077 = CIRCLE('',#13078,0.365);
#13078 = AXIS2_PLACEMENT_3D('',#13079,#13080,#13081);
#13079 = CARTESIAN_POINT('',(-14.6,-7.7,0.));
#13080 = DIRECTION('',(-0.,0.,-1.));
#13081 = DIRECTION('',(-0.,-1.,0.));
#13082 = FACE_BOUND('',#13083,.F.);
#13083 = EDGE_LOOP('',(#13084));
#13084 = ORIENTED_EDGE('',*,*,#13085,.T.);
#13085 = EDGE_CURVE('',#13086,#13086,#13088,.T.);
#13086 = VERTEX_POINT('',#13087);
#13087 = CARTESIAN_POINT('',(-10.,-8.065,0.));
#13088 = CIRCLE('',#13089,0.365);
#13089 = AXIS2_PLACEMENT_3D('',#13090,#13091,#13092);
#13090 = CARTESIAN_POINT('',(-10.,-7.7,0.));
#13091 = DIRECTION('',(-0.,0.,-1.));
#13092 = DIRECTION('',(-0.,-1.,0.));
#13093 = FACE_BOUND('',#13094,.F.);
#13094 = EDGE_LOOP('',(#13095));
#13095 = ORIENTED_EDGE('',*,*,#13096,.T.);
#13096 = EDGE_CURVE('',#13097,#13097,#13099,.T.);
#13097 = VERTEX_POINT('',#13098);
#13098 = CARTESIAN_POINT('',(-19.2,-6.565,0.));
#13099 = CIRCLE('',#13100,0.365);
#13100 = AXIS2_PLACEMENT_3D('',#13101,#13102,#13103);
#13101 = CARTESIAN_POINT('',(-19.2,-6.2,0.));
#13102 = DIRECTION('',(-0.,0.,-1.));
#13103 = DIRECTION('',(9.7334621337E-15,-1.,-0.));
#13104 = FACE_BOUND('',#13105,.F.);
#13105 = EDGE_LOOP('',(#13106));
#13106 = ORIENTED_EDGE('',*,*,#13107,.T.);
#13107 = EDGE_CURVE('',#13108,#13108,#13110,.T.);
#13108 = VERTEX_POINT('',#13109);
#13109 = CARTESIAN_POINT('',(-14.6,-6.565,0.));
#13110 = CIRCLE('',#13111,0.365);
#13111 = AXIS2_PLACEMENT_3D('',#13112,#13113,#13114);
#13112 = CARTESIAN_POINT('',(-14.6,-6.2,0.));
#13113 = DIRECTION('',(-0.,0.,-1.));
#13114 = DIRECTION('',(-0.,-1.,0.));
#13115 = FACE_BOUND('',#13116,.F.);
#13116 = EDGE_LOOP('',(#13117));
#13117 = ORIENTED_EDGE('',*,*,#13118,.T.);
#13118 = EDGE_CURVE('',#13119,#13119,#13121,.T.);
#13119 = VERTEX_POINT('',#13120);
#13120 = CARTESIAN_POINT('',(-19.2,-5.065,0.));
#13121 = CIRCLE('',#13122,0.365);
#13122 = AXIS2_PLACEMENT_3D('',#13123,#13124,#13125);
#13123 = CARTESIAN_POINT('',(-19.2,-4.7,0.));
#13124 = DIRECTION('',(-0.,0.,-1.));
#13125 = DIRECTION('',(9.7334621337E-15,-1.,-0.));
#13126 = FACE_BOUND('',#13127,.F.);
#13127 = EDGE_LOOP('',(#13128));
#13128 = ORIENTED_EDGE('',*,*,#13129,.T.);
#13129 = EDGE_CURVE('',#13130,#13130,#13132,.T.);
#13130 = VERTEX_POINT('',#13131);
#13131 = CARTESIAN_POINT('',(-14.6,-5.065,0.));
#13132 = CIRCLE('',#13133,0.365);
#13133 = AXIS2_PLACEMENT_3D('',#13134,#13135,#13136);
#13134 = CARTESIAN_POINT('',(-14.6,-4.7,0.));
#13135 = DIRECTION('',(-0.,0.,-1.));
#13136 = DIRECTION('',(-0.,-1.,0.));
#13137 = FACE_BOUND('',#13138,.F.);
#13138 = EDGE_LOOP('',(#13139));
#13139 = ORIENTED_EDGE('',*,*,#13140,.T.);
#13140 = EDGE_CURVE('',#13141,#13141,#13143,.T.);
#13141 = VERTEX_POINT('',#13142);
#13142 = CARTESIAN_POINT('',(-10.,-6.565,0.));
#13143 = CIRCLE('',#13144,0.365);
#13144 = AXIS2_PLACEMENT_3D('',#13145,#13146,#13147);
#13145 = CARTESIAN_POINT('',(-10.,-6.2,0.));
#13146 = DIRECTION('',(-0.,0.,-1.));
#13147 = DIRECTION('',(-0.,-1.,0.));
#13148 = FACE_BOUND('',#13149,.F.);
#13149 = EDGE_LOOP('',(#13150));
#13150 = ORIENTED_EDGE('',*,*,#13151,.T.);
#13151 = EDGE_CURVE('',#13152,#13152,#13154,.T.);
#13152 = VERTEX_POINT('',#13153);
#13153 = CARTESIAN_POINT('',(-10.,-5.065,0.));
#13154 = CIRCLE('',#13155,0.365);
#13155 = AXIS2_PLACEMENT_3D('',#13156,#13157,#13158);
#13156 = CARTESIAN_POINT('',(-10.,-4.7,0.));
#13157 = DIRECTION('',(-0.,0.,-1.));
#13158 = DIRECTION('',(-0.,-1.,0.));
#13159 = FACE_BOUND('',#13160,.F.);
#13160 = EDGE_LOOP('',(#13161));
#13161 = ORIENTED_EDGE('',*,*,#13162,.T.);
#13162 = EDGE_CURVE('',#13163,#13163,#13165,.T.);
#13163 = VERTEX_POINT('',#13164);
#13164 = CARTESIAN_POINT('',(-5.4,-8.065,0.));
#13165 = CIRCLE('',#13166,0.365);
#13166 = AXIS2_PLACEMENT_3D('',#13167,#13168,#13169);
#13167 = CARTESIAN_POINT('',(-5.4,-7.7,0.));
#13168 = DIRECTION('',(-0.,0.,-1.));
#13169 = DIRECTION('',(-0.,-1.,0.));
#13170 = FACE_BOUND('',#13171,.F.);
#13171 = EDGE_LOOP('',(#13172));
#13172 = ORIENTED_EDGE('',*,*,#13173,.T.);
#13173 = EDGE_CURVE('',#13174,#13174,#13176,.T.);
#13174 = VERTEX_POINT('',#13175);
#13175 = CARTESIAN_POINT('',(-0.8,-8.065,0.));
#13176 = CIRCLE('',#13177,0.365);
#13177 = AXIS2_PLACEMENT_3D('',#13178,#13179,#13180);
#13178 = CARTESIAN_POINT('',(-0.8,-7.7,0.));
#13179 = DIRECTION('',(-0.,0.,-1.));
#13180 = DIRECTION('',(-0.,-1.,0.));
#13181 = FACE_BOUND('',#13182,.F.);
#13182 = EDGE_LOOP('',(#13183));
#13183 = ORIENTED_EDGE('',*,*,#13184,.T.);
#13184 = EDGE_CURVE('',#13185,#13185,#13187,.T.);
#13185 = VERTEX_POINT('',#13186);
#13186 = CARTESIAN_POINT('',(-5.4,-6.565,0.));
#13187 = CIRCLE('',#13188,0.365);
#13188 = AXIS2_PLACEMENT_3D('',#13189,#13190,#13191);
#13189 = CARTESIAN_POINT('',(-5.4,-6.2,0.));
#13190 = DIRECTION('',(-0.,0.,-1.));
#13191 = DIRECTION('',(-0.,-1.,0.));
#13192 = FACE_BOUND('',#13193,.F.);
#13193 = EDGE_LOOP('',(#13194));
#13194 = ORIENTED_EDGE('',*,*,#13195,.T.);
#13195 = EDGE_CURVE('',#13196,#13196,#13198,.T.);
#13196 = VERTEX_POINT('',#13197);
#13197 = CARTESIAN_POINT('',(-5.4,-5.065,0.));
#13198 = CIRCLE('',#13199,0.365);
#13199 = AXIS2_PLACEMENT_3D('',#13200,#13201,#13202);
#13200 = CARTESIAN_POINT('',(-5.4,-4.7,0.));
#13201 = DIRECTION('',(-0.,0.,-1.));
#13202 = DIRECTION('',(-0.,-1.,0.));
#13203 = FACE_BOUND('',#13204,.F.);
#13204 = EDGE_LOOP('',(#13205));
#13205 = ORIENTED_EDGE('',*,*,#13206,.T.);
#13206 = EDGE_CURVE('',#13207,#13207,#13209,.T.);
#13207 = VERTEX_POINT('',#13208);
#13208 = CARTESIAN_POINT('',(-0.8,-6.565,0.));
#13209 = CIRCLE('',#13210,0.365);
#13210 = AXIS2_PLACEMENT_3D('',#13211,#13212,#13213);
#13211 = CARTESIAN_POINT('',(-0.8,-6.2,0.));
#13212 = DIRECTION('',(-0.,0.,-1.));
#13213 = DIRECTION('',(-0.,-1.,0.));
#13214 = FACE_BOUND('',#13215,.F.);
#13215 = EDGE_LOOP('',(#13216));
#13216 = ORIENTED_EDGE('',*,*,#13217,.T.);
#13217 = EDGE_CURVE('',#13218,#13218,#13220,.T.);
#13218 = VERTEX_POINT('',#13219);
#13219 = CARTESIAN_POINT('',(-0.8,-5.065,0.));
#13220 = CIRCLE('',#13221,0.365);
#13221 = AXIS2_PLACEMENT_3D('',#13222,#13223,#13224);
#13222 = CARTESIAN_POINT('',(-0.8,-4.7,0.));
#13223 = DIRECTION('',(-0.,0.,-1.));
#13224 = DIRECTION('',(-0.,-1.,0.));
#13225 = FACE_BOUND('',#13226,.F.);
#13226 = EDGE_LOOP('',(#13227));
#13227 = ORIENTED_EDGE('',*,*,#13228,.T.);
#13228 = EDGE_CURVE('',#13229,#13229,#13231,.T.);
#13229 = VERTEX_POINT('',#13230);
#13230 = CARTESIAN_POINT('',(-19.2,-3.565,0.));
#13231 = CIRCLE('',#13232,0.365);
#13232 = AXIS2_PLACEMENT_3D('',#13233,#13234,#13235);
#13233 = CARTESIAN_POINT('',(-19.2,-3.2,0.));
#13234 = DIRECTION('',(-0.,0.,-1.));
#13235 = DIRECTION('',(9.7334621337E-15,-1.,-0.));
#13236 = FACE_BOUND('',#13237,.F.);
#13237 = EDGE_LOOP('',(#13238));
#13238 = ORIENTED_EDGE('',*,*,#13239,.T.);
#13239 = EDGE_CURVE('',#13240,#13240,#13242,.T.);
#13240 = VERTEX_POINT('',#13241);
#13241 = CARTESIAN_POINT('',(-14.6,-3.565,0.));
#13242 = CIRCLE('',#13243,0.365);
#13243 = AXIS2_PLACEMENT_3D('',#13244,#13245,#13246);
#13244 = CARTESIAN_POINT('',(-14.6,-3.2,0.));
#13245 = DIRECTION('',(-0.,0.,-1.));
#13246 = DIRECTION('',(-0.,-1.,0.));
#13247 = FACE_BOUND('',#13248,.F.);
#13248 = EDGE_LOOP('',(#13249));
#13249 = ORIENTED_EDGE('',*,*,#13250,.T.);
#13250 = EDGE_CURVE('',#13251,#13251,#13253,.T.);
#13251 = VERTEX_POINT('',#13252);
#13252 = CARTESIAN_POINT('',(-10.,-3.565,0.));
#13253 = CIRCLE('',#13254,0.365);
#13254 = AXIS2_PLACEMENT_3D('',#13255,#13256,#13257);
#13255 = CARTESIAN_POINT('',(-10.,-3.2,0.));
#13256 = DIRECTION('',(-0.,0.,-1.));
#13257 = DIRECTION('',(-0.,-1.,0.));
#13258 = FACE_BOUND('',#13259,.F.);
#13259 = EDGE_LOOP('',(#13260));
#13260 = ORIENTED_EDGE('',*,*,#13261,.T.);
#13261 = EDGE_CURVE('',#13262,#13262,#13264,.T.);
#13262 = VERTEX_POINT('',#13263);
#13263 = CARTESIAN_POINT('',(-19.2,-2.065,0.));
#13264 = CIRCLE('',#13265,0.365);
#13265 = AXIS2_PLACEMENT_3D('',#13266,#13267,#13268);
#13266 = CARTESIAN_POINT('',(-19.2,-1.7,0.));
#13267 = DIRECTION('',(-0.,0.,-1.));
#13268 = DIRECTION('',(9.7334621337E-15,-1.,-0.));
#13269 = FACE_BOUND('',#13270,.F.);
#13270 = EDGE_LOOP('',(#13271));
#13271 = ORIENTED_EDGE('',*,*,#13272,.T.);
#13272 = EDGE_CURVE('',#13273,#13273,#13275,.T.);
#13273 = VERTEX_POINT('',#13274);
#13274 = CARTESIAN_POINT('',(-14.6,-2.065,0.));
#13275 = CIRCLE('',#13276,0.365);
#13276 = AXIS2_PLACEMENT_3D('',#13277,#13278,#13279);
#13277 = CARTESIAN_POINT('',(-14.6,-1.7,0.));
#13278 = DIRECTION('',(-0.,0.,-1.));
#13279 = DIRECTION('',(-0.,-1.,0.));
#13280 = FACE_BOUND('',#13281,.F.);
#13281 = EDGE_LOOP('',(#13282));
#13282 = ORIENTED_EDGE('',*,*,#13283,.T.);
#13283 = EDGE_CURVE('',#13284,#13284,#13286,.T.);
#13284 = VERTEX_POINT('',#13285);
#13285 = CARTESIAN_POINT('',(-19.2,-0.565,0.));
#13286 = CIRCLE('',#13287,0.365);
#13287 = AXIS2_PLACEMENT_3D('',#13288,#13289,#13290);
#13288 = CARTESIAN_POINT('',(-19.2,-0.2,0.));
#13289 = DIRECTION('',(-0.,0.,-1.));
#13290 = DIRECTION('',(9.7334621337E-15,-1.,-0.));
#13291 = FACE_BOUND('',#13292,.F.);
#13292 = EDGE_LOOP('',(#13293));
#13293 = ORIENTED_EDGE('',*,*,#13294,.T.);
#13294 = EDGE_CURVE('',#13295,#13295,#13297,.T.);
#13295 = VERTEX_POINT('',#13296);
#13296 = CARTESIAN_POINT('',(-14.6,-0.565,0.));
#13297 = CIRCLE('',#13298,0.365);
#13298 = AXIS2_PLACEMENT_3D('',#13299,#13300,#13301);
#13299 = CARTESIAN_POINT('',(-14.6,-0.2,0.));
#13300 = DIRECTION('',(-0.,0.,-1.));
#13301 = DIRECTION('',(-0.,-1.,0.));
#13302 = FACE_BOUND('',#13303,.F.);
#13303 = EDGE_LOOP('',(#13304));
#13304 = ORIENTED_EDGE('',*,*,#13305,.T.);
#13305 = EDGE_CURVE('',#13306,#13306,#13308,.T.);
#13306 = VERTEX_POINT('',#13307);
#13307 = CARTESIAN_POINT('',(-10.,-2.065,0.));
#13308 = CIRCLE('',#13309,0.365);
#13309 = AXIS2_PLACEMENT_3D('',#13310,#13311,#13312);
#13310 = CARTESIAN_POINT('',(-10.,-1.7,0.));
#13311 = DIRECTION('',(-0.,0.,-1.));
#13312 = DIRECTION('',(-0.,-1.,0.));
#13313 = FACE_BOUND('',#13314,.F.);
#13314 = EDGE_LOOP('',(#13315));
#13315 = ORIENTED_EDGE('',*,*,#13316,.T.);
#13316 = EDGE_CURVE('',#13317,#13317,#13319,.T.);
#13317 = VERTEX_POINT('',#13318);
#13318 = CARTESIAN_POINT('',(-10.,-0.565,0.));
#13319 = CIRCLE('',#13320,0.365);
#13320 = AXIS2_PLACEMENT_3D('',#13321,#13322,#13323);
#13321 = CARTESIAN_POINT('',(-10.,-0.2,0.));
#13322 = DIRECTION('',(-0.,0.,-1.));
#13323 = DIRECTION('',(-0.,-1.,0.));
#13324 = FACE_BOUND('',#13325,.F.);
#13325 = EDGE_LOOP('',(#13326));
#13326 = ORIENTED_EDGE('',*,*,#13327,.T.);
#13327 = EDGE_CURVE('',#13328,#13328,#13330,.T.);
#13328 = VERTEX_POINT('',#13329);
#13329 = CARTESIAN_POINT('',(-5.4,-3.565,0.));
#13330 = CIRCLE('',#13331,0.365);
#13331 = AXIS2_PLACEMENT_3D('',#13332,#13333,#13334);
#13332 = CARTESIAN_POINT('',(-5.4,-3.2,0.));
#13333 = DIRECTION('',(-0.,0.,-1.));
#13334 = DIRECTION('',(-0.,-1.,0.));
#13335 = FACE_BOUND('',#13336,.F.);
#13336 = EDGE_LOOP('',(#13337));
#13337 = ORIENTED_EDGE('',*,*,#13338,.T.);
#13338 = EDGE_CURVE('',#13339,#13339,#13341,.T.);
#13339 = VERTEX_POINT('',#13340);
#13340 = CARTESIAN_POINT('',(-0.8,-3.565,0.));
#13341 = CIRCLE('',#13342,0.365);
#13342 = AXIS2_PLACEMENT_3D('',#13343,#13344,#13345);
#13343 = CARTESIAN_POINT('',(-0.8,-3.2,0.));
#13344 = DIRECTION('',(-0.,0.,-1.));
#13345 = DIRECTION('',(-0.,-1.,0.));
#13346 = FACE_BOUND('',#13347,.F.);
#13347 = EDGE_LOOP('',(#13348));
#13348 = ORIENTED_EDGE('',*,*,#13349,.T.);
#13349 = EDGE_CURVE('',#13350,#13350,#13352,.T.);
#13350 = VERTEX_POINT('',#13351);
#13351 = CARTESIAN_POINT('',(-5.4,-2.065,0.));
#13352 = CIRCLE('',#13353,0.365);
#13353 = AXIS2_PLACEMENT_3D('',#13354,#13355,#13356);
#13354 = CARTESIAN_POINT('',(-5.4,-1.7,0.));
#13355 = DIRECTION('',(-0.,0.,-1.));
#13356 = DIRECTION('',(-0.,-1.,0.));
#13357 = FACE_BOUND('',#13358,.F.);
#13358 = EDGE_LOOP('',(#13359));
#13359 = ORIENTED_EDGE('',*,*,#13360,.T.);
#13360 = EDGE_CURVE('',#13361,#13361,#13363,.T.);
#13361 = VERTEX_POINT('',#13362);
#13362 = CARTESIAN_POINT('',(-5.4,-0.565,0.));
#13363 = CIRCLE('',#13364,0.365);
#13364 = AXIS2_PLACEMENT_3D('',#13365,#13366,#13367);
#13365 = CARTESIAN_POINT('',(-5.4,-0.2,0.));
#13366 = DIRECTION('',(-0.,0.,-1.));
#13367 = DIRECTION('',(-0.,-1.,0.));
#13368 = FACE_BOUND('',#13369,.F.);
#13369 = EDGE_LOOP('',(#13370));
#13370 = ORIENTED_EDGE('',*,*,#13371,.T.);
#13371 = EDGE_CURVE('',#13372,#13372,#13374,.T.);
#13372 = VERTEX_POINT('',#13373);
#13373 = CARTESIAN_POINT('',(-0.8,-2.065,0.));
#13374 = CIRCLE('',#13375,0.365);
#13375 = AXIS2_PLACEMENT_3D('',#13376,#13377,#13378);
#13376 = CARTESIAN_POINT('',(-0.8,-1.7,0.));
#13377 = DIRECTION('',(-0.,0.,-1.));
#13378 = DIRECTION('',(-0.,-1.,0.));
#13379 = FACE_BOUND('',#13380,.F.);
#13380 = EDGE_LOOP('',(#13381));
#13381 = ORIENTED_EDGE('',*,*,#13382,.T.);
#13382 = EDGE_CURVE('',#13383,#13383,#13385,.T.);
#13383 = VERTEX_POINT('',#13384);
#13384 = CARTESIAN_POINT('',(-0.8,-0.565,0.));
#13385 = CIRCLE('',#13386,0.365);
#13386 = AXIS2_PLACEMENT_3D('',#13387,#13388,#13389);
#13387 = CARTESIAN_POINT('',(-0.8,-0.2,0.));
#13388 = DIRECTION('',(-0.,0.,-1.));
#13389 = DIRECTION('',(-0.,-1.,0.));
#13390 = FACE_BOUND('',#13391,.F.);
#13391 = EDGE_LOOP('',(#13392,#13403,#13411,#13420));
#13392 = ORIENTED_EDGE('',*,*,#13393,.T.);
#13393 = EDGE_CURVE('',#13394,#13396,#13398,.T.);
#13394 = VERTEX_POINT('',#13395);
#13395 = CARTESIAN_POINT('',(10.05,-8.8,0.));
#13396 = VERTEX_POINT('',#13397);
#13397 = CARTESIAN_POINT('',(10.05,-8.2,0.));
#13398 = CIRCLE('',#13399,0.3);
#13399 = AXIS2_PLACEMENT_3D('',#13400,#13401,#13402);
#13400 = CARTESIAN_POINT('',(10.05,-8.5,0.));
#13401 = DIRECTION('',(-0.,0.,-1.));
#13402 = DIRECTION('',(0.,1.,0.));
#13403 = ORIENTED_EDGE('',*,*,#13404,.T.);
#13404 = EDGE_CURVE('',#13396,#13405,#13407,.T.);
#13405 = VERTEX_POINT('',#13406);
#13406 = CARTESIAN_POINT('',(11.15,-8.2,0.));
#13407 = LINE('',#13408,#13409);
#13408 = CARTESIAN_POINT('',(5.575,-8.2,0.));
#13409 = VECTOR('',#13410,1.);
#13410 = DIRECTION('',(1.,0.,-0.));
#13411 = ORIENTED_EDGE('',*,*,#13412,.T.);
#13412 = EDGE_CURVE('',#13405,#13413,#13415,.T.);
#13413 = VERTEX_POINT('',#13414);
#13414 = CARTESIAN_POINT('',(11.15,-8.8,0.));
#13415 = CIRCLE('',#13416,0.3);
#13416 = AXIS2_PLACEMENT_3D('',#13417,#13418,#13419);
#13417 = CARTESIAN_POINT('',(11.15,-8.5,0.));
#13418 = DIRECTION('',(-0.,0.,-1.));
#13419 = DIRECTION('',(5.921189464667E-15,-1.,-0.));
#13420 = ORIENTED_EDGE('',*,*,#13421,.T.);
#13421 = EDGE_CURVE('',#13413,#13394,#13422,.T.);
#13422 = LINE('',#13423,#13424);
#13423 = CARTESIAN_POINT('',(5.025,-8.8,0.));
#13424 = VECTOR('',#13425,1.);
#13425 = DIRECTION('',(-1.,0.,0.));
#13426 = FACE_BOUND('',#13427,.F.);
#13427 = EDGE_LOOP('',(#13428));
#13428 = ORIENTED_EDGE('',*,*,#13429,.T.);
#13429 = EDGE_CURVE('',#13430,#13430,#13432,.T.);
#13430 = VERTEX_POINT('',#13431);
#13431 = CARTESIAN_POINT('',(4.6,-6.7,0.));
#13432 = CIRCLE('',#13433,1.35);
#13433 = AXIS2_PLACEMENT_3D('',#13434,#13435,#13436);
#13434 = CARTESIAN_POINT('',(4.6,-5.35,0.));
#13435 = DIRECTION('',(-0.,0.,-1.));
#13436 = DIRECTION('',(-0.,-1.,0.));
#13437 = FACE_BOUND('',#13438,.F.);
#13438 = EDGE_LOOP('',(#13439));
#13439 = ORIENTED_EDGE('',*,*,#13440,.T.);
#13440 = EDGE_CURVE('',#13441,#13441,#13443,.T.);
#13441 = VERTEX_POINT('',#13442);
#13442 = CARTESIAN_POINT('',(-19.08,4.95,0.));
#13443 = CIRCLE('',#13444,0.55);
#13444 = AXIS2_PLACEMENT_3D('',#13445,#13446,#13447);
#13445 = CARTESIAN_POINT('',(-19.08,5.5,0.));
#13446 = DIRECTION('',(-0.,0.,-1.));
#13447 = DIRECTION('',(-0.,-1.,0.));
#13448 = FACE_BOUND('',#13449,.F.);
#13449 = EDGE_LOOP('',(#13450));
#13450 = ORIENTED_EDGE('',*,*,#13451,.T.);
#13451 = EDGE_CURVE('',#13452,#13452,#13454,.T.);
#13452 = VERTEX_POINT('',#13453);
#13453 = CARTESIAN_POINT('',(-16.54,4.95,0.));
#13454 = CIRCLE('',#13455,0.55);
#13455 = AXIS2_PLACEMENT_3D('',#13456,#13457,#13458);
#13456 = CARTESIAN_POINT('',(-16.54,5.5,0.));
#13457 = DIRECTION('',(-0.,0.,-1.));
#13458 = DIRECTION('',(-0.,-1.,0.));
#13459 = FACE_BOUND('',#13460,.F.);
#13460 = EDGE_LOOP('',(#13461));
#13461 = ORIENTED_EDGE('',*,*,#13462,.T.);
#13462 = EDGE_CURVE('',#13463,#13463,#13465,.T.);
#13463 = VERTEX_POINT('',#13464);
#13464 = CARTESIAN_POINT('',(-14.,4.95,0.));
#13465 = CIRCLE('',#13466,0.55);
#13466 = AXIS2_PLACEMENT_3D('',#13467,#13468,#13469);
#13467 = CARTESIAN_POINT('',(-14.,5.5,0.));
#13468 = DIRECTION('',(-0.,0.,-1.));
#13469 = DIRECTION('',(-0.,-1.,0.));
#13470 = FACE_BOUND('',#13471,.F.);
#13471 = EDGE_LOOP('',(#13472));
#13472 = ORIENTED_EDGE('',*,*,#13473,.T.);
#13473 = EDGE_CURVE('',#13474,#13474,#13476,.T.);
#13474 = VERTEX_POINT('',#13475);
#13475 = CARTESIAN_POINT('',(-19.08,7.49,0.));
#13476 = CIRCLE('',#13477,0.55);
#13477 = AXIS2_PLACEMENT_3D('',#13478,#13479,#13480);
#13478 = CARTESIAN_POINT('',(-19.08,8.04,0.));
#13479 = DIRECTION('',(-0.,0.,-1.));
#13480 = DIRECTION('',(-0.,-1.,0.));
#13481 = FACE_BOUND('',#13482,.F.);
#13482 = EDGE_LOOP('',(#13483));
#13483 = ORIENTED_EDGE('',*,*,#13484,.T.);
#13484 = EDGE_CURVE('',#13485,#13485,#13487,.T.);
#13485 = VERTEX_POINT('',#13486);
#13486 = CARTESIAN_POINT('',(-16.54,7.49,0.));
#13487 = CIRCLE('',#13488,0.55);
#13488 = AXIS2_PLACEMENT_3D('',#13489,#13490,#13491);
#13489 = CARTESIAN_POINT('',(-16.54,8.04,0.));
#13490 = DIRECTION('',(-0.,0.,-1.));
#13491 = DIRECTION('',(-0.,-1.,0.));
#13492 = FACE_BOUND('',#13493,.F.);
#13493 = EDGE_LOOP('',(#13494));
#13494 = ORIENTED_EDGE('',*,*,#13495,.T.);
#13495 = EDGE_CURVE('',#13496,#13496,#13498,.T.);
#13496 = VERTEX_POINT('',#13497);
#13497 = CARTESIAN_POINT('',(-14.,7.49,0.));
#13498 = CIRCLE('',#13499,0.55);
#13499 = AXIS2_PLACEMENT_3D('',#13500,#13501,#13502);
#13500 = CARTESIAN_POINT('',(-14.,8.04,0.));
#13501 = DIRECTION('',(-0.,0.,-1.));
#13502 = DIRECTION('',(-0.,-1.,0.));
#13503 = FACE_BOUND('',#13504,.F.);
#13504 = EDGE_LOOP('',(#13505));
#13505 = ORIENTED_EDGE('',*,*,#13506,.F.);
#13506 = EDGE_CURVE('',#13507,#13507,#13509,.T.);
#13507 = VERTEX_POINT('',#13508);
#13508 = CARTESIAN_POINT('',(-8.9,8.5,0.));
#13509 = CIRCLE('',#13510,1.1);
#13510 = AXIS2_PLACEMENT_3D('',#13511,#13512,#13513);
#13511 = CARTESIAN_POINT('',(-10.,8.5,0.));
#13512 = DIRECTION('',(0.,0.,1.));
#13513 = DIRECTION('',(1.,0.,-0.));
#13514 = FACE_BOUND('',#13515,.F.);
#13515 = EDGE_LOOP('',(#13516));
#13516 = ORIENTED_EDGE('',*,*,#13517,.T.);
#13517 = EDGE_CURVE('',#13518,#13518,#13520,.T.);
#13518 = VERTEX_POINT('',#13519);
#13519 = CARTESIAN_POINT('',(4.6,0.5,0.));
#13520 = CIRCLE('',#13521,1.35);
#13521 = AXIS2_PLACEMENT_3D('',#13522,#13523,#13524);
#13522 = CARTESIAN_POINT('',(4.6,1.85,0.));
#13523 = DIRECTION('',(-0.,0.,-1.));
#13524 = DIRECTION('',(-0.,-1.,0.));
#13525 = FACE_BOUND('',#13526,.F.);
#13526 = EDGE_LOOP('',(#13527,#13538,#13546,#13555));
#13527 = ORIENTED_EDGE('',*,*,#13528,.T.);
#13528 = EDGE_CURVE('',#13529,#13531,#13533,.T.);
#13529 = VERTEX_POINT('',#13530);
#13530 = CARTESIAN_POINT('',(10.05,4.7,0.));
#13531 = VERTEX_POINT('',#13532);
#13532 = CARTESIAN_POINT('',(10.05,5.3,0.));
#13533 = CIRCLE('',#13534,0.3);
#13534 = AXIS2_PLACEMENT_3D('',#13535,#13536,#13537);
#13535 = CARTESIAN_POINT('',(10.05,5.,0.));
#13536 = DIRECTION('',(-0.,0.,-1.));
#13537 = DIRECTION('',(0.,1.,0.));
#13538 = ORIENTED_EDGE('',*,*,#13539,.T.);
#13539 = EDGE_CURVE('',#13531,#13540,#13542,.T.);
#13540 = VERTEX_POINT('',#13541);
#13541 = CARTESIAN_POINT('',(11.15,5.3,0.));
#13542 = LINE('',#13543,#13544);
#13543 = CARTESIAN_POINT('',(5.575,5.3,0.));
#13544 = VECTOR('',#13545,1.);
#13545 = DIRECTION('',(1.,0.,-0.));
#13546 = ORIENTED_EDGE('',*,*,#13547,.T.);
#13547 = EDGE_CURVE('',#13540,#13548,#13550,.T.);
#13548 = VERTEX_POINT('',#13549);
#13549 = CARTESIAN_POINT('',(11.15,4.7,0.));
#13550 = CIRCLE('',#13551,0.3);
#13551 = AXIS2_PLACEMENT_3D('',#13552,#13553,#13554);
#13552 = CARTESIAN_POINT('',(11.15,5.,0.));
#13553 = DIRECTION('',(-0.,0.,-1.));
#13554 = DIRECTION('',(-0.,-1.,0.));
#13555 = ORIENTED_EDGE('',*,*,#13556,.T.);
#13556 = EDGE_CURVE('',#13548,#13529,#13557,.T.);
#13557 = LINE('',#13558,#13559);
#13558 = CARTESIAN_POINT('',(5.025,4.7,0.));
#13559 = VECTOR('',#13560,1.);
#13560 = DIRECTION('',(-1.,0.,0.));
#13561 = FACE_BOUND('',#13562,.F.);
#13562 = EDGE_LOOP('',(#13563));
#13563 = ORIENTED_EDGE('',*,*,#13564,.F.);
#13564 = EDGE_CURVE('',#13565,#13565,#13567,.T.);
#13565 = VERTEX_POINT('',#13566);
#13566 = CARTESIAN_POINT('',(20.85,8.5,0.));
#13567 = CIRCLE('',#13568,1.1);
#13568 = AXIS2_PLACEMENT_3D('',#13569,#13570,#13571);
#13569 = CARTESIAN_POINT('',(19.75,8.5,0.));
#13570 = DIRECTION('',(0.,0.,1.));
#13571 = DIRECTION('',(1.,0.,-0.));
#13572 = PLANE('',#13573);
#13573 = AXIS2_PLACEMENT_3D('',#13574,#13575,#13576);
#13574 = CARTESIAN_POINT('',(0.,0.,0.));
#13575 = DIRECTION('',(0.,0.,1.));
#13576 = DIRECTION('',(1.,0.,-0.));
#13577 = ADVANCED_FACE('',(#13578,#13589,#13600,#13611,#13622,#13633,
    #13644,#13655,#13666,#13677,#13688,#13699,#13710,#13721,#13732,
    #13743,#13754,#13765,#13776,#13787,#13798,#13809,#13820,#13831,
    #13842,#13853,#13864,#13875,#13886,#13897,#13908,#13919,#13955,
    #13966,#13977,#13988,#13999,#14010,#14021,#14032,#14043,#14054,
    #14090),#14101,.T.);
#13578 = FACE_BOUND('',#13579,.T.);
#13579 = EDGE_LOOP('',(#13580,#13581,#13582,#13588));
#13580 = ORIENTED_EDGE('',*,*,#12960,.F.);
#13581 = ORIENTED_EDGE('',*,*,#13000,.F.);
#13582 = ORIENTED_EDGE('',*,*,#13583,.F.);
#13583 = EDGE_CURVE('',#13023,#12993,#13584,.T.);
#13584 = LINE('',#13585,#13586);
#13585 = CARTESIAN_POINT('',(-21.5,10.,1.51));
#13586 = VECTOR('',#13587,1.);
#13587 = DIRECTION('',(1.,0.,0.));
#13588 = ORIENTED_EDGE('',*,*,#13022,.F.);
#13589 = FACE_BOUND('',#13590,.T.);
#13590 = EDGE_LOOP('',(#13591));
#13591 = ORIENTED_EDGE('',*,*,#13592,.T.);
#13592 = EDGE_CURVE('',#13593,#13593,#13595,.T.);
#13593 = VERTEX_POINT('',#13594);
#13594 = CARTESIAN_POINT('',(-19.2,-8.065,1.51));
#13595 = CIRCLE('',#13596,0.365);
#13596 = AXIS2_PLACEMENT_3D('',#13597,#13598,#13599);
#13597 = CARTESIAN_POINT('',(-19.2,-7.7,1.51));
#13598 = DIRECTION('',(-0.,0.,-1.));
#13599 = DIRECTION('',(9.7334621337E-15,-1.,-0.));
#13600 = FACE_BOUND('',#13601,.T.);
#13601 = EDGE_LOOP('',(#13602));
#13602 = ORIENTED_EDGE('',*,*,#13603,.T.);
#13603 = EDGE_CURVE('',#13604,#13604,#13606,.T.);
#13604 = VERTEX_POINT('',#13605);
#13605 = CARTESIAN_POINT('',(-14.6,-8.065,1.51));
#13606 = CIRCLE('',#13607,0.365);
#13607 = AXIS2_PLACEMENT_3D('',#13608,#13609,#13610);
#13608 = CARTESIAN_POINT('',(-14.6,-7.7,1.51));
#13609 = DIRECTION('',(-0.,0.,-1.));
#13610 = DIRECTION('',(-0.,-1.,0.));
#13611 = FACE_BOUND('',#13612,.T.);
#13612 = EDGE_LOOP('',(#13613));
#13613 = ORIENTED_EDGE('',*,*,#13614,.T.);
#13614 = EDGE_CURVE('',#13615,#13615,#13617,.T.);
#13615 = VERTEX_POINT('',#13616);
#13616 = CARTESIAN_POINT('',(-10.,-8.065,1.51));
#13617 = CIRCLE('',#13618,0.365);
#13618 = AXIS2_PLACEMENT_3D('',#13619,#13620,#13621);
#13619 = CARTESIAN_POINT('',(-10.,-7.7,1.51));
#13620 = DIRECTION('',(-0.,0.,-1.));
#13621 = DIRECTION('',(-0.,-1.,0.));
#13622 = FACE_BOUND('',#13623,.T.);
#13623 = EDGE_LOOP('',(#13624));
#13624 = ORIENTED_EDGE('',*,*,#13625,.T.);
#13625 = EDGE_CURVE('',#13626,#13626,#13628,.T.);
#13626 = VERTEX_POINT('',#13627);
#13627 = CARTESIAN_POINT('',(-19.2,-6.565,1.51));
#13628 = CIRCLE('',#13629,0.365);
#13629 = AXIS2_PLACEMENT_3D('',#13630,#13631,#13632);
#13630 = CARTESIAN_POINT('',(-19.2,-6.2,1.51));
#13631 = DIRECTION('',(-0.,0.,-1.));
#13632 = DIRECTION('',(9.7334621337E-15,-1.,-0.));
#13633 = FACE_BOUND('',#13634,.T.);
#13634 = EDGE_LOOP('',(#13635));
#13635 = ORIENTED_EDGE('',*,*,#13636,.T.);
#13636 = EDGE_CURVE('',#13637,#13637,#13639,.T.);
#13637 = VERTEX_POINT('',#13638);
#13638 = CARTESIAN_POINT('',(-14.6,-6.565,1.51));
#13639 = CIRCLE('',#13640,0.365);
#13640 = AXIS2_PLACEMENT_3D('',#13641,#13642,#13643);
#13641 = CARTESIAN_POINT('',(-14.6,-6.2,1.51));
#13642 = DIRECTION('',(-0.,0.,-1.));
#13643 = DIRECTION('',(-0.,-1.,0.));
#13644 = FACE_BOUND('',#13645,.T.);
#13645 = EDGE_LOOP('',(#13646));
#13646 = ORIENTED_EDGE('',*,*,#13647,.T.);
#13647 = EDGE_CURVE('',#13648,#13648,#13650,.T.);
#13648 = VERTEX_POINT('',#13649);
#13649 = CARTESIAN_POINT('',(-19.2,-5.065,1.51));
#13650 = CIRCLE('',#13651,0.365);
#13651 = AXIS2_PLACEMENT_3D('',#13652,#13653,#13654);
#13652 = CARTESIAN_POINT('',(-19.2,-4.7,1.51));
#13653 = DIRECTION('',(-0.,0.,-1.));
#13654 = DIRECTION('',(9.7334621337E-15,-1.,-0.));
#13655 = FACE_BOUND('',#13656,.T.);
#13656 = EDGE_LOOP('',(#13657));
#13657 = ORIENTED_EDGE('',*,*,#13658,.T.);
#13658 = EDGE_CURVE('',#13659,#13659,#13661,.T.);
#13659 = VERTEX_POINT('',#13660);
#13660 = CARTESIAN_POINT('',(-14.6,-5.065,1.51));
#13661 = CIRCLE('',#13662,0.365);
#13662 = AXIS2_PLACEMENT_3D('',#13663,#13664,#13665);
#13663 = CARTESIAN_POINT('',(-14.6,-4.7,1.51));
#13664 = DIRECTION('',(-0.,0.,-1.));
#13665 = DIRECTION('',(-0.,-1.,0.));
#13666 = FACE_BOUND('',#13667,.T.);
#13667 = EDGE_LOOP('',(#13668));
#13668 = ORIENTED_EDGE('',*,*,#13669,.T.);
#13669 = EDGE_CURVE('',#13670,#13670,#13672,.T.);
#13670 = VERTEX_POINT('',#13671);
#13671 = CARTESIAN_POINT('',(-10.,-6.565,1.51));
#13672 = CIRCLE('',#13673,0.365);
#13673 = AXIS2_PLACEMENT_3D('',#13674,#13675,#13676);
#13674 = CARTESIAN_POINT('',(-10.,-6.2,1.51));
#13675 = DIRECTION('',(-0.,0.,-1.));
#13676 = DIRECTION('',(-0.,-1.,0.));
#13677 = FACE_BOUND('',#13678,.T.);
#13678 = EDGE_LOOP('',(#13679));
#13679 = ORIENTED_EDGE('',*,*,#13680,.T.);
#13680 = EDGE_CURVE('',#13681,#13681,#13683,.T.);
#13681 = VERTEX_POINT('',#13682);
#13682 = CARTESIAN_POINT('',(-10.,-5.065,1.51));
#13683 = CIRCLE('',#13684,0.365);
#13684 = AXIS2_PLACEMENT_3D('',#13685,#13686,#13687);
#13685 = CARTESIAN_POINT('',(-10.,-4.7,1.51));
#13686 = DIRECTION('',(-0.,0.,-1.));
#13687 = DIRECTION('',(-0.,-1.,0.));
#13688 = FACE_BOUND('',#13689,.T.);
#13689 = EDGE_LOOP('',(#13690));
#13690 = ORIENTED_EDGE('',*,*,#13691,.T.);
#13691 = EDGE_CURVE('',#13692,#13692,#13694,.T.);
#13692 = VERTEX_POINT('',#13693);
#13693 = CARTESIAN_POINT('',(-5.4,-8.065,1.51));
#13694 = CIRCLE('',#13695,0.365);
#13695 = AXIS2_PLACEMENT_3D('',#13696,#13697,#13698);
#13696 = CARTESIAN_POINT('',(-5.4,-7.7,1.51));
#13697 = DIRECTION('',(-0.,0.,-1.));
#13698 = DIRECTION('',(-0.,-1.,0.));
#13699 = FACE_BOUND('',#13700,.T.);
#13700 = EDGE_LOOP('',(#13701));
#13701 = ORIENTED_EDGE('',*,*,#13702,.T.);
#13702 = EDGE_CURVE('',#13703,#13703,#13705,.T.);
#13703 = VERTEX_POINT('',#13704);
#13704 = CARTESIAN_POINT('',(-0.8,-8.065,1.51));
#13705 = CIRCLE('',#13706,0.365);
#13706 = AXIS2_PLACEMENT_3D('',#13707,#13708,#13709);
#13707 = CARTESIAN_POINT('',(-0.8,-7.7,1.51));
#13708 = DIRECTION('',(-0.,0.,-1.));
#13709 = DIRECTION('',(-0.,-1.,0.));
#13710 = FACE_BOUND('',#13711,.T.);
#13711 = EDGE_LOOP('',(#13712));
#13712 = ORIENTED_EDGE('',*,*,#13713,.T.);
#13713 = EDGE_CURVE('',#13714,#13714,#13716,.T.);
#13714 = VERTEX_POINT('',#13715);
#13715 = CARTESIAN_POINT('',(-5.4,-6.565,1.51));
#13716 = CIRCLE('',#13717,0.365);
#13717 = AXIS2_PLACEMENT_3D('',#13718,#13719,#13720);
#13718 = CARTESIAN_POINT('',(-5.4,-6.2,1.51));
#13719 = DIRECTION('',(-0.,0.,-1.));
#13720 = DIRECTION('',(-0.,-1.,0.));
#13721 = FACE_BOUND('',#13722,.T.);
#13722 = EDGE_LOOP('',(#13723));
#13723 = ORIENTED_EDGE('',*,*,#13724,.T.);
#13724 = EDGE_CURVE('',#13725,#13725,#13727,.T.);
#13725 = VERTEX_POINT('',#13726);
#13726 = CARTESIAN_POINT('',(-5.4,-5.065,1.51));
#13727 = CIRCLE('',#13728,0.365);
#13728 = AXIS2_PLACEMENT_3D('',#13729,#13730,#13731);
#13729 = CARTESIAN_POINT('',(-5.4,-4.7,1.51));
#13730 = DIRECTION('',(-0.,0.,-1.));
#13731 = DIRECTION('',(-0.,-1.,0.));
#13732 = FACE_BOUND('',#13733,.T.);
#13733 = EDGE_LOOP('',(#13734));
#13734 = ORIENTED_EDGE('',*,*,#13735,.T.);
#13735 = EDGE_CURVE('',#13736,#13736,#13738,.T.);
#13736 = VERTEX_POINT('',#13737);
#13737 = CARTESIAN_POINT('',(-0.8,-6.565,1.51));
#13738 = CIRCLE('',#13739,0.365);
#13739 = AXIS2_PLACEMENT_3D('',#13740,#13741,#13742);
#13740 = CARTESIAN_POINT('',(-0.8,-6.2,1.51));
#13741 = DIRECTION('',(-0.,0.,-1.));
#13742 = DIRECTION('',(-0.,-1.,0.));
#13743 = FACE_BOUND('',#13744,.T.);
#13744 = EDGE_LOOP('',(#13745));
#13745 = ORIENTED_EDGE('',*,*,#13746,.T.);
#13746 = EDGE_CURVE('',#13747,#13747,#13749,.T.);
#13747 = VERTEX_POINT('',#13748);
#13748 = CARTESIAN_POINT('',(-0.8,-5.065,1.51));
#13749 = CIRCLE('',#13750,0.365);
#13750 = AXIS2_PLACEMENT_3D('',#13751,#13752,#13753);
#13751 = CARTESIAN_POINT('',(-0.8,-4.7,1.51));
#13752 = DIRECTION('',(-0.,0.,-1.));
#13753 = DIRECTION('',(-0.,-1.,0.));
#13754 = FACE_BOUND('',#13755,.T.);
#13755 = EDGE_LOOP('',(#13756));
#13756 = ORIENTED_EDGE('',*,*,#13757,.T.);
#13757 = EDGE_CURVE('',#13758,#13758,#13760,.T.);
#13758 = VERTEX_POINT('',#13759);
#13759 = CARTESIAN_POINT('',(-19.2,-3.565,1.51));
#13760 = CIRCLE('',#13761,0.365);
#13761 = AXIS2_PLACEMENT_3D('',#13762,#13763,#13764);
#13762 = CARTESIAN_POINT('',(-19.2,-3.2,1.51));
#13763 = DIRECTION('',(-0.,0.,-1.));
#13764 = DIRECTION('',(9.7334621337E-15,-1.,-0.));
#13765 = FACE_BOUND('',#13766,.T.);
#13766 = EDGE_LOOP('',(#13767));
#13767 = ORIENTED_EDGE('',*,*,#13768,.T.);
#13768 = EDGE_CURVE('',#13769,#13769,#13771,.T.);
#13769 = VERTEX_POINT('',#13770);
#13770 = CARTESIAN_POINT('',(-14.6,-3.565,1.51));
#13771 = CIRCLE('',#13772,0.365);
#13772 = AXIS2_PLACEMENT_3D('',#13773,#13774,#13775);
#13773 = CARTESIAN_POINT('',(-14.6,-3.2,1.51));
#13774 = DIRECTION('',(-0.,0.,-1.));
#13775 = DIRECTION('',(-0.,-1.,0.));
#13776 = FACE_BOUND('',#13777,.T.);
#13777 = EDGE_LOOP('',(#13778));
#13778 = ORIENTED_EDGE('',*,*,#13779,.T.);
#13779 = EDGE_CURVE('',#13780,#13780,#13782,.T.);
#13780 = VERTEX_POINT('',#13781);
#13781 = CARTESIAN_POINT('',(-10.,-3.565,1.51));
#13782 = CIRCLE('',#13783,0.365);
#13783 = AXIS2_PLACEMENT_3D('',#13784,#13785,#13786);
#13784 = CARTESIAN_POINT('',(-10.,-3.2,1.51));
#13785 = DIRECTION('',(-0.,0.,-1.));
#13786 = DIRECTION('',(-0.,-1.,0.));
#13787 = FACE_BOUND('',#13788,.T.);
#13788 = EDGE_LOOP('',(#13789));
#13789 = ORIENTED_EDGE('',*,*,#13790,.T.);
#13790 = EDGE_CURVE('',#13791,#13791,#13793,.T.);
#13791 = VERTEX_POINT('',#13792);
#13792 = CARTESIAN_POINT('',(-19.2,-2.065,1.51));
#13793 = CIRCLE('',#13794,0.365);
#13794 = AXIS2_PLACEMENT_3D('',#13795,#13796,#13797);
#13795 = CARTESIAN_POINT('',(-19.2,-1.7,1.51));
#13796 = DIRECTION('',(-0.,0.,-1.));
#13797 = DIRECTION('',(9.7334621337E-15,-1.,-0.));
#13798 = FACE_BOUND('',#13799,.T.);
#13799 = EDGE_LOOP('',(#13800));
#13800 = ORIENTED_EDGE('',*,*,#13801,.T.);
#13801 = EDGE_CURVE('',#13802,#13802,#13804,.T.);
#13802 = VERTEX_POINT('',#13803);
#13803 = CARTESIAN_POINT('',(-14.6,-2.065,1.51));
#13804 = CIRCLE('',#13805,0.365);
#13805 = AXIS2_PLACEMENT_3D('',#13806,#13807,#13808);
#13806 = CARTESIAN_POINT('',(-14.6,-1.7,1.51));
#13807 = DIRECTION('',(-0.,0.,-1.));
#13808 = DIRECTION('',(-0.,-1.,0.));
#13809 = FACE_BOUND('',#13810,.T.);
#13810 = EDGE_LOOP('',(#13811));
#13811 = ORIENTED_EDGE('',*,*,#13812,.T.);
#13812 = EDGE_CURVE('',#13813,#13813,#13815,.T.);
#13813 = VERTEX_POINT('',#13814);
#13814 = CARTESIAN_POINT('',(-19.2,-0.565,1.51));
#13815 = CIRCLE('',#13816,0.365);
#13816 = AXIS2_PLACEMENT_3D('',#13817,#13818,#13819);
#13817 = CARTESIAN_POINT('',(-19.2,-0.2,1.51));
#13818 = DIRECTION('',(-0.,0.,-1.));
#13819 = DIRECTION('',(9.7334621337E-15,-1.,-0.));
#13820 = FACE_BOUND('',#13821,.T.);
#13821 = EDGE_LOOP('',(#13822));
#13822 = ORIENTED_EDGE('',*,*,#13823,.T.);
#13823 = EDGE_CURVE('',#13824,#13824,#13826,.T.);
#13824 = VERTEX_POINT('',#13825);
#13825 = CARTESIAN_POINT('',(-14.6,-0.565,1.51));
#13826 = CIRCLE('',#13827,0.365);
#13827 = AXIS2_PLACEMENT_3D('',#13828,#13829,#13830);
#13828 = CARTESIAN_POINT('',(-14.6,-0.2,1.51));
#13829 = DIRECTION('',(-0.,0.,-1.));
#13830 = DIRECTION('',(-0.,-1.,0.));
#13831 = FACE_BOUND('',#13832,.T.);
#13832 = EDGE_LOOP('',(#13833));
#13833 = ORIENTED_EDGE('',*,*,#13834,.T.);
#13834 = EDGE_CURVE('',#13835,#13835,#13837,.T.);
#13835 = VERTEX_POINT('',#13836);
#13836 = CARTESIAN_POINT('',(-10.,-2.065,1.51));
#13837 = CIRCLE('',#13838,0.365);
#13838 = AXIS2_PLACEMENT_3D('',#13839,#13840,#13841);
#13839 = CARTESIAN_POINT('',(-10.,-1.7,1.51));
#13840 = DIRECTION('',(-0.,0.,-1.));
#13841 = DIRECTION('',(-0.,-1.,0.));
#13842 = FACE_BOUND('',#13843,.T.);
#13843 = EDGE_LOOP('',(#13844));
#13844 = ORIENTED_EDGE('',*,*,#13845,.T.);
#13845 = EDGE_CURVE('',#13846,#13846,#13848,.T.);
#13846 = VERTEX_POINT('',#13847);
#13847 = CARTESIAN_POINT('',(-10.,-0.565,1.51));
#13848 = CIRCLE('',#13849,0.365);
#13849 = AXIS2_PLACEMENT_3D('',#13850,#13851,#13852);
#13850 = CARTESIAN_POINT('',(-10.,-0.2,1.51));
#13851 = DIRECTION('',(-0.,0.,-1.));
#13852 = DIRECTION('',(-0.,-1.,0.));
#13853 = FACE_BOUND('',#13854,.T.);
#13854 = EDGE_LOOP('',(#13855));
#13855 = ORIENTED_EDGE('',*,*,#13856,.T.);
#13856 = EDGE_CURVE('',#13857,#13857,#13859,.T.);
#13857 = VERTEX_POINT('',#13858);
#13858 = CARTESIAN_POINT('',(-5.4,-3.565,1.51));
#13859 = CIRCLE('',#13860,0.365);
#13860 = AXIS2_PLACEMENT_3D('',#13861,#13862,#13863);
#13861 = CARTESIAN_POINT('',(-5.4,-3.2,1.51));
#13862 = DIRECTION('',(-0.,0.,-1.));
#13863 = DIRECTION('',(-0.,-1.,0.));
#13864 = FACE_BOUND('',#13865,.T.);
#13865 = EDGE_LOOP('',(#13866));
#13866 = ORIENTED_EDGE('',*,*,#13867,.T.);
#13867 = EDGE_CURVE('',#13868,#13868,#13870,.T.);
#13868 = VERTEX_POINT('',#13869);
#13869 = CARTESIAN_POINT('',(-0.8,-3.565,1.51));
#13870 = CIRCLE('',#13871,0.365);
#13871 = AXIS2_PLACEMENT_3D('',#13872,#13873,#13874);
#13872 = CARTESIAN_POINT('',(-0.8,-3.2,1.51));
#13873 = DIRECTION('',(-0.,0.,-1.));
#13874 = DIRECTION('',(-0.,-1.,0.));
#13875 = FACE_BOUND('',#13876,.T.);
#13876 = EDGE_LOOP('',(#13877));
#13877 = ORIENTED_EDGE('',*,*,#13878,.T.);
#13878 = EDGE_CURVE('',#13879,#13879,#13881,.T.);
#13879 = VERTEX_POINT('',#13880);
#13880 = CARTESIAN_POINT('',(-5.4,-2.065,1.51));
#13881 = CIRCLE('',#13882,0.365);
#13882 = AXIS2_PLACEMENT_3D('',#13883,#13884,#13885);
#13883 = CARTESIAN_POINT('',(-5.4,-1.7,1.51));
#13884 = DIRECTION('',(-0.,0.,-1.));
#13885 = DIRECTION('',(-0.,-1.,0.));
#13886 = FACE_BOUND('',#13887,.T.);
#13887 = EDGE_LOOP('',(#13888));
#13888 = ORIENTED_EDGE('',*,*,#13889,.T.);
#13889 = EDGE_CURVE('',#13890,#13890,#13892,.T.);
#13890 = VERTEX_POINT('',#13891);
#13891 = CARTESIAN_POINT('',(-5.4,-0.565,1.51));
#13892 = CIRCLE('',#13893,0.365);
#13893 = AXIS2_PLACEMENT_3D('',#13894,#13895,#13896);
#13894 = CARTESIAN_POINT('',(-5.4,-0.2,1.51));
#13895 = DIRECTION('',(-0.,0.,-1.));
#13896 = DIRECTION('',(-0.,-1.,0.));
#13897 = FACE_BOUND('',#13898,.T.);
#13898 = EDGE_LOOP('',(#13899));
#13899 = ORIENTED_EDGE('',*,*,#13900,.T.);
#13900 = EDGE_CURVE('',#13901,#13901,#13903,.T.);
#13901 = VERTEX_POINT('',#13902);
#13902 = CARTESIAN_POINT('',(-0.8,-2.065,1.51));
#13903 = CIRCLE('',#13904,0.365);
#13904 = AXIS2_PLACEMENT_3D('',#13905,#13906,#13907);
#13905 = CARTESIAN_POINT('',(-0.8,-1.7,1.51));
#13906 = DIRECTION('',(-0.,0.,-1.));
#13907 = DIRECTION('',(-0.,-1.,0.));
#13908 = FACE_BOUND('',#13909,.T.);
#13909 = EDGE_LOOP('',(#13910));
#13910 = ORIENTED_EDGE('',*,*,#13911,.T.);
#13911 = EDGE_CURVE('',#13912,#13912,#13914,.T.);
#13912 = VERTEX_POINT('',#13913);
#13913 = CARTESIAN_POINT('',(-0.8,-0.565,1.51));
#13914 = CIRCLE('',#13915,0.365);
#13915 = AXIS2_PLACEMENT_3D('',#13916,#13917,#13918);
#13916 = CARTESIAN_POINT('',(-0.8,-0.2,1.51));
#13917 = DIRECTION('',(-0.,0.,-1.));
#13918 = DIRECTION('',(-0.,-1.,0.));
#13919 = FACE_BOUND('',#13920,.T.);
#13920 = EDGE_LOOP('',(#13921,#13932,#13940,#13949));
#13921 = ORIENTED_EDGE('',*,*,#13922,.T.);
#13922 = EDGE_CURVE('',#13923,#13925,#13927,.T.);
#13923 = VERTEX_POINT('',#13924);
#13924 = CARTESIAN_POINT('',(10.05,-8.8,1.51));
#13925 = VERTEX_POINT('',#13926);
#13926 = CARTESIAN_POINT('',(10.05,-8.2,1.51));
#13927 = CIRCLE('',#13928,0.3);
#13928 = AXIS2_PLACEMENT_3D('',#13929,#13930,#13931);
#13929 = CARTESIAN_POINT('',(10.05,-8.5,1.51));
#13930 = DIRECTION('',(-0.,0.,-1.));
#13931 = DIRECTION('',(0.,1.,0.));
#13932 = ORIENTED_EDGE('',*,*,#13933,.T.);
#13933 = EDGE_CURVE('',#13925,#13934,#13936,.T.);
#13934 = VERTEX_POINT('',#13935);
#13935 = CARTESIAN_POINT('',(11.15,-8.2,1.51));
#13936 = LINE('',#13937,#13938);
#13937 = CARTESIAN_POINT('',(5.575,-8.2,1.51));
#13938 = VECTOR('',#13939,1.);
#13939 = DIRECTION('',(1.,0.,-0.));
#13940 = ORIENTED_EDGE('',*,*,#13941,.T.);
#13941 = EDGE_CURVE('',#13934,#13942,#13944,.T.);
#13942 = VERTEX_POINT('',#13943);
#13943 = CARTESIAN_POINT('',(11.15,-8.8,1.51));
#13944 = CIRCLE('',#13945,0.3);
#13945 = AXIS2_PLACEMENT_3D('',#13946,#13947,#13948);
#13946 = CARTESIAN_POINT('',(11.15,-8.5,1.51));
#13947 = DIRECTION('',(-0.,0.,-1.));
#13948 = DIRECTION('',(5.921189464667E-15,-1.,-0.));
#13949 = ORIENTED_EDGE('',*,*,#13950,.T.);
#13950 = EDGE_CURVE('',#13942,#13923,#13951,.T.);
#13951 = LINE('',#13952,#13953);
#13952 = CARTESIAN_POINT('',(5.025,-8.8,1.51));
#13953 = VECTOR('',#13954,1.);
#13954 = DIRECTION('',(-1.,0.,0.));
#13955 = FACE_BOUND('',#13956,.T.);
#13956 = EDGE_LOOP('',(#13957));
#13957 = ORIENTED_EDGE('',*,*,#13958,.T.);
#13958 = EDGE_CURVE('',#13959,#13959,#13961,.T.);
#13959 = VERTEX_POINT('',#13960);
#13960 = CARTESIAN_POINT('',(4.6,-6.7,1.51));
#13961 = CIRCLE('',#13962,1.35);
#13962 = AXIS2_PLACEMENT_3D('',#13963,#13964,#13965);
#13963 = CARTESIAN_POINT('',(4.6,-5.35,1.51));
#13964 = DIRECTION('',(-0.,0.,-1.));
#13965 = DIRECTION('',(-0.,-1.,0.));
#13966 = FACE_BOUND('',#13967,.T.);
#13967 = EDGE_LOOP('',(#13968));
#13968 = ORIENTED_EDGE('',*,*,#13969,.T.);
#13969 = EDGE_CURVE('',#13970,#13970,#13972,.T.);
#13970 = VERTEX_POINT('',#13971);
#13971 = CARTESIAN_POINT('',(-19.08,4.95,1.51));
#13972 = CIRCLE('',#13973,0.55);
#13973 = AXIS2_PLACEMENT_3D('',#13974,#13975,#13976);
#13974 = CARTESIAN_POINT('',(-19.08,5.5,1.51));
#13975 = DIRECTION('',(-0.,0.,-1.));
#13976 = DIRECTION('',(-0.,-1.,0.));
#13977 = FACE_BOUND('',#13978,.T.);
#13978 = EDGE_LOOP('',(#13979));
#13979 = ORIENTED_EDGE('',*,*,#13980,.T.);
#13980 = EDGE_CURVE('',#13981,#13981,#13983,.T.);
#13981 = VERTEX_POINT('',#13982);
#13982 = CARTESIAN_POINT('',(-16.54,4.95,1.51));
#13983 = CIRCLE('',#13984,0.55);
#13984 = AXIS2_PLACEMENT_3D('',#13985,#13986,#13987);
#13985 = CARTESIAN_POINT('',(-16.54,5.5,1.51));
#13986 = DIRECTION('',(-0.,0.,-1.));
#13987 = DIRECTION('',(-0.,-1.,0.));
#13988 = FACE_BOUND('',#13989,.T.);
#13989 = EDGE_LOOP('',(#13990));
#13990 = ORIENTED_EDGE('',*,*,#13991,.T.);
#13991 = EDGE_CURVE('',#13992,#13992,#13994,.T.);
#13992 = VERTEX_POINT('',#13993);
#13993 = CARTESIAN_POINT('',(-14.,4.95,1.51));
#13994 = CIRCLE('',#13995,0.55);
#13995 = AXIS2_PLACEMENT_3D('',#13996,#13997,#13998);
#13996 = CARTESIAN_POINT('',(-14.,5.5,1.51));
#13997 = DIRECTION('',(-0.,0.,-1.));
#13998 = DIRECTION('',(-0.,-1.,0.));
#13999 = FACE_BOUND('',#14000,.T.);
#14000 = EDGE_LOOP('',(#14001));
#14001 = ORIENTED_EDGE('',*,*,#14002,.T.);
#14002 = EDGE_CURVE('',#14003,#14003,#14005,.T.);
#14003 = VERTEX_POINT('',#14004);
#14004 = CARTESIAN_POINT('',(-19.08,7.49,1.51));
#14005 = CIRCLE('',#14006,0.55);
#14006 = AXIS2_PLACEMENT_3D('',#14007,#14008,#14009);
#14007 = CARTESIAN_POINT('',(-19.08,8.04,1.51));
#14008 = DIRECTION('',(-0.,0.,-1.));
#14009 = DIRECTION('',(-0.,-1.,0.));
#14010 = FACE_BOUND('',#14011,.T.);
#14011 = EDGE_LOOP('',(#14012));
#14012 = ORIENTED_EDGE('',*,*,#14013,.T.);
#14013 = EDGE_CURVE('',#14014,#14014,#14016,.T.);
#14014 = VERTEX_POINT('',#14015);
#14015 = CARTESIAN_POINT('',(-16.54,7.49,1.51));
#14016 = CIRCLE('',#14017,0.55);
#14017 = AXIS2_PLACEMENT_3D('',#14018,#14019,#14020);
#14018 = CARTESIAN_POINT('',(-16.54,8.04,1.51));
#14019 = DIRECTION('',(-0.,0.,-1.));
#14020 = DIRECTION('',(-0.,-1.,0.));
#14021 = FACE_BOUND('',#14022,.T.);
#14022 = EDGE_LOOP('',(#14023));
#14023 = ORIENTED_EDGE('',*,*,#14024,.T.);
#14024 = EDGE_CURVE('',#14025,#14025,#14027,.T.);
#14025 = VERTEX_POINT('',#14026);
#14026 = CARTESIAN_POINT('',(-14.,7.49,1.51));
#14027 = CIRCLE('',#14028,0.55);
#14028 = AXIS2_PLACEMENT_3D('',#14029,#14030,#14031);
#14029 = CARTESIAN_POINT('',(-14.,8.04,1.51));
#14030 = DIRECTION('',(-0.,0.,-1.));
#14031 = DIRECTION('',(-0.,-1.,0.));
#14032 = FACE_BOUND('',#14033,.T.);
#14033 = EDGE_LOOP('',(#14034));
#14034 = ORIENTED_EDGE('',*,*,#14035,.F.);
#14035 = EDGE_CURVE('',#14036,#14036,#14038,.T.);
#14036 = VERTEX_POINT('',#14037);
#14037 = CARTESIAN_POINT('',(-8.9,8.5,1.51));
#14038 = CIRCLE('',#14039,1.1);
#14039 = AXIS2_PLACEMENT_3D('',#14040,#14041,#14042);
#14040 = CARTESIAN_POINT('',(-10.,8.5,1.51));
#14041 = DIRECTION('',(0.,0.,1.));
#14042 = DIRECTION('',(1.,0.,-0.));
#14043 = FACE_BOUND('',#14044,.T.);
#14044 = EDGE_LOOP('',(#14045));
#14045 = ORIENTED_EDGE('',*,*,#14046,.T.);
#14046 = EDGE_CURVE('',#14047,#14047,#14049,.T.);
#14047 = VERTEX_POINT('',#14048);
#14048 = CARTESIAN_POINT('',(4.6,0.5,1.51));
#14049 = CIRCLE('',#14050,1.35);
#14050 = AXIS2_PLACEMENT_3D('',#14051,#14052,#14053);
#14051 = CARTESIAN_POINT('',(4.6,1.85,1.51));
#14052 = DIRECTION('',(-0.,0.,-1.));
#14053 = DIRECTION('',(-0.,-1.,0.));
#14054 = FACE_BOUND('',#14055,.T.);
#14055 = EDGE_LOOP('',(#14056,#14067,#14075,#14084));
#14056 = ORIENTED_EDGE('',*,*,#14057,.T.);
#14057 = EDGE_CURVE('',#14058,#14060,#14062,.T.);
#14058 = VERTEX_POINT('',#14059);
#14059 = CARTESIAN_POINT('',(10.05,4.7,1.51));
#14060 = VERTEX_POINT('',#14061);
#14061 = CARTESIAN_POINT('',(10.05,5.3,1.51));
#14062 = CIRCLE('',#14063,0.3);
#14063 = AXIS2_PLACEMENT_3D('',#14064,#14065,#14066);
#14064 = CARTESIAN_POINT('',(10.05,5.,1.51));
#14065 = DIRECTION('',(-0.,0.,-1.));
#14066 = DIRECTION('',(0.,1.,0.));
#14067 = ORIENTED_EDGE('',*,*,#14068,.T.);
#14068 = EDGE_CURVE('',#14060,#14069,#14071,.T.);
#14069 = VERTEX_POINT('',#14070);
#14070 = CARTESIAN_POINT('',(11.15,5.3,1.51));
#14071 = LINE('',#14072,#14073);
#14072 = CARTESIAN_POINT('',(5.575,5.3,1.51));
#14073 = VECTOR('',#14074,1.);
#14074 = DIRECTION('',(1.,0.,-0.));
#14075 = ORIENTED_EDGE('',*,*,#14076,.T.);
#14076 = EDGE_CURVE('',#14069,#14077,#14079,.T.);
#14077 = VERTEX_POINT('',#14078);
#14078 = CARTESIAN_POINT('',(11.15,4.7,1.51));
#14079 = CIRCLE('',#14080,0.3);
#14080 = AXIS2_PLACEMENT_3D('',#14081,#14082,#14083);
#14081 = CARTESIAN_POINT('',(11.15,5.,1.51));
#14082 = DIRECTION('',(-0.,0.,-1.));
#14083 = DIRECTION('',(-0.,-1.,0.));
#14084 = ORIENTED_EDGE('',*,*,#14085,.T.);
#14085 = EDGE_CURVE('',#14077,#14058,#14086,.T.);
#14086 = LINE('',#14087,#14088);
#14087 = CARTESIAN_POINT('',(5.025,4.7,1.51));
#14088 = VECTOR('',#14089,1.);
#14089 = DIRECTION('',(-1.,0.,0.));
#14090 = FACE_BOUND('',#14091,.T.);
#14091 = EDGE_LOOP('',(#14092));
#14092 = ORIENTED_EDGE('',*,*,#14093,.F.);
#14093 = EDGE_CURVE('',#14094,#14094,#14096,.T.);
#14094 = VERTEX_POINT('',#14095);
#14095 = CARTESIAN_POINT('',(20.85,8.5,1.51));
#14096 = CIRCLE('',#14097,1.1);
#14097 = AXIS2_PLACEMENT_3D('',#14098,#14099,#14100);
#14098 = CARTESIAN_POINT('',(19.75,8.5,1.51));
#14099 = DIRECTION('',(0.,0.,1.));
#14100 = DIRECTION('',(1.,0.,-0.));
#14101 = PLANE('',#14102);
#14102 = AXIS2_PLACEMENT_3D('',#14103,#14104,#14105);
#14103 = CARTESIAN_POINT('',(0.,0.,1.51));
#14104 = DIRECTION('',(0.,0.,1.));
#14105 = DIRECTION('',(1.,0.,-0.));
#14106 = ADVANCED_FACE('',(#14107),#14113,.T.);
#14107 = FACE_BOUND('',#14108,.T.);
#14108 = EDGE_LOOP('',(#14109,#14110,#14111,#14112));
#14109 = ORIENTED_EDGE('',*,*,#13030,.T.);
#14110 = ORIENTED_EDGE('',*,*,#13583,.T.);
#14111 = ORIENTED_EDGE('',*,*,#12990,.F.);
#14112 = ORIENTED_EDGE('',*,*,#13054,.F.);
#14113 = PLANE('',#14114);
#14114 = AXIS2_PLACEMENT_3D('',#14115,#14116,#14117);
#14115 = CARTESIAN_POINT('',(-21.5,10.,0.));
#14116 = DIRECTION('',(0.,1.,0.));
#14117 = DIRECTION('',(1.,0.,0.));
#14118 = ADVANCED_FACE('',(#14119),#14130,.F.);
#14119 = FACE_BOUND('',#14120,.T.);
#14120 = EDGE_LOOP('',(#14121,#14122,#14128,#14129));
#14121 = ORIENTED_EDGE('',*,*,#13063,.T.);
#14122 = ORIENTED_EDGE('',*,*,#14123,.T.);
#14123 = EDGE_CURVE('',#13064,#13593,#14124,.T.);
#14124 = LINE('',#14125,#14126);
#14125 = CARTESIAN_POINT('',(-19.2,-8.065,-4.6E-02));
#14126 = VECTOR('',#14127,1.);
#14127 = DIRECTION('',(0.,0.,1.));
#14128 = ORIENTED_EDGE('',*,*,#13592,.F.);
#14129 = ORIENTED_EDGE('',*,*,#14123,.F.);
#14130 = CYLINDRICAL_SURFACE('',#14131,0.365);
#14131 = AXIS2_PLACEMENT_3D('',#14132,#14133,#14134);
#14132 = CARTESIAN_POINT('',(-19.2,-7.7,-4.6E-02));
#14133 = DIRECTION('',(-0.,0.,-1.));
#14134 = DIRECTION('',(9.7334621337E-15,-1.,-0.));
#14135 = ADVANCED_FACE('',(#14136),#14147,.F.);
#14136 = FACE_BOUND('',#14137,.T.);
#14137 = EDGE_LOOP('',(#14138,#14139,#14145,#14146));
#14138 = ORIENTED_EDGE('',*,*,#13074,.T.);
#14139 = ORIENTED_EDGE('',*,*,#14140,.T.);
#14140 = EDGE_CURVE('',#13075,#13604,#14141,.T.);
#14141 = LINE('',#14142,#14143);
#14142 = CARTESIAN_POINT('',(-14.6,-8.065,-4.6E-02));
#14143 = VECTOR('',#14144,1.);
#14144 = DIRECTION('',(0.,0.,1.));
#14145 = ORIENTED_EDGE('',*,*,#13603,.F.);
#14146 = ORIENTED_EDGE('',*,*,#14140,.F.);
#14147 = CYLINDRICAL_SURFACE('',#14148,0.365);
#14148 = AXIS2_PLACEMENT_3D('',#14149,#14150,#14151);
#14149 = CARTESIAN_POINT('',(-14.6,-7.7,-4.6E-02));
#14150 = DIRECTION('',(-0.,-0.,-1.));
#14151 = DIRECTION('',(-0.,-1.,0.));
#14152 = ADVANCED_FACE('',(#14153),#14164,.F.);
#14153 = FACE_BOUND('',#14154,.T.);
#14154 = EDGE_LOOP('',(#14155,#14156,#14162,#14163));
#14155 = ORIENTED_EDGE('',*,*,#13085,.T.);
#14156 = ORIENTED_EDGE('',*,*,#14157,.T.);
#14157 = EDGE_CURVE('',#13086,#13615,#14158,.T.);
#14158 = LINE('',#14159,#14160);
#14159 = CARTESIAN_POINT('',(-10.,-8.065,-4.6E-02));
#14160 = VECTOR('',#14161,1.);
#14161 = DIRECTION('',(0.,0.,1.));
#14162 = ORIENTED_EDGE('',*,*,#13614,.F.);
#14163 = ORIENTED_EDGE('',*,*,#14157,.F.);
#14164 = CYLINDRICAL_SURFACE('',#14165,0.365);
#14165 = AXIS2_PLACEMENT_3D('',#14166,#14167,#14168);
#14166 = CARTESIAN_POINT('',(-10.,-7.7,-4.6E-02));
#14167 = DIRECTION('',(-0.,-0.,-1.));
#14168 = DIRECTION('',(-0.,-1.,0.));
#14169 = ADVANCED_FACE('',(#14170),#14181,.F.);
#14170 = FACE_BOUND('',#14171,.T.);
#14171 = EDGE_LOOP('',(#14172,#14173,#14179,#14180));
#14172 = ORIENTED_EDGE('',*,*,#13096,.T.);
#14173 = ORIENTED_EDGE('',*,*,#14174,.T.);
#14174 = EDGE_CURVE('',#13097,#13626,#14175,.T.);
#14175 = LINE('',#14176,#14177);
#14176 = CARTESIAN_POINT('',(-19.2,-6.565,-4.6E-02));
#14177 = VECTOR('',#14178,1.);
#14178 = DIRECTION('',(0.,0.,1.));
#14179 = ORIENTED_EDGE('',*,*,#13625,.F.);
#14180 = ORIENTED_EDGE('',*,*,#14174,.F.);
#14181 = CYLINDRICAL_SURFACE('',#14182,0.365);
#14182 = AXIS2_PLACEMENT_3D('',#14183,#14184,#14185);
#14183 = CARTESIAN_POINT('',(-19.2,-6.2,-4.6E-02));
#14184 = DIRECTION('',(-0.,0.,-1.));
#14185 = DIRECTION('',(9.7334621337E-15,-1.,-0.));
#14186 = ADVANCED_FACE('',(#14187),#14198,.F.);
#14187 = FACE_BOUND('',#14188,.T.);
#14188 = EDGE_LOOP('',(#14189,#14190,#14196,#14197));
#14189 = ORIENTED_EDGE('',*,*,#13107,.T.);
#14190 = ORIENTED_EDGE('',*,*,#14191,.T.);
#14191 = EDGE_CURVE('',#13108,#13637,#14192,.T.);
#14192 = LINE('',#14193,#14194);
#14193 = CARTESIAN_POINT('',(-14.6,-6.565,-4.6E-02));
#14194 = VECTOR('',#14195,1.);
#14195 = DIRECTION('',(0.,0.,1.));
#14196 = ORIENTED_EDGE('',*,*,#13636,.F.);
#14197 = ORIENTED_EDGE('',*,*,#14191,.F.);
#14198 = CYLINDRICAL_SURFACE('',#14199,0.365);
#14199 = AXIS2_PLACEMENT_3D('',#14200,#14201,#14202);
#14200 = CARTESIAN_POINT('',(-14.6,-6.2,-4.6E-02));
#14201 = DIRECTION('',(-0.,-0.,-1.));
#14202 = DIRECTION('',(-0.,-1.,0.));
#14203 = ADVANCED_FACE('',(#14204),#14215,.F.);
#14204 = FACE_BOUND('',#14205,.T.);
#14205 = EDGE_LOOP('',(#14206,#14207,#14213,#14214));
#14206 = ORIENTED_EDGE('',*,*,#13118,.T.);
#14207 = ORIENTED_EDGE('',*,*,#14208,.T.);
#14208 = EDGE_CURVE('',#13119,#13648,#14209,.T.);
#14209 = LINE('',#14210,#14211);
#14210 = CARTESIAN_POINT('',(-19.2,-5.065,-4.6E-02));
#14211 = VECTOR('',#14212,1.);
#14212 = DIRECTION('',(0.,0.,1.));
#14213 = ORIENTED_EDGE('',*,*,#13647,.F.);
#14214 = ORIENTED_EDGE('',*,*,#14208,.F.);
#14215 = CYLINDRICAL_SURFACE('',#14216,0.365);
#14216 = AXIS2_PLACEMENT_3D('',#14217,#14218,#14219);
#14217 = CARTESIAN_POINT('',(-19.2,-4.7,-4.6E-02));
#14218 = DIRECTION('',(-0.,0.,-1.));
#14219 = DIRECTION('',(9.7334621337E-15,-1.,-0.));
#14220 = ADVANCED_FACE('',(#14221),#14232,.F.);
#14221 = FACE_BOUND('',#14222,.T.);
#14222 = EDGE_LOOP('',(#14223,#14224,#14230,#14231));
#14223 = ORIENTED_EDGE('',*,*,#13129,.T.);
#14224 = ORIENTED_EDGE('',*,*,#14225,.T.);
#14225 = EDGE_CURVE('',#13130,#13659,#14226,.T.);
#14226 = LINE('',#14227,#14228);
#14227 = CARTESIAN_POINT('',(-14.6,-5.065,-4.6E-02));
#14228 = VECTOR('',#14229,1.);
#14229 = DIRECTION('',(0.,0.,1.));
#14230 = ORIENTED_EDGE('',*,*,#13658,.F.);
#14231 = ORIENTED_EDGE('',*,*,#14225,.F.);
#14232 = CYLINDRICAL_SURFACE('',#14233,0.365);
#14233 = AXIS2_PLACEMENT_3D('',#14234,#14235,#14236);
#14234 = CARTESIAN_POINT('',(-14.6,-4.7,-4.6E-02));
#14235 = DIRECTION('',(-0.,-0.,-1.));
#14236 = DIRECTION('',(-0.,-1.,0.));
#14237 = ADVANCED_FACE('',(#14238),#14249,.F.);
#14238 = FACE_BOUND('',#14239,.T.);
#14239 = EDGE_LOOP('',(#14240,#14241,#14247,#14248));
#14240 = ORIENTED_EDGE('',*,*,#13140,.T.);
#14241 = ORIENTED_EDGE('',*,*,#14242,.T.);
#14242 = EDGE_CURVE('',#13141,#13670,#14243,.T.);
#14243 = LINE('',#14244,#14245);
#14244 = CARTESIAN_POINT('',(-10.,-6.565,-4.6E-02));
#14245 = VECTOR('',#14246,1.);
#14246 = DIRECTION('',(0.,0.,1.));
#14247 = ORIENTED_EDGE('',*,*,#13669,.F.);
#14248 = ORIENTED_EDGE('',*,*,#14242,.F.);
#14249 = CYLINDRICAL_SURFACE('',#14250,0.365);
#14250 = AXIS2_PLACEMENT_3D('',#14251,#14252,#14253);
#14251 = CARTESIAN_POINT('',(-10.,-6.2,-4.6E-02));
#14252 = DIRECTION('',(-0.,-0.,-1.));
#14253 = DIRECTION('',(-0.,-1.,0.));
#14254 = ADVANCED_FACE('',(#14255),#14266,.F.);
#14255 = FACE_BOUND('',#14256,.T.);
#14256 = EDGE_LOOP('',(#14257,#14258,#14264,#14265));
#14257 = ORIENTED_EDGE('',*,*,#13151,.T.);
#14258 = ORIENTED_EDGE('',*,*,#14259,.T.);
#14259 = EDGE_CURVE('',#13152,#13681,#14260,.T.);
#14260 = LINE('',#14261,#14262);
#14261 = CARTESIAN_POINT('',(-10.,-5.065,-4.6E-02));
#14262 = VECTOR('',#14263,1.);
#14263 = DIRECTION('',(0.,0.,1.));
#14264 = ORIENTED_EDGE('',*,*,#13680,.F.);
#14265 = ORIENTED_EDGE('',*,*,#14259,.F.);
#14266 = CYLINDRICAL_SURFACE('',#14267,0.365);
#14267 = AXIS2_PLACEMENT_3D('',#14268,#14269,#14270);
#14268 = CARTESIAN_POINT('',(-10.,-4.7,-4.6E-02));
#14269 = DIRECTION('',(-0.,-0.,-1.));
#14270 = DIRECTION('',(-0.,-1.,0.));
#14271 = ADVANCED_FACE('',(#14272),#14283,.F.);
#14272 = FACE_BOUND('',#14273,.T.);
#14273 = EDGE_LOOP('',(#14274,#14275,#14281,#14282));
#14274 = ORIENTED_EDGE('',*,*,#13162,.T.);
#14275 = ORIENTED_EDGE('',*,*,#14276,.T.);
#14276 = EDGE_CURVE('',#13163,#13692,#14277,.T.);
#14277 = LINE('',#14278,#14279);
#14278 = CARTESIAN_POINT('',(-5.4,-8.065,-4.6E-02));
#14279 = VECTOR('',#14280,1.);
#14280 = DIRECTION('',(0.,0.,1.));
#14281 = ORIENTED_EDGE('',*,*,#13691,.F.);
#14282 = ORIENTED_EDGE('',*,*,#14276,.F.);
#14283 = CYLINDRICAL_SURFACE('',#14284,0.365);
#14284 = AXIS2_PLACEMENT_3D('',#14285,#14286,#14287);
#14285 = CARTESIAN_POINT('',(-5.4,-7.7,-4.6E-02));
#14286 = DIRECTION('',(-0.,-0.,-1.));
#14287 = DIRECTION('',(-0.,-1.,0.));
#14288 = ADVANCED_FACE('',(#14289),#14300,.F.);
#14289 = FACE_BOUND('',#14290,.T.);
#14290 = EDGE_LOOP('',(#14291,#14292,#14298,#14299));
#14291 = ORIENTED_EDGE('',*,*,#13173,.T.);
#14292 = ORIENTED_EDGE('',*,*,#14293,.T.);
#14293 = EDGE_CURVE('',#13174,#13703,#14294,.T.);
#14294 = LINE('',#14295,#14296);
#14295 = CARTESIAN_POINT('',(-0.8,-8.065,-4.6E-02));
#14296 = VECTOR('',#14297,1.);
#14297 = DIRECTION('',(0.,0.,1.));
#14298 = ORIENTED_EDGE('',*,*,#13702,.F.);
#14299 = ORIENTED_EDGE('',*,*,#14293,.F.);
#14300 = CYLINDRICAL_SURFACE('',#14301,0.365);
#14301 = AXIS2_PLACEMENT_3D('',#14302,#14303,#14304);
#14302 = CARTESIAN_POINT('',(-0.8,-7.7,-4.6E-02));
#14303 = DIRECTION('',(-0.,-0.,-1.));
#14304 = DIRECTION('',(-0.,-1.,0.));
#14305 = ADVANCED_FACE('',(#14306),#14317,.F.);
#14306 = FACE_BOUND('',#14307,.T.);
#14307 = EDGE_LOOP('',(#14308,#14309,#14315,#14316));
#14308 = ORIENTED_EDGE('',*,*,#13184,.T.);
#14309 = ORIENTED_EDGE('',*,*,#14310,.T.);
#14310 = EDGE_CURVE('',#13185,#13714,#14311,.T.);
#14311 = LINE('',#14312,#14313);
#14312 = CARTESIAN_POINT('',(-5.4,-6.565,-4.6E-02));
#14313 = VECTOR('',#14314,1.);
#14314 = DIRECTION('',(0.,0.,1.));
#14315 = ORIENTED_EDGE('',*,*,#13713,.F.);
#14316 = ORIENTED_EDGE('',*,*,#14310,.F.);
#14317 = CYLINDRICAL_SURFACE('',#14318,0.365);
#14318 = AXIS2_PLACEMENT_3D('',#14319,#14320,#14321);
#14319 = CARTESIAN_POINT('',(-5.4,-6.2,-4.6E-02));
#14320 = DIRECTION('',(-0.,-0.,-1.));
#14321 = DIRECTION('',(-0.,-1.,0.));
#14322 = ADVANCED_FACE('',(#14323),#14334,.F.);
#14323 = FACE_BOUND('',#14324,.T.);
#14324 = EDGE_LOOP('',(#14325,#14326,#14332,#14333));
#14325 = ORIENTED_EDGE('',*,*,#13195,.T.);
#14326 = ORIENTED_EDGE('',*,*,#14327,.T.);
#14327 = EDGE_CURVE('',#13196,#13725,#14328,.T.);
#14328 = LINE('',#14329,#14330);
#14329 = CARTESIAN_POINT('',(-5.4,-5.065,-4.6E-02));
#14330 = VECTOR('',#14331,1.);
#14331 = DIRECTION('',(0.,0.,1.));
#14332 = ORIENTED_EDGE('',*,*,#13724,.F.);
#14333 = ORIENTED_EDGE('',*,*,#14327,.F.);
#14334 = CYLINDRICAL_SURFACE('',#14335,0.365);
#14335 = AXIS2_PLACEMENT_3D('',#14336,#14337,#14338);
#14336 = CARTESIAN_POINT('',(-5.4,-4.7,-4.6E-02));
#14337 = DIRECTION('',(-0.,-0.,-1.));
#14338 = DIRECTION('',(-0.,-1.,0.));
#14339 = ADVANCED_FACE('',(#14340),#14351,.F.);
#14340 = FACE_BOUND('',#14341,.T.);
#14341 = EDGE_LOOP('',(#14342,#14343,#14349,#14350));
#14342 = ORIENTED_EDGE('',*,*,#13206,.T.);
#14343 = ORIENTED_EDGE('',*,*,#14344,.T.);
#14344 = EDGE_CURVE('',#13207,#13736,#14345,.T.);
#14345 = LINE('',#14346,#14347);
#14346 = CARTESIAN_POINT('',(-0.8,-6.565,-4.6E-02));
#14347 = VECTOR('',#14348,1.);
#14348 = DIRECTION('',(0.,0.,1.));
#14349 = ORIENTED_EDGE('',*,*,#13735,.F.);
#14350 = ORIENTED_EDGE('',*,*,#14344,.F.);
#14351 = CYLINDRICAL_SURFACE('',#14352,0.365);
#14352 = AXIS2_PLACEMENT_3D('',#14353,#14354,#14355);
#14353 = CARTESIAN_POINT('',(-0.8,-6.2,-4.6E-02));
#14354 = DIRECTION('',(-0.,-0.,-1.));
#14355 = DIRECTION('',(-0.,-1.,0.));
#14356 = ADVANCED_FACE('',(#14357),#14368,.F.);
#14357 = FACE_BOUND('',#14358,.T.);
#14358 = EDGE_LOOP('',(#14359,#14360,#14366,#14367));
#14359 = ORIENTED_EDGE('',*,*,#13217,.T.);
#14360 = ORIENTED_EDGE('',*,*,#14361,.T.);
#14361 = EDGE_CURVE('',#13218,#13747,#14362,.T.);
#14362 = LINE('',#14363,#14364);
#14363 = CARTESIAN_POINT('',(-0.8,-5.065,-4.6E-02));
#14364 = VECTOR('',#14365,1.);
#14365 = DIRECTION('',(0.,0.,1.));
#14366 = ORIENTED_EDGE('',*,*,#13746,.F.);
#14367 = ORIENTED_EDGE('',*,*,#14361,.F.);
#14368 = CYLINDRICAL_SURFACE('',#14369,0.365);
#14369 = AXIS2_PLACEMENT_3D('',#14370,#14371,#14372);
#14370 = CARTESIAN_POINT('',(-0.8,-4.7,-4.6E-02));
#14371 = DIRECTION('',(-0.,-0.,-1.));
#14372 = DIRECTION('',(-0.,-1.,0.));
#14373 = ADVANCED_FACE('',(#14374),#14385,.F.);
#14374 = FACE_BOUND('',#14375,.T.);
#14375 = EDGE_LOOP('',(#14376,#14377,#14383,#14384));
#14376 = ORIENTED_EDGE('',*,*,#13228,.T.);
#14377 = ORIENTED_EDGE('',*,*,#14378,.T.);
#14378 = EDGE_CURVE('',#13229,#13758,#14379,.T.);
#14379 = LINE('',#14380,#14381);
#14380 = CARTESIAN_POINT('',(-19.2,-3.565,-4.6E-02));
#14381 = VECTOR('',#14382,1.);
#14382 = DIRECTION('',(0.,0.,1.));
#14383 = ORIENTED_EDGE('',*,*,#13757,.F.);
#14384 = ORIENTED_EDGE('',*,*,#14378,.F.);
#14385 = CYLINDRICAL_SURFACE('',#14386,0.365);
#14386 = AXIS2_PLACEMENT_3D('',#14387,#14388,#14389);
#14387 = CARTESIAN_POINT('',(-19.2,-3.2,-4.6E-02));
#14388 = DIRECTION('',(-0.,0.,-1.));
#14389 = DIRECTION('',(9.7334621337E-15,-1.,-0.));
#14390 = ADVANCED_FACE('',(#14391),#14402,.F.);
#14391 = FACE_BOUND('',#14392,.T.);
#14392 = EDGE_LOOP('',(#14393,#14394,#14400,#14401));
#14393 = ORIENTED_EDGE('',*,*,#13239,.T.);
#14394 = ORIENTED_EDGE('',*,*,#14395,.T.);
#14395 = EDGE_CURVE('',#13240,#13769,#14396,.T.);
#14396 = LINE('',#14397,#14398);
#14397 = CARTESIAN_POINT('',(-14.6,-3.565,-4.6E-02));
#14398 = VECTOR('',#14399,1.);
#14399 = DIRECTION('',(0.,0.,1.));
#14400 = ORIENTED_EDGE('',*,*,#13768,.F.);
#14401 = ORIENTED_EDGE('',*,*,#14395,.F.);
#14402 = CYLINDRICAL_SURFACE('',#14403,0.365);
#14403 = AXIS2_PLACEMENT_3D('',#14404,#14405,#14406);
#14404 = CARTESIAN_POINT('',(-14.6,-3.2,-4.6E-02));
#14405 = DIRECTION('',(-0.,-0.,-1.));
#14406 = DIRECTION('',(-0.,-1.,0.));
#14407 = ADVANCED_FACE('',(#14408),#14419,.F.);
#14408 = FACE_BOUND('',#14409,.T.);
#14409 = EDGE_LOOP('',(#14410,#14411,#14417,#14418));
#14410 = ORIENTED_EDGE('',*,*,#13250,.T.);
#14411 = ORIENTED_EDGE('',*,*,#14412,.T.);
#14412 = EDGE_CURVE('',#13251,#13780,#14413,.T.);
#14413 = LINE('',#14414,#14415);
#14414 = CARTESIAN_POINT('',(-10.,-3.565,-4.6E-02));
#14415 = VECTOR('',#14416,1.);
#14416 = DIRECTION('',(0.,0.,1.));
#14417 = ORIENTED_EDGE('',*,*,#13779,.F.);
#14418 = ORIENTED_EDGE('',*,*,#14412,.F.);
#14419 = CYLINDRICAL_SURFACE('',#14420,0.365);
#14420 = AXIS2_PLACEMENT_3D('',#14421,#14422,#14423);
#14421 = CARTESIAN_POINT('',(-10.,-3.2,-4.6E-02));
#14422 = DIRECTION('',(-0.,-0.,-1.));
#14423 = DIRECTION('',(-0.,-1.,0.));
#14424 = ADVANCED_FACE('',(#14425),#14436,.F.);
#14425 = FACE_BOUND('',#14426,.T.);
#14426 = EDGE_LOOP('',(#14427,#14428,#14434,#14435));
#14427 = ORIENTED_EDGE('',*,*,#13261,.T.);
#14428 = ORIENTED_EDGE('',*,*,#14429,.T.);
#14429 = EDGE_CURVE('',#13262,#13791,#14430,.T.);
#14430 = LINE('',#14431,#14432);
#14431 = CARTESIAN_POINT('',(-19.2,-2.065,-4.6E-02));
#14432 = VECTOR('',#14433,1.);
#14433 = DIRECTION('',(0.,0.,1.));
#14434 = ORIENTED_EDGE('',*,*,#13790,.F.);
#14435 = ORIENTED_EDGE('',*,*,#14429,.F.);
#14436 = CYLINDRICAL_SURFACE('',#14437,0.365);
#14437 = AXIS2_PLACEMENT_3D('',#14438,#14439,#14440);
#14438 = CARTESIAN_POINT('',(-19.2,-1.7,-4.6E-02));
#14439 = DIRECTION('',(-0.,0.,-1.));
#14440 = DIRECTION('',(9.7334621337E-15,-1.,-0.));
#14441 = ADVANCED_FACE('',(#14442),#14453,.F.);
#14442 = FACE_BOUND('',#14443,.T.);
#14443 = EDGE_LOOP('',(#14444,#14445,#14451,#14452));
#14444 = ORIENTED_EDGE('',*,*,#13272,.T.);
#14445 = ORIENTED_EDGE('',*,*,#14446,.T.);
#14446 = EDGE_CURVE('',#13273,#13802,#14447,.T.);
#14447 = LINE('',#14448,#14449);
#14448 = CARTESIAN_POINT('',(-14.6,-2.065,-4.6E-02));
#14449 = VECTOR('',#14450,1.);
#14450 = DIRECTION('',(0.,0.,1.));
#14451 = ORIENTED_EDGE('',*,*,#13801,.F.);
#14452 = ORIENTED_EDGE('',*,*,#14446,.F.);
#14453 = CYLINDRICAL_SURFACE('',#14454,0.365);
#14454 = AXIS2_PLACEMENT_3D('',#14455,#14456,#14457);
#14455 = CARTESIAN_POINT('',(-14.6,-1.7,-4.6E-02));
#14456 = DIRECTION('',(-0.,-0.,-1.));
#14457 = DIRECTION('',(-0.,-1.,0.));
#14458 = ADVANCED_FACE('',(#14459),#14470,.F.);
#14459 = FACE_BOUND('',#14460,.T.);
#14460 = EDGE_LOOP('',(#14461,#14462,#14468,#14469));
#14461 = ORIENTED_EDGE('',*,*,#13283,.T.);
#14462 = ORIENTED_EDGE('',*,*,#14463,.T.);
#14463 = EDGE_CURVE('',#13284,#13813,#14464,.T.);
#14464 = LINE('',#14465,#14466);
#14465 = CARTESIAN_POINT('',(-19.2,-0.565,-4.6E-02));
#14466 = VECTOR('',#14467,1.);
#14467 = DIRECTION('',(0.,0.,1.));
#14468 = ORIENTED_EDGE('',*,*,#13812,.F.);
#14469 = ORIENTED_EDGE('',*,*,#14463,.F.);
#14470 = CYLINDRICAL_SURFACE('',#14471,0.365);
#14471 = AXIS2_PLACEMENT_3D('',#14472,#14473,#14474);
#14472 = CARTESIAN_POINT('',(-19.2,-0.2,-4.6E-02));
#14473 = DIRECTION('',(-0.,0.,-1.));
#14474 = DIRECTION('',(9.7334621337E-15,-1.,-0.));
#14475 = ADVANCED_FACE('',(#14476),#14487,.F.);
#14476 = FACE_BOUND('',#14477,.T.);
#14477 = EDGE_LOOP('',(#14478,#14479,#14485,#14486));
#14478 = ORIENTED_EDGE('',*,*,#13294,.T.);
#14479 = ORIENTED_EDGE('',*,*,#14480,.T.);
#14480 = EDGE_CURVE('',#13295,#13824,#14481,.T.);
#14481 = LINE('',#14482,#14483);
#14482 = CARTESIAN_POINT('',(-14.6,-0.565,-4.6E-02));
#14483 = VECTOR('',#14484,1.);
#14484 = DIRECTION('',(0.,0.,1.));
#14485 = ORIENTED_EDGE('',*,*,#13823,.F.);
#14486 = ORIENTED_EDGE('',*,*,#14480,.F.);
#14487 = CYLINDRICAL_SURFACE('',#14488,0.365);
#14488 = AXIS2_PLACEMENT_3D('',#14489,#14490,#14491);
#14489 = CARTESIAN_POINT('',(-14.6,-0.2,-4.6E-02));
#14490 = DIRECTION('',(-0.,-0.,-1.));
#14491 = DIRECTION('',(-0.,-1.,0.));
#14492 = ADVANCED_FACE('',(#14493),#14504,.F.);
#14493 = FACE_BOUND('',#14494,.T.);
#14494 = EDGE_LOOP('',(#14495,#14496,#14502,#14503));
#14495 = ORIENTED_EDGE('',*,*,#13305,.T.);
#14496 = ORIENTED_EDGE('',*,*,#14497,.T.);
#14497 = EDGE_CURVE('',#13306,#13835,#14498,.T.);
#14498 = LINE('',#14499,#14500);
#14499 = CARTESIAN_POINT('',(-10.,-2.065,-4.6E-02));
#14500 = VECTOR('',#14501,1.);
#14501 = DIRECTION('',(0.,0.,1.));
#14502 = ORIENTED_EDGE('',*,*,#13834,.F.);
#14503 = ORIENTED_EDGE('',*,*,#14497,.F.);
#14504 = CYLINDRICAL_SURFACE('',#14505,0.365);
#14505 = AXIS2_PLACEMENT_3D('',#14506,#14507,#14508);
#14506 = CARTESIAN_POINT('',(-10.,-1.7,-4.6E-02));
#14507 = DIRECTION('',(-0.,-0.,-1.));
#14508 = DIRECTION('',(-0.,-1.,0.));
#14509 = ADVANCED_FACE('',(#14510),#14521,.F.);
#14510 = FACE_BOUND('',#14511,.T.);
#14511 = EDGE_LOOP('',(#14512,#14513,#14519,#14520));
#14512 = ORIENTED_EDGE('',*,*,#13316,.T.);
#14513 = ORIENTED_EDGE('',*,*,#14514,.T.);
#14514 = EDGE_CURVE('',#13317,#13846,#14515,.T.);
#14515 = LINE('',#14516,#14517);
#14516 = CARTESIAN_POINT('',(-10.,-0.565,-4.6E-02));
#14517 = VECTOR('',#14518,1.);
#14518 = DIRECTION('',(0.,0.,1.));
#14519 = ORIENTED_EDGE('',*,*,#13845,.F.);
#14520 = ORIENTED_EDGE('',*,*,#14514,.F.);
#14521 = CYLINDRICAL_SURFACE('',#14522,0.365);
#14522 = AXIS2_PLACEMENT_3D('',#14523,#14524,#14525);
#14523 = CARTESIAN_POINT('',(-10.,-0.2,-4.6E-02));
#14524 = DIRECTION('',(-0.,-0.,-1.));
#14525 = DIRECTION('',(-0.,-1.,0.));
#14526 = ADVANCED_FACE('',(#14527),#14538,.F.);
#14527 = FACE_BOUND('',#14528,.T.);
#14528 = EDGE_LOOP('',(#14529,#14530,#14536,#14537));
#14529 = ORIENTED_EDGE('',*,*,#13327,.T.);
#14530 = ORIENTED_EDGE('',*,*,#14531,.T.);
#14531 = EDGE_CURVE('',#13328,#13857,#14532,.T.);
#14532 = LINE('',#14533,#14534);
#14533 = CARTESIAN_POINT('',(-5.4,-3.565,-4.6E-02));
#14534 = VECTOR('',#14535,1.);
#14535 = DIRECTION('',(0.,0.,1.));
#14536 = ORIENTED_EDGE('',*,*,#13856,.F.);
#14537 = ORIENTED_EDGE('',*,*,#14531,.F.);
#14538 = CYLINDRICAL_SURFACE('',#14539,0.365);
#14539 = AXIS2_PLACEMENT_3D('',#14540,#14541,#14542);
#14540 = CARTESIAN_POINT('',(-5.4,-3.2,-4.6E-02));
#14541 = DIRECTION('',(-0.,-0.,-1.));
#14542 = DIRECTION('',(-0.,-1.,0.));
#14543 = ADVANCED_FACE('',(#14544),#14555,.F.);
#14544 = FACE_BOUND('',#14545,.T.);
#14545 = EDGE_LOOP('',(#14546,#14547,#14553,#14554));
#14546 = ORIENTED_EDGE('',*,*,#13338,.T.);
#14547 = ORIENTED_EDGE('',*,*,#14548,.T.);
#14548 = EDGE_CURVE('',#13339,#13868,#14549,.T.);
#14549 = LINE('',#14550,#14551);
#14550 = CARTESIAN_POINT('',(-0.8,-3.565,-4.6E-02));
#14551 = VECTOR('',#14552,1.);
#14552 = DIRECTION('',(0.,0.,1.));
#14553 = ORIENTED_EDGE('',*,*,#13867,.F.);
#14554 = ORIENTED_EDGE('',*,*,#14548,.F.);
#14555 = CYLINDRICAL_SURFACE('',#14556,0.365);
#14556 = AXIS2_PLACEMENT_3D('',#14557,#14558,#14559);
#14557 = CARTESIAN_POINT('',(-0.8,-3.2,-4.6E-02));
#14558 = DIRECTION('',(-0.,-0.,-1.));
#14559 = DIRECTION('',(-0.,-1.,0.));
#14560 = ADVANCED_FACE('',(#14561),#14572,.F.);
#14561 = FACE_BOUND('',#14562,.T.);
#14562 = EDGE_LOOP('',(#14563,#14564,#14570,#14571));
#14563 = ORIENTED_EDGE('',*,*,#13349,.T.);
#14564 = ORIENTED_EDGE('',*,*,#14565,.T.);
#14565 = EDGE_CURVE('',#13350,#13879,#14566,.T.);
#14566 = LINE('',#14567,#14568);
#14567 = CARTESIAN_POINT('',(-5.4,-2.065,-4.6E-02));
#14568 = VECTOR('',#14569,1.);
#14569 = DIRECTION('',(0.,0.,1.));
#14570 = ORIENTED_EDGE('',*,*,#13878,.F.);
#14571 = ORIENTED_EDGE('',*,*,#14565,.F.);
#14572 = CYLINDRICAL_SURFACE('',#14573,0.365);
#14573 = AXIS2_PLACEMENT_3D('',#14574,#14575,#14576);
#14574 = CARTESIAN_POINT('',(-5.4,-1.7,-4.6E-02));
#14575 = DIRECTION('',(-0.,-0.,-1.));
#14576 = DIRECTION('',(-0.,-1.,0.));
#14577 = ADVANCED_FACE('',(#14578),#14589,.F.);
#14578 = FACE_BOUND('',#14579,.T.);
#14579 = EDGE_LOOP('',(#14580,#14581,#14587,#14588));
#14580 = ORIENTED_EDGE('',*,*,#13360,.T.);
#14581 = ORIENTED_EDGE('',*,*,#14582,.T.);
#14582 = EDGE_CURVE('',#13361,#13890,#14583,.T.);
#14583 = LINE('',#14584,#14585);
#14584 = CARTESIAN_POINT('',(-5.4,-0.565,-4.6E-02));
#14585 = VECTOR('',#14586,1.);
#14586 = DIRECTION('',(0.,0.,1.));
#14587 = ORIENTED_EDGE('',*,*,#13889,.F.);
#14588 = ORIENTED_EDGE('',*,*,#14582,.F.);
#14589 = CYLINDRICAL_SURFACE('',#14590,0.365);
#14590 = AXIS2_PLACEMENT_3D('',#14591,#14592,#14593);
#14591 = CARTESIAN_POINT('',(-5.4,-0.2,-4.6E-02));
#14592 = DIRECTION('',(-0.,-0.,-1.));
#14593 = DIRECTION('',(-0.,-1.,0.));
#14594 = ADVANCED_FACE('',(#14595),#14606,.F.);
#14595 = FACE_BOUND('',#14596,.T.);
#14596 = EDGE_LOOP('',(#14597,#14598,#14604,#14605));
#14597 = ORIENTED_EDGE('',*,*,#13371,.T.);
#14598 = ORIENTED_EDGE('',*,*,#14599,.T.);
#14599 = EDGE_CURVE('',#13372,#13901,#14600,.T.);
#14600 = LINE('',#14601,#14602);
#14601 = CARTESIAN_POINT('',(-0.8,-2.065,-4.6E-02));
#14602 = VECTOR('',#14603,1.);
#14603 = DIRECTION('',(0.,0.,1.));
#14604 = ORIENTED_EDGE('',*,*,#13900,.F.);
#14605 = ORIENTED_EDGE('',*,*,#14599,.F.);
#14606 = CYLINDRICAL_SURFACE('',#14607,0.365);
#14607 = AXIS2_PLACEMENT_3D('',#14608,#14609,#14610);
#14608 = CARTESIAN_POINT('',(-0.8,-1.7,-4.6E-02));
#14609 = DIRECTION('',(-0.,-0.,-1.));
#14610 = DIRECTION('',(-0.,-1.,0.));
#14611 = ADVANCED_FACE('',(#14612),#14623,.F.);
#14612 = FACE_BOUND('',#14613,.T.);
#14613 = EDGE_LOOP('',(#14614,#14615,#14621,#14622));
#14614 = ORIENTED_EDGE('',*,*,#13382,.T.);
#14615 = ORIENTED_EDGE('',*,*,#14616,.T.);
#14616 = EDGE_CURVE('',#13383,#13912,#14617,.T.);
#14617 = LINE('',#14618,#14619);
#14618 = CARTESIAN_POINT('',(-0.8,-0.565,-4.6E-02));
#14619 = VECTOR('',#14620,1.);
#14620 = DIRECTION('',(0.,0.,1.));
#14621 = ORIENTED_EDGE('',*,*,#13911,.F.);
#14622 = ORIENTED_EDGE('',*,*,#14616,.F.);
#14623 = CYLINDRICAL_SURFACE('',#14624,0.365);
#14624 = AXIS2_PLACEMENT_3D('',#14625,#14626,#14627);
#14625 = CARTESIAN_POINT('',(-0.8,-0.2,-4.6E-02));
#14626 = DIRECTION('',(-0.,-0.,-1.));
#14627 = DIRECTION('',(-0.,-1.,0.));
#14628 = ADVANCED_FACE('',(#14629),#14645,.F.);
#14629 = FACE_BOUND('',#14630,.T.);
#14630 = EDGE_LOOP('',(#14631,#14632,#14638,#14639));
#14631 = ORIENTED_EDGE('',*,*,#13393,.T.);
#14632 = ORIENTED_EDGE('',*,*,#14633,.T.);
#14633 = EDGE_CURVE('',#13396,#13925,#14634,.T.);
#14634 = LINE('',#14635,#14636);
#14635 = CARTESIAN_POINT('',(10.05,-8.2,-4.6E-02));
#14636 = VECTOR('',#14637,1.);
#14637 = DIRECTION('',(0.,0.,1.));
#14638 = ORIENTED_EDGE('',*,*,#13922,.F.);
#14639 = ORIENTED_EDGE('',*,*,#14640,.F.);
#14640 = EDGE_CURVE('',#13394,#13923,#14641,.T.);
#14641 = LINE('',#14642,#14643);
#14642 = CARTESIAN_POINT('',(10.05,-8.8,-4.6E-02));
#14643 = VECTOR('',#14644,1.);
#14644 = DIRECTION('',(0.,0.,1.));
#14645 = CYLINDRICAL_SURFACE('',#14646,0.3);
#14646 = AXIS2_PLACEMENT_3D('',#14647,#14648,#14649);
#14647 = CARTESIAN_POINT('',(10.05,-8.5,-4.6E-02));
#14648 = DIRECTION('',(-0.,0.,-1.));
#14649 = DIRECTION('',(0.,1.,0.));
#14650 = ADVANCED_FACE('',(#14651),#14662,.T.);
#14651 = FACE_BOUND('',#14652,.T.);
#14652 = EDGE_LOOP('',(#14653,#14654,#14655,#14656));
#14653 = ORIENTED_EDGE('',*,*,#13421,.T.);
#14654 = ORIENTED_EDGE('',*,*,#14640,.T.);
#14655 = ORIENTED_EDGE('',*,*,#13950,.F.);
#14656 = ORIENTED_EDGE('',*,*,#14657,.F.);
#14657 = EDGE_CURVE('',#13413,#13942,#14658,.T.);
#14658 = LINE('',#14659,#14660);
#14659 = CARTESIAN_POINT('',(11.15,-8.8,-4.6E-02));
#14660 = VECTOR('',#14661,1.);
#14661 = DIRECTION('',(0.,0.,1.));
#14662 = PLANE('',#14663);
#14663 = AXIS2_PLACEMENT_3D('',#14664,#14665,#14666);
#14664 = CARTESIAN_POINT('',(10.05,-8.8,-4.6E-02));
#14665 = DIRECTION('',(0.,1.,0.));
#14666 = DIRECTION('',(1.,0.,0.));
#14667 = ADVANCED_FACE('',(#14668),#14679,.F.);
#14668 = FACE_BOUND('',#14669,.T.);
#14669 = EDGE_LOOP('',(#14670,#14671,#14672,#14673));
#14670 = ORIENTED_EDGE('',*,*,#13412,.T.);
#14671 = ORIENTED_EDGE('',*,*,#14657,.T.);
#14672 = ORIENTED_EDGE('',*,*,#13941,.F.);
#14673 = ORIENTED_EDGE('',*,*,#14674,.F.);
#14674 = EDGE_CURVE('',#13405,#13934,#14675,.T.);
#14675 = LINE('',#14676,#14677);
#14676 = CARTESIAN_POINT('',(11.15,-8.2,-4.6E-02));
#14677 = VECTOR('',#14678,1.);
#14678 = DIRECTION('',(0.,0.,1.));
#14679 = CYLINDRICAL_SURFACE('',#14680,0.3);
#14680 = AXIS2_PLACEMENT_3D('',#14681,#14682,#14683);
#14681 = CARTESIAN_POINT('',(11.15,-8.5,-4.6E-02));
#14682 = DIRECTION('',(-0.,0.,-1.));
#14683 = DIRECTION('',(5.921189464667E-15,-1.,-0.));
#14684 = ADVANCED_FACE('',(#14685),#14691,.T.);
#14685 = FACE_BOUND('',#14686,.T.);
#14686 = EDGE_LOOP('',(#14687,#14688,#14689,#14690));
#14687 = ORIENTED_EDGE('',*,*,#13404,.T.);
#14688 = ORIENTED_EDGE('',*,*,#14674,.T.);
#14689 = ORIENTED_EDGE('',*,*,#13933,.F.);
#14690 = ORIENTED_EDGE('',*,*,#14633,.F.);
#14691 = PLANE('',#14692);
#14692 = AXIS2_PLACEMENT_3D('',#14693,#14694,#14695);
#14693 = CARTESIAN_POINT('',(11.15,-8.2,-4.6E-02));
#14694 = DIRECTION('',(0.,-1.,0.));
#14695 = DIRECTION('',(-1.,0.,0.));
#14696 = ADVANCED_FACE('',(#14697),#14708,.F.);
#14697 = FACE_BOUND('',#14698,.T.);
#14698 = EDGE_LOOP('',(#14699,#14700,#14706,#14707));
#14699 = ORIENTED_EDGE('',*,*,#13429,.T.);
#14700 = ORIENTED_EDGE('',*,*,#14701,.T.);
#14701 = EDGE_CURVE('',#13430,#13959,#14702,.T.);
#14702 = LINE('',#14703,#14704);
#14703 = CARTESIAN_POINT('',(4.6,-6.7,-4.6E-02));
#14704 = VECTOR('',#14705,1.);
#14705 = DIRECTION('',(0.,0.,1.));
#14706 = ORIENTED_EDGE('',*,*,#13958,.F.);
#14707 = ORIENTED_EDGE('',*,*,#14701,.F.);
#14708 = CYLINDRICAL_SURFACE('',#14709,1.35);
#14709 = AXIS2_PLACEMENT_3D('',#14710,#14711,#14712);
#14710 = CARTESIAN_POINT('',(4.6,-5.35,-4.6E-02));
#14711 = DIRECTION('',(-0.,-0.,-1.));
#14712 = DIRECTION('',(-0.,-1.,0.));
#14713 = ADVANCED_FACE('',(#14714),#14725,.F.);
#14714 = FACE_BOUND('',#14715,.T.);
#14715 = EDGE_LOOP('',(#14716,#14717,#14723,#14724));
#14716 = ORIENTED_EDGE('',*,*,#13440,.T.);
#14717 = ORIENTED_EDGE('',*,*,#14718,.T.);
#14718 = EDGE_CURVE('',#13441,#13970,#14719,.T.);
#14719 = LINE('',#14720,#14721);
#14720 = CARTESIAN_POINT('',(-19.08,4.95,-4.6E-02));
#14721 = VECTOR('',#14722,1.);
#14722 = DIRECTION('',(0.,0.,1.));
#14723 = ORIENTED_EDGE('',*,*,#13969,.F.);
#14724 = ORIENTED_EDGE('',*,*,#14718,.F.);
#14725 = CYLINDRICAL_SURFACE('',#14726,0.55);
#14726 = AXIS2_PLACEMENT_3D('',#14727,#14728,#14729);
#14727 = CARTESIAN_POINT('',(-19.08,5.5,-4.6E-02));
#14728 = DIRECTION('',(-0.,-0.,-1.));
#14729 = DIRECTION('',(-0.,-1.,0.));
#14730 = ADVANCED_FACE('',(#14731),#14742,.F.);
#14731 = FACE_BOUND('',#14732,.T.);
#14732 = EDGE_LOOP('',(#14733,#14734,#14740,#14741));
#14733 = ORIENTED_EDGE('',*,*,#13451,.T.);
#14734 = ORIENTED_EDGE('',*,*,#14735,.T.);
#14735 = EDGE_CURVE('',#13452,#13981,#14736,.T.);
#14736 = LINE('',#14737,#14738);
#14737 = CARTESIAN_POINT('',(-16.54,4.95,-4.6E-02));
#14738 = VECTOR('',#14739,1.);
#14739 = DIRECTION('',(0.,0.,1.));
#14740 = ORIENTED_EDGE('',*,*,#13980,.F.);
#14741 = ORIENTED_EDGE('',*,*,#14735,.F.);
#14742 = CYLINDRICAL_SURFACE('',#14743,0.55);
#14743 = AXIS2_PLACEMENT_3D('',#14744,#14745,#14746);
#14744 = CARTESIAN_POINT('',(-16.54,5.5,-4.6E-02));
#14745 = DIRECTION('',(-0.,-0.,-1.));
#14746 = DIRECTION('',(-0.,-1.,0.));
#14747 = ADVANCED_FACE('',(#14748),#14759,.F.);
#14748 = FACE_BOUND('',#14749,.T.);
#14749 = EDGE_LOOP('',(#14750,#14751,#14757,#14758));
#14750 = ORIENTED_EDGE('',*,*,#13462,.T.);
#14751 = ORIENTED_EDGE('',*,*,#14752,.T.);
#14752 = EDGE_CURVE('',#13463,#13992,#14753,.T.);
#14753 = LINE('',#14754,#14755);
#14754 = CARTESIAN_POINT('',(-14.,4.95,-4.6E-02));
#14755 = VECTOR('',#14756,1.);
#14756 = DIRECTION('',(0.,0.,1.));
#14757 = ORIENTED_EDGE('',*,*,#13991,.F.);
#14758 = ORIENTED_EDGE('',*,*,#14752,.F.);
#14759 = CYLINDRICAL_SURFACE('',#14760,0.55);
#14760 = AXIS2_PLACEMENT_3D('',#14761,#14762,#14763);
#14761 = CARTESIAN_POINT('',(-14.,5.5,-4.6E-02));
#14762 = DIRECTION('',(-0.,-0.,-1.));
#14763 = DIRECTION('',(-0.,-1.,0.));
#14764 = ADVANCED_FACE('',(#14765),#14776,.F.);
#14765 = FACE_BOUND('',#14766,.T.);
#14766 = EDGE_LOOP('',(#14767,#14768,#14774,#14775));
#14767 = ORIENTED_EDGE('',*,*,#13473,.T.);
#14768 = ORIENTED_EDGE('',*,*,#14769,.T.);
#14769 = EDGE_CURVE('',#13474,#14003,#14770,.T.);
#14770 = LINE('',#14771,#14772);
#14771 = CARTESIAN_POINT('',(-19.08,7.49,-4.6E-02));
#14772 = VECTOR('',#14773,1.);
#14773 = DIRECTION('',(0.,0.,1.));
#14774 = ORIENTED_EDGE('',*,*,#14002,.F.);
#14775 = ORIENTED_EDGE('',*,*,#14769,.F.);
#14776 = CYLINDRICAL_SURFACE('',#14777,0.55);
#14777 = AXIS2_PLACEMENT_3D('',#14778,#14779,#14780);
#14778 = CARTESIAN_POINT('',(-19.08,8.04,-4.6E-02));
#14779 = DIRECTION('',(-0.,-0.,-1.));
#14780 = DIRECTION('',(-0.,-1.,0.));
#14781 = ADVANCED_FACE('',(#14782),#14793,.F.);
#14782 = FACE_BOUND('',#14783,.T.);
#14783 = EDGE_LOOP('',(#14784,#14785,#14791,#14792));
#14784 = ORIENTED_EDGE('',*,*,#13484,.T.);
#14785 = ORIENTED_EDGE('',*,*,#14786,.T.);
#14786 = EDGE_CURVE('',#13485,#14014,#14787,.T.);
#14787 = LINE('',#14788,#14789);
#14788 = CARTESIAN_POINT('',(-16.54,7.49,-4.6E-02));
#14789 = VECTOR('',#14790,1.);
#14790 = DIRECTION('',(0.,0.,1.));
#14791 = ORIENTED_EDGE('',*,*,#14013,.F.);
#14792 = ORIENTED_EDGE('',*,*,#14786,.F.);
#14793 = CYLINDRICAL_SURFACE('',#14794,0.55);
#14794 = AXIS2_PLACEMENT_3D('',#14795,#14796,#14797);
#14795 = CARTESIAN_POINT('',(-16.54,8.04,-4.6E-02));
#14796 = DIRECTION('',(-0.,-0.,-1.));
#14797 = DIRECTION('',(-0.,-1.,0.));
#14798 = ADVANCED_FACE('',(#14799),#14810,.F.);
#14799 = FACE_BOUND('',#14800,.T.);
#14800 = EDGE_LOOP('',(#14801,#14802,#14808,#14809));
#14801 = ORIENTED_EDGE('',*,*,#13495,.T.);
#14802 = ORIENTED_EDGE('',*,*,#14803,.T.);
#14803 = EDGE_CURVE('',#13496,#14025,#14804,.T.);
#14804 = LINE('',#14805,#14806);
#14805 = CARTESIAN_POINT('',(-14.,7.49,-4.6E-02));
#14806 = VECTOR('',#14807,1.);
#14807 = DIRECTION('',(0.,0.,1.));
#14808 = ORIENTED_EDGE('',*,*,#14024,.F.);
#14809 = ORIENTED_EDGE('',*,*,#14803,.F.);
#14810 = CYLINDRICAL_SURFACE('',#14811,0.55);
#14811 = AXIS2_PLACEMENT_3D('',#14812,#14813,#14814);
#14812 = CARTESIAN_POINT('',(-14.,8.04,-4.6E-02));
#14813 = DIRECTION('',(-0.,-0.,-1.));
#14814 = DIRECTION('',(-0.,-1.,0.));
#14815 = ADVANCED_FACE('',(#14816),#14827,.F.);
#14816 = FACE_BOUND('',#14817,.T.);
#14817 = EDGE_LOOP('',(#14818,#14824,#14825,#14826));
#14818 = ORIENTED_EDGE('',*,*,#14819,.T.);
#14819 = EDGE_CURVE('',#13507,#14036,#14820,.T.);
#14820 = LINE('',#14821,#14822);
#14821 = CARTESIAN_POINT('',(-8.9,8.5,0.));
#14822 = VECTOR('',#14823,1.);
#14823 = DIRECTION('',(0.,0.,1.));
#14824 = ORIENTED_EDGE('',*,*,#14035,.T.);
#14825 = ORIENTED_EDGE('',*,*,#14819,.F.);
#14826 = ORIENTED_EDGE('',*,*,#13506,.F.);
#14827 = CYLINDRICAL_SURFACE('',#14828,1.1);
#14828 = AXIS2_PLACEMENT_3D('',#14829,#14830,#14831);
#14829 = CARTESIAN_POINT('',(-10.,8.5,0.));
#14830 = DIRECTION('',(-0.,-0.,-1.));
#14831 = DIRECTION('',(1.,0.,-0.));
#14832 = ADVANCED_FACE('',(#14833),#14844,.F.);
#14833 = FACE_BOUND('',#14834,.T.);
#14834 = EDGE_LOOP('',(#14835,#14836,#14842,#14843));
#14835 = ORIENTED_EDGE('',*,*,#13517,.T.);
#14836 = ORIENTED_EDGE('',*,*,#14837,.T.);
#14837 = EDGE_CURVE('',#13518,#14047,#14838,.T.);
#14838 = LINE('',#14839,#14840);
#14839 = CARTESIAN_POINT('',(4.6,0.5,-4.6E-02));
#14840 = VECTOR('',#14841,1.);
#14841 = DIRECTION('',(0.,0.,1.));
#14842 = ORIENTED_EDGE('',*,*,#14046,.F.);
#14843 = ORIENTED_EDGE('',*,*,#14837,.F.);
#14844 = CYLINDRICAL_SURFACE('',#14845,1.35);
#14845 = AXIS2_PLACEMENT_3D('',#14846,#14847,#14848);
#14846 = CARTESIAN_POINT('',(4.6,1.85,-4.6E-02));
#14847 = DIRECTION('',(-0.,-0.,-1.));
#14848 = DIRECTION('',(-0.,-1.,0.));
#14849 = ADVANCED_FACE('',(#14850),#14866,.F.);
#14850 = FACE_BOUND('',#14851,.T.);
#14851 = EDGE_LOOP('',(#14852,#14853,#14859,#14860));
#14852 = ORIENTED_EDGE('',*,*,#13528,.T.);
#14853 = ORIENTED_EDGE('',*,*,#14854,.T.);
#14854 = EDGE_CURVE('',#13531,#14060,#14855,.T.);
#14855 = LINE('',#14856,#14857);
#14856 = CARTESIAN_POINT('',(10.05,5.3,-4.6E-02));
#14857 = VECTOR('',#14858,1.);
#14858 = DIRECTION('',(0.,0.,1.));
#14859 = ORIENTED_EDGE('',*,*,#14057,.F.);
#14860 = ORIENTED_EDGE('',*,*,#14861,.F.);
#14861 = EDGE_CURVE('',#13529,#14058,#14862,.T.);
#14862 = LINE('',#14863,#14864);
#14863 = CARTESIAN_POINT('',(10.05,4.7,-4.6E-02));
#14864 = VECTOR('',#14865,1.);
#14865 = DIRECTION('',(0.,0.,1.));
#14866 = CYLINDRICAL_SURFACE('',#14867,0.3);
#14867 = AXIS2_PLACEMENT_3D('',#14868,#14869,#14870);
#14868 = CARTESIAN_POINT('',(10.05,5.,-4.6E-02));
#14869 = DIRECTION('',(-0.,0.,-1.));
#14870 = DIRECTION('',(0.,1.,0.));
#14871 = ADVANCED_FACE('',(#14872),#14883,.T.);
#14872 = FACE_BOUND('',#14873,.T.);
#14873 = EDGE_LOOP('',(#14874,#14875,#14876,#14877));
#14874 = ORIENTED_EDGE('',*,*,#13556,.T.);
#14875 = ORIENTED_EDGE('',*,*,#14861,.T.);
#14876 = ORIENTED_EDGE('',*,*,#14085,.F.);
#14877 = ORIENTED_EDGE('',*,*,#14878,.F.);
#14878 = EDGE_CURVE('',#13548,#14077,#14879,.T.);
#14879 = LINE('',#14880,#14881);
#14880 = CARTESIAN_POINT('',(11.15,4.7,-4.6E-02));
#14881 = VECTOR('',#14882,1.);
#14882 = DIRECTION('',(0.,0.,1.));
#14883 = PLANE('',#14884);
#14884 = AXIS2_PLACEMENT_3D('',#14885,#14886,#14887);
#14885 = CARTESIAN_POINT('',(10.05,4.7,-4.6E-02));
#14886 = DIRECTION('',(0.,1.,0.));
#14887 = DIRECTION('',(1.,0.,0.));
#14888 = ADVANCED_FACE('',(#14889),#14900,.F.);
#14889 = FACE_BOUND('',#14890,.T.);
#14890 = EDGE_LOOP('',(#14891,#14892,#14893,#14894));
#14891 = ORIENTED_EDGE('',*,*,#13547,.T.);
#14892 = ORIENTED_EDGE('',*,*,#14878,.T.);
#14893 = ORIENTED_EDGE('',*,*,#14076,.F.);
#14894 = ORIENTED_EDGE('',*,*,#14895,.F.);
#14895 = EDGE_CURVE('',#13540,#14069,#14896,.T.);
#14896 = LINE('',#14897,#14898);
#14897 = CARTESIAN_POINT('',(11.15,5.3,-4.6E-02));
#14898 = VECTOR('',#14899,1.);
#14899 = DIRECTION('',(0.,0.,1.));
#14900 = CYLINDRICAL_SURFACE('',#14901,0.3);
#14901 = AXIS2_PLACEMENT_3D('',#14902,#14903,#14904);
#14902 = CARTESIAN_POINT('',(11.15,5.,-4.6E-02));
#14903 = DIRECTION('',(-0.,-0.,-1.));
#14904 = DIRECTION('',(-0.,-1.,0.));
#14905 = ADVANCED_FACE('',(#14906),#14912,.T.);
#14906 = FACE_BOUND('',#14907,.T.);
#14907 = EDGE_LOOP('',(#14908,#14909,#14910,#14911));
#14908 = ORIENTED_EDGE('',*,*,#13539,.T.);
#14909 = ORIENTED_EDGE('',*,*,#14895,.T.);
#14910 = ORIENTED_EDGE('',*,*,#14068,.F.);
#14911 = ORIENTED_EDGE('',*,*,#14854,.F.);
#14912 = PLANE('',#14913);
#14913 = AXIS2_PLACEMENT_3D('',#14914,#14915,#14916);
#14914 = CARTESIAN_POINT('',(11.15,5.3,-4.6E-02));
#14915 = DIRECTION('',(0.,-1.,0.));
#14916 = DIRECTION('',(-1.,0.,0.));
#14917 = ADVANCED_FACE('',(#14918),#14929,.F.);
#14918 = FACE_BOUND('',#14919,.T.);
#14919 = EDGE_LOOP('',(#14920,#14926,#14927,#14928));
#14920 = ORIENTED_EDGE('',*,*,#14921,.T.);
#14921 = EDGE_CURVE('',#13565,#14094,#14922,.T.);
#14922 = LINE('',#14923,#14924);
#14923 = CARTESIAN_POINT('',(20.85,8.5,0.));
#14924 = VECTOR('',#14925,1.);
#14925 = DIRECTION('',(0.,0.,1.));
#14926 = ORIENTED_EDGE('',*,*,#14093,.T.);
#14927 = ORIENTED_EDGE('',*,*,#14921,.F.);
#14928 = ORIENTED_EDGE('',*,*,#13564,.F.);
#14929 = CYLINDRICAL_SURFACE('',#14930,1.1);
#14930 = AXIS2_PLACEMENT_3D('',#14931,#14932,#14933);
#14931 = CARTESIAN_POINT('',(19.75,8.5,0.));
#14932 = DIRECTION('',(-0.,-0.,-1.));
#14933 = DIRECTION('',(1.,0.,-0.));
#14934 = ( GEOMETRIC_REPRESENTATION_CONTEXT(3) 
GLOBAL_UNCERTAINTY_ASSIGNED_CONTEXT((#14938)) 
GLOBAL_UNIT_ASSIGNED_CONTEXT((#14935,#14936,#14937)) 
REPRESENTATION_CONTEXT('Context #1',
  '3D Context with UNIT and UNCERTAINTY') );
#14935 = ( LENGTH_UNIT() NAMED_UNIT(*) SI_UNIT(.MILLI.,.METRE.) );
#14936 = ( NAMED_UNIT(*) PLANE_ANGLE_UNIT() SI_UNIT($,.RADIAN.) );
#14937 = ( NAMED_UNIT(*) SI_UNIT($,.STERADIAN.) SOLID_ANGLE_UNIT() );
#14938 = UNCERTAINTY_MEASURE_WITH_UNIT(LENGTH_MEASURE(1.E-07),#14935,
  'distance_accuracy_value','confusion accuracy');
#14939 = CONTEXT_DEPENDENT_SHAPE_REPRESENTATION(#14940,#14942);
#14940 = ( REPRESENTATION_RELATIONSHIP('','',#12943,#10) 
REPRESENTATION_RELATIONSHIP_WITH_TRANSFORMATION(#14941) 
SHAPE_REPRESENTATION_RELATIONSHIP() );
#14941 = ITEM_DEFINED_TRANSFORMATION('','',#11,#43);
#14942 = PRODUCT_DEFINITION_SHAPE('Placement','Placement of an item',
  #14943);
#14943 = NEXT_ASSEMBLY_USAGE_OCCURRENCE('8','=>[0:1:1:5]','',#5,#12938,$
  );
#14944 = PRODUCT_RELATED_PRODUCT_CATEGORY('part',$,(#12940));
#14945 = MECHANICAL_DESIGN_GEOMETRIC_PRESENTATION_REPRESENTATION('',(
    #14946,#14954,#14961,#14968,#14975,#14982,#14989,#14996,#15004,
    #15011,#15018,#15025,#15032,#15039,#15046,#15053,#15060,#15067,
    #15074,#15081,#15088,#15095,#15102,#15109,#15116,#15123,#15130,
    #15137,#15144,#15151,#15158,#15165,#15172,#15179,#15186,#15193,
    #15200,#15207,#15214,#15221,#15228,#15235,#15242,#15249,#15256,
    #15263,#15270,#15277,#15284,#15291,#15298,#15305,#15312,#15319,
    #15326,#15333,#15340,#15347,#15354,#15361,#15368,#15375,#15382,
    #15389,#15396,#15403,#15410,#15417,#15424,#15431,#15438,#15445,
    #15452,#15459,#15466,#15473,#15480,#15487,#15494,#15501,#15508,
    #15515,#15522,#15529,#15536,#15543,#15550,#15557,#15564,#15571,
    #15578,#15585,#15592,#15599,#15606,#15613,#15620,#15627,#15634,
    #15641,#15648,#15655,#15662,#15669,#15676,#15683,#15690,#15697,
    #15704,#15711,#15718,#15725,#15732,#15739,#15746,#15753,#15760),
  #8974);
#14946 = STYLED_ITEM('color',(#14947),#5682);
#14947 = PRESENTATION_STYLE_ASSIGNMENT((#14948));
#14948 = SURFACE_STYLE_USAGE(.BOTH.,#14949);
#14949 = SURFACE_SIDE_STYLE('',(#14950));
#14950 = SURFACE_STYLE_FILL_AREA(#14951);
#14951 = FILL_AREA_STYLE('',(#14952));
#14952 = FILL_AREA_STYLE_COLOUR('',#14953);
#14953 = COLOUR_RGB('',0.340000006699,0.68000001254,0.444999988852);
#14954 = STYLED_ITEM('color',(#14955),#5857);
#14955 = PRESENTATION_STYLE_ASSIGNMENT((#14956));
#14956 = SURFACE_STYLE_USAGE(.BOTH.,#14957);
#14957 = SURFACE_SIDE_STYLE('',(#14958));
#14958 = SURFACE_STYLE_FILL_AREA(#14959);
#14959 = FILL_AREA_STYLE('',(#14960));
#14960 = FILL_AREA_STYLE_COLOUR('',#14953);
#14961 = STYLED_ITEM('color',(#14962),#5990);
#14962 = PRESENTATION_STYLE_ASSIGNMENT((#14963));
#14963 = SURFACE_STYLE_USAGE(.BOTH.,#14964);
#14964 = SURFACE_SIDE_STYLE('',(#14965));
#14965 = SURFACE_STYLE_FILL_AREA(#14966);
#14966 = FILL_AREA_STYLE('',(#14967));
#14967 = FILL_AREA_STYLE_COLOUR('',#14953);
#14968 = STYLED_ITEM('color',(#14969),#6038);
#14969 = PRESENTATION_STYLE_ASSIGNMENT((#14970));
#14970 = SURFACE_STYLE_USAGE(.BOTH.,#14971);
#14971 = SURFACE_SIDE_STYLE('',(#14972));
#14972 = SURFACE_STYLE_FILL_AREA(#14973);
#14973 = FILL_AREA_STYLE('',(#14974));
#14974 = FILL_AREA_STYLE_COLOUR('',#14953);
#14975 = STYLED_ITEM('color',(#14976),#6086);
#14976 = PRESENTATION_STYLE_ASSIGNMENT((#14977));
#14977 = SURFACE_STYLE_USAGE(.BOTH.,#14978);
#14978 = SURFACE_SIDE_STYLE('',(#14979));
#14979 = SURFACE_STYLE_FILL_AREA(#14980);
#14980 = FILL_AREA_STYLE('',(#14981));
#14981 = FILL_AREA_STYLE_COLOUR('',#14953);
#14982 = STYLED_ITEM('color',(#14983),#6103);
#14983 = PRESENTATION_STYLE_ASSIGNMENT((#14984));
#14984 = SURFACE_STYLE_USAGE(.BOTH.,#14985);
#14985 = SURFACE_SIDE_STYLE('',(#14986));
#14986 = SURFACE_STYLE_FILL_AREA(#14987);
#14987 = FILL_AREA_STYLE('',(#14988));
#14988 = FILL_AREA_STYLE_COLOUR('',#14953);
#14989 = STYLED_ITEM('color',(#14990),#6128);
#14990 = PRESENTATION_STYLE_ASSIGNMENT((#14991));
#14991 = SURFACE_STYLE_USAGE(.BOTH.,#14992);
#14992 = SURFACE_SIDE_STYLE('',(#14993));
#14993 = SURFACE_STYLE_FILL_AREA(#14994);
#14994 = FILL_AREA_STYLE('',(#14995));
#14995 = FILL_AREA_STYLE_COLOUR('',#14953);
#14996 = STYLED_ITEM('color',(#14997),#6153);
#14997 = PRESENTATION_STYLE_ASSIGNMENT((#14998));
#14998 = SURFACE_STYLE_USAGE(.BOTH.,#14999);
#14999 = SURFACE_SIDE_STYLE('',(#15000));
#15000 = SURFACE_STYLE_FILL_AREA(#15001);
#15001 = FILL_AREA_STYLE('',(#15002));
#15002 = FILL_AREA_STYLE_COLOUR('',#15003);
#15003 = COLOUR_RGB('',0.823999987314,0.819999987296,0.781000009244);
#15004 = STYLED_ITEM('color',(#15005),#6184);
#15005 = PRESENTATION_STYLE_ASSIGNMENT((#15006));
#15006 = SURFACE_STYLE_USAGE(.BOTH.,#15007);
#15007 = SURFACE_SIDE_STYLE('',(#15008));
#15008 = SURFACE_STYLE_FILL_AREA(#15009);
#15009 = FILL_AREA_STYLE('',(#15010));
#15010 = FILL_AREA_STYLE_COLOUR('',#15003);
#15011 = STYLED_ITEM('color',(#15012),#6208);
#15012 = PRESENTATION_STYLE_ASSIGNMENT((#15013));
#15013 = SURFACE_STYLE_USAGE(.BOTH.,#15014);
#15014 = SURFACE_SIDE_STYLE('',(#15015));
#15015 = SURFACE_STYLE_FILL_AREA(#15016);
#15016 = FILL_AREA_STYLE('',(#15017));
#15017 = FILL_AREA_STYLE_COLOUR('',#15003);
#15018 = STYLED_ITEM('color',(#15019),#6232);
#15019 = PRESENTATION_STYLE_ASSIGNMENT((#15020));
#15020 = SURFACE_STYLE_USAGE(.BOTH.,#15021);
#15021 = SURFACE_SIDE_STYLE('',(#15022));
#15022 = SURFACE_STYLE_FILL_AREA(#15023);
#15023 = FILL_AREA_STYLE('',(#15024));
#15024 = FILL_AREA_STYLE_COLOUR('',#15003);
#15025 = STYLED_ITEM('color',(#15026),#6249);
#15026 = PRESENTATION_STYLE_ASSIGNMENT((#15027));
#15027 = SURFACE_STYLE_USAGE(.BOTH.,#15028);
#15028 = SURFACE_SIDE_STYLE('',(#15029));
#15029 = SURFACE_STYLE_FILL_AREA(#15030);
#15030 = FILL_AREA_STYLE('',(#15031));
#15031 = FILL_AREA_STYLE_COLOUR('',#15003);
#15032 = STYLED_ITEM('color',(#15033),#6280);
#15033 = PRESENTATION_STYLE_ASSIGNMENT((#15034));
#15034 = SURFACE_STYLE_USAGE(.BOTH.,#15035);
#15035 = SURFACE_SIDE_STYLE('',(#15036));
#15036 = SURFACE_STYLE_FILL_AREA(#15037);
#15037 = FILL_AREA_STYLE('',(#15038));
#15038 = FILL_AREA_STYLE_COLOUR('',#15003);
#15039 = STYLED_ITEM('color',(#15040),#6304);
#15040 = PRESENTATION_STYLE_ASSIGNMENT((#15041));
#15041 = SURFACE_STYLE_USAGE(.BOTH.,#15042);
#15042 = SURFACE_SIDE_STYLE('',(#15043));
#15043 = SURFACE_STYLE_FILL_AREA(#15044);
#15044 = FILL_AREA_STYLE('',(#15045));
#15045 = FILL_AREA_STYLE_COLOUR('',#15003);
#15046 = STYLED_ITEM('color',(#15047),#6328);
#15047 = PRESENTATION_STYLE_ASSIGNMENT((#15048));
#15048 = SURFACE_STYLE_USAGE(.BOTH.,#15049);
#15049 = SURFACE_SIDE_STYLE('',(#15050));
#15050 = SURFACE_STYLE_FILL_AREA(#15051);
#15051 = FILL_AREA_STYLE('',(#15052));
#15052 = FILL_AREA_STYLE_COLOUR('',#15003);
#15053 = STYLED_ITEM('color',(#15054),#6345);
#15054 = PRESENTATION_STYLE_ASSIGNMENT((#15055));
#15055 = SURFACE_STYLE_USAGE(.BOTH.,#15056);
#15056 = SURFACE_SIDE_STYLE('',(#15057));
#15057 = SURFACE_STYLE_FILL_AREA(#15058);
#15058 = FILL_AREA_STYLE('',(#15059));
#15059 = FILL_AREA_STYLE_COLOUR('',#15003);
#15060 = STYLED_ITEM('color',(#15061),#6376);
#15061 = PRESENTATION_STYLE_ASSIGNMENT((#15062));
#15062 = SURFACE_STYLE_USAGE(.BOTH.,#15063);
#15063 = SURFACE_SIDE_STYLE('',(#15064));
#15064 = SURFACE_STYLE_FILL_AREA(#15065);
#15065 = FILL_AREA_STYLE('',(#15066));
#15066 = FILL_AREA_STYLE_COLOUR('',#15003);
#15067 = STYLED_ITEM('color',(#15068),#6400);
#15068 = PRESENTATION_STYLE_ASSIGNMENT((#15069));
#15069 = SURFACE_STYLE_USAGE(.BOTH.,#15070);
#15070 = SURFACE_SIDE_STYLE('',(#15071));
#15071 = SURFACE_STYLE_FILL_AREA(#15072);
#15072 = FILL_AREA_STYLE('',(#15073));
#15073 = FILL_AREA_STYLE_COLOUR('',#15003);
#15074 = STYLED_ITEM('color',(#15075),#6424);
#15075 = PRESENTATION_STYLE_ASSIGNMENT((#15076));
#15076 = SURFACE_STYLE_USAGE(.BOTH.,#15077);
#15077 = SURFACE_SIDE_STYLE('',(#15078));
#15078 = SURFACE_STYLE_FILL_AREA(#15079);
#15079 = FILL_AREA_STYLE('',(#15080));
#15080 = FILL_AREA_STYLE_COLOUR('',#15003);
#15081 = STYLED_ITEM('color',(#15082),#6441);
#15082 = PRESENTATION_STYLE_ASSIGNMENT((#15083));
#15083 = SURFACE_STYLE_USAGE(.BOTH.,#15084);
#15084 = SURFACE_SIDE_STYLE('',(#15085));
#15085 = SURFACE_STYLE_FILL_AREA(#15086);
#15086 = FILL_AREA_STYLE('',(#15087));
#15087 = FILL_AREA_STYLE_COLOUR('',#14953);
#15088 = STYLED_ITEM('color',(#15089),#6466);
#15089 = PRESENTATION_STYLE_ASSIGNMENT((#15090));
#15090 = SURFACE_STYLE_USAGE(.BOTH.,#15091);
#15091 = SURFACE_SIDE_STYLE('',(#15092));
#15092 = SURFACE_STYLE_FILL_AREA(#15093);
#15093 = FILL_AREA_STYLE('',(#15094));
#15094 = FILL_AREA_STYLE_COLOUR('',#14953);
#15095 = STYLED_ITEM('color',(#15096),#6483);
#15096 = PRESENTATION_STYLE_ASSIGNMENT((#15097));
#15097 = SURFACE_STYLE_USAGE(.BOTH.,#15098);
#15098 = SURFACE_SIDE_STYLE('',(#15099));
#15099 = SURFACE_STYLE_FILL_AREA(#15100);
#15100 = FILL_AREA_STYLE('',(#15101));
#15101 = FILL_AREA_STYLE_COLOUR('',#14953);
#15102 = STYLED_ITEM('color',(#15103),#6512);
#15103 = PRESENTATION_STYLE_ASSIGNMENT((#15104));
#15104 = SURFACE_STYLE_USAGE(.BOTH.,#15105);
#15105 = SURFACE_SIDE_STYLE('',(#15106));
#15106 = SURFACE_STYLE_FILL_AREA(#15107);
#15107 = FILL_AREA_STYLE('',(#15108));
#15108 = FILL_AREA_STYLE_COLOUR('',#14953);
#15109 = STYLED_ITEM('color',(#15110),#6535);
#15110 = PRESENTATION_STYLE_ASSIGNMENT((#15111));
#15111 = SURFACE_STYLE_USAGE(.BOTH.,#15112);
#15112 = SURFACE_SIDE_STYLE('',(#15113));
#15113 = SURFACE_STYLE_FILL_AREA(#15114);
#15114 = FILL_AREA_STYLE('',(#15115));
#15115 = FILL_AREA_STYLE_COLOUR('',#14953);
#15116 = STYLED_ITEM('color',(#15117),#6558);
#15117 = PRESENTATION_STYLE_ASSIGNMENT((#15118));
#15118 = SURFACE_STYLE_USAGE(.BOTH.,#15119);
#15119 = SURFACE_SIDE_STYLE('',(#15120));
#15120 = SURFACE_STYLE_FILL_AREA(#15121);
#15121 = FILL_AREA_STYLE('',(#15122));
#15122 = FILL_AREA_STYLE_COLOUR('',#14953);
#15123 = STYLED_ITEM('color',(#15124),#6575);
#15124 = PRESENTATION_STYLE_ASSIGNMENT((#15125));
#15125 = SURFACE_STYLE_USAGE(.BOTH.,#15126);
#15126 = SURFACE_SIDE_STYLE('',(#15127));
#15127 = SURFACE_STYLE_FILL_AREA(#15128);
#15128 = FILL_AREA_STYLE('',(#15129));
#15129 = FILL_AREA_STYLE_COLOUR('',#14953);
#15130 = STYLED_ITEM('color',(#15131),#6604);
#15131 = PRESENTATION_STYLE_ASSIGNMENT((#15132));
#15132 = SURFACE_STYLE_USAGE(.BOTH.,#15133);
#15133 = SURFACE_SIDE_STYLE('',(#15134));
#15134 = SURFACE_STYLE_FILL_AREA(#15135);
#15135 = FILL_AREA_STYLE('',(#15136));
#15136 = FILL_AREA_STYLE_COLOUR('',#14953);
#15137 = STYLED_ITEM('color',(#15138),#6627);
#15138 = PRESENTATION_STYLE_ASSIGNMENT((#15139));
#15139 = SURFACE_STYLE_USAGE(.BOTH.,#15140);
#15140 = SURFACE_SIDE_STYLE('',(#15141));
#15141 = SURFACE_STYLE_FILL_AREA(#15142);
#15142 = FILL_AREA_STYLE('',(#15143));
#15143 = FILL_AREA_STYLE_COLOUR('',#14953);
#15144 = STYLED_ITEM('color',(#15145),#6650);
#15145 = PRESENTATION_STYLE_ASSIGNMENT((#15146));
#15146 = SURFACE_STYLE_USAGE(.BOTH.,#15147);
#15147 = SURFACE_SIDE_STYLE('',(#15148));
#15148 = SURFACE_STYLE_FILL_AREA(#15149);
#15149 = FILL_AREA_STYLE('',(#15150));
#15150 = FILL_AREA_STYLE_COLOUR('',#14953);
#15151 = STYLED_ITEM('color',(#15152),#6667);
#15152 = PRESENTATION_STYLE_ASSIGNMENT((#15153));
#15153 = SURFACE_STYLE_USAGE(.BOTH.,#15154);
#15154 = SURFACE_SIDE_STYLE('',(#15155));
#15155 = SURFACE_STYLE_FILL_AREA(#15156);
#15156 = FILL_AREA_STYLE('',(#15157));
#15157 = FILL_AREA_STYLE_COLOUR('',#14953);
#15158 = STYLED_ITEM('color',(#15159),#6696);
#15159 = PRESENTATION_STYLE_ASSIGNMENT((#15160));
#15160 = SURFACE_STYLE_USAGE(.BOTH.,#15161);
#15161 = SURFACE_SIDE_STYLE('',(#15162));
#15162 = SURFACE_STYLE_FILL_AREA(#15163);
#15163 = FILL_AREA_STYLE('',(#15164));
#15164 = FILL_AREA_STYLE_COLOUR('',#14953);
#15165 = STYLED_ITEM('color',(#15166),#6719);
#15166 = PRESENTATION_STYLE_ASSIGNMENT((#15167));
#15167 = SURFACE_STYLE_USAGE(.BOTH.,#15168);
#15168 = SURFACE_SIDE_STYLE('',(#15169));
#15169 = SURFACE_STYLE_FILL_AREA(#15170);
#15170 = FILL_AREA_STYLE('',(#15171));
#15171 = FILL_AREA_STYLE_COLOUR('',#14953);
#15172 = STYLED_ITEM('color',(#15173),#6742);
#15173 = PRESENTATION_STYLE_ASSIGNMENT((#15174));
#15174 = SURFACE_STYLE_USAGE(.BOTH.,#15175);
#15175 = SURFACE_SIDE_STYLE('',(#15176));
#15176 = SURFACE_STYLE_FILL_AREA(#15177);
#15177 = FILL_AREA_STYLE('',(#15178));
#15178 = FILL_AREA_STYLE_COLOUR('',#14953);
#15179 = STYLED_ITEM('color',(#15180),#6759);
#15180 = PRESENTATION_STYLE_ASSIGNMENT((#15181));
#15181 = SURFACE_STYLE_USAGE(.BOTH.,#15182);
#15182 = SURFACE_SIDE_STYLE('',(#15183));
#15183 = SURFACE_STYLE_FILL_AREA(#15184);
#15184 = FILL_AREA_STYLE('',(#15185));
#15185 = FILL_AREA_STYLE_COLOUR('',#14953);
#15186 = STYLED_ITEM('color',(#15187),#6776);
#15187 = PRESENTATION_STYLE_ASSIGNMENT((#15188));
#15188 = SURFACE_STYLE_USAGE(.BOTH.,#15189);
#15189 = SURFACE_SIDE_STYLE('',(#15190));
#15190 = SURFACE_STYLE_FILL_AREA(#15191);
#15191 = FILL_AREA_STYLE('',(#15192));
#15192 = FILL_AREA_STYLE_COLOUR('',#14953);
#15193 = STYLED_ITEM('color',(#15194),#6826);
#15194 = PRESENTATION_STYLE_ASSIGNMENT((#15195));
#15195 = SURFACE_STYLE_USAGE(.BOTH.,#15196);
#15196 = SURFACE_SIDE_STYLE('',(#15197));
#15197 = SURFACE_STYLE_FILL_AREA(#15198);
#15198 = FILL_AREA_STYLE('',(#15199));
#15199 = FILL_AREA_STYLE_COLOUR('',#14953);
#15200 = STYLED_ITEM('color',(#15201),#6838);
#15201 = PRESENTATION_STYLE_ASSIGNMENT((#15202));
#15202 = SURFACE_STYLE_USAGE(.BOTH.,#15203);
#15203 = SURFACE_SIDE_STYLE('',(#15204));
#15204 = SURFACE_STYLE_FILL_AREA(#15205);
#15205 = FILL_AREA_STYLE('',(#15206));
#15206 = FILL_AREA_STYLE_COLOUR('',#14953);
#15207 = STYLED_ITEM('color',(#15208),#6847);
#15208 = PRESENTATION_STYLE_ASSIGNMENT((#15209));
#15209 = SURFACE_STYLE_USAGE(.BOTH.,#15210);
#15210 = SURFACE_SIDE_STYLE('',(#15211));
#15211 = SURFACE_STYLE_FILL_AREA(#15212);
#15212 = FILL_AREA_STYLE('',(#15213));
#15213 = FILL_AREA_STYLE_COLOUR('',#14953);
#15214 = STYLED_ITEM('color',(#15215),#6856);
#15215 = PRESENTATION_STYLE_ASSIGNMENT((#15216));
#15216 = SURFACE_STYLE_USAGE(.BOTH.,#15217);
#15217 = SURFACE_SIDE_STYLE('',(#15218));
#15218 = SURFACE_STYLE_FILL_AREA(#15219);
#15219 = FILL_AREA_STYLE('',(#15220));
#15220 = FILL_AREA_STYLE_COLOUR('',#15003);
#15221 = STYLED_ITEM('color',(#15222),#6868);
#15222 = PRESENTATION_STYLE_ASSIGNMENT((#15223));
#15223 = SURFACE_STYLE_USAGE(.BOTH.,#15224);
#15224 = SURFACE_SIDE_STYLE('',(#15225));
#15225 = SURFACE_STYLE_FILL_AREA(#15226);
#15226 = FILL_AREA_STYLE('',(#15227));
#15227 = FILL_AREA_STYLE_COLOUR('',#15003);
#15228 = STYLED_ITEM('color',(#15229),#6880);
#15229 = PRESENTATION_STYLE_ASSIGNMENT((#15230));
#15230 = SURFACE_STYLE_USAGE(.BOTH.,#15231);
#15231 = SURFACE_SIDE_STYLE('',(#15232));
#15232 = SURFACE_STYLE_FILL_AREA(#15233);
#15233 = FILL_AREA_STYLE('',(#15234));
#15234 = FILL_AREA_STYLE_COLOUR('',#15003);
#15235 = STYLED_ITEM('color',(#15236),#6892);
#15236 = PRESENTATION_STYLE_ASSIGNMENT((#15237));
#15237 = SURFACE_STYLE_USAGE(.BOTH.,#15238);
#15238 = SURFACE_SIDE_STYLE('',(#15239));
#15239 = SURFACE_STYLE_FILL_AREA(#15240);
#15240 = FILL_AREA_STYLE('',(#15241));
#15241 = FILL_AREA_STYLE_COLOUR('',#14953);
#15242 = STYLED_ITEM('color',(#15243),#6901);
#15243 = PRESENTATION_STYLE_ASSIGNMENT((#15244));
#15244 = SURFACE_STYLE_USAGE(.BOTH.,#15245);
#15245 = SURFACE_SIDE_STYLE('',(#15246));
#15246 = SURFACE_STYLE_FILL_AREA(#15247);
#15247 = FILL_AREA_STYLE('',(#15248));
#15248 = FILL_AREA_STYLE_COLOUR('',#14953);
#15249 = STYLED_ITEM('color',(#15250),#6932);
#15250 = PRESENTATION_STYLE_ASSIGNMENT((#15251));
#15251 = SURFACE_STYLE_USAGE(.BOTH.,#15252);
#15252 = SURFACE_SIDE_STYLE('',(#15253));
#15253 = SURFACE_STYLE_FILL_AREA(#15254);
#15254 = FILL_AREA_STYLE('',(#15255));
#15255 = FILL_AREA_STYLE_COLOUR('',#14953);
#15256 = STYLED_ITEM('color',(#15257),#6956);
#15257 = PRESENTATION_STYLE_ASSIGNMENT((#15258));
#15258 = SURFACE_STYLE_USAGE(.BOTH.,#15259);
#15259 = SURFACE_SIDE_STYLE('',(#15260));
#15260 = SURFACE_STYLE_FILL_AREA(#15261);
#15261 = FILL_AREA_STYLE('',(#15262));
#15262 = FILL_AREA_STYLE_COLOUR('',#14953);
#15263 = STYLED_ITEM('color',(#15264),#6980);
#15264 = PRESENTATION_STYLE_ASSIGNMENT((#15265));
#15265 = SURFACE_STYLE_USAGE(.BOTH.,#15266);
#15266 = SURFACE_SIDE_STYLE('',(#15267));
#15267 = SURFACE_STYLE_FILL_AREA(#15268);
#15268 = FILL_AREA_STYLE('',(#15269));
#15269 = FILL_AREA_STYLE_COLOUR('',#14953);
#15270 = STYLED_ITEM('color',(#15271),#6997);
#15271 = PRESENTATION_STYLE_ASSIGNMENT((#15272));
#15272 = SURFACE_STYLE_USAGE(.BOTH.,#15273);
#15273 = SURFACE_SIDE_STYLE('',(#15274));
#15274 = SURFACE_STYLE_FILL_AREA(#15275);
#15275 = FILL_AREA_STYLE('',(#15276));
#15276 = FILL_AREA_STYLE_COLOUR('',#14953);
#15277 = STYLED_ITEM('color',(#15278),#7028);
#15278 = PRESENTATION_STYLE_ASSIGNMENT((#15279));
#15279 = SURFACE_STYLE_USAGE(.BOTH.,#15280);
#15280 = SURFACE_SIDE_STYLE('',(#15281));
#15281 = SURFACE_STYLE_FILL_AREA(#15282);
#15282 = FILL_AREA_STYLE('',(#15283));
#15283 = FILL_AREA_STYLE_COLOUR('',#14953);
#15284 = STYLED_ITEM('color',(#15285),#7052);
#15285 = PRESENTATION_STYLE_ASSIGNMENT((#15286));
#15286 = SURFACE_STYLE_USAGE(.BOTH.,#15287);
#15287 = SURFACE_SIDE_STYLE('',(#15288));
#15288 = SURFACE_STYLE_FILL_AREA(#15289);
#15289 = FILL_AREA_STYLE('',(#15290));
#15290 = FILL_AREA_STYLE_COLOUR('',#14953);
#15291 = STYLED_ITEM('color',(#15292),#7076);
#15292 = PRESENTATION_STYLE_ASSIGNMENT((#15293));
#15293 = SURFACE_STYLE_USAGE(.BOTH.,#15294);
#15294 = SURFACE_SIDE_STYLE('',(#15295));
#15295 = SURFACE_STYLE_FILL_AREA(#15296);
#15296 = FILL_AREA_STYLE('',(#15297));
#15297 = FILL_AREA_STYLE_COLOUR('',#14953);
#15298 = STYLED_ITEM('color',(#15299),#7093);
#15299 = PRESENTATION_STYLE_ASSIGNMENT((#15300));
#15300 = SURFACE_STYLE_USAGE(.BOTH.,#15301);
#15301 = SURFACE_SIDE_STYLE('',(#15302));
#15302 = SURFACE_STYLE_FILL_AREA(#15303);
#15303 = FILL_AREA_STYLE('',(#15304));
#15304 = FILL_AREA_STYLE_COLOUR('',#14953);
#15305 = STYLED_ITEM('color',(#15306),#7124);
#15306 = PRESENTATION_STYLE_ASSIGNMENT((#15307));
#15307 = SURFACE_STYLE_USAGE(.BOTH.,#15308);
#15308 = SURFACE_SIDE_STYLE('',(#15309));
#15309 = SURFACE_STYLE_FILL_AREA(#15310);
#15310 = FILL_AREA_STYLE('',(#15311));
#15311 = FILL_AREA_STYLE_COLOUR('',#14953);
#15312 = STYLED_ITEM('color',(#15313),#7148);
#15313 = PRESENTATION_STYLE_ASSIGNMENT((#15314));
#15314 = SURFACE_STYLE_USAGE(.BOTH.,#15315);
#15315 = SURFACE_SIDE_STYLE('',(#15316));
#15316 = SURFACE_STYLE_FILL_AREA(#15317);
#15317 = FILL_AREA_STYLE('',(#15318));
#15318 = FILL_AREA_STYLE_COLOUR('',#14953);
#15319 = STYLED_ITEM('color',(#15320),#7172);
#15320 = PRESENTATION_STYLE_ASSIGNMENT((#15321));
#15321 = SURFACE_STYLE_USAGE(.BOTH.,#15322);
#15322 = SURFACE_SIDE_STYLE('',(#15323));
#15323 = SURFACE_STYLE_FILL_AREA(#15324);
#15324 = FILL_AREA_STYLE('',(#15325));
#15325 = FILL_AREA_STYLE_COLOUR('',#14953);
#15326 = STYLED_ITEM('color',(#15327),#7189);
#15327 = PRESENTATION_STYLE_ASSIGNMENT((#15328));
#15328 = SURFACE_STYLE_USAGE(.BOTH.,#15329);
#15329 = SURFACE_SIDE_STYLE('',(#15330));
#15330 = SURFACE_STYLE_FILL_AREA(#15331);
#15331 = FILL_AREA_STYLE('',(#15332));
#15332 = FILL_AREA_STYLE_COLOUR('',#14953);
#15333 = STYLED_ITEM('color',(#15334),#7282);
#15334 = PRESENTATION_STYLE_ASSIGNMENT((#15335));
#15335 = SURFACE_STYLE_USAGE(.BOTH.,#15336);
#15336 = SURFACE_SIDE_STYLE('',(#15337));
#15337 = SURFACE_STYLE_FILL_AREA(#15338);
#15338 = FILL_AREA_STYLE('',(#15339));
#15339 = FILL_AREA_STYLE_COLOUR('',#14953);
#15340 = STYLED_ITEM('color',(#15341),#7375);
#15341 = PRESENTATION_STYLE_ASSIGNMENT((#15342));
#15342 = SURFACE_STYLE_USAGE(.BOTH.,#15343);
#15343 = SURFACE_SIDE_STYLE('',(#15344));
#15344 = SURFACE_STYLE_FILL_AREA(#15345);
#15345 = FILL_AREA_STYLE('',(#15346));
#15346 = FILL_AREA_STYLE_COLOUR('',#14953);
#15347 = STYLED_ITEM('color',(#15348),#7468);
#15348 = PRESENTATION_STYLE_ASSIGNMENT((#15349));
#15349 = SURFACE_STYLE_USAGE(.BOTH.,#15350);
#15350 = SURFACE_SIDE_STYLE('',(#15351));
#15351 = SURFACE_STYLE_FILL_AREA(#15352);
#15352 = FILL_AREA_STYLE('',(#15353));
#15353 = FILL_AREA_STYLE_COLOUR('',#15003);
#15354 = STYLED_ITEM('color',(#15355),#7514);
#15355 = PRESENTATION_STYLE_ASSIGNMENT((#15356));
#15356 = SURFACE_STYLE_USAGE(.BOTH.,#15357);
#15357 = SURFACE_SIDE_STYLE('',(#15358));
#15358 = SURFACE_STYLE_FILL_AREA(#15359);
#15359 = FILL_AREA_STYLE('',(#15360));
#15360 = FILL_AREA_STYLE_COLOUR('',#15003);
#15361 = STYLED_ITEM('color',(#15362),#7560);
#15362 = PRESENTATION_STYLE_ASSIGNMENT((#15363));
#15363 = SURFACE_STYLE_USAGE(.BOTH.,#15364);
#15364 = SURFACE_SIDE_STYLE('',(#15365));
#15365 = SURFACE_STYLE_FILL_AREA(#15366);
#15366 = FILL_AREA_STYLE('',(#15367));
#15367 = FILL_AREA_STYLE_COLOUR('',#15003);
#15368 = STYLED_ITEM('color',(#15369),#7606);
#15369 = PRESENTATION_STYLE_ASSIGNMENT((#15370));
#15370 = SURFACE_STYLE_USAGE(.BOTH.,#15371);
#15371 = SURFACE_SIDE_STYLE('',(#15372));
#15372 = SURFACE_STYLE_FILL_AREA(#15373);
#15373 = FILL_AREA_STYLE('',(#15374));
#15374 = FILL_AREA_STYLE_COLOUR('',#14953);
#15375 = STYLED_ITEM('color',(#15376),#7622);
#15376 = PRESENTATION_STYLE_ASSIGNMENT((#15377));
#15377 = SURFACE_STYLE_USAGE(.BOTH.,#15378);
#15378 = SURFACE_SIDE_STYLE('',(#15379));
#15379 = SURFACE_STYLE_FILL_AREA(#15380);
#15380 = FILL_AREA_STYLE('',(#15381));
#15381 = FILL_AREA_STYLE_COLOUR('',#15003);
#15382 = STYLED_ITEM('color',(#15383),#7655);
#15383 = PRESENTATION_STYLE_ASSIGNMENT((#15384));
#15384 = SURFACE_STYLE_USAGE(.BOTH.,#15385);
#15385 = SURFACE_SIDE_STYLE('',(#15386));
#15386 = SURFACE_STYLE_FILL_AREA(#15387);
#15387 = FILL_AREA_STYLE('',(#15388));
#15388 = FILL_AREA_STYLE_COLOUR('',#15003);
#15389 = STYLED_ITEM('color',(#15390),#7680);
#15390 = PRESENTATION_STYLE_ASSIGNMENT((#15391));
#15391 = SURFACE_STYLE_USAGE(.BOTH.,#15392);
#15392 = SURFACE_SIDE_STYLE('',(#15393));
#15393 = SURFACE_STYLE_FILL_AREA(#15394);
#15394 = FILL_AREA_STYLE('',(#15395));
#15395 = FILL_AREA_STYLE_COLOUR('',#15003);
#15396 = STYLED_ITEM('color',(#15397),#7711);
#15397 = PRESENTATION_STYLE_ASSIGNMENT((#15398));
#15398 = SURFACE_STYLE_USAGE(.BOTH.,#15399);
#15399 = SURFACE_SIDE_STYLE('',(#15400));
#15400 = SURFACE_STYLE_FILL_AREA(#15401);
#15401 = FILL_AREA_STYLE('',(#15402));
#15402 = FILL_AREA_STYLE_COLOUR('',#14953);
#15403 = STYLED_ITEM('color',(#15404),#7721);
#15404 = PRESENTATION_STYLE_ASSIGNMENT((#15405));
#15405 = SURFACE_STYLE_USAGE(.BOTH.,#15406);
#15406 = SURFACE_SIDE_STYLE('',(#15407));
#15407 = SURFACE_STYLE_FILL_AREA(#15408);
#15408 = FILL_AREA_STYLE('',(#15409));
#15409 = FILL_AREA_STYLE_COLOUR('',#15003);
#15410 = STYLED_ITEM('color',(#15411),#7739);
#15411 = PRESENTATION_STYLE_ASSIGNMENT((#15412));
#15412 = SURFACE_STYLE_USAGE(.BOTH.,#15413);
#15413 = SURFACE_SIDE_STYLE('',(#15414));
#15414 = SURFACE_STYLE_FILL_AREA(#15415);
#15415 = FILL_AREA_STYLE('',(#15416));
#15416 = FILL_AREA_STYLE_COLOUR('',#14953);
#15417 = STYLED_ITEM('color',(#15418),#7755);
#15418 = PRESENTATION_STYLE_ASSIGNMENT((#15419));
#15419 = SURFACE_STYLE_USAGE(.BOTH.,#15420);
#15420 = SURFACE_SIDE_STYLE('',(#15421));
#15421 = SURFACE_STYLE_FILL_AREA(#15422);
#15422 = FILL_AREA_STYLE('',(#15423));
#15423 = FILL_AREA_STYLE_COLOUR('',#15003);
#15424 = STYLED_ITEM('color',(#15425),#7788);
#15425 = PRESENTATION_STYLE_ASSIGNMENT((#15426));
#15426 = SURFACE_STYLE_USAGE(.BOTH.,#15427);
#15427 = SURFACE_SIDE_STYLE('',(#15428));
#15428 = SURFACE_STYLE_FILL_AREA(#15429);
#15429 = FILL_AREA_STYLE('',(#15430));
#15430 = FILL_AREA_STYLE_COLOUR('',#15003);
#15431 = STYLED_ITEM('color',(#15432),#7813);
#15432 = PRESENTATION_STYLE_ASSIGNMENT((#15433));
#15433 = SURFACE_STYLE_USAGE(.BOTH.,#15434);
#15434 = SURFACE_SIDE_STYLE('',(#15435));
#15435 = SURFACE_STYLE_FILL_AREA(#15436);
#15436 = FILL_AREA_STYLE('',(#15437));
#15437 = FILL_AREA_STYLE_COLOUR('',#15003);
#15438 = STYLED_ITEM('color',(#15439),#7844);
#15439 = PRESENTATION_STYLE_ASSIGNMENT((#15440));
#15440 = SURFACE_STYLE_USAGE(.BOTH.,#15441);
#15441 = SURFACE_SIDE_STYLE('',(#15442));
#15442 = SURFACE_STYLE_FILL_AREA(#15443);
#15443 = FILL_AREA_STYLE('',(#15444));
#15444 = FILL_AREA_STYLE_COLOUR('',#14953);
#15445 = STYLED_ITEM('color',(#15446),#7854);
#15446 = PRESENTATION_STYLE_ASSIGNMENT((#15447));
#15447 = SURFACE_STYLE_USAGE(.BOTH.,#15448);
#15448 = SURFACE_SIDE_STYLE('',(#15449));
#15449 = SURFACE_STYLE_FILL_AREA(#15450);
#15450 = FILL_AREA_STYLE('',(#15451));
#15451 = FILL_AREA_STYLE_COLOUR('',#15003);
#15452 = STYLED_ITEM('color',(#15453),#7872);
#15453 = PRESENTATION_STYLE_ASSIGNMENT((#15454));
#15454 = SURFACE_STYLE_USAGE(.BOTH.,#15455);
#15455 = SURFACE_SIDE_STYLE('',(#15456));
#15456 = SURFACE_STYLE_FILL_AREA(#15457);
#15457 = FILL_AREA_STYLE('',(#15458));
#15458 = FILL_AREA_STYLE_COLOUR('',#14953);
#15459 = STYLED_ITEM('color',(#15460),#7888);
#15460 = PRESENTATION_STYLE_ASSIGNMENT((#15461));
#15461 = SURFACE_STYLE_USAGE(.BOTH.,#15462);
#15462 = SURFACE_SIDE_STYLE('',(#15463));
#15463 = SURFACE_STYLE_FILL_AREA(#15464);
#15464 = FILL_AREA_STYLE('',(#15465));
#15465 = FILL_AREA_STYLE_COLOUR('',#15003);
#15466 = STYLED_ITEM('color',(#15467),#7921);
#15467 = PRESENTATION_STYLE_ASSIGNMENT((#15468));
#15468 = SURFACE_STYLE_USAGE(.BOTH.,#15469);
#15469 = SURFACE_SIDE_STYLE('',(#15470));
#15470 = SURFACE_STYLE_FILL_AREA(#15471);
#15471 = FILL_AREA_STYLE('',(#15472));
#15472 = FILL_AREA_STYLE_COLOUR('',#15003);
#15473 = STYLED_ITEM('color',(#15474),#7946);
#15474 = PRESENTATION_STYLE_ASSIGNMENT((#15475));
#15475 = SURFACE_STYLE_USAGE(.BOTH.,#15476);
#15476 = SURFACE_SIDE_STYLE('',(#15477));
#15477 = SURFACE_STYLE_FILL_AREA(#15478);
#15478 = FILL_AREA_STYLE('',(#15479));
#15479 = FILL_AREA_STYLE_COLOUR('',#15003);
#15480 = STYLED_ITEM('color',(#15481),#7977);
#15481 = PRESENTATION_STYLE_ASSIGNMENT((#15482));
#15482 = SURFACE_STYLE_USAGE(.BOTH.,#15483);
#15483 = SURFACE_SIDE_STYLE('',(#15484));
#15484 = SURFACE_STYLE_FILL_AREA(#15485);
#15485 = FILL_AREA_STYLE('',(#15486));
#15486 = FILL_AREA_STYLE_COLOUR('',#14953);
#15487 = STYLED_ITEM('color',(#15488),#7987);
#15488 = PRESENTATION_STYLE_ASSIGNMENT((#15489));
#15489 = SURFACE_STYLE_USAGE(.BOTH.,#15490);
#15490 = SURFACE_SIDE_STYLE('',(#15491));
#15491 = SURFACE_STYLE_FILL_AREA(#15492);
#15492 = FILL_AREA_STYLE('',(#15493));
#15493 = FILL_AREA_STYLE_COLOUR('',#15003);
#15494 = STYLED_ITEM('color',(#15495),#8005);
#15495 = PRESENTATION_STYLE_ASSIGNMENT((#15496));
#15496 = SURFACE_STYLE_USAGE(.BOTH.,#15497);
#15497 = SURFACE_SIDE_STYLE('',(#15498));
#15498 = SURFACE_STYLE_FILL_AREA(#15499);
#15499 = FILL_AREA_STYLE('',(#15500));
#15500 = FILL_AREA_STYLE_COLOUR('',#15003);
#15501 = STYLED_ITEM('color',(#15502),#8036);
#15502 = PRESENTATION_STYLE_ASSIGNMENT((#15503));
#15503 = SURFACE_STYLE_USAGE(.BOTH.,#15504);
#15504 = SURFACE_SIDE_STYLE('',(#15505));
#15505 = SURFACE_STYLE_FILL_AREA(#15506);
#15506 = FILL_AREA_STYLE('',(#15507));
#15507 = FILL_AREA_STYLE_COLOUR('',#15003);
#15508 = STYLED_ITEM('color',(#15509),#8060);
#15509 = PRESENTATION_STYLE_ASSIGNMENT((#15510));
#15510 = SURFACE_STYLE_USAGE(.BOTH.,#15511);
#15511 = SURFACE_SIDE_STYLE('',(#15512));
#15512 = SURFACE_STYLE_FILL_AREA(#15513);
#15513 = FILL_AREA_STYLE('',(#15514));
#15514 = FILL_AREA_STYLE_COLOUR('',#15003);
#15515 = STYLED_ITEM('color',(#15516),#8084);
#15516 = PRESENTATION_STYLE_ASSIGNMENT((#15517));
#15517 = SURFACE_STYLE_USAGE(.BOTH.,#15518);
#15518 = SURFACE_SIDE_STYLE('',(#15519));
#15519 = SURFACE_STYLE_FILL_AREA(#15520);
#15520 = FILL_AREA_STYLE('',(#15521));
#15521 = FILL_AREA_STYLE_COLOUR('',#15003);
#15522 = STYLED_ITEM('color',(#15523),#8101);
#15523 = PRESENTATION_STYLE_ASSIGNMENT((#15524));
#15524 = SURFACE_STYLE_USAGE(.BOTH.,#15525);
#15525 = SURFACE_SIDE_STYLE('',(#15526));
#15526 = SURFACE_STYLE_FILL_AREA(#15527);
#15527 = FILL_AREA_STYLE('',(#15528));
#15528 = FILL_AREA_STYLE_COLOUR('',#15003);
#15529 = STYLED_ITEM('color',(#15530),#8132);
#15530 = PRESENTATION_STYLE_ASSIGNMENT((#15531));
#15531 = SURFACE_STYLE_USAGE(.BOTH.,#15532);
#15532 = SURFACE_SIDE_STYLE('',(#15533));
#15533 = SURFACE_STYLE_FILL_AREA(#15534);
#15534 = FILL_AREA_STYLE('',(#15535));
#15535 = FILL_AREA_STYLE_COLOUR('',#15003);
#15536 = STYLED_ITEM('color',(#15537),#8156);
#15537 = PRESENTATION_STYLE_ASSIGNMENT((#15538));
#15538 = SURFACE_STYLE_USAGE(.BOTH.,#15539);
#15539 = SURFACE_SIDE_STYLE('',(#15540));
#15540 = SURFACE_STYLE_FILL_AREA(#15541);
#15541 = FILL_AREA_STYLE('',(#15542));
#15542 = FILL_AREA_STYLE_COLOUR('',#15003);
#15543 = STYLED_ITEM('color',(#15544),#8180);
#15544 = PRESENTATION_STYLE_ASSIGNMENT((#15545));
#15545 = SURFACE_STYLE_USAGE(.BOTH.,#15546);
#15546 = SURFACE_SIDE_STYLE('',(#15547));
#15547 = SURFACE_STYLE_FILL_AREA(#15548);
#15548 = FILL_AREA_STYLE('',(#15549));
#15549 = FILL_AREA_STYLE_COLOUR('',#15003);
#15550 = STYLED_ITEM('color',(#15551),#8197);
#15551 = PRESENTATION_STYLE_ASSIGNMENT((#15552));
#15552 = SURFACE_STYLE_USAGE(.BOTH.,#15553);
#15553 = SURFACE_SIDE_STYLE('',(#15554));
#15554 = SURFACE_STYLE_FILL_AREA(#15555);
#15555 = FILL_AREA_STYLE('',(#15556));
#15556 = FILL_AREA_STYLE_COLOUR('',#15003);
#15557 = STYLED_ITEM('color',(#15558),#8228);
#15558 = PRESENTATION_STYLE_ASSIGNMENT((#15559));
#15559 = SURFACE_STYLE_USAGE(.BOTH.,#15560);
#15560 = SURFACE_SIDE_STYLE('',(#15561));
#15561 = SURFACE_STYLE_FILL_AREA(#15562);
#15562 = FILL_AREA_STYLE('',(#15563));
#15563 = FILL_AREA_STYLE_COLOUR('',#15003);
#15564 = STYLED_ITEM('color',(#15565),#8252);
#15565 = PRESENTATION_STYLE_ASSIGNMENT((#15566));
#15566 = SURFACE_STYLE_USAGE(.BOTH.,#15567);
#15567 = SURFACE_SIDE_STYLE('',(#15568));
#15568 = SURFACE_STYLE_FILL_AREA(#15569);
#15569 = FILL_AREA_STYLE('',(#15570));
#15570 = FILL_AREA_STYLE_COLOUR('',#15003);
#15571 = STYLED_ITEM('color',(#15572),#8276);
#15572 = PRESENTATION_STYLE_ASSIGNMENT((#15573));
#15573 = SURFACE_STYLE_USAGE(.BOTH.,#15574);
#15574 = SURFACE_SIDE_STYLE('',(#15575));
#15575 = SURFACE_STYLE_FILL_AREA(#15576);
#15576 = FILL_AREA_STYLE('',(#15577));
#15577 = FILL_AREA_STYLE_COLOUR('',#15003);
#15578 = STYLED_ITEM('color',(#15579),#8293);
#15579 = PRESENTATION_STYLE_ASSIGNMENT((#15580));
#15580 = SURFACE_STYLE_USAGE(.BOTH.,#15581);
#15581 = SURFACE_SIDE_STYLE('',(#15582));
#15582 = SURFACE_STYLE_FILL_AREA(#15583);
#15583 = FILL_AREA_STYLE('',(#15584));
#15584 = FILL_AREA_STYLE_COLOUR('',#15003);
#15585 = STYLED_ITEM('color',(#15586),#8318);
#15586 = PRESENTATION_STYLE_ASSIGNMENT((#15587));
#15587 = SURFACE_STYLE_USAGE(.BOTH.,#15588);
#15588 = SURFACE_SIDE_STYLE('',(#15589));
#15589 = SURFACE_STYLE_FILL_AREA(#15590);
#15590 = FILL_AREA_STYLE('',(#15591));
#15591 = FILL_AREA_STYLE_COLOUR('',#15003);
#15592 = STYLED_ITEM('color',(#15593),#8421);
#15593 = PRESENTATION_STYLE_ASSIGNMENT((#15594));
#15594 = SURFACE_STYLE_USAGE(.BOTH.,#15595);
#15595 = SURFACE_SIDE_STYLE('',(#15596));
#15596 = SURFACE_STYLE_FILL_AREA(#15597);
#15597 = FILL_AREA_STYLE('',(#15598));
#15598 = FILL_AREA_STYLE_COLOUR('',#15003);
#15599 = STYLED_ITEM('color',(#15600),#8431);
#15600 = PRESENTATION_STYLE_ASSIGNMENT((#15601));
#15601 = SURFACE_STYLE_USAGE(.BOTH.,#15602);
#15602 = SURFACE_SIDE_STYLE('',(#15603));
#15603 = SURFACE_STYLE_FILL_AREA(#15604);
#15604 = FILL_AREA_STYLE('',(#15605));
#15605 = FILL_AREA_STYLE_COLOUR('',#15003);
#15606 = STYLED_ITEM('color',(#15607),#8456);
#15607 = PRESENTATION_STYLE_ASSIGNMENT((#15608));
#15608 = SURFACE_STYLE_USAGE(.BOTH.,#15609);
#15609 = SURFACE_SIDE_STYLE('',(#15610));
#15610 = SURFACE_STYLE_FILL_AREA(#15611);
#15611 = FILL_AREA_STYLE('',(#15612));
#15612 = FILL_AREA_STYLE_COLOUR('',#15003);
#15613 = STYLED_ITEM('color',(#15614),#8559);
#15614 = PRESENTATION_STYLE_ASSIGNMENT((#15615));
#15615 = SURFACE_STYLE_USAGE(.BOTH.,#15616);
#15616 = SURFACE_SIDE_STYLE('',(#15617));
#15617 = SURFACE_STYLE_FILL_AREA(#15618);
#15618 = FILL_AREA_STYLE('',(#15619));
#15619 = FILL_AREA_STYLE_COLOUR('',#15003);
#15620 = STYLED_ITEM('color',(#15621),#8569);
#15621 = PRESENTATION_STYLE_ASSIGNMENT((#15622));
#15622 = SURFACE_STYLE_USAGE(.BOTH.,#15623);
#15623 = SURFACE_SIDE_STYLE('',(#15624));
#15624 = SURFACE_STYLE_FILL_AREA(#15625);
#15625 = FILL_AREA_STYLE('',(#15626));
#15626 = FILL_AREA_STYLE_COLOUR('',#15003);
#15627 = STYLED_ITEM('color',(#15628),#8594);
#15628 = PRESENTATION_STYLE_ASSIGNMENT((#15629));
#15629 = SURFACE_STYLE_USAGE(.BOTH.,#15630);
#15630 = SURFACE_SIDE_STYLE('',(#15631));
#15631 = SURFACE_STYLE_FILL_AREA(#15632);
#15632 = FILL_AREA_STYLE('',(#15633));
#15633 = FILL_AREA_STYLE_COLOUR('',#15003);
#15634 = STYLED_ITEM('color',(#15635),#8697);
#15635 = PRESENTATION_STYLE_ASSIGNMENT((#15636));
#15636 = SURFACE_STYLE_USAGE(.BOTH.,#15637);
#15637 = SURFACE_SIDE_STYLE('',(#15638));
#15638 = SURFACE_STYLE_FILL_AREA(#15639);
#15639 = FILL_AREA_STYLE('',(#15640));
#15640 = FILL_AREA_STYLE_COLOUR('',#15003);
#15641 = STYLED_ITEM('color',(#15642),#8707);
#15642 = PRESENTATION_STYLE_ASSIGNMENT((#15643));
#15643 = SURFACE_STYLE_USAGE(.BOTH.,#15644);
#15644 = SURFACE_SIDE_STYLE('',(#15645));
#15645 = SURFACE_STYLE_FILL_AREA(#15646);
#15646 = FILL_AREA_STYLE('',(#15647));
#15647 = FILL_AREA_STYLE_COLOUR('',#14953);
#15648 = STYLED_ITEM('color',(#15649),#8719);
#15649 = PRESENTATION_STYLE_ASSIGNMENT((#15650));
#15650 = SURFACE_STYLE_USAGE(.BOTH.,#15651);
#15651 = SURFACE_SIDE_STYLE('',(#15652));
#15652 = SURFACE_STYLE_FILL_AREA(#15653);
#15653 = FILL_AREA_STYLE('',(#15654));
#15654 = FILL_AREA_STYLE_COLOUR('',#14953);
#15655 = STYLED_ITEM('color',(#15656),#8731);
#15656 = PRESENTATION_STYLE_ASSIGNMENT((#15657));
#15657 = SURFACE_STYLE_USAGE(.BOTH.,#15658);
#15658 = SURFACE_SIDE_STYLE('',(#15659));
#15659 = SURFACE_STYLE_FILL_AREA(#15660);
#15660 = FILL_AREA_STYLE('',(#15661));
#15661 = FILL_AREA_STYLE_COLOUR('',#14953);
#15662 = STYLED_ITEM('color',(#15663),#8743);
#15663 = PRESENTATION_STYLE_ASSIGNMENT((#15664));
#15664 = SURFACE_STYLE_USAGE(.BOTH.,#15665);
#15665 = SURFACE_SIDE_STYLE('',(#15666));
#15666 = SURFACE_STYLE_FILL_AREA(#15667);
#15667 = FILL_AREA_STYLE('',(#15668));
#15668 = FILL_AREA_STYLE_COLOUR('',#15003);
#15669 = STYLED_ITEM('color',(#15670),#8759);
#15670 = PRESENTATION_STYLE_ASSIGNMENT((#15671));
#15671 = SURFACE_STYLE_USAGE(.BOTH.,#15672);
#15672 = SURFACE_SIDE_STYLE('',(#15673));
#15673 = SURFACE_STYLE_FILL_AREA(#15674);
#15674 = FILL_AREA_STYLE('',(#15675));
#15675 = FILL_AREA_STYLE_COLOUR('',#15003);
#15676 = STYLED_ITEM('color',(#15677),#8776);
#15677 = PRESENTATION_STYLE_ASSIGNMENT((#15678));
#15678 = SURFACE_STYLE_USAGE(.BOTH.,#15679);
#15679 = SURFACE_SIDE_STYLE('',(#15680));
#15680 = SURFACE_STYLE_FILL_AREA(#15681);
#15681 = FILL_AREA_STYLE('',(#15682));
#15682 = FILL_AREA_STYLE_COLOUR('',#15003);
#15683 = STYLED_ITEM('color',(#15684),#8793);
#15684 = PRESENTATION_STYLE_ASSIGNMENT((#15685));
#15685 = SURFACE_STYLE_USAGE(.BOTH.,#15686);
#15686 = SURFACE_SIDE_STYLE('',(#15687));
#15687 = SURFACE_STYLE_FILL_AREA(#15688);
#15688 = FILL_AREA_STYLE('',(#15689));
#15689 = FILL_AREA_STYLE_COLOUR('',#15003);
#15690 = STYLED_ITEM('color',(#15691),#8810);
#15691 = PRESENTATION_STYLE_ASSIGNMENT((#15692));
#15692 = SURFACE_STYLE_USAGE(.BOTH.,#15693);
#15693 = SURFACE_SIDE_STYLE('',(#15694));
#15694 = SURFACE_STYLE_FILL_AREA(#15695);
#15695 = FILL_AREA_STYLE('',(#15696));
#15696 = FILL_AREA_STYLE_COLOUR('',#15003);
#15697 = STYLED_ITEM('color',(#15698),#8820);
#15698 = PRESENTATION_STYLE_ASSIGNMENT((#15699));
#15699 = SURFACE_STYLE_USAGE(.BOTH.,#15700);
#15700 = SURFACE_SIDE_STYLE('',(#15701));
#15701 = SURFACE_STYLE_FILL_AREA(#15702);
#15702 = FILL_AREA_STYLE('',(#15703));
#15703 = FILL_AREA_STYLE_COLOUR('',#15003);
#15704 = STYLED_ITEM('color',(#15705),#8836);
#15705 = PRESENTATION_STYLE_ASSIGNMENT((#15706));
#15706 = SURFACE_STYLE_USAGE(.BOTH.,#15707);
#15707 = SURFACE_SIDE_STYLE('',(#15708));
#15708 = SURFACE_STYLE_FILL_AREA(#15709);
#15709 = FILL_AREA_STYLE('',(#15710));
#15710 = FILL_AREA_STYLE_COLOUR('',#15003);
#15711 = STYLED_ITEM('color',(#15712),#8853);
#15712 = PRESENTATION_STYLE_ASSIGNMENT((#15713));
#15713 = SURFACE_STYLE_USAGE(.BOTH.,#15714);
#15714 = SURFACE_SIDE_STYLE('',(#15715));
#15715 = SURFACE_STYLE_FILL_AREA(#15716);
#15716 = FILL_AREA_STYLE('',(#15717));
#15717 = FILL_AREA_STYLE_COLOUR('',#15003);
#15718 = STYLED_ITEM('color',(#15719),#8870);
#15719 = PRESENTATION_STYLE_ASSIGNMENT((#15720));
#15720 = SURFACE_STYLE_USAGE(.BOTH.,#15721);
#15721 = SURFACE_SIDE_STYLE('',(#15722));
#15722 = SURFACE_STYLE_FILL_AREA(#15723);
#15723 = FILL_AREA_STYLE('',(#15724));
#15724 = FILL_AREA_STYLE_COLOUR('',#15003);
#15725 = STYLED_ITEM('color',(#15726),#8887);
#15726 = PRESENTATION_STYLE_ASSIGNMENT((#15727));
#15727 = SURFACE_STYLE_USAGE(.BOTH.,#15728);
#15728 = SURFACE_SIDE_STYLE('',(#15729));
#15729 = SURFACE_STYLE_FILL_AREA(#15730);
#15730 = FILL_AREA_STYLE('',(#15731));
#15731 = FILL_AREA_STYLE_COLOUR('',#15003);
#15732 = STYLED_ITEM('color',(#15733),#8897);
#15733 = PRESENTATION_STYLE_ASSIGNMENT((#15734));
#15734 = SURFACE_STYLE_USAGE(.BOTH.,#15735);
#15735 = SURFACE_SIDE_STYLE('',(#15736));
#15736 = SURFACE_STYLE_FILL_AREA(#15737);
#15737 = FILL_AREA_STYLE('',(#15738));
#15738 = FILL_AREA_STYLE_COLOUR('',#15003);
#15739 = STYLED_ITEM('color',(#15740),#8913);
#15740 = PRESENTATION_STYLE_ASSIGNMENT((#15741));
#15741 = SURFACE_STYLE_USAGE(.BOTH.,#15742);
#15742 = SURFACE_SIDE_STYLE('',(#15743));
#15743 = SURFACE_STYLE_FILL_AREA(#15744);
#15744 = FILL_AREA_STYLE('',(#15745));
#15745 = FILL_AREA_STYLE_COLOUR('',#15003);
#15746 = STYLED_ITEM('color',(#15747),#8930);
#15747 = PRESENTATION_STYLE_ASSIGNMENT((#15748));
#15748 = SURFACE_STYLE_USAGE(.BOTH.,#15749);
#15749 = SURFACE_SIDE_STYLE('',(#15750));
#15750 = SURFACE_STYLE_FILL_AREA(#15751);
#15751 = FILL_AREA_STYLE('',(#15752));
#15752 = FILL_AREA_STYLE_COLOUR('',#15003);
#15753 = STYLED_ITEM('color',(#15754),#8947);
#15754 = PRESENTATION_STYLE_ASSIGNMENT((#15755));
#15755 = SURFACE_STYLE_USAGE(.BOTH.,#15756);
#15756 = SURFACE_SIDE_STYLE('',(#15757));
#15757 = SURFACE_STYLE_FILL_AREA(#15758);
#15758 = FILL_AREA_STYLE('',(#15759));
#15759 = FILL_AREA_STYLE_COLOUR('',#15003);
#15760 = STYLED_ITEM('color',(#15761),#8964);
#15761 = PRESENTATION_STYLE_ASSIGNMENT((#15762));
#15762 = SURFACE_STYLE_USAGE(.BOTH.,#15763);
#15763 = SURFACE_SIDE_STYLE('',(#15764));
#15764 = SURFACE_STYLE_FILL_AREA(#15765);
#15765 = FILL_AREA_STYLE('',(#15766));
#15766 = FILL_AREA_STYLE_COLOUR('',#15003);
#15767 = MECHANICAL_DESIGN_GEOMETRIC_PRESENTATION_REPRESENTATION('',(
    #15768,#15776,#15783),#12920);
#15768 = STYLED_ITEM('color',(#15769),#9008);
#15769 = PRESENTATION_STYLE_ASSIGNMENT((#15770));
#15770 = SURFACE_STYLE_USAGE(.BOTH.,#15771);
#15771 = SURFACE_SIDE_STYLE('',(#15772));
#15772 = SURFACE_STYLE_FILL_AREA(#15773);
#15773 = FILL_AREA_STYLE('',(#15774));
#15774 = FILL_AREA_STYLE_COLOUR('',#15775);
#15775 = COLOUR_RGB('',0.956862747054,0.898039222556,0.654901957162);
#15776 = STYLED_ITEM('color',(#15777),#10110);
#15777 = PRESENTATION_STYLE_ASSIGNMENT((#15778));
#15778 = SURFACE_STYLE_USAGE(.BOTH.,#15779);
#15779 = SURFACE_SIDE_STYLE('',(#15780));
#15780 = SURFACE_STYLE_FILL_AREA(#15781);
#15781 = FILL_AREA_STYLE('',(#15782));
#15782 = FILL_AREA_STYLE_COLOUR('',#15775);
#15783 = STYLED_ITEM('color',(#15784),#11212);
#15784 = PRESENTATION_STYLE_ASSIGNMENT((#15785));
#15785 = SURFACE_STYLE_USAGE(.BOTH.,#15786);
#15786 = SURFACE_SIDE_STYLE('',(#15787));
#15787 = SURFACE_STYLE_FILL_AREA(#15788);
#15788 = FILL_AREA_STYLE('',(#15789));
#15789 = FILL_AREA_STYLE_COLOUR('',#15790);
#15790 = COLOUR_RGB('',0.909803911811,0.67843136833,0.13725490064);
#15791 = MECHANICAL_DESIGN_GEOMETRIC_PRESENTATION_REPRESENTATION('',(
    #15792,#15800,#15807,#15814,#15821,#15828,#15835,#15842,#15849,
    #15856,#15863,#15870,#15877,#15884,#15891,#15898,#15905,#15912,
    #15919,#15926,#15933,#15940,#15947,#15954,#15961,#15968,#15975,
    #15982,#15989,#15996,#16003,#16010,#16017,#16024,#16031,#16038,
    #16045,#16052,#16059,#16066,#16073,#16080,#16087,#16094,#16101,
    #16108,#16115,#16122,#16129,#16136,#16143,#16150,#16157,#16164,
    #16171,#16178,#16185,#16192,#16199,#16206,#16213,#16220,#16227,
    #16234,#16241,#16248,#16255,#16262,#16270,#16277,#16284,#16291,
    #16298,#16305,#16312,#16319,#16326,#16333,#16340,#16347,#16354,
    #16361,#16368,#16375,#16382,#16389,#16396,#16403,#16410,#16417,
    #16424,#16431,#16438,#16445,#16452,#16459,#16466,#16473,#16480,
    #16487,#16494,#16501,#16508,#16515,#16522,#16529,#16536,#16543,
    #16550,#16557,#16564,#16571,#16578,#16585,#16592,#16599,#16606,
    #16613,#16620,#16627,#16634,#16641,#16648,#16655,#16662,#16669,
    #16676,#16683,#16690,#16697,#16704,#16711,#16718,#16725,#16732,
    #16739,#16746,#16753,#16760,#16767,#16774,#16781,#16788,#16795,
    #16802,#16809,#16816,#16823,#16830,#16837,#16844,#16851,#16858,
    #16865,#16872,#16879,#16886,#16893,#16900,#16907,#16914,#16921,
    #16928,#16935,#16942,#16949,#16956,#16963,#16970,#16977,#16984,
    #16991,#16998,#17005,#17012,#17019,#17026,#17033,#17040,#17047,
    #17054,#17061,#17068,#17075,#17082,#17089,#17096,#17103,#17110,
    #17117,#17124,#17131,#17138,#17145,#17152,#17159,#17166,#17173,
    #17180,#17187,#17194,#17201,#17208,#17215,#17222),#5661);
#15792 = STYLED_ITEM('color',(#15793),#63);
#15793 = PRESENTATION_STYLE_ASSIGNMENT((#15794));
#15794 = SURFACE_STYLE_USAGE(.BOTH.,#15795);
#15795 = SURFACE_SIDE_STYLE('',(#15796));
#15796 = SURFACE_STYLE_FILL_AREA(#15797);
#15797 = FILL_AREA_STYLE('',(#15798));
#15798 = FILL_AREA_STYLE_COLOUR('',#15799);
#15799 = COLOUR_RGB('',0.894117649055,0.890196087049,0.811764731185);
#15800 = STYLED_ITEM('color',(#15801),#99);
#15801 = PRESENTATION_STYLE_ASSIGNMENT((#15802));
#15802 = SURFACE_STYLE_USAGE(.BOTH.,#15803);
#15803 = SURFACE_SIDE_STYLE('',(#15804));
#15804 = SURFACE_STYLE_FILL_AREA(#15805);
#15805 = FILL_AREA_STYLE('',(#15806));
#15806 = FILL_AREA_STYLE_COLOUR('',#15799);
#15807 = STYLED_ITEM('color',(#15808),#158);
#15808 = PRESENTATION_STYLE_ASSIGNMENT((#15809));
#15809 = SURFACE_STYLE_USAGE(.BOTH.,#15810);
#15810 = SURFACE_SIDE_STYLE('',(#15811));
#15811 = SURFACE_STYLE_FILL_AREA(#15812);
#15812 = FILL_AREA_STYLE('',(#15813));
#15813 = FILL_AREA_STYLE_COLOUR('',#15799);
#15814 = STYLED_ITEM('color',(#15815),#348);
#15815 = PRESENTATION_STYLE_ASSIGNMENT((#15816));
#15816 = SURFACE_STYLE_USAGE(.BOTH.,#15817);
#15817 = SURFACE_SIDE_STYLE('',(#15818));
#15818 = SURFACE_STYLE_FILL_AREA(#15819);
#15819 = FILL_AREA_STYLE('',(#15820));
#15820 = FILL_AREA_STYLE_COLOUR('',#15799);
#15821 = STYLED_ITEM('color',(#15822),#384);
#15822 = PRESENTATION_STYLE_ASSIGNMENT((#15823));
#15823 = SURFACE_STYLE_USAGE(.BOTH.,#15824);
#15824 = SURFACE_SIDE_STYLE('',(#15825));
#15825 = SURFACE_STYLE_FILL_AREA(#15826);
#15826 = FILL_AREA_STYLE('',(#15827));
#15827 = FILL_AREA_STYLE_COLOUR('',#15799);
#15828 = STYLED_ITEM('color',(#15829),#682);
#15829 = PRESENTATION_STYLE_ASSIGNMENT((#15830));
#15830 = SURFACE_STYLE_USAGE(.BOTH.,#15831);
#15831 = SURFACE_SIDE_STYLE('',(#15832));
#15832 = SURFACE_STYLE_FILL_AREA(#15833);
#15833 = FILL_AREA_STYLE('',(#15834));
#15834 = FILL_AREA_STYLE_COLOUR('',#15799);
#15835 = STYLED_ITEM('color',(#15836),#718);
#15836 = PRESENTATION_STYLE_ASSIGNMENT((#15837));
#15837 = SURFACE_STYLE_USAGE(.BOTH.,#15838);
#15838 = SURFACE_SIDE_STYLE('',(#15839));
#15839 = SURFACE_STYLE_FILL_AREA(#15840);
#15840 = FILL_AREA_STYLE('',(#15841));
#15841 = FILL_AREA_STYLE_COLOUR('',#15799);
#15842 = STYLED_ITEM('color',(#15843),#740);
#15843 = PRESENTATION_STYLE_ASSIGNMENT((#15844));
#15844 = SURFACE_STYLE_USAGE(.BOTH.,#15845);
#15845 = SURFACE_SIDE_STYLE('',(#15846));
#15846 = SURFACE_STYLE_FILL_AREA(#15847);
#15847 = FILL_AREA_STYLE('',(#15848));
#15848 = FILL_AREA_STYLE_COLOUR('',#15799);
#15849 = STYLED_ITEM('color',(#15850),#771);
#15850 = PRESENTATION_STYLE_ASSIGNMENT((#15851));
#15851 = SURFACE_STYLE_USAGE(.BOTH.,#15852);
#15852 = SURFACE_SIDE_STYLE('',(#15853));
#15853 = SURFACE_STYLE_FILL_AREA(#15854);
#15854 = FILL_AREA_STYLE('',(#15855));
#15855 = FILL_AREA_STYLE_COLOUR('',#15799);
#15856 = STYLED_ITEM('color',(#15857),#793);
#15857 = PRESENTATION_STYLE_ASSIGNMENT((#15858));
#15858 = SURFACE_STYLE_USAGE(.BOTH.,#15859);
#15859 = SURFACE_SIDE_STYLE('',(#15860));
#15860 = SURFACE_STYLE_FILL_AREA(#15861);
#15861 = FILL_AREA_STYLE('',(#15862));
#15862 = FILL_AREA_STYLE_COLOUR('',#15799);
#15863 = STYLED_ITEM('color',(#15864),#837);
#15864 = PRESENTATION_STYLE_ASSIGNMENT((#15865));
#15865 = SURFACE_STYLE_USAGE(.BOTH.,#15866);
#15866 = SURFACE_SIDE_STYLE('',(#15867));
#15867 = SURFACE_STYLE_FILL_AREA(#15868);
#15868 = FILL_AREA_STYLE('',(#15869));
#15869 = FILL_AREA_STYLE_COLOUR('',#15799);
#15870 = STYLED_ITEM('color',(#15871),#857);
#15871 = PRESENTATION_STYLE_ASSIGNMENT((#15872));
#15872 = SURFACE_STYLE_USAGE(.BOTH.,#15873);
#15873 = SURFACE_SIDE_STYLE('',(#15874));
#15874 = SURFACE_STYLE_FILL_AREA(#15875);
#15875 = FILL_AREA_STYLE('',(#15876));
#15876 = FILL_AREA_STYLE_COLOUR('',#15799);
#15877 = STYLED_ITEM('color',(#15878),#887);
#15878 = PRESENTATION_STYLE_ASSIGNMENT((#15879));
#15879 = SURFACE_STYLE_USAGE(.BOTH.,#15880);
#15880 = SURFACE_SIDE_STYLE('',(#15881));
#15881 = SURFACE_STYLE_FILL_AREA(#15882);
#15882 = FILL_AREA_STYLE('',(#15883));
#15883 = FILL_AREA_STYLE_COLOUR('',#15799);
#15884 = STYLED_ITEM('color',(#15885),#909);
#15885 = PRESENTATION_STYLE_ASSIGNMENT((#15886));
#15886 = SURFACE_STYLE_USAGE(.BOTH.,#15887);
#15887 = SURFACE_SIDE_STYLE('',(#15888));
#15888 = SURFACE_STYLE_FILL_AREA(#15889);
#15889 = FILL_AREA_STYLE('',(#15890));
#15890 = FILL_AREA_STYLE_COLOUR('',#15799);
#15891 = STYLED_ITEM('color',(#15892),#937);
#15892 = PRESENTATION_STYLE_ASSIGNMENT((#15893));
#15893 = SURFACE_STYLE_USAGE(.BOTH.,#15894);
#15894 = SURFACE_SIDE_STYLE('',(#15895));
#15895 = SURFACE_STYLE_FILL_AREA(#15896);
#15896 = FILL_AREA_STYLE('',(#15897));
#15897 = FILL_AREA_STYLE_COLOUR('',#15799);
#15898 = STYLED_ITEM('color',(#15899),#953);
#15899 = PRESENTATION_STYLE_ASSIGNMENT((#15900));
#15900 = SURFACE_STYLE_USAGE(.BOTH.,#15901);
#15901 = SURFACE_SIDE_STYLE('',(#15902));
#15902 = SURFACE_STYLE_FILL_AREA(#15903);
#15903 = FILL_AREA_STYLE('',(#15904));
#15904 = FILL_AREA_STYLE_COLOUR('',#15799);
#15905 = STYLED_ITEM('color',(#15906),#983);
#15906 = PRESENTATION_STYLE_ASSIGNMENT((#15907));
#15907 = SURFACE_STYLE_USAGE(.BOTH.,#15908);
#15908 = SURFACE_SIDE_STYLE('',(#15909));
#15909 = SURFACE_STYLE_FILL_AREA(#15910);
#15910 = FILL_AREA_STYLE('',(#15911));
#15911 = FILL_AREA_STYLE_COLOUR('',#15799);
#15912 = STYLED_ITEM('color',(#15913),#1005);
#15913 = PRESENTATION_STYLE_ASSIGNMENT((#15914));
#15914 = SURFACE_STYLE_USAGE(.BOTH.,#15915);
#15915 = SURFACE_SIDE_STYLE('',(#15916));
#15916 = SURFACE_STYLE_FILL_AREA(#15917);
#15917 = FILL_AREA_STYLE('',(#15918));
#15918 = FILL_AREA_STYLE_COLOUR('',#15799);
#15919 = STYLED_ITEM('color',(#15920),#1033);
#15920 = PRESENTATION_STYLE_ASSIGNMENT((#15921));
#15921 = SURFACE_STYLE_USAGE(.BOTH.,#15922);
#15922 = SURFACE_SIDE_STYLE('',(#15923));
#15923 = SURFACE_STYLE_FILL_AREA(#15924);
#15924 = FILL_AREA_STYLE('',(#15925));
#15925 = FILL_AREA_STYLE_COLOUR('',#15799);
#15926 = STYLED_ITEM('color',(#15927),#1049);
#15927 = PRESENTATION_STYLE_ASSIGNMENT((#15928));
#15928 = SURFACE_STYLE_USAGE(.BOTH.,#15929);
#15929 = SURFACE_SIDE_STYLE('',(#15930));
#15930 = SURFACE_STYLE_FILL_AREA(#15931);
#15931 = FILL_AREA_STYLE('',(#15932));
#15932 = FILL_AREA_STYLE_COLOUR('',#15799);
#15933 = STYLED_ITEM('color',(#15934),#1079);
#15934 = PRESENTATION_STYLE_ASSIGNMENT((#15935));
#15935 = SURFACE_STYLE_USAGE(.BOTH.,#15936);
#15936 = SURFACE_SIDE_STYLE('',(#15937));
#15937 = SURFACE_STYLE_FILL_AREA(#15938);
#15938 = FILL_AREA_STYLE('',(#15939));
#15939 = FILL_AREA_STYLE_COLOUR('',#15799);
#15940 = STYLED_ITEM('color',(#15941),#1101);
#15941 = PRESENTATION_STYLE_ASSIGNMENT((#15942));
#15942 = SURFACE_STYLE_USAGE(.BOTH.,#15943);
#15943 = SURFACE_SIDE_STYLE('',(#15944));
#15944 = SURFACE_STYLE_FILL_AREA(#15945);
#15945 = FILL_AREA_STYLE('',(#15946));
#15946 = FILL_AREA_STYLE_COLOUR('',#15799);
#15947 = STYLED_ITEM('color',(#15948),#1129);
#15948 = PRESENTATION_STYLE_ASSIGNMENT((#15949));
#15949 = SURFACE_STYLE_USAGE(.BOTH.,#15950);
#15950 = SURFACE_SIDE_STYLE('',(#15951));
#15951 = SURFACE_STYLE_FILL_AREA(#15952);
#15952 = FILL_AREA_STYLE('',(#15953));
#15953 = FILL_AREA_STYLE_COLOUR('',#15799);
#15954 = STYLED_ITEM('color',(#15955),#1145);
#15955 = PRESENTATION_STYLE_ASSIGNMENT((#15956));
#15956 = SURFACE_STYLE_USAGE(.BOTH.,#15957);
#15957 = SURFACE_SIDE_STYLE('',(#15958));
#15958 = SURFACE_STYLE_FILL_AREA(#15959);
#15959 = FILL_AREA_STYLE('',(#15960));
#15960 = FILL_AREA_STYLE_COLOUR('',#15799);
#15961 = STYLED_ITEM('color',(#15962),#1175);
#15962 = PRESENTATION_STYLE_ASSIGNMENT((#15963));
#15963 = SURFACE_STYLE_USAGE(.BOTH.,#15964);
#15964 = SURFACE_SIDE_STYLE('',(#15965));
#15965 = SURFACE_STYLE_FILL_AREA(#15966);
#15966 = FILL_AREA_STYLE('',(#15967));
#15967 = FILL_AREA_STYLE_COLOUR('',#15799);
#15968 = STYLED_ITEM('color',(#15969),#1197);
#15969 = PRESENTATION_STYLE_ASSIGNMENT((#15970));
#15970 = SURFACE_STYLE_USAGE(.BOTH.,#15971);
#15971 = SURFACE_SIDE_STYLE('',(#15972));
#15972 = SURFACE_STYLE_FILL_AREA(#15973);
#15973 = FILL_AREA_STYLE('',(#15974));
#15974 = FILL_AREA_STYLE_COLOUR('',#15799);
#15975 = STYLED_ITEM('color',(#15976),#1225);
#15976 = PRESENTATION_STYLE_ASSIGNMENT((#15977));
#15977 = SURFACE_STYLE_USAGE(.BOTH.,#15978);
#15978 = SURFACE_SIDE_STYLE('',(#15979));
#15979 = SURFACE_STYLE_FILL_AREA(#15980);
#15980 = FILL_AREA_STYLE('',(#15981));
#15981 = FILL_AREA_STYLE_COLOUR('',#15799);
#15982 = STYLED_ITEM('color',(#15983),#1241);
#15983 = PRESENTATION_STYLE_ASSIGNMENT((#15984));
#15984 = SURFACE_STYLE_USAGE(.BOTH.,#15985);
#15985 = SURFACE_SIDE_STYLE('',(#15986));
#15986 = SURFACE_STYLE_FILL_AREA(#15987);
#15987 = FILL_AREA_STYLE('',(#15988));
#15988 = FILL_AREA_STYLE_COLOUR('',#15799);
#15989 = STYLED_ITEM('color',(#15990),#1271);
#15990 = PRESENTATION_STYLE_ASSIGNMENT((#15991));
#15991 = SURFACE_STYLE_USAGE(.BOTH.,#15992);
#15992 = SURFACE_SIDE_STYLE('',(#15993));
#15993 = SURFACE_STYLE_FILL_AREA(#15994);
#15994 = FILL_AREA_STYLE('',(#15995));
#15995 = FILL_AREA_STYLE_COLOUR('',#15799);
#15996 = STYLED_ITEM('color',(#15997),#1293);
#15997 = PRESENTATION_STYLE_ASSIGNMENT((#15998));
#15998 = SURFACE_STYLE_USAGE(.BOTH.,#15999);
#15999 = SURFACE_SIDE_STYLE('',(#16000));
#16000 = SURFACE_STYLE_FILL_AREA(#16001);
#16001 = FILL_AREA_STYLE('',(#16002));
#16002 = FILL_AREA_STYLE_COLOUR('',#15799);
#16003 = STYLED_ITEM('color',(#16004),#1321);
#16004 = PRESENTATION_STYLE_ASSIGNMENT((#16005));
#16005 = SURFACE_STYLE_USAGE(.BOTH.,#16006);
#16006 = SURFACE_SIDE_STYLE('',(#16007));
#16007 = SURFACE_STYLE_FILL_AREA(#16008);
#16008 = FILL_AREA_STYLE('',(#16009));
#16009 = FILL_AREA_STYLE_COLOUR('',#15799);
#16010 = STYLED_ITEM('color',(#16011),#1337);
#16011 = PRESENTATION_STYLE_ASSIGNMENT((#16012));
#16012 = SURFACE_STYLE_USAGE(.BOTH.,#16013);
#16013 = SURFACE_SIDE_STYLE('',(#16014));
#16014 = SURFACE_STYLE_FILL_AREA(#16015);
#16015 = FILL_AREA_STYLE('',(#16016));
#16016 = FILL_AREA_STYLE_COLOUR('',#15799);
#16017 = STYLED_ITEM('color',(#16018),#1367);
#16018 = PRESENTATION_STYLE_ASSIGNMENT((#16019));
#16019 = SURFACE_STYLE_USAGE(.BOTH.,#16020);
#16020 = SURFACE_SIDE_STYLE('',(#16021));
#16021 = SURFACE_STYLE_FILL_AREA(#16022);
#16022 = FILL_AREA_STYLE('',(#16023));
#16023 = FILL_AREA_STYLE_COLOUR('',#15799);
#16024 = STYLED_ITEM('color',(#16025),#1383);
#16025 = PRESENTATION_STYLE_ASSIGNMENT((#16026));
#16026 = SURFACE_STYLE_USAGE(.BOTH.,#16027);
#16027 = SURFACE_SIDE_STYLE('',(#16028));
#16028 = SURFACE_STYLE_FILL_AREA(#16029);
#16029 = FILL_AREA_STYLE('',(#16030));
#16030 = FILL_AREA_STYLE_COLOUR('',#15799);
#16031 = STYLED_ITEM('color',(#16032),#1424);
#16032 = PRESENTATION_STYLE_ASSIGNMENT((#16033));
#16033 = SURFACE_STYLE_USAGE(.BOTH.,#16034);
#16034 = SURFACE_SIDE_STYLE('',(#16035));
#16035 = SURFACE_STYLE_FILL_AREA(#16036);
#16036 = FILL_AREA_STYLE('',(#16037));
#16037 = FILL_AREA_STYLE_COLOUR('',#15799);
#16038 = STYLED_ITEM('color',(#16039),#1440);
#16039 = PRESENTATION_STYLE_ASSIGNMENT((#16040));
#16040 = SURFACE_STYLE_USAGE(.BOTH.,#16041);
#16041 = SURFACE_SIDE_STYLE('',(#16042));
#16042 = SURFACE_STYLE_FILL_AREA(#16043);
#16043 = FILL_AREA_STYLE('',(#16044));
#16044 = FILL_AREA_STYLE_COLOUR('',#15799);
#16045 = STYLED_ITEM('color',(#16046),#1482);
#16046 = PRESENTATION_STYLE_ASSIGNMENT((#16047));
#16047 = SURFACE_STYLE_USAGE(.BOTH.,#16048);
#16048 = SURFACE_SIDE_STYLE('',(#16049));
#16049 = SURFACE_STYLE_FILL_AREA(#16050);
#16050 = FILL_AREA_STYLE('',(#16051));
#16051 = FILL_AREA_STYLE_COLOUR('',#15799);
#16052 = STYLED_ITEM('color',(#16053),#1498);
#16053 = PRESENTATION_STYLE_ASSIGNMENT((#16054));
#16054 = SURFACE_STYLE_USAGE(.BOTH.,#16055);
#16055 = SURFACE_SIDE_STYLE('',(#16056));
#16056 = SURFACE_STYLE_FILL_AREA(#16057);
#16057 = FILL_AREA_STYLE('',(#16058));
#16058 = FILL_AREA_STYLE_COLOUR('',#15799);
#16059 = STYLED_ITEM('color',(#16060),#1514);
#16060 = PRESENTATION_STYLE_ASSIGNMENT((#16061));
#16061 = SURFACE_STYLE_USAGE(.BOTH.,#16062);
#16062 = SURFACE_SIDE_STYLE('',(#16063));
#16063 = SURFACE_STYLE_FILL_AREA(#16064);
#16064 = FILL_AREA_STYLE('',(#16065));
#16065 = FILL_AREA_STYLE_COLOUR('',#15799);
#16066 = STYLED_ITEM('color',(#16067),#1530);
#16067 = PRESENTATION_STYLE_ASSIGNMENT((#16068));
#16068 = SURFACE_STYLE_USAGE(.BOTH.,#16069);
#16069 = SURFACE_SIDE_STYLE('',(#16070));
#16070 = SURFACE_STYLE_FILL_AREA(#16071);
#16071 = FILL_AREA_STYLE('',(#16072));
#16072 = FILL_AREA_STYLE_COLOUR('',#15799);
#16073 = STYLED_ITEM('color',(#16074),#1546);
#16074 = PRESENTATION_STYLE_ASSIGNMENT((#16075));
#16075 = SURFACE_STYLE_USAGE(.BOTH.,#16076);
#16076 = SURFACE_SIDE_STYLE('',(#16077));
#16077 = SURFACE_STYLE_FILL_AREA(#16078);
#16078 = FILL_AREA_STYLE('',(#16079));
#16079 = FILL_AREA_STYLE_COLOUR('',#15799);
#16080 = STYLED_ITEM('color',(#16081),#1562);
#16081 = PRESENTATION_STYLE_ASSIGNMENT((#16082));
#16082 = SURFACE_STYLE_USAGE(.BOTH.,#16083);
#16083 = SURFACE_SIDE_STYLE('',(#16084));
#16084 = SURFACE_STYLE_FILL_AREA(#16085);
#16085 = FILL_AREA_STYLE('',(#16086));
#16086 = FILL_AREA_STYLE_COLOUR('',#15799);
#16087 = STYLED_ITEM('color',(#16088),#1618);
#16088 = PRESENTATION_STYLE_ASSIGNMENT((#16089));
#16089 = SURFACE_STYLE_USAGE(.BOTH.,#16090);
#16090 = SURFACE_SIDE_STYLE('',(#16091));
#16091 = SURFACE_STYLE_FILL_AREA(#16092);
#16092 = FILL_AREA_STYLE('',(#16093));
#16093 = FILL_AREA_STYLE_COLOUR('',#15799);
#16094 = STYLED_ITEM('color',(#16095),#1640);
#16095 = PRESENTATION_STYLE_ASSIGNMENT((#16096));
#16096 = SURFACE_STYLE_USAGE(.BOTH.,#16097);
#16097 = SURFACE_SIDE_STYLE('',(#16098));
#16098 = SURFACE_STYLE_FILL_AREA(#16099);
#16099 = FILL_AREA_STYLE('',(#16100));
#16100 = FILL_AREA_STYLE_COLOUR('',#15799);
#16101 = STYLED_ITEM('color',(#16102),#1682);
#16102 = PRESENTATION_STYLE_ASSIGNMENT((#16103));
#16103 = SURFACE_STYLE_USAGE(.BOTH.,#16104);
#16104 = SURFACE_SIDE_STYLE('',(#16105));
#16105 = SURFACE_STYLE_FILL_AREA(#16106);
#16106 = FILL_AREA_STYLE('',(#16107));
#16107 = FILL_AREA_STYLE_COLOUR('',#15799);
#16108 = STYLED_ITEM('color',(#16109),#1704);
#16109 = PRESENTATION_STYLE_ASSIGNMENT((#16110));
#16110 = SURFACE_STYLE_USAGE(.BOTH.,#16111);
#16111 = SURFACE_SIDE_STYLE('',(#16112));
#16112 = SURFACE_STYLE_FILL_AREA(#16113);
#16113 = FILL_AREA_STYLE('',(#16114));
#16114 = FILL_AREA_STYLE_COLOUR('',#15799);
#16115 = STYLED_ITEM('color',(#16116),#1726);
#16116 = PRESENTATION_STYLE_ASSIGNMENT((#16117));
#16117 = SURFACE_STYLE_USAGE(.BOTH.,#16118);
#16118 = SURFACE_SIDE_STYLE('',(#16119));
#16119 = SURFACE_STYLE_FILL_AREA(#16120);
#16120 = FILL_AREA_STYLE('',(#16121));
#16121 = FILL_AREA_STYLE_COLOUR('',#15799);
#16122 = STYLED_ITEM('color',(#16123),#1742);
#16123 = PRESENTATION_STYLE_ASSIGNMENT((#16124));
#16124 = SURFACE_STYLE_USAGE(.BOTH.,#16125);
#16125 = SURFACE_SIDE_STYLE('',(#16126));
#16126 = SURFACE_STYLE_FILL_AREA(#16127);
#16127 = FILL_AREA_STYLE('',(#16128));
#16128 = FILL_AREA_STYLE_COLOUR('',#15799);
#16129 = STYLED_ITEM('color',(#16130),#1758);
#16130 = PRESENTATION_STYLE_ASSIGNMENT((#16131));
#16131 = SURFACE_STYLE_USAGE(.BOTH.,#16132);
#16132 = SURFACE_SIDE_STYLE('',(#16133));
#16133 = SURFACE_STYLE_FILL_AREA(#16134);
#16134 = FILL_AREA_STYLE('',(#16135));
#16135 = FILL_AREA_STYLE_COLOUR('',#15799);
#16136 = STYLED_ITEM('color',(#16137),#1780);
#16137 = PRESENTATION_STYLE_ASSIGNMENT((#16138));
#16138 = SURFACE_STYLE_USAGE(.BOTH.,#16139);
#16139 = SURFACE_SIDE_STYLE('',(#16140));
#16140 = SURFACE_STYLE_FILL_AREA(#16141);
#16141 = FILL_AREA_STYLE('',(#16142));
#16142 = FILL_AREA_STYLE_COLOUR('',#15799);
#16143 = STYLED_ITEM('color',(#16144),#1802);
#16144 = PRESENTATION_STYLE_ASSIGNMENT((#16145));
#16145 = SURFACE_STYLE_USAGE(.BOTH.,#16146);
#16146 = SURFACE_SIDE_STYLE('',(#16147));
#16147 = SURFACE_STYLE_FILL_AREA(#16148);
#16148 = FILL_AREA_STYLE('',(#16149));
#16149 = FILL_AREA_STYLE_COLOUR('',#15799);
#16150 = STYLED_ITEM('color',(#16151),#1818);
#16151 = PRESENTATION_STYLE_ASSIGNMENT((#16152));
#16152 = SURFACE_STYLE_USAGE(.BOTH.,#16153);
#16153 = SURFACE_SIDE_STYLE('',(#16154));
#16154 = SURFACE_STYLE_FILL_AREA(#16155);
#16155 = FILL_AREA_STYLE('',(#16156));
#16156 = FILL_AREA_STYLE_COLOUR('',#15799);
#16157 = STYLED_ITEM('color',(#16158),#1846);
#16158 = PRESENTATION_STYLE_ASSIGNMENT((#16159));
#16159 = SURFACE_STYLE_USAGE(.BOTH.,#16160);
#16160 = SURFACE_SIDE_STYLE('',(#16161));
#16161 = SURFACE_STYLE_FILL_AREA(#16162);
#16162 = FILL_AREA_STYLE('',(#16163));
#16163 = FILL_AREA_STYLE_COLOUR('',#15799);
#16164 = STYLED_ITEM('color',(#16165),#1868);
#16165 = PRESENTATION_STYLE_ASSIGNMENT((#16166));
#16166 = SURFACE_STYLE_USAGE(.BOTH.,#16167);
#16167 = SURFACE_SIDE_STYLE('',(#16168));
#16168 = SURFACE_STYLE_FILL_AREA(#16169);
#16169 = FILL_AREA_STYLE('',(#16170));
#16170 = FILL_AREA_STYLE_COLOUR('',#15799);
#16171 = STYLED_ITEM('color',(#16172),#1890);
#16172 = PRESENTATION_STYLE_ASSIGNMENT((#16173));
#16173 = SURFACE_STYLE_USAGE(.BOTH.,#16174);
#16174 = SURFACE_SIDE_STYLE('',(#16175));
#16175 = SURFACE_STYLE_FILL_AREA(#16176);
#16176 = FILL_AREA_STYLE('',(#16177));
#16177 = FILL_AREA_STYLE_COLOUR('',#15799);
#16178 = STYLED_ITEM('color',(#16179),#1906);
#16179 = PRESENTATION_STYLE_ASSIGNMENT((#16180));
#16180 = SURFACE_STYLE_USAGE(.BOTH.,#16181);
#16181 = SURFACE_SIDE_STYLE('',(#16182));
#16182 = SURFACE_STYLE_FILL_AREA(#16183);
#16183 = FILL_AREA_STYLE('',(#16184));
#16184 = FILL_AREA_STYLE_COLOUR('',#15799);
#16185 = STYLED_ITEM('color',(#16186),#1938);
#16186 = PRESENTATION_STYLE_ASSIGNMENT((#16187));
#16187 = SURFACE_STYLE_USAGE(.BOTH.,#16188);
#16188 = SURFACE_SIDE_STYLE('',(#16189));
#16189 = SURFACE_STYLE_FILL_AREA(#16190);
#16190 = FILL_AREA_STYLE('',(#16191));
#16191 = FILL_AREA_STYLE_COLOUR('',#15799);
#16192 = STYLED_ITEM('color',(#16193),#1976);
#16193 = PRESENTATION_STYLE_ASSIGNMENT((#16194));
#16194 = SURFACE_STYLE_USAGE(.BOTH.,#16195);
#16195 = SURFACE_SIDE_STYLE('',(#16196));
#16196 = SURFACE_STYLE_FILL_AREA(#16197);
#16197 = FILL_AREA_STYLE('',(#16198));
#16198 = FILL_AREA_STYLE_COLOUR('',#15799);
#16199 = STYLED_ITEM('color',(#16200),#1998);
#16200 = PRESENTATION_STYLE_ASSIGNMENT((#16201));
#16201 = SURFACE_STYLE_USAGE(.BOTH.,#16202);
#16202 = SURFACE_SIDE_STYLE('',(#16203));
#16203 = SURFACE_STYLE_FILL_AREA(#16204);
#16204 = FILL_AREA_STYLE('',(#16205));
#16205 = FILL_AREA_STYLE_COLOUR('',#15799);
#16206 = STYLED_ITEM('color',(#16207),#2037);
#16207 = PRESENTATION_STYLE_ASSIGNMENT((#16208));
#16208 = SURFACE_STYLE_USAGE(.BOTH.,#16209);
#16209 = SURFACE_SIDE_STYLE('',(#16210));
#16210 = SURFACE_STYLE_FILL_AREA(#16211);
#16211 = FILL_AREA_STYLE('',(#16212));
#16212 = FILL_AREA_STYLE_COLOUR('',#15799);
#16213 = STYLED_ITEM('color',(#16214),#2193);
#16214 = PRESENTATION_STYLE_ASSIGNMENT((#16215));
#16215 = SURFACE_STYLE_USAGE(.BOTH.,#16216);
#16216 = SURFACE_SIDE_STYLE('',(#16217));
#16217 = SURFACE_STYLE_FILL_AREA(#16218);
#16218 = FILL_AREA_STYLE('',(#16219));
#16219 = FILL_AREA_STYLE_COLOUR('',#15799);
#16220 = STYLED_ITEM('color',(#16221),#2235);
#16221 = PRESENTATION_STYLE_ASSIGNMENT((#16222));
#16222 = SURFACE_STYLE_USAGE(.BOTH.,#16223);
#16223 = SURFACE_SIDE_STYLE('',(#16224));
#16224 = SURFACE_STYLE_FILL_AREA(#16225);
#16225 = FILL_AREA_STYLE('',(#16226));
#16226 = FILL_AREA_STYLE_COLOUR('',#15799);
#16227 = STYLED_ITEM('color',(#16228),#2277);
#16228 = PRESENTATION_STYLE_ASSIGNMENT((#16229));
#16229 = SURFACE_STYLE_USAGE(.BOTH.,#16230);
#16230 = SURFACE_SIDE_STYLE('',(#16231));
#16231 = SURFACE_STYLE_FILL_AREA(#16232);
#16232 = FILL_AREA_STYLE('',(#16233));
#16233 = FILL_AREA_STYLE_COLOUR('',#15799);
#16234 = STYLED_ITEM('color',(#16235),#2319);
#16235 = PRESENTATION_STYLE_ASSIGNMENT((#16236));
#16236 = SURFACE_STYLE_USAGE(.BOTH.,#16237);
#16237 = SURFACE_SIDE_STYLE('',(#16238));
#16238 = SURFACE_STYLE_FILL_AREA(#16239);
#16239 = FILL_AREA_STYLE('',(#16240));
#16240 = FILL_AREA_STYLE_COLOUR('',#15799);
#16241 = STYLED_ITEM('color',(#16242),#2361);
#16242 = PRESENTATION_STYLE_ASSIGNMENT((#16243));
#16243 = SURFACE_STYLE_USAGE(.BOTH.,#16244);
#16244 = SURFACE_SIDE_STYLE('',(#16245));
#16245 = SURFACE_STYLE_FILL_AREA(#16246);
#16246 = FILL_AREA_STYLE('',(#16247));
#16247 = FILL_AREA_STYLE_COLOUR('',#15799);
#16248 = STYLED_ITEM('color',(#16249),#2403);
#16249 = PRESENTATION_STYLE_ASSIGNMENT((#16250));
#16250 = SURFACE_STYLE_USAGE(.BOTH.,#16251);
#16251 = SURFACE_SIDE_STYLE('',(#16252));
#16252 = SURFACE_STYLE_FILL_AREA(#16253);
#16253 = FILL_AREA_STYLE('',(#16254));
#16254 = FILL_AREA_STYLE_COLOUR('',#15799);
#16255 = STYLED_ITEM('color',(#16256),#2425);
#16256 = PRESENTATION_STYLE_ASSIGNMENT((#16257));
#16257 = SURFACE_STYLE_USAGE(.BOTH.,#16258);
#16258 = SURFACE_SIDE_STYLE('',(#16259));
#16259 = SURFACE_STYLE_FILL_AREA(#16260);
#16260 = FILL_AREA_STYLE('',(#16261));
#16261 = FILL_AREA_STYLE_COLOUR('',#15799);
#16262 = STYLED_ITEM('color',(#16263),#2437);
#16263 = PRESENTATION_STYLE_ASSIGNMENT((#16264));
#16264 = SURFACE_STYLE_USAGE(.BOTH.,#16265);
#16265 = SURFACE_SIDE_STYLE('',(#16266));
#16266 = SURFACE_STYLE_FILL_AREA(#16267);
#16267 = FILL_AREA_STYLE('',(#16268));
#16268 = FILL_AREA_STYLE_COLOUR('',#16269);
#16269 = COLOUR_RGB('',0.823529417451,0.819607860991,0.780392170416);
#16270 = STYLED_ITEM('color',(#16271),#2465);
#16271 = PRESENTATION_STYLE_ASSIGNMENT((#16272));
#16272 = SURFACE_STYLE_USAGE(.BOTH.,#16273);
#16273 = SURFACE_SIDE_STYLE('',(#16274));
#16274 = SURFACE_STYLE_FILL_AREA(#16275);
#16275 = FILL_AREA_STYLE('',(#16276));
#16276 = FILL_AREA_STYLE_COLOUR('',#16269);
#16277 = STYLED_ITEM('color',(#16278),#2515);
#16278 = PRESENTATION_STYLE_ASSIGNMENT((#16279));
#16279 = SURFACE_STYLE_USAGE(.BOTH.,#16280);
#16280 = SURFACE_SIDE_STYLE('',(#16281));
#16281 = SURFACE_STYLE_FILL_AREA(#16282);
#16282 = FILL_AREA_STYLE('',(#16283));
#16283 = FILL_AREA_STYLE_COLOUR('',#16269);
#16284 = STYLED_ITEM('color',(#16285),#2537);
#16285 = PRESENTATION_STYLE_ASSIGNMENT((#16286));
#16286 = SURFACE_STYLE_USAGE(.BOTH.,#16287);
#16287 = SURFACE_SIDE_STYLE('',(#16288));
#16288 = SURFACE_STYLE_FILL_AREA(#16289);
#16289 = FILL_AREA_STYLE('',(#16290));
#16290 = FILL_AREA_STYLE_COLOUR('',#16269);
#16291 = STYLED_ITEM('color',(#16292),#2581);
#16292 = PRESENTATION_STYLE_ASSIGNMENT((#16293));
#16293 = SURFACE_STYLE_USAGE(.BOTH.,#16294);
#16294 = SURFACE_SIDE_STYLE('',(#16295));
#16295 = SURFACE_STYLE_FILL_AREA(#16296);
#16296 = FILL_AREA_STYLE('',(#16297));
#16297 = FILL_AREA_STYLE_COLOUR('',#15799);
#16298 = STYLED_ITEM('color',(#16299),#2593);
#16299 = PRESENTATION_STYLE_ASSIGNMENT((#16300));
#16300 = SURFACE_STYLE_USAGE(.BOTH.,#16301);
#16301 = SURFACE_SIDE_STYLE('',(#16302));
#16302 = SURFACE_STYLE_FILL_AREA(#16303);
#16303 = FILL_AREA_STYLE('',(#16304));
#16304 = FILL_AREA_STYLE_COLOUR('',#15799);
#16305 = STYLED_ITEM('color',(#16306),#2885);
#16306 = PRESENTATION_STYLE_ASSIGNMENT((#16307));
#16307 = SURFACE_STYLE_USAGE(.BOTH.,#16308);
#16308 = SURFACE_SIDE_STYLE('',(#16309));
#16309 = SURFACE_STYLE_FILL_AREA(#16310);
#16310 = FILL_AREA_STYLE('',(#16311));
#16311 = FILL_AREA_STYLE_COLOUR('',#15799);
#16312 = STYLED_ITEM('color',(#16313),#2907);
#16313 = PRESENTATION_STYLE_ASSIGNMENT((#16314));
#16314 = SURFACE_STYLE_USAGE(.BOTH.,#16315);
#16315 = SURFACE_SIDE_STYLE('',(#16316));
#16316 = SURFACE_STYLE_FILL_AREA(#16317);
#16317 = FILL_AREA_STYLE('',(#16318));
#16318 = FILL_AREA_STYLE_COLOUR('',#15799);
#16319 = STYLED_ITEM('color',(#16320),#2929);
#16320 = PRESENTATION_STYLE_ASSIGNMENT((#16321));
#16321 = SURFACE_STYLE_USAGE(.BOTH.,#16322);
#16322 = SURFACE_SIDE_STYLE('',(#16323));
#16323 = SURFACE_STYLE_FILL_AREA(#16324);
#16324 = FILL_AREA_STYLE('',(#16325));
#16325 = FILL_AREA_STYLE_COLOUR('',#15799);
#16326 = STYLED_ITEM('color',(#16327),#2945);
#16327 = PRESENTATION_STYLE_ASSIGNMENT((#16328));
#16328 = SURFACE_STYLE_USAGE(.BOTH.,#16329);
#16329 = SURFACE_SIDE_STYLE('',(#16330));
#16330 = SURFACE_STYLE_FILL_AREA(#16331);
#16331 = FILL_AREA_STYLE('',(#16332));
#16332 = FILL_AREA_STYLE_COLOUR('',#15799);
#16333 = STYLED_ITEM('color',(#16334),#2967);
#16334 = PRESENTATION_STYLE_ASSIGNMENT((#16335));
#16335 = SURFACE_STYLE_USAGE(.BOTH.,#16336);
#16336 = SURFACE_SIDE_STYLE('',(#16337));
#16337 = SURFACE_STYLE_FILL_AREA(#16338);
#16338 = FILL_AREA_STYLE('',(#16339));
#16339 = FILL_AREA_STYLE_COLOUR('',#15799);
#16340 = STYLED_ITEM('color',(#16341),#2989);
#16341 = PRESENTATION_STYLE_ASSIGNMENT((#16342));
#16342 = SURFACE_STYLE_USAGE(.BOTH.,#16343);
#16343 = SURFACE_SIDE_STYLE('',(#16344));
#16344 = SURFACE_STYLE_FILL_AREA(#16345);
#16345 = FILL_AREA_STYLE('',(#16346));
#16346 = FILL_AREA_STYLE_COLOUR('',#15799);
#16347 = STYLED_ITEM('color',(#16348),#3005);
#16348 = PRESENTATION_STYLE_ASSIGNMENT((#16349));
#16349 = SURFACE_STYLE_USAGE(.BOTH.,#16350);
#16350 = SURFACE_SIDE_STYLE('',(#16351));
#16351 = SURFACE_STYLE_FILL_AREA(#16352);
#16352 = FILL_AREA_STYLE('',(#16353));
#16353 = FILL_AREA_STYLE_COLOUR('',#15799);
#16354 = STYLED_ITEM('color',(#16355),#3027);
#16355 = PRESENTATION_STYLE_ASSIGNMENT((#16356));
#16356 = SURFACE_STYLE_USAGE(.BOTH.,#16357);
#16357 = SURFACE_SIDE_STYLE('',(#16358));
#16358 = SURFACE_STYLE_FILL_AREA(#16359);
#16359 = FILL_AREA_STYLE('',(#16360));
#16360 = FILL_AREA_STYLE_COLOUR('',#15799);
#16361 = STYLED_ITEM('color',(#16362),#3049);
#16362 = PRESENTATION_STYLE_ASSIGNMENT((#16363));
#16363 = SURFACE_STYLE_USAGE(.BOTH.,#16364);
#16364 = SURFACE_SIDE_STYLE('',(#16365));
#16365 = SURFACE_STYLE_FILL_AREA(#16366);
#16366 = FILL_AREA_STYLE('',(#16367));
#16367 = FILL_AREA_STYLE_COLOUR('',#15799);
#16368 = STYLED_ITEM('color',(#16369),#3065);
#16369 = PRESENTATION_STYLE_ASSIGNMENT((#16370));
#16370 = SURFACE_STYLE_USAGE(.BOTH.,#16371);
#16371 = SURFACE_SIDE_STYLE('',(#16372));
#16372 = SURFACE_STYLE_FILL_AREA(#16373);
#16373 = FILL_AREA_STYLE('',(#16374));
#16374 = FILL_AREA_STYLE_COLOUR('',#15799);
#16375 = STYLED_ITEM('color',(#16376),#3087);
#16376 = PRESENTATION_STYLE_ASSIGNMENT((#16377));
#16377 = SURFACE_STYLE_USAGE(.BOTH.,#16378);
#16378 = SURFACE_SIDE_STYLE('',(#16379));
#16379 = SURFACE_STYLE_FILL_AREA(#16380);
#16380 = FILL_AREA_STYLE('',(#16381));
#16381 = FILL_AREA_STYLE_COLOUR('',#15799);
#16382 = STYLED_ITEM('color',(#16383),#3109);
#16383 = PRESENTATION_STYLE_ASSIGNMENT((#16384));
#16384 = SURFACE_STYLE_USAGE(.BOTH.,#16385);
#16385 = SURFACE_SIDE_STYLE('',(#16386));
#16386 = SURFACE_STYLE_FILL_AREA(#16387);
#16387 = FILL_AREA_STYLE('',(#16388));
#16388 = FILL_AREA_STYLE_COLOUR('',#15799);
#16389 = STYLED_ITEM('color',(#16390),#3125);
#16390 = PRESENTATION_STYLE_ASSIGNMENT((#16391));
#16391 = SURFACE_STYLE_USAGE(.BOTH.,#16392);
#16392 = SURFACE_SIDE_STYLE('',(#16393));
#16393 = SURFACE_STYLE_FILL_AREA(#16394);
#16394 = FILL_AREA_STYLE('',(#16395));
#16395 = FILL_AREA_STYLE_COLOUR('',#15799);
#16396 = STYLED_ITEM('color',(#16397),#3147);
#16397 = PRESENTATION_STYLE_ASSIGNMENT((#16398));
#16398 = SURFACE_STYLE_USAGE(.BOTH.,#16399);
#16399 = SURFACE_SIDE_STYLE('',(#16400));
#16400 = SURFACE_STYLE_FILL_AREA(#16401);
#16401 = FILL_AREA_STYLE('',(#16402));
#16402 = FILL_AREA_STYLE_COLOUR('',#15799);
#16403 = STYLED_ITEM('color',(#16404),#3169);
#16404 = PRESENTATION_STYLE_ASSIGNMENT((#16405));
#16405 = SURFACE_STYLE_USAGE(.BOTH.,#16406);
#16406 = SURFACE_SIDE_STYLE('',(#16407));
#16407 = SURFACE_STYLE_FILL_AREA(#16408);
#16408 = FILL_AREA_STYLE('',(#16409));
#16409 = FILL_AREA_STYLE_COLOUR('',#15799);
#16410 = STYLED_ITEM('color',(#16411),#3185);
#16411 = PRESENTATION_STYLE_ASSIGNMENT((#16412));
#16412 = SURFACE_STYLE_USAGE(.BOTH.,#16413);
#16413 = SURFACE_SIDE_STYLE('',(#16414));
#16414 = SURFACE_STYLE_FILL_AREA(#16415);
#16415 = FILL_AREA_STYLE('',(#16416));
#16416 = FILL_AREA_STYLE_COLOUR('',#16269);
#16417 = STYLED_ITEM('color',(#16418),#3241);
#16418 = PRESENTATION_STYLE_ASSIGNMENT((#16419));
#16419 = SURFACE_STYLE_USAGE(.BOTH.,#16420);
#16420 = SURFACE_SIDE_STYLE('',(#16421));
#16421 = SURFACE_STYLE_FILL_AREA(#16422);
#16422 = FILL_AREA_STYLE('',(#16423));
#16423 = FILL_AREA_STYLE_COLOUR('',#16269);
#16424 = STYLED_ITEM('color',(#16425),#3263);
#16425 = PRESENTATION_STYLE_ASSIGNMENT((#16426));
#16426 = SURFACE_STYLE_USAGE(.BOTH.,#16427);
#16427 = SURFACE_SIDE_STYLE('',(#16428));
#16428 = SURFACE_STYLE_FILL_AREA(#16429);
#16429 = FILL_AREA_STYLE('',(#16430));
#16430 = FILL_AREA_STYLE_COLOUR('',#16269);
#16431 = STYLED_ITEM('color',(#16432),#3313);
#16432 = PRESENTATION_STYLE_ASSIGNMENT((#16433));
#16433 = SURFACE_STYLE_USAGE(.BOTH.,#16434);
#16434 = SURFACE_SIDE_STYLE('',(#16435));
#16435 = SURFACE_STYLE_FILL_AREA(#16436);
#16436 = FILL_AREA_STYLE('',(#16437));
#16437 = FILL_AREA_STYLE_COLOUR('',#16269);
#16438 = STYLED_ITEM('color',(#16439),#3329);
#16439 = PRESENTATION_STYLE_ASSIGNMENT((#16440));
#16440 = SURFACE_STYLE_USAGE(.BOTH.,#16441);
#16441 = SURFACE_SIDE_STYLE('',(#16442));
#16442 = SURFACE_STYLE_FILL_AREA(#16443);
#16443 = FILL_AREA_STYLE('',(#16444));
#16444 = FILL_AREA_STYLE_COLOUR('',#16269);
#16445 = STYLED_ITEM('color',(#16446),#3357);
#16446 = PRESENTATION_STYLE_ASSIGNMENT((#16447));
#16447 = SURFACE_STYLE_USAGE(.BOTH.,#16448);
#16448 = SURFACE_SIDE_STYLE('',(#16449));
#16449 = SURFACE_STYLE_FILL_AREA(#16450);
#16450 = FILL_AREA_STYLE('',(#16451));
#16451 = FILL_AREA_STYLE_COLOUR('',#16269);
#16452 = STYLED_ITEM('color',(#16453),#3379);
#16453 = PRESENTATION_STYLE_ASSIGNMENT((#16454));
#16454 = SURFACE_STYLE_USAGE(.BOTH.,#16455);
#16455 = SURFACE_SIDE_STYLE('',(#16456));
#16456 = SURFACE_STYLE_FILL_AREA(#16457);
#16457 = FILL_AREA_STYLE('',(#16458));
#16458 = FILL_AREA_STYLE_COLOUR('',#16269);
#16459 = STYLED_ITEM('color',(#16460),#3401);
#16460 = PRESENTATION_STYLE_ASSIGNMENT((#16461));
#16461 = SURFACE_STYLE_USAGE(.BOTH.,#16462);
#16462 = SURFACE_SIDE_STYLE('',(#16463));
#16463 = SURFACE_STYLE_FILL_AREA(#16464);
#16464 = FILL_AREA_STYLE('',(#16465));
#16465 = FILL_AREA_STYLE_COLOUR('',#16269);
#16466 = STYLED_ITEM('color',(#16467),#3417);
#16467 = PRESENTATION_STYLE_ASSIGNMENT((#16468));
#16468 = SURFACE_STYLE_USAGE(.BOTH.,#16469);
#16469 = SURFACE_SIDE_STYLE('',(#16470));
#16470 = SURFACE_STYLE_FILL_AREA(#16471);
#16471 = FILL_AREA_STYLE('',(#16472));
#16472 = FILL_AREA_STYLE_COLOUR('',#16269);
#16473 = STYLED_ITEM('color',(#16474),#3445);
#16474 = PRESENTATION_STYLE_ASSIGNMENT((#16475));
#16475 = SURFACE_STYLE_USAGE(.BOTH.,#16476);
#16476 = SURFACE_SIDE_STYLE('',(#16477));
#16477 = SURFACE_STYLE_FILL_AREA(#16478);
#16478 = FILL_AREA_STYLE('',(#16479));
#16479 = FILL_AREA_STYLE_COLOUR('',#16269);
#16480 = STYLED_ITEM('color',(#16481),#3467);
#16481 = PRESENTATION_STYLE_ASSIGNMENT((#16482));
#16482 = SURFACE_STYLE_USAGE(.BOTH.,#16483);
#16483 = SURFACE_SIDE_STYLE('',(#16484));
#16484 = SURFACE_STYLE_FILL_AREA(#16485);
#16485 = FILL_AREA_STYLE('',(#16486));
#16486 = FILL_AREA_STYLE_COLOUR('',#16269);
#16487 = STYLED_ITEM('color',(#16488),#3489);
#16488 = PRESENTATION_STYLE_ASSIGNMENT((#16489));
#16489 = SURFACE_STYLE_USAGE(.BOTH.,#16490);
#16490 = SURFACE_SIDE_STYLE('',(#16491));
#16491 = SURFACE_STYLE_FILL_AREA(#16492);
#16492 = FILL_AREA_STYLE('',(#16493));
#16493 = FILL_AREA_STYLE_COLOUR('',#16269);
#16494 = STYLED_ITEM('color',(#16495),#3505);
#16495 = PRESENTATION_STYLE_ASSIGNMENT((#16496));
#16496 = SURFACE_STYLE_USAGE(.BOTH.,#16497);
#16497 = SURFACE_SIDE_STYLE('',(#16498));
#16498 = SURFACE_STYLE_FILL_AREA(#16499);
#16499 = FILL_AREA_STYLE('',(#16500));
#16500 = FILL_AREA_STYLE_COLOUR('',#16269);
#16501 = STYLED_ITEM('color',(#16502),#3533);
#16502 = PRESENTATION_STYLE_ASSIGNMENT((#16503));
#16503 = SURFACE_STYLE_USAGE(.BOTH.,#16504);
#16504 = SURFACE_SIDE_STYLE('',(#16505));
#16505 = SURFACE_STYLE_FILL_AREA(#16506);
#16506 = FILL_AREA_STYLE('',(#16507));
#16507 = FILL_AREA_STYLE_COLOUR('',#16269);
#16508 = STYLED_ITEM('color',(#16509),#3555);
#16509 = PRESENTATION_STYLE_ASSIGNMENT((#16510));
#16510 = SURFACE_STYLE_USAGE(.BOTH.,#16511);
#16511 = SURFACE_SIDE_STYLE('',(#16512));
#16512 = SURFACE_STYLE_FILL_AREA(#16513);
#16513 = FILL_AREA_STYLE('',(#16514));
#16514 = FILL_AREA_STYLE_COLOUR('',#16269);
#16515 = STYLED_ITEM('color',(#16516),#3577);
#16516 = PRESENTATION_STYLE_ASSIGNMENT((#16517));
#16517 = SURFACE_STYLE_USAGE(.BOTH.,#16518);
#16518 = SURFACE_SIDE_STYLE('',(#16519));
#16519 = SURFACE_STYLE_FILL_AREA(#16520);
#16520 = FILL_AREA_STYLE('',(#16521));
#16521 = FILL_AREA_STYLE_COLOUR('',#16269);
#16522 = STYLED_ITEM('color',(#16523),#3593);
#16523 = PRESENTATION_STYLE_ASSIGNMENT((#16524));
#16524 = SURFACE_STYLE_USAGE(.BOTH.,#16525);
#16525 = SURFACE_SIDE_STYLE('',(#16526));
#16526 = SURFACE_STYLE_FILL_AREA(#16527);
#16527 = FILL_AREA_STYLE('',(#16528));
#16528 = FILL_AREA_STYLE_COLOUR('',#16269);
#16529 = STYLED_ITEM('color',(#16530),#3621);
#16530 = PRESENTATION_STYLE_ASSIGNMENT((#16531));
#16531 = SURFACE_STYLE_USAGE(.BOTH.,#16532);
#16532 = SURFACE_SIDE_STYLE('',(#16533));
#16533 = SURFACE_STYLE_FILL_AREA(#16534);
#16534 = FILL_AREA_STYLE('',(#16535));
#16535 = FILL_AREA_STYLE_COLOUR('',#16269);
#16536 = STYLED_ITEM('color',(#16537),#3643);
#16537 = PRESENTATION_STYLE_ASSIGNMENT((#16538));
#16538 = SURFACE_STYLE_USAGE(.BOTH.,#16539);
#16539 = SURFACE_SIDE_STYLE('',(#16540));
#16540 = SURFACE_STYLE_FILL_AREA(#16541);
#16541 = FILL_AREA_STYLE('',(#16542));
#16542 = FILL_AREA_STYLE_COLOUR('',#16269);
#16543 = STYLED_ITEM('color',(#16544),#3665);
#16544 = PRESENTATION_STYLE_ASSIGNMENT((#16545));
#16545 = SURFACE_STYLE_USAGE(.BOTH.,#16546);
#16546 = SURFACE_SIDE_STYLE('',(#16547));
#16547 = SURFACE_STYLE_FILL_AREA(#16548);
#16548 = FILL_AREA_STYLE('',(#16549));
#16549 = FILL_AREA_STYLE_COLOUR('',#16269);
#16550 = STYLED_ITEM('color',(#16551),#3681);
#16551 = PRESENTATION_STYLE_ASSIGNMENT((#16552));
#16552 = SURFACE_STYLE_USAGE(.BOTH.,#16553);
#16553 = SURFACE_SIDE_STYLE('',(#16554));
#16554 = SURFACE_STYLE_FILL_AREA(#16555);
#16555 = FILL_AREA_STYLE('',(#16556));
#16556 = FILL_AREA_STYLE_COLOUR('',#16269);
#16557 = STYLED_ITEM('color',(#16558),#3697);
#16558 = PRESENTATION_STYLE_ASSIGNMENT((#16559));
#16559 = SURFACE_STYLE_USAGE(.BOTH.,#16560);
#16560 = SURFACE_SIDE_STYLE('',(#16561));
#16561 = SURFACE_STYLE_FILL_AREA(#16562);
#16562 = FILL_AREA_STYLE('',(#16563));
#16563 = FILL_AREA_STYLE_COLOUR('',#16269);
#16564 = STYLED_ITEM('color',(#16565),#3739);
#16565 = PRESENTATION_STYLE_ASSIGNMENT((#16566));
#16566 = SURFACE_STYLE_USAGE(.BOTH.,#16567);
#16567 = SURFACE_SIDE_STYLE('',(#16568));
#16568 = SURFACE_STYLE_FILL_AREA(#16569);
#16569 = FILL_AREA_STYLE('',(#16570));
#16570 = FILL_AREA_STYLE_COLOUR('',#16269);
#16571 = STYLED_ITEM('color',(#16572),#3763);
#16572 = PRESENTATION_STYLE_ASSIGNMENT((#16573));
#16573 = SURFACE_STYLE_USAGE(.BOTH.,#16574);
#16574 = SURFACE_SIDE_STYLE('',(#16575));
#16575 = SURFACE_STYLE_FILL_AREA(#16576);
#16576 = FILL_AREA_STYLE('',(#16577));
#16577 = FILL_AREA_STYLE_COLOUR('',#16269);
#16578 = STYLED_ITEM('color',(#16579),#3779);
#16579 = PRESENTATION_STYLE_ASSIGNMENT((#16580));
#16580 = SURFACE_STYLE_USAGE(.BOTH.,#16581);
#16581 = SURFACE_SIDE_STYLE('',(#16582));
#16582 = SURFACE_STYLE_FILL_AREA(#16583);
#16583 = FILL_AREA_STYLE('',(#16584));
#16584 = FILL_AREA_STYLE_COLOUR('',#16269);
#16585 = STYLED_ITEM('color',(#16586),#3803);
#16586 = PRESENTATION_STYLE_ASSIGNMENT((#16587));
#16587 = SURFACE_STYLE_USAGE(.BOTH.,#16588);
#16588 = SURFACE_SIDE_STYLE('',(#16589));
#16589 = SURFACE_STYLE_FILL_AREA(#16590);
#16590 = FILL_AREA_STYLE('',(#16591));
#16591 = FILL_AREA_STYLE_COLOUR('',#16269);
#16592 = STYLED_ITEM('color',(#16593),#3833);
#16593 = PRESENTATION_STYLE_ASSIGNMENT((#16594));
#16594 = SURFACE_STYLE_USAGE(.BOTH.,#16595);
#16595 = SURFACE_SIDE_STYLE('',(#16596));
#16596 = SURFACE_STYLE_FILL_AREA(#16597);
#16597 = FILL_AREA_STYLE('',(#16598));
#16598 = FILL_AREA_STYLE_COLOUR('',#15799);
#16599 = STYLED_ITEM('color',(#16600),#3845);
#16600 = PRESENTATION_STYLE_ASSIGNMENT((#16601));
#16601 = SURFACE_STYLE_USAGE(.BOTH.,#16602);
#16602 = SURFACE_SIDE_STYLE('',(#16603));
#16603 = SURFACE_STYLE_FILL_AREA(#16604);
#16604 = FILL_AREA_STYLE('',(#16605));
#16605 = FILL_AREA_STYLE_COLOUR('',#15799);
#16606 = STYLED_ITEM('color',(#16607),#3857);
#16607 = PRESENTATION_STYLE_ASSIGNMENT((#16608));
#16608 = SURFACE_STYLE_USAGE(.BOTH.,#16609);
#16609 = SURFACE_SIDE_STYLE('',(#16610));
#16610 = SURFACE_STYLE_FILL_AREA(#16611);
#16611 = FILL_AREA_STYLE('',(#16612));
#16612 = FILL_AREA_STYLE_COLOUR('',#15799);
#16613 = STYLED_ITEM('color',(#16614),#3869);
#16614 = PRESENTATION_STYLE_ASSIGNMENT((#16615));
#16615 = SURFACE_STYLE_USAGE(.BOTH.,#16616);
#16616 = SURFACE_SIDE_STYLE('',(#16617));
#16617 = SURFACE_STYLE_FILL_AREA(#16618);
#16618 = FILL_AREA_STYLE('',(#16619));
#16619 = FILL_AREA_STYLE_COLOUR('',#15799);
#16620 = STYLED_ITEM('color',(#16621),#3881);
#16621 = PRESENTATION_STYLE_ASSIGNMENT((#16622));
#16622 = SURFACE_STYLE_USAGE(.BOTH.,#16623);
#16623 = SURFACE_SIDE_STYLE('',(#16624));
#16624 = SURFACE_STYLE_FILL_AREA(#16625);
#16625 = FILL_AREA_STYLE('',(#16626));
#16626 = FILL_AREA_STYLE_COLOUR('',#15799);
#16627 = STYLED_ITEM('color',(#16628),#3893);
#16628 = PRESENTATION_STYLE_ASSIGNMENT((#16629));
#16629 = SURFACE_STYLE_USAGE(.BOTH.,#16630);
#16630 = SURFACE_SIDE_STYLE('',(#16631));
#16631 = SURFACE_STYLE_FILL_AREA(#16632);
#16632 = FILL_AREA_STYLE('',(#16633));
#16633 = FILL_AREA_STYLE_COLOUR('',#16269);
#16634 = STYLED_ITEM('color',(#16635),#3921);
#16635 = PRESENTATION_STYLE_ASSIGNMENT((#16636));
#16636 = SURFACE_STYLE_USAGE(.BOTH.,#16637);
#16637 = SURFACE_SIDE_STYLE('',(#16638));
#16638 = SURFACE_STYLE_FILL_AREA(#16639);
#16639 = FILL_AREA_STYLE('',(#16640));
#16640 = FILL_AREA_STYLE_COLOUR('',#16269);
#16641 = STYLED_ITEM('color',(#16642),#3943);
#16642 = PRESENTATION_STYLE_ASSIGNMENT((#16643));
#16643 = SURFACE_STYLE_USAGE(.BOTH.,#16644);
#16644 = SURFACE_SIDE_STYLE('',(#16645));
#16645 = SURFACE_STYLE_FILL_AREA(#16646);
#16646 = FILL_AREA_STYLE('',(#16647));
#16647 = FILL_AREA_STYLE_COLOUR('',#16269);
#16648 = STYLED_ITEM('color',(#16649),#3965);
#16649 = PRESENTATION_STYLE_ASSIGNMENT((#16650));
#16650 = SURFACE_STYLE_USAGE(.BOTH.,#16651);
#16651 = SURFACE_SIDE_STYLE('',(#16652));
#16652 = SURFACE_STYLE_FILL_AREA(#16653);
#16653 = FILL_AREA_STYLE('',(#16654));
#16654 = FILL_AREA_STYLE_COLOUR('',#16269);
#16655 = STYLED_ITEM('color',(#16656),#3981);
#16656 = PRESENTATION_STYLE_ASSIGNMENT((#16657));
#16657 = SURFACE_STYLE_USAGE(.BOTH.,#16658);
#16658 = SURFACE_SIDE_STYLE('',(#16659));
#16659 = SURFACE_STYLE_FILL_AREA(#16660);
#16660 = FILL_AREA_STYLE('',(#16661));
#16661 = FILL_AREA_STYLE_COLOUR('',#16269);
#16662 = STYLED_ITEM('color',(#16663),#4009);
#16663 = PRESENTATION_STYLE_ASSIGNMENT((#16664));
#16664 = SURFACE_STYLE_USAGE(.BOTH.,#16665);
#16665 = SURFACE_SIDE_STYLE('',(#16666));
#16666 = SURFACE_STYLE_FILL_AREA(#16667);
#16667 = FILL_AREA_STYLE('',(#16668));
#16668 = FILL_AREA_STYLE_COLOUR('',#16269);
#16669 = STYLED_ITEM('color',(#16670),#4031);
#16670 = PRESENTATION_STYLE_ASSIGNMENT((#16671));
#16671 = SURFACE_STYLE_USAGE(.BOTH.,#16672);
#16672 = SURFACE_SIDE_STYLE('',(#16673));
#16673 = SURFACE_STYLE_FILL_AREA(#16674);
#16674 = FILL_AREA_STYLE('',(#16675));
#16675 = FILL_AREA_STYLE_COLOUR('',#16269);
#16676 = STYLED_ITEM('color',(#16677),#4053);
#16677 = PRESENTATION_STYLE_ASSIGNMENT((#16678));
#16678 = SURFACE_STYLE_USAGE(.BOTH.,#16679);
#16679 = SURFACE_SIDE_STYLE('',(#16680));
#16680 = SURFACE_STYLE_FILL_AREA(#16681);
#16681 = FILL_AREA_STYLE('',(#16682));
#16682 = FILL_AREA_STYLE_COLOUR('',#16269);
#16683 = STYLED_ITEM('color',(#16684),#4069);
#16684 = PRESENTATION_STYLE_ASSIGNMENT((#16685));
#16685 = SURFACE_STYLE_USAGE(.BOTH.,#16686);
#16686 = SURFACE_SIDE_STYLE('',(#16687));
#16687 = SURFACE_STYLE_FILL_AREA(#16688);
#16688 = FILL_AREA_STYLE('',(#16689));
#16689 = FILL_AREA_STYLE_COLOUR('',#16269);
#16690 = STYLED_ITEM('color',(#16691),#4097);
#16691 = PRESENTATION_STYLE_ASSIGNMENT((#16692));
#16692 = SURFACE_STYLE_USAGE(.BOTH.,#16693);
#16693 = SURFACE_SIDE_STYLE('',(#16694));
#16694 = SURFACE_STYLE_FILL_AREA(#16695);
#16695 = FILL_AREA_STYLE('',(#16696));
#16696 = FILL_AREA_STYLE_COLOUR('',#16269);
#16697 = STYLED_ITEM('color',(#16698),#4119);
#16698 = PRESENTATION_STYLE_ASSIGNMENT((#16699));
#16699 = SURFACE_STYLE_USAGE(.BOTH.,#16700);
#16700 = SURFACE_SIDE_STYLE('',(#16701));
#16701 = SURFACE_STYLE_FILL_AREA(#16702);
#16702 = FILL_AREA_STYLE('',(#16703));
#16703 = FILL_AREA_STYLE_COLOUR('',#16269);
#16704 = STYLED_ITEM('color',(#16705),#4141);
#16705 = PRESENTATION_STYLE_ASSIGNMENT((#16706));
#16706 = SURFACE_STYLE_USAGE(.BOTH.,#16707);
#16707 = SURFACE_SIDE_STYLE('',(#16708));
#16708 = SURFACE_STYLE_FILL_AREA(#16709);
#16709 = FILL_AREA_STYLE('',(#16710));
#16710 = FILL_AREA_STYLE_COLOUR('',#16269);
#16711 = STYLED_ITEM('color',(#16712),#4157);
#16712 = PRESENTATION_STYLE_ASSIGNMENT((#16713));
#16713 = SURFACE_STYLE_USAGE(.BOTH.,#16714);
#16714 = SURFACE_SIDE_STYLE('',(#16715));
#16715 = SURFACE_STYLE_FILL_AREA(#16716);
#16716 = FILL_AREA_STYLE('',(#16717));
#16717 = FILL_AREA_STYLE_COLOUR('',#16269);
#16718 = STYLED_ITEM('color',(#16719),#4185);
#16719 = PRESENTATION_STYLE_ASSIGNMENT((#16720));
#16720 = SURFACE_STYLE_USAGE(.BOTH.,#16721);
#16721 = SURFACE_SIDE_STYLE('',(#16722));
#16722 = SURFACE_STYLE_FILL_AREA(#16723);
#16723 = FILL_AREA_STYLE('',(#16724));
#16724 = FILL_AREA_STYLE_COLOUR('',#16269);
#16725 = STYLED_ITEM('color',(#16726),#4207);
#16726 = PRESENTATION_STYLE_ASSIGNMENT((#16727));
#16727 = SURFACE_STYLE_USAGE(.BOTH.,#16728);
#16728 = SURFACE_SIDE_STYLE('',(#16729));
#16729 = SURFACE_STYLE_FILL_AREA(#16730);
#16730 = FILL_AREA_STYLE('',(#16731));
#16731 = FILL_AREA_STYLE_COLOUR('',#16269);
#16732 = STYLED_ITEM('color',(#16733),#4229);
#16733 = PRESENTATION_STYLE_ASSIGNMENT((#16734));
#16734 = SURFACE_STYLE_USAGE(.BOTH.,#16735);
#16735 = SURFACE_SIDE_STYLE('',(#16736));
#16736 = SURFACE_STYLE_FILL_AREA(#16737);
#16737 = FILL_AREA_STYLE('',(#16738));
#16738 = FILL_AREA_STYLE_COLOUR('',#16269);
#16739 = STYLED_ITEM('color',(#16740),#4245);
#16740 = PRESENTATION_STYLE_ASSIGNMENT((#16741));
#16741 = SURFACE_STYLE_USAGE(.BOTH.,#16742);
#16742 = SURFACE_SIDE_STYLE('',(#16743));
#16743 = SURFACE_STYLE_FILL_AREA(#16744);
#16744 = FILL_AREA_STYLE('',(#16745));
#16745 = FILL_AREA_STYLE_COLOUR('',#16269);
#16746 = STYLED_ITEM('color',(#16747),#4273);
#16747 = PRESENTATION_STYLE_ASSIGNMENT((#16748));
#16748 = SURFACE_STYLE_USAGE(.BOTH.,#16749);
#16749 = SURFACE_SIDE_STYLE('',(#16750));
#16750 = SURFACE_STYLE_FILL_AREA(#16751);
#16751 = FILL_AREA_STYLE('',(#16752));
#16752 = FILL_AREA_STYLE_COLOUR('',#16269);
#16753 = STYLED_ITEM('color',(#16754),#4295);
#16754 = PRESENTATION_STYLE_ASSIGNMENT((#16755));
#16755 = SURFACE_STYLE_USAGE(.BOTH.,#16756);
#16756 = SURFACE_SIDE_STYLE('',(#16757));
#16757 = SURFACE_STYLE_FILL_AREA(#16758);
#16758 = FILL_AREA_STYLE('',(#16759));
#16759 = FILL_AREA_STYLE_COLOUR('',#16269);
#16760 = STYLED_ITEM('color',(#16761),#4317);
#16761 = PRESENTATION_STYLE_ASSIGNMENT((#16762));
#16762 = SURFACE_STYLE_USAGE(.BOTH.,#16763);
#16763 = SURFACE_SIDE_STYLE('',(#16764));
#16764 = SURFACE_STYLE_FILL_AREA(#16765);
#16765 = FILL_AREA_STYLE('',(#16766));
#16766 = FILL_AREA_STYLE_COLOUR('',#16269);
#16767 = STYLED_ITEM('color',(#16768),#4333);
#16768 = PRESENTATION_STYLE_ASSIGNMENT((#16769));
#16769 = SURFACE_STYLE_USAGE(.BOTH.,#16770);
#16770 = SURFACE_SIDE_STYLE('',(#16771));
#16771 = SURFACE_STYLE_FILL_AREA(#16772);
#16772 = FILL_AREA_STYLE('',(#16773));
#16773 = FILL_AREA_STYLE_COLOUR('',#16269);
#16774 = STYLED_ITEM('color',(#16775),#4361);
#16775 = PRESENTATION_STYLE_ASSIGNMENT((#16776));
#16776 = SURFACE_STYLE_USAGE(.BOTH.,#16777);
#16777 = SURFACE_SIDE_STYLE('',(#16778));
#16778 = SURFACE_STYLE_FILL_AREA(#16779);
#16779 = FILL_AREA_STYLE('',(#16780));
#16780 = FILL_AREA_STYLE_COLOUR('',#16269);
#16781 = STYLED_ITEM('color',(#16782),#4383);
#16782 = PRESENTATION_STYLE_ASSIGNMENT((#16783));
#16783 = SURFACE_STYLE_USAGE(.BOTH.,#16784);
#16784 = SURFACE_SIDE_STYLE('',(#16785));
#16785 = SURFACE_STYLE_FILL_AREA(#16786);
#16786 = FILL_AREA_STYLE('',(#16787));
#16787 = FILL_AREA_STYLE_COLOUR('',#16269);
#16788 = STYLED_ITEM('color',(#16789),#4405);
#16789 = PRESENTATION_STYLE_ASSIGNMENT((#16790));
#16790 = SURFACE_STYLE_USAGE(.BOTH.,#16791);
#16791 = SURFACE_SIDE_STYLE('',(#16792));
#16792 = SURFACE_STYLE_FILL_AREA(#16793);
#16793 = FILL_AREA_STYLE('',(#16794));
#16794 = FILL_AREA_STYLE_COLOUR('',#16269);
#16795 = STYLED_ITEM('color',(#16796),#4421);
#16796 = PRESENTATION_STYLE_ASSIGNMENT((#16797));
#16797 = SURFACE_STYLE_USAGE(.BOTH.,#16798);
#16798 = SURFACE_SIDE_STYLE('',(#16799));
#16799 = SURFACE_STYLE_FILL_AREA(#16800);
#16800 = FILL_AREA_STYLE('',(#16801));
#16801 = FILL_AREA_STYLE_COLOUR('',#16269);
#16802 = STYLED_ITEM('color',(#16803),#4463);
#16803 = PRESENTATION_STYLE_ASSIGNMENT((#16804));
#16804 = SURFACE_STYLE_USAGE(.BOTH.,#16805);
#16805 = SURFACE_SIDE_STYLE('',(#16806));
#16806 = SURFACE_STYLE_FILL_AREA(#16807);
#16807 = FILL_AREA_STYLE('',(#16808));
#16808 = FILL_AREA_STYLE_COLOUR('',#16269);
#16809 = STYLED_ITEM('color',(#16810),#4491);
#16810 = PRESENTATION_STYLE_ASSIGNMENT((#16811));
#16811 = SURFACE_STYLE_USAGE(.BOTH.,#16812);
#16812 = SURFACE_SIDE_STYLE('',(#16813));
#16813 = SURFACE_STYLE_FILL_AREA(#16814);
#16814 = FILL_AREA_STYLE('',(#16815));
#16815 = FILL_AREA_STYLE_COLOUR('',#16269);
#16816 = STYLED_ITEM('color',(#16817),#4503);
#16817 = PRESENTATION_STYLE_ASSIGNMENT((#16818));
#16818 = SURFACE_STYLE_USAGE(.BOTH.,#16819);
#16819 = SURFACE_SIDE_STYLE('',(#16820));
#16820 = SURFACE_STYLE_FILL_AREA(#16821);
#16821 = FILL_AREA_STYLE('',(#16822));
#16822 = FILL_AREA_STYLE_COLOUR('',#16269);
#16823 = STYLED_ITEM('color',(#16824),#4519);
#16824 = PRESENTATION_STYLE_ASSIGNMENT((#16825));
#16825 = SURFACE_STYLE_USAGE(.BOTH.,#16826);
#16826 = SURFACE_SIDE_STYLE('',(#16827));
#16827 = SURFACE_STYLE_FILL_AREA(#16828);
#16828 = FILL_AREA_STYLE('',(#16829));
#16829 = FILL_AREA_STYLE_COLOUR('',#16269);
#16830 = STYLED_ITEM('color',(#16831),#4543);
#16831 = PRESENTATION_STYLE_ASSIGNMENT((#16832));
#16832 = SURFACE_STYLE_USAGE(.BOTH.,#16833);
#16833 = SURFACE_SIDE_STYLE('',(#16834));
#16834 = SURFACE_STYLE_FILL_AREA(#16835);
#16835 = FILL_AREA_STYLE('',(#16836));
#16836 = FILL_AREA_STYLE_COLOUR('',#16269);
#16837 = STYLED_ITEM('color',(#16838),#4573);
#16838 = PRESENTATION_STYLE_ASSIGNMENT((#16839));
#16839 = SURFACE_STYLE_USAGE(.BOTH.,#16840);
#16840 = SURFACE_SIDE_STYLE('',(#16841));
#16841 = SURFACE_STYLE_FILL_AREA(#16842);
#16842 = FILL_AREA_STYLE('',(#16843));
#16843 = FILL_AREA_STYLE_COLOUR('',#16269);
#16844 = STYLED_ITEM('color',(#16845),#4601);
#16845 = PRESENTATION_STYLE_ASSIGNMENT((#16846));
#16846 = SURFACE_STYLE_USAGE(.BOTH.,#16847);
#16847 = SURFACE_SIDE_STYLE('',(#16848));
#16848 = SURFACE_STYLE_FILL_AREA(#16849);
#16849 = FILL_AREA_STYLE('',(#16850));
#16850 = FILL_AREA_STYLE_COLOUR('',#16269);
#16851 = STYLED_ITEM('color',(#16852),#4623);
#16852 = PRESENTATION_STYLE_ASSIGNMENT((#16853));
#16853 = SURFACE_STYLE_USAGE(.BOTH.,#16854);
#16854 = SURFACE_SIDE_STYLE('',(#16855));
#16855 = SURFACE_STYLE_FILL_AREA(#16856);
#16856 = FILL_AREA_STYLE('',(#16857));
#16857 = FILL_AREA_STYLE_COLOUR('',#16269);
#16858 = STYLED_ITEM('color',(#16859),#4645);
#16859 = PRESENTATION_STYLE_ASSIGNMENT((#16860));
#16860 = SURFACE_STYLE_USAGE(.BOTH.,#16861);
#16861 = SURFACE_SIDE_STYLE('',(#16862));
#16862 = SURFACE_STYLE_FILL_AREA(#16863);
#16863 = FILL_AREA_STYLE('',(#16864));
#16864 = FILL_AREA_STYLE_COLOUR('',#16269);
#16865 = STYLED_ITEM('color',(#16866),#4661);
#16866 = PRESENTATION_STYLE_ASSIGNMENT((#16867));
#16867 = SURFACE_STYLE_USAGE(.BOTH.,#16868);
#16868 = SURFACE_SIDE_STYLE('',(#16869));
#16869 = SURFACE_STYLE_FILL_AREA(#16870);
#16870 = FILL_AREA_STYLE('',(#16871));
#16871 = FILL_AREA_STYLE_COLOUR('',#16269);
#16872 = STYLED_ITEM('color',(#16873),#4689);
#16873 = PRESENTATION_STYLE_ASSIGNMENT((#16874));
#16874 = SURFACE_STYLE_USAGE(.BOTH.,#16875);
#16875 = SURFACE_SIDE_STYLE('',(#16876));
#16876 = SURFACE_STYLE_FILL_AREA(#16877);
#16877 = FILL_AREA_STYLE('',(#16878));
#16878 = FILL_AREA_STYLE_COLOUR('',#16269);
#16879 = STYLED_ITEM('color',(#16880),#4711);
#16880 = PRESENTATION_STYLE_ASSIGNMENT((#16881));
#16881 = SURFACE_STYLE_USAGE(.BOTH.,#16882);
#16882 = SURFACE_SIDE_STYLE('',(#16883));
#16883 = SURFACE_STYLE_FILL_AREA(#16884);
#16884 = FILL_AREA_STYLE('',(#16885));
#16885 = FILL_AREA_STYLE_COLOUR('',#16269);
#16886 = STYLED_ITEM('color',(#16887),#4733);
#16887 = PRESENTATION_STYLE_ASSIGNMENT((#16888));
#16888 = SURFACE_STYLE_USAGE(.BOTH.,#16889);
#16889 = SURFACE_SIDE_STYLE('',(#16890));
#16890 = SURFACE_STYLE_FILL_AREA(#16891);
#16891 = FILL_AREA_STYLE('',(#16892));
#16892 = FILL_AREA_STYLE_COLOUR('',#16269);
#16893 = STYLED_ITEM('color',(#16894),#4749);
#16894 = PRESENTATION_STYLE_ASSIGNMENT((#16895));
#16895 = SURFACE_STYLE_USAGE(.BOTH.,#16896);
#16896 = SURFACE_SIDE_STYLE('',(#16897));
#16897 = SURFACE_STYLE_FILL_AREA(#16898);
#16898 = FILL_AREA_STYLE('',(#16899));
#16899 = FILL_AREA_STYLE_COLOUR('',#16269);
#16900 = STYLED_ITEM('color',(#16901),#4777);
#16901 = PRESENTATION_STYLE_ASSIGNMENT((#16902));
#16902 = SURFACE_STYLE_USAGE(.BOTH.,#16903);
#16903 = SURFACE_SIDE_STYLE('',(#16904));
#16904 = SURFACE_STYLE_FILL_AREA(#16905);
#16905 = FILL_AREA_STYLE('',(#16906));
#16906 = FILL_AREA_STYLE_COLOUR('',#16269);
#16907 = STYLED_ITEM('color',(#16908),#4799);
#16908 = PRESENTATION_STYLE_ASSIGNMENT((#16909));
#16909 = SURFACE_STYLE_USAGE(.BOTH.,#16910);
#16910 = SURFACE_SIDE_STYLE('',(#16911));
#16911 = SURFACE_STYLE_FILL_AREA(#16912);
#16912 = FILL_AREA_STYLE('',(#16913));
#16913 = FILL_AREA_STYLE_COLOUR('',#16269);
#16914 = STYLED_ITEM('color',(#16915),#4821);
#16915 = PRESENTATION_STYLE_ASSIGNMENT((#16916));
#16916 = SURFACE_STYLE_USAGE(.BOTH.,#16917);
#16917 = SURFACE_SIDE_STYLE('',(#16918));
#16918 = SURFACE_STYLE_FILL_AREA(#16919);
#16919 = FILL_AREA_STYLE('',(#16920));
#16920 = FILL_AREA_STYLE_COLOUR('',#16269);
#16921 = STYLED_ITEM('color',(#16922),#4837);
#16922 = PRESENTATION_STYLE_ASSIGNMENT((#16923));
#16923 = SURFACE_STYLE_USAGE(.BOTH.,#16924);
#16924 = SURFACE_SIDE_STYLE('',(#16925));
#16925 = SURFACE_STYLE_FILL_AREA(#16926);
#16926 = FILL_AREA_STYLE('',(#16927));
#16927 = FILL_AREA_STYLE_COLOUR('',#16269);
#16928 = STYLED_ITEM('color',(#16929),#4865);
#16929 = PRESENTATION_STYLE_ASSIGNMENT((#16930));
#16930 = SURFACE_STYLE_USAGE(.BOTH.,#16931);
#16931 = SURFACE_SIDE_STYLE('',(#16932));
#16932 = SURFACE_STYLE_FILL_AREA(#16933);
#16933 = FILL_AREA_STYLE('',(#16934));
#16934 = FILL_AREA_STYLE_COLOUR('',#16269);
#16935 = STYLED_ITEM('color',(#16936),#4887);
#16936 = PRESENTATION_STYLE_ASSIGNMENT((#16937));
#16937 = SURFACE_STYLE_USAGE(.BOTH.,#16938);
#16938 = SURFACE_SIDE_STYLE('',(#16939));
#16939 = SURFACE_STYLE_FILL_AREA(#16940);
#16940 = FILL_AREA_STYLE('',(#16941));
#16941 = FILL_AREA_STYLE_COLOUR('',#16269);
#16942 = STYLED_ITEM('color',(#16943),#4909);
#16943 = PRESENTATION_STYLE_ASSIGNMENT((#16944));
#16944 = SURFACE_STYLE_USAGE(.BOTH.,#16945);
#16945 = SURFACE_SIDE_STYLE('',(#16946));
#16946 = SURFACE_STYLE_FILL_AREA(#16947);
#16947 = FILL_AREA_STYLE('',(#16948));
#16948 = FILL_AREA_STYLE_COLOUR('',#16269);
#16949 = STYLED_ITEM('color',(#16950),#4925);
#16950 = PRESENTATION_STYLE_ASSIGNMENT((#16951));
#16951 = SURFACE_STYLE_USAGE(.BOTH.,#16952);
#16952 = SURFACE_SIDE_STYLE('',(#16953));
#16953 = SURFACE_STYLE_FILL_AREA(#16954);
#16954 = FILL_AREA_STYLE('',(#16955));
#16955 = FILL_AREA_STYLE_COLOUR('',#16269);
#16956 = STYLED_ITEM('color',(#16957),#4941);
#16957 = PRESENTATION_STYLE_ASSIGNMENT((#16958));
#16958 = SURFACE_STYLE_USAGE(.BOTH.,#16959);
#16959 = SURFACE_SIDE_STYLE('',(#16960));
#16960 = SURFACE_STYLE_FILL_AREA(#16961);
#16961 = FILL_AREA_STYLE('',(#16962));
#16962 = FILL_AREA_STYLE_COLOUR('',#16269);
#16963 = STYLED_ITEM('color',(#16964),#4957);
#16964 = PRESENTATION_STYLE_ASSIGNMENT((#16965));
#16965 = SURFACE_STYLE_USAGE(.BOTH.,#16966);
#16966 = SURFACE_SIDE_STYLE('',(#16967));
#16967 = SURFACE_STYLE_FILL_AREA(#16968);
#16968 = FILL_AREA_STYLE('',(#16969));
#16969 = FILL_AREA_STYLE_COLOUR('',#16269);
#16970 = STYLED_ITEM('color',(#16971),#4969);
#16971 = PRESENTATION_STYLE_ASSIGNMENT((#16972));
#16972 = SURFACE_STYLE_USAGE(.BOTH.,#16973);
#16973 = SURFACE_SIDE_STYLE('',(#16974));
#16974 = SURFACE_STYLE_FILL_AREA(#16975);
#16975 = FILL_AREA_STYLE('',(#16976));
#16976 = FILL_AREA_STYLE_COLOUR('',#16269);
#16977 = STYLED_ITEM('color',(#16978),#4997);
#16978 = PRESENTATION_STYLE_ASSIGNMENT((#16979));
#16979 = SURFACE_STYLE_USAGE(.BOTH.,#16980);
#16980 = SURFACE_SIDE_STYLE('',(#16981));
#16981 = SURFACE_STYLE_FILL_AREA(#16982);
#16982 = FILL_AREA_STYLE('',(#16983));
#16983 = FILL_AREA_STYLE_COLOUR('',#16269);
#16984 = STYLED_ITEM('color',(#16985),#5019);
#16985 = PRESENTATION_STYLE_ASSIGNMENT((#16986));
#16986 = SURFACE_STYLE_USAGE(.BOTH.,#16987);
#16987 = SURFACE_SIDE_STYLE('',(#16988));
#16988 = SURFACE_STYLE_FILL_AREA(#16989);
#16989 = FILL_AREA_STYLE('',(#16990));
#16990 = FILL_AREA_STYLE_COLOUR('',#16269);
#16991 = STYLED_ITEM('color',(#16992),#5041);
#16992 = PRESENTATION_STYLE_ASSIGNMENT((#16993));
#16993 = SURFACE_STYLE_USAGE(.BOTH.,#16994);
#16994 = SURFACE_SIDE_STYLE('',(#16995));
#16995 = SURFACE_STYLE_FILL_AREA(#16996);
#16996 = FILL_AREA_STYLE('',(#16997));
#16997 = FILL_AREA_STYLE_COLOUR('',#16269);
#16998 = STYLED_ITEM('color',(#16999),#5057);
#16999 = PRESENTATION_STYLE_ASSIGNMENT((#17000));
#17000 = SURFACE_STYLE_USAGE(.BOTH.,#17001);
#17001 = SURFACE_SIDE_STYLE('',(#17002));
#17002 = SURFACE_STYLE_FILL_AREA(#17003);
#17003 = FILL_AREA_STYLE('',(#17004));
#17004 = FILL_AREA_STYLE_COLOUR('',#16269);
#17005 = STYLED_ITEM('color',(#17006),#5085);
#17006 = PRESENTATION_STYLE_ASSIGNMENT((#17007));
#17007 = SURFACE_STYLE_USAGE(.BOTH.,#17008);
#17008 = SURFACE_SIDE_STYLE('',(#17009));
#17009 = SURFACE_STYLE_FILL_AREA(#17010);
#17010 = FILL_AREA_STYLE('',(#17011));
#17011 = FILL_AREA_STYLE_COLOUR('',#16269);
#17012 = STYLED_ITEM('color',(#17013),#5107);
#17013 = PRESENTATION_STYLE_ASSIGNMENT((#17014));
#17014 = SURFACE_STYLE_USAGE(.BOTH.,#17015);
#17015 = SURFACE_SIDE_STYLE('',(#17016));
#17016 = SURFACE_STYLE_FILL_AREA(#17017);
#17017 = FILL_AREA_STYLE('',(#17018));
#17018 = FILL_AREA_STYLE_COLOUR('',#16269);
#17019 = STYLED_ITEM('color',(#17020),#5129);
#17020 = PRESENTATION_STYLE_ASSIGNMENT((#17021));
#17021 = SURFACE_STYLE_USAGE(.BOTH.,#17022);
#17022 = SURFACE_SIDE_STYLE('',(#17023));
#17023 = SURFACE_STYLE_FILL_AREA(#17024);
#17024 = FILL_AREA_STYLE('',(#17025));
#17025 = FILL_AREA_STYLE_COLOUR('',#16269);
#17026 = STYLED_ITEM('color',(#17027),#5145);
#17027 = PRESENTATION_STYLE_ASSIGNMENT((#17028));
#17028 = SURFACE_STYLE_USAGE(.BOTH.,#17029);
#17029 = SURFACE_SIDE_STYLE('',(#17030));
#17030 = SURFACE_STYLE_FILL_AREA(#17031);
#17031 = FILL_AREA_STYLE('',(#17032));
#17032 = FILL_AREA_STYLE_COLOUR('',#16269);
#17033 = STYLED_ITEM('color',(#17034),#5173);
#17034 = PRESENTATION_STYLE_ASSIGNMENT((#17035));
#17035 = SURFACE_STYLE_USAGE(.BOTH.,#17036);
#17036 = SURFACE_SIDE_STYLE('',(#17037));
#17037 = SURFACE_STYLE_FILL_AREA(#17038);
#17038 = FILL_AREA_STYLE('',(#17039));
#17039 = FILL_AREA_STYLE_COLOUR('',#16269);
#17040 = STYLED_ITEM('color',(#17041),#5195);
#17041 = PRESENTATION_STYLE_ASSIGNMENT((#17042));
#17042 = SURFACE_STYLE_USAGE(.BOTH.,#17043);
#17043 = SURFACE_SIDE_STYLE('',(#17044));
#17044 = SURFACE_STYLE_FILL_AREA(#17045);
#17045 = FILL_AREA_STYLE('',(#17046));
#17046 = FILL_AREA_STYLE_COLOUR('',#16269);
#17047 = STYLED_ITEM('color',(#17048),#5217);
#17048 = PRESENTATION_STYLE_ASSIGNMENT((#17049));
#17049 = SURFACE_STYLE_USAGE(.BOTH.,#17050);
#17050 = SURFACE_SIDE_STYLE('',(#17051));
#17051 = SURFACE_STYLE_FILL_AREA(#17052);
#17052 = FILL_AREA_STYLE('',(#17053));
#17053 = FILL_AREA_STYLE_COLOUR('',#16269);
#17054 = STYLED_ITEM('color',(#17055),#5233);
#17055 = PRESENTATION_STYLE_ASSIGNMENT((#17056));
#17056 = SURFACE_STYLE_USAGE(.BOTH.,#17057);
#17057 = SURFACE_SIDE_STYLE('',(#17058));
#17058 = SURFACE_STYLE_FILL_AREA(#17059);
#17059 = FILL_AREA_STYLE('',(#17060));
#17060 = FILL_AREA_STYLE_COLOUR('',#16269);
#17061 = STYLED_ITEM('color',(#17062),#5261);
#17062 = PRESENTATION_STYLE_ASSIGNMENT((#17063));
#17063 = SURFACE_STYLE_USAGE(.BOTH.,#17064);
#17064 = SURFACE_SIDE_STYLE('',(#17065));
#17065 = SURFACE_STYLE_FILL_AREA(#17066);
#17066 = FILL_AREA_STYLE('',(#17067));
#17067 = FILL_AREA_STYLE_COLOUR('',#16269);
#17068 = STYLED_ITEM('color',(#17069),#5283);
#17069 = PRESENTATION_STYLE_ASSIGNMENT((#17070));
#17070 = SURFACE_STYLE_USAGE(.BOTH.,#17071);
#17071 = SURFACE_SIDE_STYLE('',(#17072));
#17072 = SURFACE_STYLE_FILL_AREA(#17073);
#17073 = FILL_AREA_STYLE('',(#17074));
#17074 = FILL_AREA_STYLE_COLOUR('',#16269);
#17075 = STYLED_ITEM('color',(#17076),#5305);
#17076 = PRESENTATION_STYLE_ASSIGNMENT((#17077));
#17077 = SURFACE_STYLE_USAGE(.BOTH.,#17078);
#17078 = SURFACE_SIDE_STYLE('',(#17079));
#17079 = SURFACE_STYLE_FILL_AREA(#17080);
#17080 = FILL_AREA_STYLE('',(#17081));
#17081 = FILL_AREA_STYLE_COLOUR('',#16269);
#17082 = STYLED_ITEM('color',(#17083),#5321);
#17083 = PRESENTATION_STYLE_ASSIGNMENT((#17084));
#17084 = SURFACE_STYLE_USAGE(.BOTH.,#17085);
#17085 = SURFACE_SIDE_STYLE('',(#17086));
#17086 = SURFACE_STYLE_FILL_AREA(#17087);
#17087 = FILL_AREA_STYLE('',(#17088));
#17088 = FILL_AREA_STYLE_COLOUR('',#16269);
#17089 = STYLED_ITEM('color',(#17090),#5349);
#17090 = PRESENTATION_STYLE_ASSIGNMENT((#17091));
#17091 = SURFACE_STYLE_USAGE(.BOTH.,#17092);
#17092 = SURFACE_SIDE_STYLE('',(#17093));
#17093 = SURFACE_STYLE_FILL_AREA(#17094);
#17094 = FILL_AREA_STYLE('',(#17095));
#17095 = FILL_AREA_STYLE_COLOUR('',#16269);
#17096 = STYLED_ITEM('color',(#17097),#5371);
#17097 = PRESENTATION_STYLE_ASSIGNMENT((#17098));
#17098 = SURFACE_STYLE_USAGE(.BOTH.,#17099);
#17099 = SURFACE_SIDE_STYLE('',(#17100));
#17100 = SURFACE_STYLE_FILL_AREA(#17101);
#17101 = FILL_AREA_STYLE('',(#17102));
#17102 = FILL_AREA_STYLE_COLOUR('',#16269);
#17103 = STYLED_ITEM('color',(#17104),#5393);
#17104 = PRESENTATION_STYLE_ASSIGNMENT((#17105));
#17105 = SURFACE_STYLE_USAGE(.BOTH.,#17106);
#17106 = SURFACE_SIDE_STYLE('',(#17107));
#17107 = SURFACE_STYLE_FILL_AREA(#17108);
#17108 = FILL_AREA_STYLE('',(#17109));
#17109 = FILL_AREA_STYLE_COLOUR('',#16269);
#17110 = STYLED_ITEM('color',(#17111),#5409);
#17111 = PRESENTATION_STYLE_ASSIGNMENT((#17112));
#17112 = SURFACE_STYLE_USAGE(.BOTH.,#17113);
#17113 = SURFACE_SIDE_STYLE('',(#17114));
#17114 = SURFACE_STYLE_FILL_AREA(#17115);
#17115 = FILL_AREA_STYLE('',(#17116));
#17116 = FILL_AREA_STYLE_COLOUR('',#16269);
#17117 = STYLED_ITEM('color',(#17118),#5437);
#17118 = PRESENTATION_STYLE_ASSIGNMENT((#17119));
#17119 = SURFACE_STYLE_USAGE(.BOTH.,#17120);
#17120 = SURFACE_SIDE_STYLE('',(#17121));
#17121 = SURFACE_STYLE_FILL_AREA(#17122);
#17122 = FILL_AREA_STYLE('',(#17123));
#17123 = FILL_AREA_STYLE_COLOUR('',#16269);
#17124 = STYLED_ITEM('color',(#17125),#5459);
#17125 = PRESENTATION_STYLE_ASSIGNMENT((#17126));
#17126 = SURFACE_STYLE_USAGE(.BOTH.,#17127);
#17127 = SURFACE_SIDE_STYLE('',(#17128));
#17128 = SURFACE_STYLE_FILL_AREA(#17129);
#17129 = FILL_AREA_STYLE('',(#17130));
#17130 = FILL_AREA_STYLE_COLOUR('',#16269);
#17131 = STYLED_ITEM('color',(#17132),#5481);
#17132 = PRESENTATION_STYLE_ASSIGNMENT((#17133));
#17133 = SURFACE_STYLE_USAGE(.BOTH.,#17134);
#17134 = SURFACE_SIDE_STYLE('',(#17135));
#17135 = SURFACE_STYLE_FILL_AREA(#17136);
#17136 = FILL_AREA_STYLE('',(#17137));
#17137 = FILL_AREA_STYLE_COLOUR('',#16269);
#17138 = STYLED_ITEM('color',(#17139),#5497);
#17139 = PRESENTATION_STYLE_ASSIGNMENT((#17140));
#17140 = SURFACE_STYLE_USAGE(.BOTH.,#17141);
#17141 = SURFACE_SIDE_STYLE('',(#17142));
#17142 = SURFACE_STYLE_FILL_AREA(#17143);
#17143 = FILL_AREA_STYLE('',(#17144));
#17144 = FILL_AREA_STYLE_COLOUR('',#16269);
#17145 = STYLED_ITEM('color',(#17146),#5513);
#17146 = PRESENTATION_STYLE_ASSIGNMENT((#17147));
#17147 = SURFACE_STYLE_USAGE(.BOTH.,#17148);
#17148 = SURFACE_SIDE_STYLE('',(#17149));
#17149 = SURFACE_STYLE_FILL_AREA(#17150);
#17150 = FILL_AREA_STYLE('',(#17151));
#17151 = FILL_AREA_STYLE_COLOUR('',#16269);
#17152 = STYLED_ITEM('color',(#17153),#5529);
#17153 = PRESENTATION_STYLE_ASSIGNMENT((#17154));
#17154 = SURFACE_STYLE_USAGE(.BOTH.,#17155);
#17155 = SURFACE_SIDE_STYLE('',(#17156));
#17156 = SURFACE_STYLE_FILL_AREA(#17157);
#17157 = FILL_AREA_STYLE('',(#17158));
#17158 = FILL_AREA_STYLE_COLOUR('',#16269);
#17159 = STYLED_ITEM('color',(#17160),#5541);
#17160 = PRESENTATION_STYLE_ASSIGNMENT((#17161));
#17161 = SURFACE_STYLE_USAGE(.BOTH.,#17162);
#17162 = SURFACE_SIDE_STYLE('',(#17163));
#17163 = SURFACE_STYLE_FILL_AREA(#17164);
#17164 = FILL_AREA_STYLE('',(#17165));
#17165 = FILL_AREA_STYLE_COLOUR('',#16269);
#17166 = STYLED_ITEM('color',(#17167),#5553);
#17167 = PRESENTATION_STYLE_ASSIGNMENT((#17168));
#17168 = SURFACE_STYLE_USAGE(.BOTH.,#17169);
#17169 = SURFACE_SIDE_STYLE('',(#17170));
#17170 = SURFACE_STYLE_FILL_AREA(#17171);
#17171 = FILL_AREA_STYLE('',(#17172));
#17172 = FILL_AREA_STYLE_COLOUR('',#16269);
#17173 = STYLED_ITEM('color',(#17174),#5565);
#17174 = PRESENTATION_STYLE_ASSIGNMENT((#17175));
#17175 = SURFACE_STYLE_USAGE(.BOTH.,#17176);
#17176 = SURFACE_SIDE_STYLE('',(#17177));
#17177 = SURFACE_STYLE_FILL_AREA(#17178);
#17178 = FILL_AREA_STYLE('',(#17179));
#17179 = FILL_AREA_STYLE_COLOUR('',#16269);
#17180 = STYLED_ITEM('color',(#17181),#5577);
#17181 = PRESENTATION_STYLE_ASSIGNMENT((#17182));
#17182 = SURFACE_STYLE_USAGE(.BOTH.,#17183);
#17183 = SURFACE_SIDE_STYLE('',(#17184));
#17184 = SURFACE_STYLE_FILL_AREA(#17185);
#17185 = FILL_AREA_STYLE('',(#17186));
#17186 = FILL_AREA_STYLE_COLOUR('',#16269);
#17187 = STYLED_ITEM('color',(#17188),#5589);
#17188 = PRESENTATION_STYLE_ASSIGNMENT((#17189));
#17189 = SURFACE_STYLE_USAGE(.BOTH.,#17190);
#17190 = SURFACE_SIDE_STYLE('',(#17191));
#17191 = SURFACE_STYLE_FILL_AREA(#17192);
#17192 = FILL_AREA_STYLE('',(#17193));
#17193 = FILL_AREA_STYLE_COLOUR('',#16269);
#17194 = STYLED_ITEM('color',(#17195),#5601);
#17195 = PRESENTATION_STYLE_ASSIGNMENT((#17196));
#17196 = SURFACE_STYLE_USAGE(.BOTH.,#17197);
#17197 = SURFACE_SIDE_STYLE('',(#17198));
#17198 = SURFACE_STYLE_FILL_AREA(#17199);
#17199 = FILL_AREA_STYLE('',(#17200));
#17200 = FILL_AREA_STYLE_COLOUR('',#16269);
#17201 = STYLED_ITEM('color',(#17202),#5613);
#17202 = PRESENTATION_STYLE_ASSIGNMENT((#17203));
#17203 = SURFACE_STYLE_USAGE(.BOTH.,#17204);
#17204 = SURFACE_SIDE_STYLE('',(#17205));
#17205 = SURFACE_STYLE_FILL_AREA(#17206);
#17206 = FILL_AREA_STYLE('',(#17207));
#17207 = FILL_AREA_STYLE_COLOUR('',#16269);
#17208 = STYLED_ITEM('color',(#17209),#5625);
#17209 = PRESENTATION_STYLE_ASSIGNMENT((#17210));
#17210 = SURFACE_STYLE_USAGE(.BOTH.,#17211);
#17211 = SURFACE_SIDE_STYLE('',(#17212));
#17212 = SURFACE_STYLE_FILL_AREA(#17213);
#17213 = FILL_AREA_STYLE('',(#17214));
#17214 = FILL_AREA_STYLE_COLOUR('',#16269);
#17215 = STYLED_ITEM('color',(#17216),#5637);
#17216 = PRESENTATION_STYLE_ASSIGNMENT((#17217));
#17217 = SURFACE_STYLE_USAGE(.BOTH.,#17218);
#17218 = SURFACE_SIDE_STYLE('',(#17219));
#17219 = SURFACE_STYLE_FILL_AREA(#17220);
#17220 = FILL_AREA_STYLE('',(#17221));
#17221 = FILL_AREA_STYLE_COLOUR('',#16269);
#17222 = STYLED_ITEM('color',(#17223),#5649);
#17223 = PRESENTATION_STYLE_ASSIGNMENT((#17224));
#17224 = SURFACE_STYLE_USAGE(.BOTH.,#17225);
#17225 = SURFACE_SIDE_STYLE('',(#17226));
#17226 = SURFACE_STYLE_FILL_AREA(#17227);
#17227 = FILL_AREA_STYLE('',(#17228));
#17228 = FILL_AREA_STYLE_COLOUR('',#16269);
#17229 = MECHANICAL_DESIGN_GEOMETRIC_PRESENTATION_REPRESENTATION('',(
    #17230),#14934);
#17230 = STYLED_ITEM('color',(#17231),#12944);
#17231 = PRESENTATION_STYLE_ASSIGNMENT((#17232));
#17232 = SURFACE_STYLE_USAGE(.BOTH.,#17233);
#17233 = SURFACE_SIDE_STYLE('',(#17234));
#17234 = SURFACE_STYLE_FILL_AREA(#17235);
#17235 = FILL_AREA_STYLE('',(#17236));
#17236 = FILL_AREA_STYLE_COLOUR('',#17237);
#17237 = COLOUR_RGB('',0.313304153717,0.484529207832,0.410020903123);
ENDSEC;
END-ISO-10303-21;
